doi,paper_title,paper_journal,paper_year,paper_authors,paper_volume,paper_issue,paper_pages,paper_url
10.1001/archgenpsychiatry.2011.1508,"A randomized controlled trial of risperidone, lithium, or divalproex sodium for initial treatment of bipolar I disorder, manic or mixed phase, in children and adolescents.",Archives of general psychiatry,2012,Geller B.; Luby JL; Joshi P.; Wagner KD; Emslie G.; Walkup JT; Axelson DA; Bolhofner K.; Robb A.; Wolf DV; Riddle MA; Birmaher B.; Nusrat N.; Ryan ND; Vitiello B.; Tillman R.; Lavori P.,69,5,515-28,https://doi.org/10.1001--archgenpsychiatry.2011.1508
10.1001/archpsyc.1975.01760230125010,Double-blind comparison of lithium carbonate and imipramine in treatment of depression.,Archives of general psychiatry,1975,Watanabe S.; Ishino H.; Otsuki S.,32,5,659-68,https://doi.org/10.1001--archpsyc.1975.01760230125010
10.1001/archpsyc.1975.01760280108010,Comparison of efficacy of lithium carbonate and chlorpromazine in mania. Report of collaborative study group on treatment of mania in Japan.,Archives of general psychiatry,1975,Takahashi R.; Sakuma A.; Itoh K.; Itoh H.; Kurihara M.,32,10,1310-8,https://doi.org/10.1001--archpsyc.1975.01760280108010
10.1001/archpsyc.1984.01790180020002,Behavioral efficacy of haloperidol and lithium carbonate. A comparison in hospitalized aggressive children with conduct disorder.,Archives of general psychiatry,1984,Campbell M.; Small AM; Green WH; Jennings SJ; Perry R.; Bennett WG; Anderson L.,41,7,650-6,https://doi.org/10.1001--archpsyc.1984.01790180020002
10.1001/archpsyc.57.7.649,A double-blind placebo-controlled study of lithium in hospitalized aggressive children and adolescents with conduct disorder.,Archives of general psychiatry,2000,Malone RP; Delaney MA; Luebbert JF; Cater J.; Campbell M.,57,7,649-54,https://doi.org/10.1001--archpsyc.57.7.649
10.1001/archpsyc.59.1.62,Efficacy of olanzapine in combination with valproate or lithium in the treatment of mania in patients partially nonresponsive to valproate or lithium monotherapy.,Archives of general psychiatry,2002,Tohen M.; Chengappa KN; Suppes T.; Zarate CA Jr; Calabrese JR; Bowden CL; Sachs GS; Kupfer DJ; Baker RW; Risser RC; Keeter EL; Feldman PD; Tollefson GD; Breier A.,59,1,62-9,https://doi.org/10.1001--archpsyc.59.1.62
10.1002/brb3.2394,"The efficacy of vitamin B6 as an adjunctive therapy to lithium in improving the symptoms of acute mania in patients with bipolar disorder, type 1; a double-blind, randomized, placebo-controlled, clinical trial.",Brain and behavior,2021,Badrfam R.; Mostafavi SA; Khaleghi A.; Akhondzadeh S.; Zandifar A.; Farid M.; Mohammadian Khonsari N.; Mohammadi MR,11,11,e2394,https://doi.org/10.1002--brb3.2394
10.1002/da.22136,"Maintenance treatment with quetiapine when combined with either lithium or divalproex in bipolar I disorder: analysis of two large randomized, placebo-controlled trials.",Depression and anxiety,2013,Suppes T.; Vieta E.; Gustafsson U.; Ekholm B.,30,11,1089-98,https://doi.org/10.1002--da.22136
10.1002/da.22340,"Pioglitazone adjunctive therapy for depressive episode of bipolar disorder: a randomized, double-blind, placebo-controlled trial.",Depression and anxiety,2015,Zeinoddini A.; Sorayani M.; Hassanzadeh E.; Arbabi M.; Farokhnia M.; Salimi S.; Ghaleiha A.; Akhondzadeh S.,32,3,167-73,https://doi.org/10.1002--da.22340
10.1007/bf02916252,,,,,,,,
10.1007/s40263-015-0234-2,Lurasidone: a review of its use in adult patients with bipolar I depression.,CNS drugs,2015,Sanford M.; Dhillon S.,29,3,253-63,https://doi.org/10.1007--s40263-015-0234-2
10.1016/0022-3956(89)90006-x,"The efficacy of low-dose lithium: clinical, psychological and biological correlates.",Journal of psychiatric research,1989,Abou-Saleh MT; Coppen A.,23,2,157-62,https://doi.org/10.1016--0022-3956(89)90006-x
10.1016/0165-0327(86)90043-1,Folic acid enhances lithium prophylaxis.,Journal of affective disorders,1986,Coppen A.; Chaudhry S.; Swade C.,10,1,9-13,https://doi.org/10.1016--0165-0327(86)90043-1
10.1016/j.biopsych.2004.03.013,Pramipexole for bipolar II depression: a placebo-controlled proof of concept study.,Biological psychiatry,2004,Zarate CA Jr; Payne JL; Singh J.; Quiroz JA; Luckenbaugh DA; Denicoff KD; Charney DS; Manji HK,56,1,54-60,https://doi.org/10.1016--j.biopsych.2004.03.013
10.1016/j.clinthera.2010.01.022,Aripiprazole for the maintenance treatment of bipolar I disorder: A review.,Clinical therapeutics,2010,McIntyre RS,32 Suppl 1,,S32-8,https://doi.org/10.1016--j.clinthera.2010.01.022
10.1016/j.encep.2012.05.001,,,,,,,,
10.1016/j.euroneuro.2011.06.005,Ziprasidone with adjunctive mood stabilizer in the maintenance treatment of bipolar I disorder: long-term changes in weight and metabolic profiles.,European neuropsychopharmacology : the journal of the European College of Neuropsychopharmacology,2012,Kemp DE; Karayal ON; Calabrese JR; Sachs GS; Pappadopulos E.; Ice KS; Siu CO; Vieta E.,22,2,123-31,https://doi.org/10.1016--j.euroneuro.2011.06.005
10.1016/j.euroneuro.2017.06.013,Lurasidone in combination with lithium or valproate for the maintenance treatment of bipolar I disorder.,European neuropsychopharmacology : the journal of the European College of Neuropsychopharmacology,2017,Calabrese JR; Pikalov A.; Streicher C.; Cucchiaro J.; Mao Y.; Loebel A.,27,9,865-876,https://doi.org/10.1016--j.euroneuro.2017.06.013
10.1016/j.eurpsy.2015.09.009,Olanzapine or chlorpromazine plus lithium in first episode psychotic mania: An 8-week randomised controlled trial.,European psychiatry : the journal of the Association of European Psychiatrists,2015,Conus P.; Berk M.; Cotton SM; Kader L.; Macneil C.; Hasty MK; Hallam K.; Lambert M.; Murphy BP; McGorry PD,30,8,975-82,https://doi.org/10.1016--j.eurpsy.2015.09.009
10.1016/j.heliyon.2020.e04528,Randomized feasibility trial to assess tolerance and clinical effects of lithium in progressive multiple sclerosis.,Heliyon,2020,Rinker JR 2nd; Meador WR; King P.,6,7,e04528,https://doi.org/10.1016--j.heliyon.2020.e04528
10.1016/j.jaac.2012.07.001,Treatment moderators and predictors of outcome in the Treatment of Early Age Mania (TEAM) study.,Journal of the American Academy of Child and Adolescent Psychiatry,2012,Vitiello B.; Riddle MA; Yenokyan G.; Axelson DA; Wagner KD; Joshi P.; Walkup JT; Luby J.; Birmaher B.; Ryan ND; Emslie G.; Robb A.; Tillman R.,51,9,867-78,https://doi.org/10.1016--j.jaac.2012.07.001
10.1016/j.jaac.2015.09.015,Treatment of Early-Age Mania: Outcomes for Partial and Nonresponders to Initial Treatment.,Journal of the American Academy of Child and Adolescent Psychiatry,2015,Walkup JT; Wagner KD; Miller L.; Yenokyan G.; Luby JL; Joshi PT; Axelson DA; Robb A.; Salpekar JA; Wolf D.; Sanyal A.; Birmaher B.; Vitiello B.; Riddle MA,54,12,1008-19,https://doi.org/10.1016--j.jaac.2015.09.015
10.1016/j.jaac.2015.09.016,Depression and Suicidality Outcomes in the Treatment of Early Age Mania Study.,Journal of the American Academy of Child and Adolescent Psychiatry,2015,Salpekar JA; Joshi PT; Axelson DA; Reinblatt SP; Yenokyan G.; Sanyal A.; Walkup JT; Vitiello B.; Luby JL; Wagner KD; Nusrat N.; Riddle MA,54,12,999-1007.e4,https://doi.org/10.1016--j.jaac.2015.09.016
10.1016/j.jaac.2018.07.901,"Lithium for the Maintenance Treatment of Bipolar I Disorder: A Double-Blind, Placebo-Controlled Discontinuation Study.",Journal of the American Academy of Child and Adolescent Psychiatry,2019,Findling RL; McNamara NK; Pavuluri M.; Frazier JA; Rynn M.; Scheffer R.; Kafantaris V.; Robb A.; DelBello M.; Kowatch RA; Rowles BM; Lingler J.; Zhao J.; Clemons T.; Martz K.; Anand R.; Taylor-Zapata P.,58,2,287-296.e4,https://doi.org/10.1016--j.jaac.2018.07.901
10.1016/j.jad.2007.02.004,Safety and tolerability of quetiapine in the treatment of acute mania in bipolar disorder.,Journal of affective disorders,2007,Adler CM; Fleck DE; Brecher M.; Strakowski SM,100 Suppl 1,,S15-22,https://doi.org/10.1016--j.jad.2007.02.004
10.1016/j.jad.2007.02.005,Treatment of agitation and aggression in bipolar mania: efficacy of quetiapine.,Journal of affective disorders,2007,Buckley PF; Paulsson B.; Brecher M.,100 Suppl 1,,S33-43,https://doi.org/10.1016--j.jad.2007.02.005
10.1016/j.jad.2007.02.009,Quetiapine in the treatment of acute mania: target dose for efficacious treatment.,Journal of affective disorders,2007,Vieta E.; Goldberg JF; Mullen J.; Vågerö M.; Paulsson B.,100 Suppl 1,,S23-31,https://doi.org/10.1016--j.jad.2007.02.009
10.1016/j.jad.2007.04.020,"Olanzapine versus lithium in the acute treatment of bipolar mania: a double-blind, randomized, controlled trial.",Journal of affective disorders,2008,Niufan G.; Tohen M.; Qiuqing A.; Fude Y.; Pope E.; McElroy H.; Ming L.; Gaohua W.; Xinbao Z.; Huichun L.; Liang S.,105,1-3,101-8,https://doi.org/10.1016--j.jad.2007.04.020
10.1016/j.jad.2008.02.004,A single blind comparison of lithium and lamotrigine for the treatment of bipolar II depression.,Journal of affective disorders,2008,Suppes T.; Marangell LB; Bernstein IH; Kelly DI; Fischer EG; Zboyan HA; Snow DE; Martinez M.; Al Jurdi R.; Shivakumar G.; Sureddi S.; Gonzalez R.,111,2-3,334-43,https://doi.org/10.1016--j.jad.2008.02.004
10.1016/j.jad.2008.05.014,"Aripiprazole monotherapy in the treatment of acute bipolar I mania: a randomized, double-blind, placebo- and lithium-controlled study.",Journal of affective disorders,2009,Keck PE; Orsulak PJ; Cutler AJ; Sanchez R.; Torbeyns A.; Marcus RN; McQuade RD; Carson WH,112,1-3,36-49,https://doi.org/10.1016--j.jad.2008.05.014
10.1016/j.jad.2008.06.001,Efficacy and safety of quetiapine in combination with lithium or divalproex for maintenance of patients with bipolar I disorder (international trial 126).,Journal of affective disorders,2008,Vieta E.; Suppes T.; Eggens I.; Persson I.; Paulsson B.; Brecher M.,109,3,251-63,https://doi.org/10.1016--j.jad.2008.06.001
10.1016/j.jad.2011.09.051,Predictors of relapse or recurrence in bipolar I disorder.,Journal of affective disorders,2012,Degenhardt EK; Gatz JL; Jacob J.; Tohen M.,136,3,733-9,https://doi.org/10.1016--j.jad.2011.09.051
10.1016/j.jad.2011.11.043,A 40-week double-blind aripiprazole versus lithium follow-up of a 12-week acute phase study (total 52 weeks) in bipolar I disorder.,Journal of affective disorders,2012,El-Mallakh RS; Marcus R.; Baudelet C.; McQuade R.; Carson WH; Owen R.,136,3,258-66,https://doi.org/10.1016--j.jad.2011.11.043
10.1016/j.jad.2012.04.014,Long-term efficacy of quetiapine in combination with lithium or divalproex on mixed symptoms in bipolar I disorder.,Journal of affective disorders,2012,Vieta E.; Suppes T.; Ekholm B.; Udd M.; Gustafsson U.,142,1-3,36-44,https://doi.org/10.1016--j.jad.2012.04.014
10.1016/j.jad.2012.11.042,Efficacy of aripiprazole versus placebo as adjuncts to lithium or valproate in relapse prevention of manic or mixed episodes in bipolar I patients stratified by index manic or mixed episode.,Journal of affective disorders,2013,Yatham LN; Fountoulakis KN; Rahman Z.; Ammerman D.; Fyans P.; Marler SV; Baker RA; Carlson BX,147,1-3,365-72,https://doi.org/10.1016--j.jad.2012.11.042
10.1016/j.jad.2012.11.054,"Investigation into the long-term metabolic effects of aripiprazole adjunctive to lithium, valproate, or lamotrigine.",Journal of affective disorders,2013,Kemp DE; De Hert M.; Rahman Z.; Fyans P.; Eudicone JM; Marler SV; Baker RA; Carlson BX,148,1,84-91,https://doi.org/10.1016--j.jad.2012.11.054
10.1016/j.jad.2013.07.031,Association of exercise with quality of life and mood symptoms in a comparative effectiveness study of bipolar disorder.,Journal of affective disorders,2013,Sylvia LG; Friedman ES; Kocsis JH; Bernstein EE; Brody BD; Kinrys G.; Kemp DE; Shelton RC; McElroy SL; Bobo WV; Kamali M.; McInnis MG; Tohen M.; Bowden CL; Ketter TA; Deckersbach T.; Calabrese JR; Thase ME; Reilly-Harrington NA; Singh V.; Rabideau DJ; Nierenberg AA,151,2,722-727,https://doi.org/10.1016--j.jad.2013.07.031
10.1016/j.jad.2013.10.040,"Clinical assessment of lurasidone benefit and risk in the treatment of bipolar I depression using number needed to treat, number needed to harm, and likelihood to be helped or harmed.",Journal of affective disorders,2014,Citrome L.; Ketter TA; Cucchiaro J.; Loebel A.,155,,20-7,https://doi.org/10.1016--j.jad.2013.10.040
10.1016/j.jad.2014.05.015,Topiramate as an adjuvant treatment for obsessive compulsive symptoms in patients with bipolar disorder: a randomized double blind placebo controlled clinical trial.,Journal of affective disorders,2014,Sahraian A.; Bigdeli M.; Ghanizadeh A.; Akhondzadeh S.,166,,201-5,https://doi.org/10.1016--j.jad.2014.05.015
10.1016/j.jad.2018.09.025,"The impact of binge eating behavior on lithium- and quetiapine-associated changes in body weight, body mass index, and waist circumference during 6 months of treatment: Findings from the bipolar CHOICE study.",Journal of affective disorders,2020,Yaramala SR; McElroy SL; Geske J.; Winham S.; Gao K.; Reilly-Harrington NA; Ketter TA; Deckersbach T.; Kinrys G.; Kamali M.; Sylvia LG; McInnis MG; Friedman ES; Thase ME; Kocsis JH; Tohen M.; Calabrese JR; Bowden CL; Shelton RC; Nierenberg AA; Bobo WV,266,,772-781,https://doi.org/10.1016--j.jad.2018.09.025
10.1016/j.jpsychires.2016.03.012,Lurasidone adjunctive with lithium or valproate for bipolar depression: A placebo-controlled trial utilizing prospective and retrospective enrolment cohorts.,Journal of psychiatric research,2016,Suppes T.; Kroger H.; Pikalov A.; Loebel A.,78,,86-93,https://doi.org/10.1016--j.jpsychires.2016.03.012
10.1016/j.pnpbp.2008.10.012,"Bipolar I and II disorder residual symptoms: oxcarbazepine and carbamazepine as add-on treatment to lithium in a double-blind, randomized trial.",Progress in neuro-psychopharmacology & biological psychiatry,2009,Juruena MF; Ottoni GL; Machado-Vieira R.; Carneiro RM; Weingarthner N.; Marquardt AR; Fleig SS; Broilo L.; Busnello EA,33,1,94-9,https://doi.org/10.1016--j.pnpbp.2008.10.012
10.1016/s0006-3223(96)00307-1,Lack of advantage for imipramine combined with lithium versus imipramine alone in the treatment of major depression--a double-blind controlled study.,Biological psychiatry,1996,Shahal B.; Piel E.; Mecz L.; Kremer I.; Klein E.,40,11,1181-3,https://doi.org/10.1016--s0006-3223(96)00307-1
10.1016/s0165-0327(02)00086-1,Multicenter double-blind randomized parallel-group clinical trial of efficacy of the combination clomipramine (150 mg/day) plus lithium carbonate (750 mg/day) versus clomipramine (150 mg/day) plus placebo in the treatment of unipolar major depression.,Journal of affective disorders,2003,Januel D.; Poirier MF; D'alche-Biree F.; Dib M.; Olié JP,76,1-3,191-200,https://doi.org/10.1016--s0165-0327(02)00086-1
10.1016/s0278-5846(99)00085-8,Endocrine effects of lithium carbonate in healthy premenopausal women: relationship with body weight regulation.,Progress in neuro-psychopharmacology & biological psychiatry,2000,Baptista T.; Lacruz A.; de Mendoza S.; Guillén MM; Burguera JL; de Burguera M.; Hernández L.,24,1,1-16,https://doi.org/10.1016--s0278-5846(99)00085-8
10.1016/s0924-9338(10)71438-3,,,,,,,,
10.1016/s0924-977x(03)91922-5,,,,,,,,
10.1017/neu.2019.19,Correlation between white blood cell count and mood-stabilising treatment response in two bipolar disorder trials.,Acta neuropsychiatrica,2019,Köhler-Forsberg O.; Sylvia LG; Bowden CL; Calabrese JR; Thase ME; Shelton RC; McInnis M.; Tohen M.; Kocsis JH; Ketter TA; Friedman ES; Deckersbach T.; Ostacher MJ; Iosifescu DV; McElroy S.; Nierenberg AA,31,4,230-234,https://doi.org/10.1017--neu.2019.19
10.1017/s0033291700003068,"Continuation therapy with lithium and amitriptyline in unipolar depressive illness: a randomized, double-blind, controlled trial.",Psychological medicine,1984,Glen AI; Johnson AL; Shepherd M.,14,1,37-50,https://doi.org/10.1017--s0033291700003068
10.1017/s1092852921000572,"Is quetiapine effective for obsessive and compulsive symptoms in patients with bipolar disorder? A randomized, double-blind, placebo-controlled clinical trial.",CNS spectrums,2022,Sahraian A.; Ghahremanpouri B.; Mowla A.,27,5,634-638,https://doi.org/10.1017--s1092852921000572
10.1017/s1092852923001190,Lurasidone and risk of metabolic syndrome: results from short and long-term studies in patients with bipolar depression.,CNS spectrums,2023,Tocco M.; Newcomer JW; Mao Y.; Pikalov A.,28,6,680-687,https://doi.org/10.1017--s1092852923001190
10.1017/s1092852925100564,Efficacy of Lumateperone in depression associated with bipolar II disorder: a pooled analysis of late-phase clinical trials.,CNS spectrums,2025,Durgam S.; Lakkis H.; Kozauer SG; Chen C.; McIntyre RS,30,1,e80,https://doi.org/10.1017--s1092852925100564
10.1017/s1748232106000164,,,,,,,,
10.1038/ki.1987.220,Lithium clearance during the paradoxical natriuresis of hypotonic expansion in man.,Kidney international,1987,Boer WH; Koomans HA; Dorhout Mees EJ,32,3,376-81,https://doi.org/10.1038--ki.1987.220
10.1038/mp.2015.158,Optimal duration of risperidone or olanzapine adjunctive therapy to mood stabilizer following remission of a manic episode: A CANMAT randomized double-blind trial.,Molecular psychiatry,2016,Yatham LN; Beaulieu S.; Schaffer A.; Kauer-Sant'Anna M.; Kapczinski F.; Lafer B.; Sharma V.; Parikh SV; Daigneault A.; Qian H.; Bond DJ; Silverstone PH; Walji N.; Milev R.; Baruch P.; da Cunha A.; Quevedo J.; Dias R.; Kunz M.; Young LT; Lam RW; Wong H.,21,8,1050-6,https://doi.org/10.1038--mp.2015.158
10.1042/cs0920397,"Effect of urodilatin infusion on renal haemodynamics, tubular function and vasoactive hormones.","Clinical science (London, England : 1979)",1997,Carstens J.; Jensen KT; Pedersen EB,92,4,397-407,https://doi.org/10.1042--cs0920397
10.1056/nejm198911303212201,Comparison of standard and low serum levels of lithium for maintenance treatment of bipolar disorder.,The New England journal of medicine,1989,Gelenberg AJ; Kane JM; Keller MB; Lavori P.; Rosenbaum JF; Cole K.; Lavelle J.,321,22,1489-93,https://doi.org/10.1056--nejm198911303212201
10.1089/cap.2016.0046,"Melatonin for Reducing Weight Gain Following Administration of Atypical Antipsychotic Olanzapine for Adolescents with Bipolar Disorder: A Randomized, Double-Blind, Placebo-Controlled Trial.",Journal of child and adolescent psychopharmacology,2017,Mostafavi SA; Solhi M.; Mohammadi MR; Akhondzadeh S.,27,5,440-444,https://doi.org/10.1089--cap.2016.0046
10.1089/cap.2016.0207,"A Randomized, Double-Blind Placebo-Controlled Trial on Effectiveness and Safety of Celecoxib Adjunctive Therapy in Adolescents with Acute Bipolar Mania.",Journal of child and adolescent psychopharmacology,2017,Mousavi SY; Khezri R.; Karkhaneh-Yousefi MA; Mohammadinejad P.; Gholamian F.; Mohammadi MR; Zeinoddini A.; Akhondzadeh S.,27,6,494-500,https://doi.org/10.1089--cap.2016.0207
10.1089/cap.2021.0039,"A Randomized, Double-Blind, Controlled Trial of Lithium Versus Quetiapine for the Treatment of Acute Mania in Youth with Early Course Bipolar Disorder.",Journal of child and adolescent psychopharmacology,2021,Patino LR; Klein CC; Strawn JR; Blom TJ; Tallman MJ; Adler CM; Welge JA; DelBello MP,31,7,485-493,https://doi.org/10.1089--cap.2021.0039
10.1097/00004583-199802000-00009,Double-blind and placebo-controlled study of lithium for adolescent bipolar disorders with secondary substance dependency.,Journal of the American Academy of Child and Adolescent Psychiatry,1998,Geller B.; Cooper TB; Sun K.; Zimerman B.; Frazier J.; Williams M.; Heath J.,37,2,171-8,https://doi.org/10.1097--00004583-199802000-00009
10.1097/00019442-200504000-00006,,,,,,,,
10.1097/md.0000000000005401,Moderate to severe HIV-associated neurocognitive impairment: A randomized placebo-controlled trial of lithium.,Medicine,2016,Decloedt EH; Freeman C.; Howells F.; Casson-Crook M.; Lesosky M.; Koutsilieri E.; Lovestone S.; Maartens G.; Joska JA,95,46,e5401,https://doi.org/10.1097--md.0000000000005401
10.1097/wnf.0b013e3182055c07,Safety and tolerability of lamotrigine: results from 12 placebo-controlled clinical trials and clinical implications.,Clinical neuropharmacology,2011,Seo HJ; Chiesa A.; Lee SJ; Patkar AA; Han C.; Masand PS; Serretti A.; Pae CU,34,1,39-47,https://doi.org/10.1097--wnf.0b013e3182055c07
10.1111/acps.12101,General medical burden in bipolar disorder: findings from the LiTMUS comparative effectiveness trial.,Acta psychiatrica Scandinavica,2014,Kemp DE; Sylvia LG; Calabrese JR; Nierenberg AA; Thase ME; Reilly-Harrington NA; Ostacher MJ; Leon AC; Ketter TA; Friedman ES; Bowden CL; Rabideau DJ; Pencina M.; Iosifescu DV,129,1,24-34,https://doi.org/10.1111--acps.12101
10.1111/acps.12460,"Obesity, but not metabolic syndrome, negatively affects outcome in bipolar disorder.",Acta psychiatrica Scandinavica,2016,McElroy SL; Kemp DE; Friedman ES; Reilly-Harrington NA; Sylvia LG; Calabrese JR; Rabideau DJ; Ketter TA; Thase ME; Singh V.; Tohen M.; Bowden CL; Bernstein EE; Brody BD; Deckersbach T.; Kocsis JH; Kinrys G.; Bobo WV; Kamali M.; McInnis MG; Leon AC; Faraone S.; Nierenberg AA; Shelton RC,133,2,144-153,https://doi.org/10.1111--acps.12460
10.1111/bdi.12277,A single infusion of ketamine improves depression scores in patients with anxious bipolar depression.,Bipolar disorders,2015,Ionescu DF; Luckenbaugh DA; Niciu MJ; Richards EM; Zarate CA Jr,17,4,438-43,https://doi.org/10.1111--bdi.12277
10.1111/j.1399-5618.2006.00276.x,Topiramate monotherapy in the management of acute mania: results of four double-blind placebo-controlled trials.,Bipolar disorders,2006,Kushner SF; Khan A.; Lane R.; Olson WH,8,1,15-27,https://doi.org/10.1111--j.1399-5618.2006.00276.x
10.1111/j.1399-5618.2006.00308.x,Effects of lamotrigine and lithium on body weight during maintenance treatment of bipolar I disorder.,Bipolar disorders,2006,Sachs G.; Bowden C.; Calabrese JR; Ketter T.; Thompson T.; White R.; Bentley B.,8,2,175-81,https://doi.org/10.1111--j.1399-5618.2006.00308.x
10.1111/j.1399-5618.2006.00363.x,,,,,,,,
10.1111/j.1399-5618.2010.00836.x,"Lamotrigine versus lithium as maintenance treatment in bipolar I disorder: an open, randomized effectiveness study mimicking clinical practice. The 6th trial of the Danish University Antidepressant Group (DUAG-6).",Bipolar disorders,2010,Licht RW; Nielsen JN; Gram LF; Vestergaard P.; Bendz H.,12,5,483-93,https://doi.org/10.1111--j.1399-5618.2010.00836.x
10.1111/j.1399-5618.2011.00898.x,"Efficacy of aripiprazole adjunctive to lithium or valproate in the long-term treatment of patients with bipolar I disorder with an inadequate response to lithium or valproate monotherapy: a multicenter, double-blind, randomized study.",Bipolar disorders,2011,Marcus R.; Khan A.; Rollin L.; Morris B.; Timko K.; Carson W.; Sanchez R.,13,2,133-44,https://doi.org/10.1111--j.1399-5618.2011.00898.x
10.1111/j.1440-1819.2010.02066.x,"A single-blind, comparative study of zotepine versus haloperidol in combination with a mood stabilizer for patients with moderate-to-severe mania.",Psychiatry and clinical neurosciences,2010,Chan HY; Jou SH; Juang YY; Chang CJ; Chen JJ; Chen CH; Chiu NY,64,2,162-9,https://doi.org/10.1111--j.1440-1819.2010.02066.x
10.1111/j.1600-0447.1970.tb02117.x,Body fluid distribution in manic and depressed patients treated with lithium carbonate.,Acta psychiatrica Scandinavica,1970,Mangoni A.; Andreoli V.; Cabibbe F.; Mandelli V.,46,3,244-57,https://doi.org/10.1111--j.1600-0447.1970.tb02117.x
10.1111/j.1600-0447.1974.tb08212.x,"The effects of lithium carbonate in combination with tricyclic antidepressants in endogenous depression. A double-blind, multicenter trial.",Acta psychiatrica Scandinavica,1974,Lingjaerde O.; Edlund AH; Gormsen CA; Gottfries CG; Haugstad A.; Hermann IL; Hollnagel P.; Mäkimattilla A.; Rasmussen KE; Remvig J.; Robak OH,50,2,233-42,https://doi.org/10.1111--j.1600-0447.1974.tb08212.x
10.1111/j.1600-0447.1992.tb01453.x,Carbamazepine versus lithium in the prophylaxis of bipolar affective disorder.,Acta psychiatrica Scandinavica,1992,Coxhead N.; Silverstone T.; Cookson J.,85,2,114-8,https://doi.org/10.1111--j.1600-0447.1992.tb01453.x
10.1111/j.1600-0447.1993.tb03336.x,Effect of lithium dosing schedule on urinary output.,Acta psychiatrica Scandinavica,1993,O'Donovan C.; Hawkes J.; Bowen R.,87,2,92-5,https://doi.org/10.1111--j.1600-0447.1993.tb03336.x
10.1111/j.1600-0447.1993.tb03487.x,A double-blind study of L-sulpiride versus amitriptyline in lithium-maintained bipolar depressives.,Acta psychiatrica Scandinavica,1993,Bocchetta A.; Bernardi F.; Burrai C.; Pedditzi M.; Del Zompo M.,88,6,434-9,https://doi.org/10.1111--j.1600-0447.1993.tb03487.x
10.1111/j.1600-0447.2007.01059.x,A 6-month randomized open-label comparison of continuation of oral atypical antipsychotic therapy or switch to long acting injectable risperidone in patients with bipolar disorder.,Acta psychiatrica Scandinavica. Supplementum,2007,Yatham LN; Fallu A.; Binder CE,,434,50-6,https://doi.org/10.1111--j.1600-0447.2007.01059.x
10.1152/jappl.1993.74.5.2166,"Renal hemodynamics, tubular function, and response to low-dose dopamine during acute hypoxia in humans.","Journal of applied physiology (Bethesda, Md. : 1985)",1993,Olsen NV; Hansen JM; Kanstrup IL; Richalet JP; Leyssac PP,74,5,2166-73,https://doi.org/10.1152--jappl.1993.74.5.2166
10.1161/01.hyp.12.4.450,Enhanced natriuretic effect of atrial natriuretic factor during mineralocorticoid escape in humans.,"Hypertension (Dallas, Tex. : 1979)",1988,Gaillard CA; Koomans HA; Rabelink TJ; Braam B.; Boer P.; Dorhout Mees EJ,12,4,450-6,https://doi.org/10.1161--01.hyp.12.4.450
10.1176/appi.ajp.158.6.906,"Double-blind, placebo-controlled comparison of imipramine and paroxetine in the treatment of bipolar depression.",The American journal of psychiatry,2001,Nemeroff CB; Evans DL; Gyulai L.; Sachs GS; Bowden CL; Gergel IP; Oakes R.; Pitts CD,158,6,906-12,https://doi.org/10.1176--appi.ajp.158.6.906
10.1176/appi.ajp.162.1.137,Does sustained-release lithium reduce impulsive gambling and affective instability versus placebo in pathological gamblers with bipolar spectrum disorders?,The American journal of psychiatry,2005,Hollander E.; Pallanti S.; Allen A.; Sood E.; Baldini Rossi N.,162,1,137-45,https://doi.org/10.1176--appi.ajp.162.1.137
10.1176/appi.ajp.162.7.1281,"Olanzapine versus lithium in the maintenance treatment of bipolar disorder: a 12-month, randomized, double-blind, controlled clinical trial.",The American journal of psychiatry,2005,Tohen M.; Greil W.; Calabrese JR; Sachs GS; Yatham LN; Oerlinghausen BM; Koukopoulos A.; Cassano GB; Grunze H.; Licht RW; Dell'Osso L.; Evans AR; Risser R.; Baker RW; Crane H.; Dossenbach MR; Bowden CL,162,7,1281-90,https://doi.org/10.1176--appi.ajp.162.7.1281
10.1176/appi.ajp.163.7.1199,,,,,,,,
10.1176/appi.ajp.2008.07101560,Efficacy of adjunctive aripiprazole to either valproate or lithium in bipolar mania patients partially nonresponsive to valproate/lithium monotherapy: a placebo-controlled study.,The American journal of psychiatry,2008,Vieta E.; T'joen C.; McQuade RD; Carson WH Jr; Marcus RN; Sanchez R.; Owen R.; Nameche L.,165,10,1316-25,https://doi.org/10.1176--appi.ajp.2008.07101560
10.1176/appi.ajp.2008.08020189,Maintenance treatment for patients with bipolar I disorder: results from a north american study of quetiapine in combination with lithium or divalproex (trial 127).,The American journal of psychiatry,2009,Suppes T.; Vieta E.; Liu S.; Brecher M.; Paulsson B.,166,4,476-88,https://doi.org/10.1176--appi.ajp.2008.08020189
10.1176/appi.ajp.2013.13070985,"Lurasidone as adjunctive therapy with lithium or valproate for the treatment of bipolar I depression: a randomized, double-blind, placebo-controlled study.",The American journal of psychiatry,2014,Loebel A.; Cucchiaro J.; Silva R.; Kroger H.; Sarma K.; Xu J.; Calabrese JR,171,2,169-77,https://doi.org/10.1176--appi.ajp.2013.13070985
10.1176/appi.ajp.2017.15050657,GERI-BD: A Randomized Double-Blind Controlled Trial of Lithium and Divalproex in the Treatment of Mania in Older Patients With Bipolar Disorder.,The American journal of psychiatry,2017,Young RC; Mulsant BH; Sajatovic M.; Gildengers AG; Gyulai L.; Al Jurdi RK; Beyer J.; Evans J.; Banerjee S.; Greenberg R.; Marino P.; Kunik ME; Chen P.; Barrett M.; Schulberg HC; Bruce ML; Reynolds CF 3rd; Alexopoulos GS,174,11,1086-1093,https://doi.org/10.1176--appi.ajp.2017.15050657
10.1176/appi.ajp.2017.16101200,Adjunctive Bright Light Therapy for Bipolar Depression: A Randomized Double-Blind Placebo-Controlled Trial.,The American journal of psychiatry,2018,Sit DK; McGowan J.; Wiltrout C.; Diler RS; Dills JJ; Luther J.; Yang A.; Ciolino JD; Seltman H.; Wisniewski SR; Terman M.; Wisner KL,175,2,131-139,https://doi.org/10.1176--appi.ajp.2017.16101200
10.1177/0004867419894067,Lithium vs valproate in the maintenance treatment of bipolar I disorder: A post- hoc analysis of a randomized double-blind placebo-controlled trial.,The Australian and New Zealand journal of psychiatry,2020,Kang MG; Qian H.; Keramatian K.; Chakrabarty T.; Saraf G.; Lam RW; Wong H.; Yatham LN,54,3,298-307,https://doi.org/10.1177--0004867419894067
10.1177/1359786806063076,Olanzapine - relapse prevention following mania.,"Journal of psychopharmacology (Oxford, England)",2006,Dando S.; Tohen M.,20,2 Suppl,31-8,https://doi.org/10.1177--1359786806063076
10.1185/030079908x253933,Response and remission rates in Chinese patients with bipolar mania treated for 4 weeks with either quetiapine or lithium: a randomized and double-blind study.,Current medical research and opinion,2008,Li H.; Ma C.; Wang G.; Zhu X.; Peng M.; Gu N.,24,1,1-10,https://doi.org/10.1185--030079908x253933
10.1185/03007991003779380,"Assessment of safety, tolerability and effectiveness of adjunctive aripiprazole to lithium/valproate in bipolar mania: a 46-week, open-label extension following a 6-week double-blind study.",Current medical research and opinion,2010,Vieta E.; Owen R.; Baudelet C.; McQuade RD; Sanchez R.; Marcus RN,26,6,1485-96,https://doi.org/10.1185--03007991003779380
10.1186/1471-244x-3-7,Ritanserin as an adjunct to lithium and haloperidol for the treatment of medication-naive patients with acute mania: a double blind and placebo controlled trial.,BMC psychiatry,2003,Akhondzadeh S.; Mohajari H.; Reza Mohammadi M.; Amini H.,3,,7,https://doi.org/10.1186--1471-244x-3-7
10.1186/2008-2231-20-43,Role of Omega-3 fatty acids in preventing metabolic disturbances in patients on olanzapine plus either sodium valproate or lithium: a randomized double-blind placebo-controlled trial.,"Daru : journal of Faculty of Pharmacy, Tehran University of Medical Sciences",2012,Faghihi T.; Jahed A.; Mahmoudi-Gharaei J.; Sharifi V.; Akhondzadeh S.; Ghaeli P.,20,1,43,https://doi.org/10.1186--2008-2231-20-43
10.1186/s12991-016-0096-0,Bipolar II compared with bipolar I disorder: baseline characteristics and treatment response to quetiapine in a pooled analysis of five placebo-controlled clinical trials of acute bipolar depression.,Annals of general psychiatry,2016,Datto C.; Pottorf WJ; Feeley L.; LaPorte S.; Liss C.,15,,9,https://doi.org/10.1186--s12991-016-0096-0
10.1186/s13063-019-3655-2,A randomized controlled trial comparing lithium plus valproic acid versus lithium plus carbamazepine in young patients with type 1 bipolar disorder: the LICAVAL study.,Trials,2019,Missio G.; Moreno DH; Demetrio FN; Soeiro-de-Souza MG; Dos Santos Fernandes F.; Barros VB; Moreno RA,20,1,608,https://doi.org/10.1186--s13063-019-3655-2
10.1186/s40345-014-0014-9,"Lithium as add-on to quetiapine XR in adult patients with acute mania: a 6-week, multicenter, double-blind, randomized, placebo-controlled study.",International journal of bipolar disorders,2014,Bourin MS; Severus E.; Schronen JP; Gass P.; Szamosi J.; Eriksson H.; Chandrashekar H.,2,,14,https://doi.org/10.1186--s40345-014-0014-9
10.1192/bjp.128.5.479,A double-blind comparison of lithium carbonate and maprotiline in the prophylaxis of the affective disorders.,The British journal of psychiatry : the journal of mental science,1976,Coppen A.; Montgomery SA; Gupta RK; Bailey JE,128,,479-85,https://doi.org/10.1192--bjp.128.5.479
10.1192/bjp.163.5.574,Predictors of response to lithium and triiodothyronine augmentation of antidepressants in tricyclic non-responders.,The British journal of psychiatry : the journal of mental science,1993,Joffe RT; Levitt AJ; Bagby RM; MacDonald C.; Singer W.,163,,574-8,https://doi.org/10.1192--bjp.163.5.574
10.1192/bjp.182.2.141,"Mood stabilisers plus risperidone or placebo in the treatment of acute mania. International, double-blind, randomised controlled trial.",The British journal of psychiatry : the journal of mental science,2003,Yatham LN; Grossman F.; Augustyns I.; Vieta E.; Ravindran A.,182,,141-7,https://doi.org/10.1192--bjp.182.2.141
10.1192/bjp.184.4.337,Relapse prevention in bipolar I disorder: 18-month comparison of olanzapine plus mood stabiliser v. mood stabiliser alone.,The British journal of psychiatry : the journal of mental science,2004,Tohen M.; Chengappa KN; Suppes T.; Baker RW; Zarate CA; Bowden CL; Sachs GS; Kupfer DJ; Ghaemi SN; Feldman PD; Risser RC; Evans AR; Calabrese JR,184,,337-45,https://doi.org/10.1192--bjp.184.4.337
10.1192/bjp.185.1.37,Psychotherapy alone and combined with pharmacotherapy in the treatment of depression.,The British journal of psychiatry : the journal of mental science,2004,de Jonghe F.; Hendricksen M.; van Aalst G.; Kool S.; Peen V.; Van R.; van den Eijnden E.; Dekker J.,185,,37-45,https://doi.org/10.1192--bjp.185.1.37
10.1192/bjp.bp.115.169375,Short-term venlafaxine v. lithium monotherapy for bipolar type II major depressive episodes: effectiveness and mood conversion rate.,The British journal of psychiatry : the journal of mental science,2016,Amsterdam JD; Lorenzo-Luaces L.; Soeller I.; Li SQ; Mao JJ; DeRubeis RJ,208,4,359-65,https://doi.org/10.1192--bjp.bp.115.169375
10.1210/jcem.81.4.8636369,Improvement of insulin sensitivity by metformin treatment does not lower blood pressure of nonobese insulin-resistant hypertensive patients with normal glucose tolerance.,The Journal of clinical endocrinology and metabolism,1996,Dorella M.; Giusto M.; Da Tos V.; Campagnolo M.; Palatini P.; Rossi G.; Ceolotto G.; Felice M.; Semplicini A.; Del Prato S.,81,4,1568-74,https://doi.org/10.1210--jcem.81.4.8636369
10.1542/peds.2015-0743,"Lithium in the Acute Treatment of Bipolar I Disorder: A Double-Blind, Placebo-Controlled Study.",Pediatrics,2015,Findling RL; Robb A.; McNamara NK; Pavuluri MN; Kafantaris V.; Scheffer R.; Frazier JA; Rynn M.; DelBello M.; Kowatch RA; Rowles BM; Lingler J.; Martz K.; Anand R.; Clemons TE; Taylor-Zapata P.,136,5,885-94,https://doi.org/10.1542--peds.2015-0743
10.1586/ern.10.66,Ziprasidone HCl capsules for the adjunctive maintenance treatment of bipolar disorder in adults.,Expert review of neurotherapeutics,2010,Citrome L.,10,7,1031-7,https://doi.org/10.1586--ern.10.66
10.18869/mjiri.31.16,Comparison of the effect of lithium plus quetiapine with lithium plus risperidone in children and adolescents with bipolar I disorder: a randomized clinical trial.,Medical journal of the Islamic Republic of Iran,2017,Habibi N.; Dodangi N.; Nazeri A.,31,,16,https://doi.org/10.18869--mjiri.31.16
10.2165/00002018-200427030-00002,Safety and tolerability of lamotrigine for bipolar disorder.,Drug safety,2004,Bowden CL; Asnis GM; Ginsberg LD; Bentley B.; Leadbetter R.; White R.,27,3,173-84,https://doi.org/10.2165--00002018-200427030-00002
10.2165/00023210-200721100-00004,Ziprasidone for the treatment of acute manic or mixed episodes associated with bipolar disorder.,CNS drugs,2007,Warrington L.; Lombardo I.; Loebel A.; Ice K.,21,10,835-49,https://doi.org/10.2165--00023210-200721100-00004
10.3389/fnut.2021.798036,Exploring the Effects of Greek Yogurt Supplementation and Exercise Training on Serum Lithium and Its Relationship With Musculoskeletal Outcomes in Men.,Frontiers in nutrition,2021,Baranowski RW; Skelly LE; Josse AR; Fajardo VA,8,,798036,https://doi.org/10.3389--fnut.2021.798036
10.4088/jcp.13m08741,"Long-term, low-dose lithium treatment does not impair renal function in the elderly: a 2-year randomized, placebo-controlled trial followed by single-blind extension.",The Journal of clinical psychiatry,2014,Aprahamian I.; Santos FS; dos Santos B.; Talib L.; Diniz BS; Radanovic M.; Gattaz WF; Forlenza OV,75,7,e672-8,https://doi.org/10.4088--jcp.13m08741
10.4088/jcp.15m10261,"Efficacy of Lurasidone in Adults Aged 55 Years and Older With Bipolar Depression: Post Hoc Analysis of 2 Double-Blind, Placebo-Controlled Studies.",The Journal of clinical psychiatry,2016,Sajatovic M.; Forester BP; Tsai J.; Kroger H.; Pikalov A.; Cucchiaro J.; Loebel A.,77,10,e1324-e1331,https://doi.org/10.4088--jcp.15m10261
10.4088/jcp.v66n0116,"A randomized, double-blind, placebo-controlled efficacy and safety study of quetiapine or lithium as monotherapy for mania in bipolar disorder.",The Journal of clinical psychiatry,2005,Bowden CL; Grunze H.; Mullen J.; Brecher M.; Paulsson B.; Jones M.; Vågerö M.; Svensson K.,66,1,111-21,https://doi.org/10.4088--jcp.v66n0116
10.4088/jcp.v67n1105,"Adjunctive topiramate therapy in patients receiving a mood stabilizer for bipolar I disorder: a randomized, placebo-controlled trial.",The Journal of clinical psychiatry,2006,Roy Chengappa KN; Schwarzman LK; Hulihan JF; Xiang J.; Rosenthal NR,67,11,1698-706,https://doi.org/10.4088--jcp.v67n1105
10.4088/pcc.11m01182,"A 52-week, double-blind evaluation of the metabolic effects of aripiprazole and lithium in bipolar I disorder.",The primary care companion for CNS disorders,2011,McIntyre RS; McElroy SL; Eudicone JM; Forbes RA; Carlson BX; Baker RA,13,6,,https://doi.org/10.4088--pcc.11m01182
10.64719/pb.4433,Short Term Second-Generation Antidepressant Monotherapy in Acute Depressive Episodes of Bipolar II Disorder: A Systematic Review and Meta-Analysis.,Psychopharmacology bulletin,2022,Park JH; Nuñez NA; Gardea-Resendez M.; Gerberi DJ; Breitinger S.; Veldic M.; Frye MA; Singh B.,52,2,45-72,https://doi.org/10.64719--pb.4433
10.64719/pb.4604,Sequential Multiple Assignment Randomized Treatment (SMART) for Bipolar Disorder at Any Phase of Illness and at least Mild Symptom Severity.,Psychopharmacology bulletin,2020,Gao K.; Arnold JG; Prihoda TJ; Quinones M.; Singh V.; Schinagle M.; Conroy C.; D'Arcangelo N.; Bai Y.; Calabrese JR; Bowden CL,50,2,8-25,https://doi.org/10.64719--pb.4604
10.1001/archpsyc.1969.01740150029005,Lithium retention and excretion. The effect of sodium and fluid intake.,Archives of general psychiatry,1969,Platman SR; Fieve RR,20,3,285-9,https://doi.org/10.1001--archpsyc.1969.01740150029005
10.1001/archpsyc.1973.04200060095015,Negative sodium balance in lithium carbonate toxicity. Evidence of mineralocorticoid blockade.,Archives of general psychiatry,1973,Baer L.; Glassman AH; Kassir S.,29,6,823-7,https://doi.org/10.1001--archpsyc.1973.04200060095015
10.1001/archpsyc.1982.04290050051010,"Body composition in affective disorder before, during, and after lithium carbonate therapy.",Archives of general psychiatry,1982,Colt EW; Dunner DL; Wang J.; Ross DC; Pierson RN; Fieve RR,39,5,577-81,https://doi.org/10.1001--archpsyc.1982.04290050051010
10.1002/da.20273,Lithium therapy for unipolar and bipolar depression among the middle-aged and older adult patient subpopulation.,Depression and anxiety,2007,Lepkifker E.; Iancu I.; Horesh N.; Strous RD; Kotler M.,24,8,571-6,https://doi.org/10.1002--da.20273
10.1002/da.22479,LURASIDONE IN THE LONG-TERM TREATMENT OF PATIENTS WITH BIPOLAR DISORDER: A 24-WEEK OPEN-LABEL EXTENSION STUDY.,Depression and anxiety,2016,Ketter TA; Sarma K.; Silva R.; Kroger H.; Cucchiaro J.; Loebel A.,33,5,424-34,https://doi.org/10.1002--da.22479
10.1002/gps.5517,Tolerability of lithium: A naturalistic discontinuation study in older inpatients (≥60 years).,International journal of geriatric psychiatry,2021,Flapper M.; van Melick E.; van Campen J.; Schutter N.; Kok R.,36,8,1231-1240,https://doi.org/10.1002--gps.5517
10.1002/hbm.26682,Principal component analysis as an efficient method for capturing multivariate brain signatures of complex disorders-ENIGMA study in people with bipolar disorders and obesity.,Human brain mapping,2024,McWhinney SR; Hlinka J.; Bakstein E.; Dietze LMF; Corkum ELV; Abé C.; Alda M.; Alexander N.; Benedetti F.; Berk M.; Bøen E.; Bonnekoh LM; Boye B.; Brosch K.; Canales-Rodríguez EJ; Cannon DM; Dannlowski U.; Demro C.; Diaz-Zuluaga A.; Elvsåshagen T.; Eyler LT; Fortea L.; Fullerton JM; Goltermann J.; Gotlib IH; Grotegerd D.; Haarman B.; Hahn T.; Howells FM; Jamalabadi H.; Jansen A.; Kircher T.; Klahn AL; Kuplicki R.; Lahud E.; Landén M.; Leehr EJ; Lopez-Jaramillo C.; Mackey S.; Malt U.; Martyn F.; Mazza E.; McDonald C.; McPhilemy G.; Meier S.; Meinert S.; Melloni E.; Mitchell PB; Nabulsi L.; Nenadić I.; Nitsch R.; Opel N.; Ophoff RA; Ortuño M.; Overs BJ; Pineda-Zapata J.; Pomarol-Clotet E.; Radua J.; Repple J.; Roberts G.; Rodriguez-Cano E.; Sacchet MD; Salvador R.; Savitz J.; Scheffler F.; Schofield PR; Schürmeyer N.; Shen C.; Sim K.; Sponheim SR; Stein DJ; Stein F.; Straube B.; Suo C.; Temmingh H.; Teutenberg L.; Thomas-Odenthal F.; Thomopoulos SI; Urosevic S.; Usemann P.; van Haren NEM; Vargas C.; Vieta E.; Vilajosana E.; Vreeker A.; Winter NR; Yatham LN; Thompson PM; Andreassen OA; Ching CRK; Hajek T.,45,8,e26682,https://doi.org/10.1002--hbm.26682
10.1002/hup.2413,"Is environmental temperature related to renal symptoms, serum lithium levels, and other laboratory test results in current lithium users?",Human psychopharmacology,2014,Rej S.; AlAqeel B.; Segal M.; Low NC; Mucsi I.; Holcroft C.; Looper K.,29,4,392-6,https://doi.org/10.1002--hup.2413
10.1002/hup.2752,"Coprescription of mood stabilizers in schizophrenia, dosing, and clinical correlates: An international study.",Human psychopharmacology,2020,Lim WK; Chew QH; He YL; Si TM; Chiu FH; Xiang YT; Kato TA; Kanba S.; Shinfuku N.; Lee MS; Park SC; Park YC; Chong MY; Lin SK; Yang SY; Tripathi A.; Avasthi A.; Grover S.; Kallivayalil RA; Udomratn P.; Chee KY; Tanra AJ; Rabbani MG; Javed A.; Kathiarachchi S.; Waas D.; Myint WA; Sartorius N.; Tran VC; Nguyen KV; Tan CH; Baldessarini RJ; Sim K.,35,6,1-7,https://doi.org/10.1002--hup.2752
10.1002/hup.783,Lithium augmentation of topiramate for bipolar disorder with comorbid binge eating disorder and obesity.,Human psychopharmacology,2006,Kotwal R.; Guerdjikova A.; McElroy SL; Keck PE Jr,21,7,425-31,https://doi.org/10.1002--hup.783
10.1002/jcph.2089,Lithium Pharmacokinetics in the Perinatal Patient With Bipolar Disorder.,Journal of clinical pharmacology,2022,Clark CT; Newmark RL; Wisner KL; Stika C.; Avram MJ,62,11,1385-1392,https://doi.org/10.1002--jcph.2089
10.1007/bf01380006,Side effects of chronic lithium therapy in Hong Kong Chinese: an ethnopsychiatric perspective.,"Culture, medicine and psychiatry",1993,Lee S.,17,3,301-20,https://doi.org/10.1007--bf01380006
10.1007/bf01427042,Successful preoperative preparation for thyroidectomy in Graves' disease using lithium alone: report of two cases.,Surgery today,1994,Mochinaga N.; Eto T.; Maekawa Y.; Tsunoda T.; Kanematsu T.; Izumi M.,24,5,464-7,https://doi.org/10.1007--bf01427042
10.1007/bf02105412,Lithium for irritability in post-traumatic stress disorder.,Journal of traumatic stress,1995,Forster PL; Schoenfeld FB; Marmar CR; Lang AJ,8,1,143-9,https://doi.org/10.1007--bf02105412
10.1007/bf02193747,On the pathogenesis of abnormal involuntary movements in lithium-treated patients with major affective disorder.,European archives of psychiatry and clinical neuroscience,1991,Axelsson R.; Nilsson A.,241,1,1-7,https://doi.org/10.1007--bf02193747
10.1007/s00213-004-2038-9,Plasma levels of leptin and endogenous immune modulators during treatment with carbamazepine or lithium.,Psychopharmacology,2005,Himmerich H.; Koethe D.; Schuld A.; Yassouridis A.; Pollmächer T.,179,2,447-51,https://doi.org/10.1007--s00213-004-2038-9
10.1007/s00406-017-0847-1,Relationships between low-grade peripheral inflammation and psychotropic drugs in schizophrenia: results from the national FACE-SZ cohort.,European archives of psychiatry and clinical neuroscience,2018,Fond G.; Resseguier N.; Schürhoff F.; Godin O.; Andrianarisoa M.; Brunel L.; Bulzacka E.; Aouizerate B.; Berna F.; Capdevielle D.; Chereau I.; D'Amato T.; Dubertret C.; Dubreucq J.; Faget C.; Gabayet F.; Lançon C.; Llorca PM; Mallet J.; Misdrahi D.; Passerieux C.; Rey R.; Schandrin A.; Urbach M.; Vidailhet P.; Boyer L.; Leboyer M.,268,6,541-553,https://doi.org/10.1007--s00406-017-0847-1
10.1007/s00787-002-0255-5,"Triglyceride, cholesterol and weight changes among risperidone-treated youths. A retrospective study.",European child & adolescent psychiatry,2002,Martin A.; L'Ecuyer S.,11,3,129-33,https://doi.org/10.1007--s00787-002-0255-5
10.1007/s00787-006-0552-5,Adjunctive olanzapine treatment in bipolar adolescents responding insufficiently to mood stabilizers. Four case reports.,European child & adolescent psychiatry,2006,Emiroglu FN; Gencer O.; Ozbek A.,15,8,500-3,https://doi.org/10.1007--s00787-006-0552-5
10.1007/s11126-006-7963-9,Adjunct divalproex or lithium to clozapine in treatment-resistant schizophrenia.,The Psychiatric quarterly,2006,Kelly DL; Conley RR; Feldman S.; Yu Y.; McMahon RP; Richardson CM,77,1,81-95,https://doi.org/10.1007--s11126-006-7963-9
10.1007/s11920-006-0056-5,New findings from the Bipolar Collaborative Network: clinical implications for therapeutics.,Current psychiatry reports,2006,Post RM; Altshuler LL; Frye MA; Suppes T.; McElroy S.; Keck PE Jr; Leverich GS; Kupka R.; Nolen WA; Grunze H.,8,6,489-97,https://doi.org/10.1007--s11920-006-0056-5
10.1007/s12011-021-03077-3,"Association Between Essential and Non-essential Metals, Body Composition, and Metabolic Syndrome in Adults.",Biological trace element research,2022,Ngu YJ; Skalny AV; Tinkov AA; Tsai CS; Chang CC; Chuang YK; Nikolenko VN; Zotkin DA; Chiu CF; Chang JS,200,12,4903-4915,https://doi.org/10.1007--s12011-021-03077-3
10.1007/s40261-013-0120-y,"The efficacy and safety of switching to ziprasidone from olanzapine in patients with bipolar I disorder: an 8-week, multicenter, open-label study.",Clinical drug investigation,2013,Lee HB; Yoon BH; Kwon YJ; Woo YS; Lee JG; Kim MD; Bahk WM,33,10,743-53,https://doi.org/10.1007--s40261-013-0120-y
10.1016/0010-440x(71)90019-8,Lithium's site of action: clues from side effects.,Comprehensive psychiatry,1971,O'Connell RA,12,3,224-9,https://doi.org/10.1016--0010-440x(71)90019-8
10.1016/0010-440x(74)90015-7,Lithium treatment of depression.,Comprehensive psychiatry,1974,Noyes R. Jr; Dempsey GM; Blum A.; Cavanaugh GL,15,3,187-93,https://doi.org/10.1016--0010-440x(74)90015-7
10.1016/0278-5846(83)90118-5,Clinical implications of research on the mechanism of action of lithium.,Progress in neuro-psychopharmacology & biological psychiatry,1983,Belmaker RH; Lerer B.; Klein E.; Newman M.; Dick E.,7,2-3,287-96,https://doi.org/10.1016--0278-5846(83)90118-5
10.1016/0306-4530(84)90005-2,"Melatonin in relation to body measures, sex, age, season and the use of drugs in patients with major affective disorders and healthy subjects.",Psychoneuroendocrinology,1984,Beck-Friis J.; von Rosen D.; Kjellman BF; Ljunggren JG; Wetterberg L.,9,3,261-77,https://doi.org/10.1016--0306-4530(84)90005-2
10.1016/0924-977x(96)88357-x,,,,,,,,
10.1016/j.ajo.2014.11.003,Overweight and obesity in pediatric secondary pseudotumor cerebri syndrome.,American journal of ophthalmology,2015,Paley GL; Sheldon CA; Burrows EK; Chilutti MR; Liu GT; McCormack SE,159,2,344-52.e1,https://doi.org/10.1016--j.ajo.2014.11.003
10.1016/j.ajp.2011.02.002,Thyroid function and lipid profile in bipolar I patients.,Asian journal of psychiatry,2011,Ezzaher A.; Haj Mouhamed D.; Mechri A.; Neffati F.; Douki W.; Gaha L.; Najjar MF,4,2,139-43,https://doi.org/10.1016--j.ajp.2011.02.002
10.1016/j.ando.2007.05.004,[Nephrogenic diabetes insipidus during lithium acute intoxication].,Annales d'endocrinologie,2007,Abodo J.; Seux V.; Koffi-Dago P.; Dalco O.; Renaud-Lévy O.; Tassy S.; Million M.; Lokrou A.; Soubeyrand J.; Retornaz F.,68,6,467-9,https://doi.org/10.1016--j.ando.2007.05.004
10.1016/j.biopsych.2004.07.003,A high prevalence of organ-specific autoimmunity in patients with bipolar disorder.,Biological psychiatry,2004,Padmos RC; Bekris L.; Knijff EM; Tiemeier H.; Kupka RW; Cohen D.; Nolen WA; Lernmark A.; Drexhage HA,56,7,476-82,https://doi.org/10.1016--j.biopsych.2004.07.003
10.1016/j.comppsych.2004.07.029,A case of seasonal bipolar disorder exacerbated by Cushing's disease.,Comprehensive psychiatry,2005,Ghadirian AM; Marcovitz S.; Pearson Murphy BE,46,2,155-8,https://doi.org/10.1016--j.comppsych.2004.07.029
10.1016/j.comppsych.2007.08.002,Hospital use of antipsychotic drugs: polytherapy.,Comprehensive psychiatry,2008,Centorrino F.; Cincotta SL; Talamo A.; Fogarty KV; Guzzetta F.; Saadeh MG; Salvatore P.; Baldessarini RJ,49,1,65-9,https://doi.org/10.1016--j.comppsych.2007.08.002
10.1016/j.earlhumdev.2011.09.013,"Fetal, neonatal and developmental outcomes of lithium-exposed pregnancies.",Early human development,2012,van der Lugt NM; van de Maat JS; van Kamp IL; Knoppert-van der Klein EA; Hovens JG; Walther FJ,88,6,375-8,https://doi.org/10.1016--j.earlhumdev.2011.09.013
10.1016/j.eatbeh.2013.01.001,"The relationships among psychiatric medications, eating behaviors, and weight.",Eating behaviors,2013,Davison KM,14,2,187-91,https://doi.org/10.1016--j.eatbeh.2013.01.001
10.1016/j.ekir.2020.05.015,Treatment of Nephrogenic Diabetes Insipidus Patients With cGMP-Stimulating Drugs Does Not Mitigate Polyuria or Increase Urinary Concentrating Ability.,Kidney international reports,2020,Hinrichs GR; Mortensen LA; Bistrup C.; Dieperink HH; Jensen BL,5,8,1319-1325,https://doi.org/10.1016--j.ekir.2020.05.015
10.1016/j.envres.2019.01.012,Pre- and postnatal environmental boron exposure and infant growth: Results from a mother-child cohort in northern Argentina.,Environmental research,2019,Hjelm C.; Harari F.; Vahter M.,171,,60-68,https://doi.org/10.1016--j.envres.2019.01.012
10.1016/j.euroneuro.2018.11.1103,Psychopharmacological prescribing practices in pregnancy for women with severe mental illness: A multicentre study.,European neuropsychopharmacology : the journal of the European College of Neuropsychopharmacology,2019,Galbally M.; Frayne J.; Watson SJ; Snellen M.,29,1,57-65,https://doi.org/10.1016--j.euroneuro.2018.11.1103
10.1016/j.euroneuro.2018.12.006,Leptin gene polymorphisms are associated with weight gain during lithium augmentation in patients with major depression.,European neuropsychopharmacology : the journal of the European College of Neuropsychopharmacology,2019,Bopp SK; Heilbronner U.; Schlattmann P.; Mühleisen TW; Bschor T.; Richter C.; Steinacher B.; Stamm TJ; Merkl A.; Herms S.; Köhler S.; Sterzer P.; Hellweg R.; Heinz A.; Cichon S.; Lang UE; Schulze TG; Adli M.; Ricken R.,29,2,211-221,https://doi.org/10.1016--j.euroneuro.2018.12.006
10.1016/j.euroneuro.2021.09.007,A GWAS top hit for circulating leptin is associated with weight gain but not with leptin protein levels in lithium-augmented patients with major depression.,European neuropsychopharmacology : the journal of the European College of Neuropsychopharmacology,2021,Bopp SK; Heilbronner U.; Schlattmann P.; Buspavanich PJ; Lang UE; Heinz A.; Schulze TG; Adli M.; Mühleisen TW; Ricken R.,53,,114-119,https://doi.org/10.1016--j.euroneuro.2021.09.007
10.1016/j.eurpsy.2004.11.010,Olanzapine treatment in adolescents with severe conduct disorder.,European psychiatry : the journal of the Association of European Psychiatrists,2006,Masi G.; Milone A.; Canepa G.; Millepiedi S.; Mucci M.; Muratori F.,21,1,51-7,https://doi.org/10.1016--j.eurpsy.2004.11.010
10.1016/j.eurpsy.2008.01.658,,,,,,,,
10.1016/j.genhosppsych.2007.05.001,Long-term topiramate treatment of psychotropic drug-induced weight gain: a retrospective chart review.,General hospital psychiatry,2007,Khazaal Y.; Chatton A.; Rusca M.; Preisig M.; Zullino D.,29,5,446-9,https://doi.org/10.1016--j.genhosppsych.2007.05.001
10.1016/j.heliyon.2020.e04553,"The association between leptin and adiponectin, and metabolic syndrome components and serum levels of lipid peroxidation in bipolar disorder patients treated with lithium and valproic acid.",Heliyon,2020,Dolab N.; Kamkar MZ; Amiriani T.; Yuzugulen J.; Marjani M.; Marjani A.,6,7,e04553,https://doi.org/10.1016--j.heliyon.2020.e04553
10.1016/j.jaac.2022.09.379,,,,,,,,
10.1016/j.jad.2004.05.017,Open-label prospective trial of risperidone in combination with lithium or divalproex sodium in pediatric mania.,Journal of affective disorders,2004,Pavuluri MN; Henry DB; Carbray JA; Sampson G.; Naylor MW; Janicak PG,82 Suppl 1,,S103-11,https://doi.org/10.1016--j.jad.2004.05.017
10.1016/j.jad.2005.08.002,Longitudinal evaluation of reproductive function in women treated for bipolar disorder.,Journal of affective disorders,2005,Rasgon NL; Reynolds MF; Elman S.; Saad M.; Frye MA; Bauer M.; Altshuler LL,89,1-3,217-25,https://doi.org/10.1016--j.jad.2005.08.002
10.1016/j.jad.2006.08.009,Atypical antipsychotics related metabolic syndrome in bipolar patients.,Journal of affective disorders,2007,Yumru M.; Savas HA; Kurt E.; Kaya MC; Selek S.; Savas E.; Oral ET; Atagun I.,98,3,247-52,https://doi.org/10.1016--j.jad.2006.08.009
10.1016/j.jad.2006.08.015,Changes in plasma cholesterol in mood disorder patients: does treatment make a difference?,Journal of affective disorders,2007,Gabriel A.,99,1-3,273-8,https://doi.org/10.1016--j.jad.2006.08.015
10.1016/j.jad.2007.04.006,Weight change in the acute treatment of bipolar I disorder: a naturalistic observational study of psychiatric inpatients.,Journal of affective disorders,2008,Kim B.; Kim SJ; Son JI; Joo YH,105,1-3,45-52,https://doi.org/10.1016--j.jad.2007.04.006
10.1016/j.jad.2008.11.011,Medical and substance use comorbidity in bipolar disorder.,Journal of affective disorders,2009,Kemp DE; Gao K.; Ganocy SJ; Caldes E.; Feldman K.; Chan PK; Conroy C.; Bilali S.; Findling RL; Calabrese JR,116,1-2,64-9,https://doi.org/10.1016--j.jad.2008.11.011
10.1016/j.jad.2008.12.018,High prevalence of metabolic disturbances in patients with bipolar disorder in Taiwan.,Journal of affective disorders,2009,Chang HH; Chou CH; Chen PS; Gean PW; Huang HC; Lin CY; Yang YK; Lu RB,117,1-2,124-9,https://doi.org/10.1016--j.jad.2008.12.018
10.1016/j.jad.2009.10.023,"Weight gain, obesity, and metabolic indices following a first manic episode: prospective 12-month data from the Systematic Treatment Optimization Program for Early Mania (STOP-EM).",Journal of affective disorders,2010,Bond DJ; Kauer-Sant'Anna M.; Lam RW; Yatham LN,124,1-2,108-17,https://doi.org/10.1016--j.jad.2009.10.023
10.1016/j.jad.2010.11.037,Effectiveness of olanzapine monotherapy and olanzapine combination treatment in the long term following acute mania--results of a two year observational study in bipolar disorder (EMBLEM).,Journal of affective disorders,2011,Gonzalez-Pinto A.; Vieta E.; Reed C.; Novick D.; Barraco A.; Aguado J.; Haro JM,131,1-3,320-9,https://doi.org/10.1016--j.jad.2010.11.037
10.1016/j.jad.2017.02.026,Hyper- and hypocortisolism in bipolar disorder - A beneficial influence of lithium on the HPA-axis?,Journal of affective disorders,2017,Maripuu M.; Wikgren M.; Karling P.; Adolfsson R.; Norrback KF,213,,161-167,https://doi.org/10.1016--j.jad.2017.02.026
10.1016/j.jad.2018.10.093,Inflammation associated with volume reduction in the gray matter and hippocampus of older patients with bipolar disorder.,Journal of affective disorders,2019,Tsai SY; Gildengers AG; Hsu JL; Chung KH; Chen PH; Huang YJ,244,,60-66,https://doi.org/10.1016--j.jad.2018.10.093
10.1016/j.jad.2019.08.056,Psychiatric and physical outcomes of long-term use of lithium in older adults with bipolar disorder and major depressive disorder: A cross-sectional multicenter study.,Journal of affective disorders,2019,Morlet E.; Costemale-Lacoste JF; Poulet E.; McMahon K.; Hoertel N.; Limosin F.,259,,210-217,https://doi.org/10.1016--j.jad.2019.08.056
10.1016/j.jad.2020.03.066,Clinical response and metabolic effects of lithium in 323 mood disorder patients.,Journal of affective disorders,2020,Pinna M.; Manchia M.; Visioli C.; Tondo L.,270,,9-14,https://doi.org/10.1016--j.jad.2020.03.066
10.1016/j.jad.2026.121702,"Association of SGLT2 inhibitors with suicidality, all-cause mortality, and hospitalization in bipolar disorder: A cohort study of 1.23 million adults.",Journal of affective disorders,2026,Singh B.; Baweja R.,406,,121702,https://doi.org/10.1016--j.jad.2026.121702
10.1016/j.jpsychires.2011.01.019,Open adjunctive ziprasidone associated with weight loss in obese and overweight bipolar disorder patients.,Journal of psychiatric research,2011,Wang PW; Hill SJ; Childers ME; Chandler RA; Rasgon NL; Ketter TA,45,8,1128-32,https://doi.org/10.1016--j.jpsychires.2011.01.019
10.1016/j.jpsychires.2012.01.014,Psychotropic drug-induced weight gain and other metabolic complications in a Swiss psychiatric population.,Journal of psychiatric research,2012,Choong E.; Bondolfi G.; Etter M.; Jermann F.; Aubry JM; Bartolomei J.; Gholam-Rezaee M.; Eap CB,46,4,540-8,https://doi.org/10.1016--j.jpsychires.2012.01.014
10.1016/j.jpsychires.2017.10.002,Cytokine serum levels remain unchanged during lithium augmentation of antidepressants in major depression.,Journal of psychiatric research,2018,Ricken R.; Busche M.; Schlattmann P.; Himmerich H.; Bopp S.; Bschor T.; Richter C.; Stamm TJ; Heinz A.; Hellweg R.; Lang UE; Adli M.,96,,203-208,https://doi.org/10.1016--j.jpsychires.2017.10.002
10.1016/j.legalmed.2006.05.003,A case of carbamazepine overdose with focal myocarditis.,"Legal medicine (Tokyo, Japan)",2006,Takamiya M.; Aoki Y.; Niitsu H.; Saigusa K.,8,4,243-7,https://doi.org/10.1016--j.legalmed.2006.05.003
10.1016/j.mehy.2020.110047,Can atypical dysgeusia in depression be related to a deafferentation syndrome?,Medical hypotheses,2020,Bou Khalil R.; Atallah E.; Dirani E.; Kallab M.; Kassab A.; Mourad M.; El Khoury R.,144,,110047,https://doi.org/10.1016--j.mehy.2020.110047
10.1016/j.neulet.2014.02.005,Lithium decreases plasma adiponectin levels in bipolar depression.,Neuroscience letters,2014,Soeiro-de-Souza MG; Gold PW; Brunoni AR; de Sousa RT; Zanetti MV; Carvalho AF; Gattaz WF; Machado-Vieira R.; Teixeira AL,564,,111-4,https://doi.org/10.1016--j.neulet.2014.02.005
10.1016/j.pmip.2020.100059,,,,,,,,
10.1016/j.pnpbp.2003.11.001,Weight gain and improvement with quetiapine in bipolar I disorder: a case report.,Progress in neuro-psychopharmacology & biological psychiatry,2004,Ozcan ME; Kaya B.; Polat R.,28,2,413-5,https://doi.org/10.1016--j.pnpbp.2003.11.001
10.1016/j.pnpbp.2013.08.011,Acute manic episode is associated with an increased risk of lower limb edema.,Progress in neuro-psychopharmacology & biological psychiatry,2013,Hochman E.; Krivoy A.; Shoval G.; Valevski A.; Weizman A.; Fischel T.,47,,99-103,https://doi.org/10.1016--j.pnpbp.2013.08.011
10.1016/j.pnpbp.2021.110408,Dose-dependent transcriptional effects of lithium and adverse effect burden in a psychiatric cohort.,Progress in neuro-psychopharmacology & biological psychiatry,2022,Krull F.; Akkouh I.; Hughes T.; Bettella F.; Athanasiu L.; Smeland OB; O'Connell KS; Brattbakk HR; Steen VM; Steen NE; Djurovic S.; Andreassen OA,112,,110408,https://doi.org/10.1016--j.pnpbp.2021.110408
10.1016/j.psiq.2010.12.002,,,,,,,,
10.1016/j.psychres.2007.09.003,Prevalence and correlates of eating disorder co-morbidity in patients with bipolar disorder.,Psychiatry research,2008,Wildes JE; Marcus MD; Fagiolini A.,161,1,51-8,https://doi.org/10.1016--j.psychres.2007.09.003
10.1016/j.psychres.2015.05.042,"Test-retest reliability, feasibility and clinical correlates of the Eurofit test battery in people with bipolar disorder.",Psychiatry research,2015,Vancampfort D.; Sienaert P.; Wyckaert S.; De Hert M.; Stubbs B.; Rosenbaum S.; Buys R.; Probst M.,228,3,620-5,https://doi.org/10.1016--j.psychres.2015.05.042
10.1016/j.psychres.2017.08.063,Prevalence and clinical-demographic correlates of hyperhomocysteinemia in inpatients with bipolar disorder in a Han Chinese population.,Psychiatry research,2018,Zhou SJ; Zhang LG; Chen HM; Li JY; Li R.; Zhang XM; Wang N.; Soares JC; Cassidy RM; Zheng Y.; Ning Y.; Wang SL; Chen JX; Zhang XY,259,,364-369,https://doi.org/10.1016--j.psychres.2017.08.063
10.1016/j.psyneuen.2016.04.013,Leptin serum concentrations are associated with weight gain during lithium augmentation.,Psychoneuroendocrinology,2016,Ricken R.; Bopp S.; Schlattmann P.; Himmerich H.; Bschor T.; Richter C.; Stamm TJ; Bauer F.; Heinz A.; Hellweg R.; Lang UE; Adli M.,71,,31-5,https://doi.org/10.1016--j.psyneuen.2016.04.013
10.1016/s0022-3956(99)00021-7,Plasma levels of cytokines and soluble cytokine receptors in psychiatric patients upon hospital admission: effects of confounding factors and diagnosis.,Journal of psychiatric research,1999,Haack M.; Hinze-Selch D.; Fenzel T.; Kraus T.; Kühn M.; Schuld A.; Pollmächer T.,33,5,407-18,https://doi.org/10.1016--s0022-3956(99)00021-7
10.1016/s0140-6736(05)60117-1,Oxyphilic parathyroid adenoma and lithium therapy.,"Lancet (London, England)",1998,de Celis G.; Fiter M.; Latorre X.; Llebaria C.,352,9133,1070,https://doi.org/10.1016--s0140-6736(05)60117-1
10.1016/s0149-2918(02)80061-3,"Changes in body weight and body mass index among psychiatric patients receiving lithium, valproate, or topiramate: an open-label, nonrandomized chart review.",Clinical therapeutics,2002,Chengappa KN; Chalasani L.; Brar JS; Parepally H.; Houck P.; Levine J.,24,10,1576-84,https://doi.org/10.1016--s0149-2918(02)80061-3
10.1016/s0165-0327(02)00407-x,"Oxcarbazepine as add-on treatment in patients with bipolar manic, mixed or depressive episode.",Journal of affective disorders,2004,Benedetti A.; Lattanzi L.; Pini S.; Musetti L.; Dell'Osso L.; Cassano GB,79,1-3,273-7,https://doi.org/10.1016--s0165-0327(02)00407-x
10.1016/s0165-1781(99)00108-0,Non-adherence with long-term prophylaxis: a 6-year naturalistic follow-up study of affectively ill patients.,Psychiatry research,1999,Schumann C.; Lenz G.; Berghöfer A.; Müller-Oerlinghausen B.,89,3,247-57,https://doi.org/10.1016--s0165-1781(99)00108-0
10.1016/s0278-5846(03)00145-3,Adjunctive quetiapine in bipolar patients partially responsive to lithium or valproate.,Progress in neuro-psychopharmacology & biological psychiatry,2003,Sokolski KN; Denson TF,27,5,863-6,https://doi.org/10.1016--s0278-5846(03)00145-3
10.1016/s0924-9338(10)71416-4,,,,,,,,
10.1016/s0924-977x(98)80299-x,,,,,,,,
10.1016/s2215-0366(22)00100-6,Improving lithium dose prediction using population pharmacokinetics and pharmacogenomics: a cohort genome-wide association study in Sweden.,The lancet. Psychiatry,2022,Millischer V.; Matheson GJ; Bergen SE; Coombes BJ; Ponzer K.; Wikström F.; Jagiello K.; Lundberg M.; Stenvinkel P.; Biernacka JM; Breuer O.; Martinsson L.; Landén M.; Backlund L.; Lavebratt C.; Schalling M.,9,6,447-457,https://doi.org/10.1016--s2215-0366(22)00100-6
10.1017/s0033291700050066,,,,,,,,
10.1017/s0033291723000223,Mega-analysis of association between obesity and cortical morphology in bipolar disorders: ENIGMA study in 2832 participants.,Psychological medicine,2023,McWhinney SR; Abé C.; Alda M.; Benedetti F.; Bøen E.; Del Mar Bonnin C.; Borgers T.; Brosch K.; Canales-Rodríguez EJ; Cannon DM; Dannlowski U.; Diaz-Zuluaga AM; Dietze LMF; Elvsåshagen T.; Eyler LT; Fullerton JM; Goikolea JM; Goltermann J.; Grotegerd D.; Haarman BCM; Hahn T.; Howells FM; Ingvar M.; Jahanshad N.; Kircher TTJ; Krug A.; Kuplicki RT; Landén M.; Lemke H.; Liberg B.; Lopez-Jaramillo C.; Malt UF; Martyn FM; Mazza E.; McDonald C.; McPhilemy G.; Meier S.; Meinert S.; Meller T.; Melloni EMT; Mitchell PB; Nabulsi L.; Nenadic I.; Opel N.; Ophoff RA; Overs BJ; Pfarr JK; Pineda-Zapata JA; Pomarol-Clotet E.; Raduà J.; Repple J.; Richter M.; Ringwald KG; Roberts G.; Ross A.; Salvador R.; Savitz J.; Schmitt S.; Schofield PR; Sim K.; Stein DJ; Stein F.; Temmingh HS; Thiel K.; Thomopoulos SI; van Haren NEM; Vargas C.; Vieta E.; Vreeker A.; Waltemate L.; Yatham LN; Ching CRK; Andreassen OA; Thompson PM; Hajek T.,53,14,6743-6753,https://doi.org/10.1017--s0033291723000223
10.1017/s1461145703003870,Safety and efficacy of combined clozapine-lithium pharmacotherapy.,The international journal of neuropsychopharmacology,2004,Bender S.; Linka T.; Wolstein J.; Gehendges S.; Paulus HJ; Schall U.; Gastpar M.,7,1,59-63,https://doi.org/10.1017--s1461145703003870
10.1034/j.1399-5618.2000.020408.x,An open longitudinal study of patients with bipolar rapid cycling treated with lithium or lamotrigine for mood stabilization.,Bipolar disorders,2000,Walden J.; Schaerer L.; Schloesser S.; Grunze H.,2,4,336-9,https://doi.org/10.1034--j.1399-5618.2000.020408.x
10.1034/j.1399-5618.2002.01189.x,Topiramate versus bupropion SR when added to mood stabilizer therapy for the depressive phase of bipolar disorder: a preliminary single-blind study.,Bipolar disorders,2002,McIntyre RS; Mancini DA; McCann S.; Srinivasan J.; Sagman D.; Kennedy SH,4,3,207-13,https://doi.org/10.1034--j.1399-5618.2002.01189.x
10.1034/j.1399-5618.2002.01211.x,Gabapentin augmentation therapy in bipolar depression.,Bipolar disorders,2002,Wang PW; Santosa C.; Schumacher M.; Winsberg ME; Strong C.; Ketter TA,4,5,296-301,https://doi.org/10.1034--j.1399-5618.2002.01211.x
10.1034/j.1399-5618.2003.00009.x,"Valproate, bipolar disorder and polycystic ovarian syndrome.",Bipolar disorders,2003,McIntyre RS; Mancini DA; McCann S.; Srinivasan J.; Kennedy SH,5,1,28-35,https://doi.org/10.1034--j.1399-5618.2003.00009.x
10.1038/clpt.1994.47,Lithium pharmacokinetics in the obese.,Clinical pharmacology and therapeutics,1994,Reiss RA; Haas CE; Karki SD; Gumbiner B.; Welle SL; Carson SW,55,4,392-8,https://doi.org/10.1038--clpt.1994.47
10.1038/s41380-024-02784-2,White matter microstructure in obesity and bipolar disorders: an ENIGMA bipolar disorder working group study in 2186 individuals.,Molecular psychiatry,2025,Dietze LMF; McWhinney SR; Favre P.; Abé C.; Alexander N.; Barkhau C.; Benedetti F.; Berk M.; Bøen E.; Boye B.; Brosch K.; Canales-Rodríguez EJ; Cannon DM; Carruthers SP; Corkum ELV; Dannlowski U.; Díaz-Zuluaga AM; Dohm K.; Elvsåshagen T.; Flinkenflügel K.; Fortea L.; Furlong LS; Goldstein BI; Grotegerd D.; Gruber M.; Haarman BCM; Howells FM; Jahanshad N.; Jamalabadi H.; Jansen A.; Karantonis JA; Kennedy KG; Kircher TTJ; Klahn AL; Kochunov P.; Kraus A.; Landén M.; López-Jaramillo C.; MacIntosh BJ; Mazza E.; McDonald C.; McIntosh AM; Meinert H.; Meinert S.; Melloni EMT; Mitchell PB; Nenadić I.; Opel N.; Phillips M.; Piguet C.; Polosan M.; Pomarol-Clotet E.; Pouchon A.; Radua J.; Roberts G.; Ross AJ; Rossell SL; Salvador R.; Sim K.; Soares JC; Zunta-Soares GB; Stein F.; Straube B.; Suo C.; Teutenberg L.; Thomas-Odenthal F.; Thomopoulos SI; Usemann P.; Van Rheenen TE; Versace A.; Vieta E.; Vilajosana E.; Mwangi B.; Wen W.; Whalley HC; Wu MJ; Andreassen OA; Ching CRK; Thompson PM; Houenou J.; Hajek T.,30,5,1770-1779,https://doi.org/10.1038--s41380-024-02784-2
10.1038/s41467-025-67026-7,Lithium exposure causes ferroptosis to induce unexplained miscarriage through non-canonical MBOAT1 pathway.,Nature communications,2025,Yi S.; Wen Xin H.; Fan Q.; Yue X.; Lin Y.; Chen X.; Xie J.; Li P.; Xing S.; Chen Y.; Lei Q.; Wang M.; Geng G.; De Peng Z.; Hui Dong Z.,17,1,365,https://doi.org/10.1038--s41467-025-67026-7
10.1038/s41598-025-99698-y,Designing and characterizing first Iranian study evaluating serum levels of lithium in patients for population pharmacokinetics (FIRELOLIPOP): baseline and first report.,Scientific reports,2025,Khakshoor MM; Pariz N.; Askari VR; Fayyazi Bordbar MR; Honari S.; Shirazinia M.; Baradaran Rahimi V.; Naghibi Sistani MB,15,1,15514,https://doi.org/10.1038--s41598-025-99698-y
10.1042/cs0770337,Erythrocyte sodium/lithium countertransport and renal lithium clearance in a random sample of untreated middle-aged men.,"Clinical science (London, England : 1979)",1989,Strazzullo P.; Cappuccio FP; Trevisan M.; Iacoviello L.; Iacone R.; Jossa F.; Giorgione N.; Farinaro E.; Mancini M.,77,3,337-42,https://doi.org/10.1042--cs0770337
10.1046/j.1365-277x.1996.00444.x,,,,,,,,
10.1055/a-2018-4946,"The Role of Mood Stabilizers in Children and Adolescents with Anorexia Nervosa: A 1-year Follow-Up, Propensity Score-Matched Study.",Pharmacopsychiatry,2023,Pruccoli J.; Parmeggiani A.,56,3,118-125,https://doi.org/10.1055--a-2018-4946
10.1055/s-0028-1094484,Lithium carbonate prophylaxis of depression in three subtypes in primary affective disorder.,"Pharmakopsychiatrie, Neuro-Psychopharmakologie",1976,Fieve RR; Dunner DL; Kumbaraci T.; Stallone F.,9,3,100-7,https://doi.org/10.1055--s-0028-1094484
10.1055/s-0028-1094574,[Renal toxicity of lithium in therapeutic doses (author's transl)].,"Pharmakopsychiatrie, Neuro-Psychopharmakologie",1978,Häfner H.; Höffler D.; Seidl H.; Friedrich G.,11,4,157-63,https://doi.org/10.1055--s-0028-1094574
10.1055/s-0034-1385566,[Rapid cycling--finally stable but obese--target acquired?].,Fortschritte der Neurologie-Psychiatrie,2014,Reininghaus B.; Bengesser SA; Reininghaus E.; Lackner N.; Kapfhammer HP; Birner A.,82,12,701-5,https://doi.org/10.1055--s-0034-1385566
10.1055/s-2007-1001133,[Long-term catamnesis on the topic of uses and side effects of lithium prevention of phasic psychoses].,Fortschritte der Neurologie-Psychiatrie,1989,Koufen H.; Consbruch U.,57,9,374-82,https://doi.org/10.1055--s-2007-1001133
10.1055/s-2007-1017430,The outpatient clinic for patients under chronic lithium or neuroleptic treatment as a phase-IV research tool.,Pharmacopsychiatry,1984,Pietzcker A.; Müller-Oerlinghausen B.,17,5,162-7,https://doi.org/10.1055--s-2007-1017430
10.1055/s-2007-1019511,[Eight years follow-up of lithium prophylaxis in patients of psychiatric-neurological practice (author's transl)].,Pharmacopsychiatria,1982,Kurek M.; Consbruch U.,15,2,65-9,https://doi.org/10.1055--s-2007-1019511
10.1055/s-2007-979300,Are psychoactive-drug-induced changes in plasma lipid and lipoprotein levels of significance for clinical remission in psychiatric disorders?,Pharmacopsychiatry,1998,Diebold K.; Michel G.; Schweizer J.; Diebold-Dörsam M.; Fiehn W.; Kohl B.,31,2,60-7,https://doi.org/10.1055--s-2007-979300
10.1055/s-2008-1076723,Thyrotoxicosis after iodine contrast medium administration: rapid mood swing to mania and subsequent psychotic depression in a patient with bipolar disorder during lithium therapy.,Pharmacopsychiatry,2008,Arlt S.; Burkhardt D.; Wiedemann K.,41,4,163-5,https://doi.org/10.1055--s-2008-1076723
10.1080/00048670701392841,Obesity and metabolic syndrome in a psychiatric rehabilitation service.,The Australian and New Zealand journal of psychiatry,2007,Tirupati S.; Chua LE,41,7,606-10,https://doi.org/10.1080--00048670701392841
10.1080/00048679309075773,Lithium-associated transient thyrotoxicosis in 4 Chinese women with autoimmune thyroiditis.,The Australian and New Zealand journal of psychiatry,1993,Chow CC; Lee S.; Shek CC; Wing YK; Ahuja A.; Cockram CS,27,2,246-53,https://doi.org/10.1080--00048679309075773
10.1080/08039480801985229,Reliability and validity of the Korean version of UKU-SERS-Pat in patients with bipolar disorder.,Nordic journal of psychiatry,2008,Kim JH; Choi SW; Joe SH; Ha TH; Yoo HJ; Choi JE; Cha B.; Ha K.,62,6,496-502,https://doi.org/10.1080--08039480801985229
10.1080/10401230490453103,Long-term observational comparison of risperidone and olanzapine in bipolar disorder.,Annals of clinical psychiatry : official journal of the American Academy of Clinical Psychiatrists,2004,Ghaemi SN; Hsu DJ; Rosenquist KJ; Katzow JJ; Goodwin FK,16,2,69-73,https://doi.org/10.1080--10401230490453103
10.1080/10401230802177722,"Elevated prevalence of obesity, metabolic syndrome, and cardiovascular risk factors in bipolar disorder.",Annals of clinical psychiatry : official journal of the American Academy of Clinical Psychiatrists,2008,Fiedorowicz JG; Palagummi NM; Forman-Hoffman VL; Miller DD; Haynes WG,20,3,131-7,https://doi.org/10.1080--10401230802177722
10.1089/cap.1995.5.241,,,,,,,,
10.1089/cap.1998.8.49,Risperidone for young children with mood disorders and aggressive behavior.,Journal of child and adolescent psychopharmacology,1998,Schreier HA,8,1,49-59,https://doi.org/10.1089--cap.1998.8.49
10.1089/cap.2000.10.45,Mood stabilizer augmentation with olanzapine in acutely manic children.,Journal of child and adolescent psychopharmacology,2000,Chang KD; Ketter TA,10,1,45-9,https://doi.org/10.1089--cap.2000.10.45
10.1089/cap.2006.0024,Topiramate in adolescents with juvenile bipolar disorder presenting weight gain due to atypical antipsychotics or mood stabilizers: an open clinical trial.,Journal of child and adolescent psychopharmacology,2007,Tramontina S.; Zeni CP; Pheula G.; Rohde LA,17,1,129-34,https://doi.org/10.1089--cap.2006.0024
10.1089/cap.2006.16.336,A one-year open-label trial of risperidone augmentation in lithium nonresponder youth with preschool-onset bipolar disorder.,Journal of child and adolescent psychopharmacology,2006,Pavuluri MN; Henry DB; Carbray JA; Sampson GA; Naylor MW; Janicak PG,16,3,336-50,https://doi.org/10.1089--cap.2006.16.336
10.1089/cap.2007.0118,Lithium-induced nephrotic syndrome in a prepubertal boy.,Journal of child and adolescent psychopharmacology,2008,Petersen CE; Amaral S.; Frosch E.,18,2,210-3,https://doi.org/10.1089--cap.2007.0118
10.1089/cap.2009.0030,Atomoxetine as an adjunct therapy in the treatment of co-morbid attention-deficit/hyperactivity disorder in children and adolescents with bipolar I or II disorder.,Journal of child and adolescent psychopharmacology,2009,Chang K.; Nayar D.; Howe M.; Rana M.,19,5,547-51,https://doi.org/10.1089--cap.2009.0030
10.1089/cap.2012.0063,Post-acute effectiveness of lithium in pediatric bipolar I disorder.,Journal of child and adolescent psychopharmacology,2013,Findling RL; Kafantaris V.; Pavuluri M.; McNamara NK; Frazier JA; Sikich L.; Kowatch R.; Rowles BM; Clemons TE; Taylor-Zapata P.,23,2,80-90,https://doi.org/10.1089--cap.2012.0063
10.1089/cap.2012.2253,Onset of abnormal movements and cardiovascular symptoms after acute change in complex polypharmacy in a child with attention-deficit/hyperactivity disorder and mood symptoms.,Journal of child and adolescent psychopharmacology,2012,Potter PO; John N.; Coffey DB,22,5,388-92,https://doi.org/10.1089--cap.2012.2253
10.1089/met.2021.0078,Gender and Body Mass Index-Related Serum Level of Adipokines and Metabolic Syndrome Components in Bipolar Patients Who Received Lithium and Valproic Acid.,Metabolic syndrome and related disorders,2022,Marjani M.; Dolab N.; Kamkar MZ; Amiriani T.; Yuzugulen J.; Marjani A.,20,2,79-87,https://doi.org/10.1089--met.2021.0078
10.1093/ijnp/pyae059.288,,,,,,,,
10.1093/ijnp/pyw082,Ghrelin Serum Concentrations Are Associated with Treatment Response During Lithium Augmentation of Antidepressants.,The international journal of neuropsychopharmacology,2017,Ricken R.; Bopp S.; Schlattmann P.; Himmerich H.; Bschor T.; Richter C.; Elstner S.; Stamm TJ; Schulz-Ratei B.; Lingesleben A.; Reischies FM; Sterzer P.; Borgwardt S.; Bauer M.; Heinz A.; Hellweg R.; Lang UE; Adli M.,20,9,692-697,https://doi.org/10.1093--ijnp--pyw082
10.1093/occmed/48.8.505,The social and economic effects of manic depressive illness and of its treatment in lithium clinics.,"Occupational medicine (Oxford, England)",1998,Armond AD,48,8,505-9,https://doi.org/10.1093--occmed--48.8.505
10.1097/00004583-198805000-00018,Lithium antidepressant augmentation in TCA-refractory depression in adolescents.,Journal of the American Academy of Child and Adolescent Psychiatry,1988,Ryan ND; Meyer V.; Dachille S.; Mazzie D.; Puig-Antich J.,27,3,371-6,https://doi.org/10.1097--00004583-198805000-00018
10.1097/00004583-199307000-00028,Prader-Willi and bipolar illness.,Journal of the American Academy of Child and Adolescent Psychiatry,1993,Jerome L.,32,4,876-7,https://doi.org/10.1097--00004583-199307000-00028
10.1097/00004583-199512000-00008,Untoward effects of lithium treatment in children aged four through six years.,Journal of the American Academy of Child and Adolescent Psychiatry,1995,Hagino OR; Weller EB; Weller RA; Washing D.; Fristad MA; Kontras SB,34,12,1584-90,https://doi.org/10.1097--00004583-199512000-00008
10.1097/00004714-199202001-00008,Spectrum of efficacy of valproate in 78 rapid-cycling bipolar patients.,Journal of clinical psychopharmacology,1992,Calabrese JR; Markovitz PJ; Kimmel SE; Wagner SC,12,1 Suppl,53S-56S,https://doi.org/10.1097--00004714-199202001-00008
10.1097/00004714-199206000-00015,Abnormal liver function tests associated with lithium treatment.,Journal of clinical psychopharmacology,1992,Kosson H.; Chou JC,12,3,217-8,https://doi.org/10.1097--00004714-199206000-00015
10.1097/00004714-199410000-00014,Risperidone and obsessive-compulsive symptoms.,Journal of clinical psychopharmacology,1994,Remington G.; Adams M.,14,5,358-9,https://doi.org/10.1097--00004714-199410000-00014
10.1097/00004850-200307000-00005,Risperidone in acute and continuation treatment of mania.,International clinical psychopharmacology,2003,Yatham LN; Binder C.; Riccardelli R.; Leblanc J.; Connolly M.; Kusumakar V.,18,4,227-35,https://doi.org/10.1097--00004850-200307000-00005
10.1097/00005053-197106000-00001,Total body potassium changes during lithium administration.,The Journal of nervous and mental disease,1971,Murphy DL; Bunney WE Jr,152,6,381-9,https://doi.org/10.1097--00005053-197106000-00001
10.1097/00005053-197807000-00007,Spironolactone prophylaxis in manic-depressive disease.,The Journal of nervous and mental disease,1978,Hendler NH,166,7,517-20,https://doi.org/10.1097--00005053-197807000-00007
10.1097/00005053-197903000-00009,Lithium toxicity with hypothyroidism as a possible determinant.,The Journal of nervous and mental disease,1979,Preodor D.; Wolpert EA; Gimble A.; Holinger PC,167,3,186-8,https://doi.org/10.1097--00005053-197903000-00009
10.1097/00007611-198506000-00014,Disguises of delirium.,Southern medical journal,1985,Daniel DG; Rabin PL,78,6,666-72,https://doi.org/10.1097--00007611-198506000-00014
10.1097/00019442-199402040-00010,A Retrospective Chart Review of Lithium Side Effects in a Geriatric Outpatient Population.,The American journal of geriatric psychiatry : official journal of the American Association for Geriatric Psychiatry,1994,Holroyd S.; Rabins PV,2,4,346-351,https://doi.org/10.1097--00019442-199402040-00010
10.1097/01.chi.0000194569.70912.a7,Open-label lithium for the treatment of adolescents with bipolar depression.,Journal of the American Academy of Child and Adolescent Psychiatry,2006,Patel NC; Delbello MP; Bryan HS; Adler CM; Kowatch RA; Stanford K.; Strakowski SM,45,3,289-297,https://doi.org/10.1097--01.chi.0000194569.70912.a7
10.1097/jcp.0000000000002090,Lithium Toxicity and Altered Clearance Following Initiation of Semaglutide in Patients With Bipolar Disorder: A Case Series and Literature Review.,Journal of clinical psychopharmacology,2025,Al-Soleiti M.; Leung JG; Mubaydeen T.; Markota M.; Abulseoud O.; Singh B.; Sola CL,45,6,613-618,https://doi.org/10.1097--jcp.0000000000002090
10.1097/md.0000000000021122,Lithium toxicity with prolonged neurologic sequelae following sleeve gastrectomy: A case report and review of literature.,Medicine,2020,Lin YH; Liu SW; Wu HL; Kang JC; Huang KY; Huang H.,99,28,e21122,https://doi.org/10.1097--md.0000000000021122
10.1111/acps.13733,"Is a vegetarian diet beneficial for bipolar disorder? Relationship between dietary patterns, exercise and pharmacological treatments with metabolic syndrome and course of disease in bipolar disorder.",Acta psychiatrica Scandinavica,2024,Gomes-da-Costa S.; Fernandéz-Pérez I.; Borras R.; Lopez N.; Rivas Y.; Ruiz V.; Pons-Cabrera MT; Giménez-Palomo A.; Anmella G.; Valentí M.; Berk M.; Vieta E.; Pacchiarotti I.,150,4,209-222,https://doi.org/10.1111--acps.13733
10.1111/apa.16444,Lithium use during breastfeeding was safe in healthy full-term infants under strict monitoring.,"Acta paediatrica (Oslo, Norway : 1992)",2022,Heinonen E.; Tötterman K.; Bäck K.; Sarman I.; Svedenkrans J.; Forsberg L.,111,10,1891-1898,https://doi.org/10.1111--apa.16444
10.1111/bdi.12008,A descriptive study of older bipolar disorder residents living in New York City's adult congregate facilities.,Bipolar disorders,2012,Sheeran T.; Greenberg RL; Davan LA; Dealy JA; Young RC; Bruce ML,14,7,756-63,https://doi.org/10.1111--bdi.12008
10.1111/bdi.12235,,,,,,,,
10.1111/bdi.12328,Differences in body mass index according to fat mass- and obesity-associated (FTO) genotype in Mexican patients with bipolar disorder.,Bipolar disorders,2015,Díaz-Anzaldúa A.; Ocampo-Mendoza Y.; Hernández-Lagunas JO; Díaz-Madrid FA; Romo-Nava F.; Juárez-García F.; Ortega-Ortiz H.; Díaz-Anzaldúa A.; Gutiérrez-Mora D.; Becerra-Palars C.; Berlanga-Cisneros C.,17,6,662-9,https://doi.org/10.1111--bdi.12328
10.1111/bdi.12972,Markedly increased prevalence of migraine headaches in adolescents with bipolar disorder.,Bipolar disorders,2021,Mehrhof SZ; Fiksenbaum LM; Bettridge AM; Goldstein BI,23,3,255-262,https://doi.org/10.1111--bdi.12972
10.1111/bdi.13172,Diagnosis of bipolar disorders and body mass index predict clustering based on similarities in cortical thickness-ENIGMA study in 2436 individuals.,Bipolar disorders,2022,McWhinney SR; Abé C.; Alda M.; Benedetti F.; Bøen E.; Del Mar Bonnin C.; Borgers T.; Brosch K.; Canales-Rodríguez EJ; Cannon DM; Dannlowski U.; Diaz-Zuluaga AM; Dietze L.; Elvsåshagen T.; Eyler LT; Fullerton JM; Goikolea JM; Goltermann J.; Grotegerd D.; Haarman BCM; Hahn T.; Howells FM; Ingvar M.; Kircher TTJ; Krug A.; Kuplicki RT; Landén M.; Lemke H.; Liberg B.; Lopez-Jaramillo C.; Malt UF; Martyn FM; Mazza E.; McDonald C.; McPhilemy G.; Meier S.; Meinert S.; Meller T.; Melloni EMT; Mitchell PB; Nabulsi L.; Nenadic I.; Opel N.; Ophoff RA; Overs BJ; Pfarr JK; Pineda-Zapata JA; Pomarol-Clotet E.; Raduà J.; Repple J.; Richter M.; Ringwald KG; Roberts G.; Ross A.; Salvador R.; Savitz J.; Schmitt S.; Schofield PR; Sim K.; Stein DJ; Stein F.; Temmingh HS; Thiel K.; Thomopoulos SI; van Haren NEM; Van Gestel H.; Vargas C.; Vieta E.; Vreeker A.; Waltemate L.; Yatham LN; Ching CRK; Andreassen OA; Thompson PM; Hajek T.,24,5,509-520,https://doi.org/10.1111--bdi.13172
10.1111/bdi.13187,Faecal microbiota transplantation for bipolar disorder: A detailed case study.,Bipolar disorders,2022,Parker G.; Spoelma MJ; Rhodes N.,24,5,559-563,https://doi.org/10.1111--bdi.13187
10.1111/ctr.70563,Kidney Transplantation for Lithium Nephrotoxicity is Associated With Noninferior Graft and Patient Survival: A National Donor-Stratified Registry Analysis.,Clinical transplantation,2026,Cohen H.; Toro D.; Zuluaga D.; Faddoul G.; Ray SD; McAfee G.; Ortiz AC; Gillenwalters L.; Islam N.; Dean ME; Nazir S.; Koizumi N.; Ortiz J.; Khan S.,40,5,e70563,https://doi.org/10.1111--ctr.70563
10.1111/head.12872,Long Lasting Impairment of Taste and Smell as Side Effect of Lithium Carbonate in a Cluster Headache Patient.,Headache,2016,de Coo IF; Haan J.,56,7,1201-3,https://doi.org/10.1111--head.12872
10.1111/j.1365-2125.1977.tb00694.x,Age as a factor affecting lithium therapy.,British journal of clinical pharmacology,1977,Hewick DS; Newbury P.; Hopwood S.; Naylor G.; Moody J.,4,2,201-5,https://doi.org/10.1111--j.1365-2125.1977.tb00694.x
10.1111/j.1365-2265.1987.tb00839.x,Lithium inhibits the action of fludrocortisone on the kidney.,Clinical endocrinology,1987,Stewart PM; Grieve J.; Nairn IM; Padfield PL; Edwards CR,27,1,63-8,https://doi.org/10.1111--j.1365-2265.1987.tb00839.x
10.1111/j.1399-5618.2005.00201.x,Reproductive function and risk for PCOS in women treated for bipolar disorder.,Bipolar disorders,2005,Rasgon NL; Altshuler LL; Fairbanks L.; Elman S.; Bitran J.; Labarca R.; Saad M.; Kupka R.; Nolen WA; Frye MA; Suppes T.; McElroy SL; Keck PE Jr; Leverich G.; Grunze H.; Walden J.; Post R.; Mintz J.,7,3,246-59,https://doi.org/10.1111--j.1399-5618.2005.00201.x
10.1111/j.1399-5618.2008.00587.x,Rapid cycling bipolar disorders in primary and tertiary care treated patients.,Bipolar disorders,2008,Hajek T.; Hahn M.; Slaney C.; Garnham J.; Green J.; Růzicková M.; Zvolský P.; Alda M.,10,4,495-502,https://doi.org/10.1111--j.1399-5618.2008.00587.x
10.1111/j.1399-5618.2008.00599.x,Metabolic syndrome in bipolar disorder: a cross-sectional assessment of a Health Management Organization database.,Bipolar disorders,2008,Sicras A.; Rejas J.; Navarro R.; Serrat J.; Blanca M.,10,5,607-16,https://doi.org/10.1111--j.1399-5618.2008.00599.x
10.1111/j.1399-5618.2009.00730.x,Can body mass index help predict outcome in patients with bipolar disorder?,Bipolar disorders,2009,Calkin C.; van de Velde C.; Růzicková M.; Slaney C.; Garnham J.; Hajek T.; O'Donovan C.; Alda M.,11,6,650-6,https://doi.org/10.1111--j.1399-5618.2009.00730.x
10.1111/j.1399-5618.2010.00823.x,Medical comorbidity in bipolar disorder: relationship between illnesses of the endocrine/metabolic system and treatment outcome.,Bipolar disorders,2010,Kemp DE; Gao K.; Chan PK; Ganocy SJ; Findling RL; Calabrese JR,12,4,404-13,https://doi.org/10.1111--j.1399-5618.2010.00823.x
10.1111/j.1532-5415.1978.tb01964.x,Primary empty sella syndrome and bipolar affective illness: case report.,Journal of the American Geriatrics Society,1978,Mehta D.; Mehta S.; Mathew P.,26,5,225-7,https://doi.org/10.1111--j.1532-5415.1978.tb01964.x
10.1111/j.1600-0447.1970.tb02116.x,Weight changes in lithium responders.,Acta psychiatrica Scandinavica,1970,Kerry RJ; Liebling LI; Owen G.,46,3,238-43,https://doi.org/10.1111--j.1600-0447.1970.tb02116.x
10.1111/j.1600-0447.1972.tb04373.x,"Lithium, weight gain, and serum insulin in manic-depressive patients.",Acta psychiatrica Scandinavica,1972,Mellerup ET; Thomsen HG; Bjorum N.; Rafaelsen OJ,48,4,332-6,https://doi.org/10.1111--j.1600-0447.1972.tb04373.x
10.1111/j.1600-0447.1976.tb00067.x,Lithium treatment and weight gain.,Acta psychiatrica Scandinavica,1976,Vendsborg PB; Bech P.; Rafaelsen OJ,53,2,139-47,https://doi.org/10.1111--j.1600-0447.1976.tb00067.x
10.1111/j.1600-0447.1976.tb00083.x,Fat cell number and weight gain in lithium treated patients.,Acta psychiatrica Scandinavica,1976,Vendsborg PB; Bach-Mortensen N.; Rafaelsen OJ,53,5,355-9,https://doi.org/10.1111--j.1600-0447.1976.tb00083.x
10.1111/j.1600-0447.1977.tb00144.x,Lithium in adult anorexia nervosa. A pilot report on two patients.,Acta psychiatrica Scandinavica,1977,Barcai,55,2,97-101,https://doi.org/10.1111--j.1600-0447.1977.tb00144.x
10.1111/j.1600-0447.1979.tb03586.x,Lithium effects: relation to lithium dose and to plasma peak levels.,Acta psychiatrica Scandinavica,1979,Mellerup ET; Dam H.; Wildschödtz G.; Rafaelsen OJ,60,2,177-84,https://doi.org/10.1111--j.1600-0447.1979.tb03586.x
10.1111/j.1600-0447.1980.tb00607.x,Clinically significant side effects of lithium treatment. A survey of 237 patients in long-term treatment.,Acta psychiatrica Scandinavica,1980,Vestergaard P.; Amdisen A.; Schou M.,62,3,193-200,https://doi.org/10.1111--j.1600-0447.1980.tb00607.x
10.1111/j.1600-0447.1981.tb00682.x,Lithium treatment and kidney function. A follow-up study of 237 patients in long-term treatment.,Acta psychiatrica Scandinavica,1981,Vestergaard P.; Amdisen A.,63,4,333-45,https://doi.org/10.1111--j.1600-0447.1981.tb00682.x
10.1111/j.1600-0447.1984.tb01203.x,Glomerular filtration rate during lithium therapy. A longitudinal study.,Acta psychiatrica Scandinavica,1984,Jensen SB; Rickers H.,70,3,235-8,https://doi.org/10.1111--j.1600-0447.1984.tb01203.x
10.1111/j.1600-0447.1988.tb06363.x,"Prospective studies on a lithium cohort. 3. Tremor, weight gain, diarrhea, psychological complaints.",Acta psychiatrica Scandinavica,1988,Vestergaard P.; Poulstrup I.; Schou M.,78,4,434-41,https://doi.org/10.1111--j.1600-0447.1988.tb06363.x
10.1111/j.1600-0447.1988.tb06375.x,"Lithium, polyuria and abnormal diurnal weight gain in psychosis.",Acta psychiatrica Scandinavica,1988,Vieweg WV; Godleski LS; Hundley PL; Yank GR,78,4,510-4,https://doi.org/10.1111--j.1600-0447.1988.tb06375.x
10.1111/j.1600-0447.1989.tb01331.x,Factors associated with discontinuation of long-term lithium treatment.,Acta psychiatrica Scandinavica,1989,Nilsson A.; Axelsson R.,80,3,221-30,https://doi.org/10.1111--j.1600-0447.1989.tb01331.x
10.1111/j.1600-0447.1989.tb03022.x,Lithium-induced changes in the body mass index.,Acta psychiatrica Scandinavica,1989,Mathew B.; Rao JM; Sundari U.,80,6,538-40,https://doi.org/10.1111--j.1600-0447.1989.tb03022.x
10.1111/j.1601-5215.2012.00639.x,Sinus node dysfunction due to psychotropic agents' combination.,Acta neuropsychiatrica,2012,Simkó J.; Nagy G.; Dózsa A.; Lörincz I.,24,4,247-50,https://doi.org/10.1111--j.1601-5215.2012.00639.x
10.1136/bcr-2013-009373,Sleep-related psychosis.,BMJ case reports,2013,Frase L.; Sixt B.; Nissen C.,2013,,,https://doi.org/10.1136--bcr-2013-009373
10.1136/bcr-2021-246499,Lithium neurotoxicity with electroencephalogram changes.,BMJ case reports,2021,Tan HJ; Lim KY; Rajah R.; Ng CF,14,11,,https://doi.org/10.1136--bcr-2021-246499
10.1136/bcr.05.2011.4267,Strange taste and mild lithium intoxication.,BMJ case reports,2011,Terao T.; Watanabe S.; Hoaki N.; Hoaki T.,2011,,,https://doi.org/10.1136--bcr.05.2011.4267
10.1136/bmj.1.6116.815,"Severe lithium toxicity with ""normal"" serum concentrations.",British medical journal,1978,Speirs J.; Hirsch SR,1,6116,815-6,https://doi.org/10.1136--bmj.1.6116.815
10.1136/bmj.280.6215.684-a,Mazindol-induced lithium toxicity.,British medical journal,1980,Hendy MS; Dove AF; Arblaster PG,280,6215,684-5,https://doi.org/10.1136--bmj.280.6215.684-a
10.1136/bmj.3.5932.650,Blood levels and management of lithium treatment.,British medical journal,1974,Crammer JL; Rosser RM; Crane G.,3,5932,650-4,https://doi.org/10.1136--bmj.3.5932.650
10.1139/jpn.0213,,,,,,,,
10.1152/ajprenal.00147.2017,Lithium-induced NDI: acetazolamide reduces polyuria but does not improve urine concentrating ability.,American journal of physiology. Renal physiology,2017,de Groot T.; Doornebal J.; Christensen BM; Cockx S.; Sinke AP; Baumgarten R.; Bedford JJ; Walker RJ; Wetzels JFM; Deen PMT,313,3,F669-F676,https://doi.org/10.1152--ajprenal.00147.2017
10.1155/bmri/8884457,"Response and Adverse Effects to Lithium Treatment in Patients With Bipolar Disorder at Amanuel Mental Specialized Hospital, Addis Ababa, Ethiopia.",BioMed research international,2026,Hailu AE; Teferra S.; Engidawork E.,2026,1,e8884457,https://doi.org/10.1155--bmri--8884457
10.1158/1055-9965.epi-19-0776,Psychotropic Medication Use and Postmenopausal Breast Cancer Risk.,"Cancer epidemiology, biomarkers & prevention : a publication of the American Association for Cancer Research, cosponsored by the American Society of Preventive Oncology",2020,George A.; Sturgeon SR; Hankinson SE; Shadyab AH; Wallace RB; Reeves KW,29,1,254-256,https://doi.org/10.1158--1055-9965.epi-19-0776
10.1159/000045219,Glomerular and tubular function in renal transplant patients treated with and without ciclosporin A.,Nephron,1998,Hansen JM; Fogh-Andersen N.; Leyssac PP; Strandgaard S.,80,4,450-7,https://doi.org/10.1159--000045219
10.1159/000065414,Weight gain and serum leptin levels in patients on lithium treatment.,Neuropsychobiology,2002,Atmaca M.; Kuloglu M.; Tezcan E.; Ustundag B.,46,2,67-9,https://doi.org/10.1159--000065414
10.1159/000092219,Atypical antipsychotic usage-related higher serum leptin levels and disabled lipid profiles in euthymic bipolar patients.,Neuropsychobiology,2006,Gergerlioglu HS; Savas HA; Celik A.; Savas E.; Yumru M.; Tarakcioglu M.; Gergerlioglu N.; Atmaca M.,53,2,108-12,https://doi.org/10.1159--000092219
10.1159/000117838,Glomerular filtration rate and calcium metabolism in long-term lithium treatment.,Neuropsychobiology,1981,Thysell H.; Brante G.; Sjöstedt L.; Lindergård B.; Lindholm T.; Franzén G.; Rorsman B.,7,2,105-11,https://doi.org/10.1159--000117838
10.1159/000117881,"Lithium, bone and body weight studies in long-term lithium-treated patients and in the rat.",Neuropsychobiology,1982,Birch NJ; Horsman A.; Hullin RP,8,2,86-92,https://doi.org/10.1159--000117881
10.1159/000118217,Therapeutic experience with lithium in childhood aggressivity.,Neuropsychobiology,1985,Vetró A.; Szentistványi I.; Pallag L.; Vargha M.; Szilárd J.,14,3,121-7,https://doi.org/10.1159--000118217
10.1159/000118351,Does long-term lithium treatment induce diabetes mellitus?,Neuropsychobiology,1987,Vestergaard P.; Schou M.,17,3,130-2,https://doi.org/10.1159--000118351
10.1159/000288058,Alexithymia and somatic conditions in patients with affective illnesses during lithium prophylaxis.,Psychotherapy and psychosomatics,1988,Rybakowski JK; Dyson WL; Amsterdam JD,49,1,1-5,https://doi.org/10.1159--000288058
10.1159/000457430,An immunodeficient child with inflammatory bowel disease: involvement of cyclic nucleotides and effects of lithium.,Developmental pharmacology and therapeutics,1981,Borkowsky W.; Shenkman L.; Suleski P.; Sansaricq C.; Siegal F.; Hirschhorn R.; Smithwick E.; Shopsin B.; Snyderman S.,3,2,116-28,https://doi.org/10.1159--000457430
10.1159/000468091,,,,,,,,
10.1159/000468400,Imparied glucose tolerance in long-term lithium-treated patients.,International pharmacopsychiatry,1979,Müller-Oerlinghausen B.; Passoth PM; Poser W.; Pudel V.,14,6,350-62,https://doi.org/10.1159--000468400
10.1161/01.cir.84.5.2011,Correlates of sodium-lithium countertransport. Findings from the Gubbio Epidemiological Study. The Gubbio Collaborative Study Group.,Circulation,1991,Trevisan M.; Laurenzi M.,84,5,2011-9,https://doi.org/10.1161--01.cir.84.5.2011
10.1176/ajp.124.12.1702,Lithium in manic-depressive illness.,The American journal of psychiatry,1968,Kerry RJ; Owen G.,124,12,1702-5,https://doi.org/10.1176--ajp.124.12.1702
10.1176/ajp.133.9.1082,Treatement of excessive weight gain in patients taking lithium.,The American journal of psychiatry,1976,Dempsey M.; Dunner DL; Fieve RR; Farkas T.; Wong J.,133,9,1082-4,https://doi.org/10.1176--ajp.133.9.1082
10.1176/ajp.135.8.969,Tardive dyskinesia in an adolescent.,The American journal of psychiatry,1978,McLean P.; Casey DE,135,8,969-71,https://doi.org/10.1176--ajp.135.8.969
10.1176/ajp.138.1.81,"Synergism of combined lithium-neuroleptic therapy: a double-blind, placebo-controlled case study.",The American journal of psychiatry,1981,Bigelow LB; Weinberger DR; Wyatt RJ,138,1,81-3,https://doi.org/10.1176--ajp.138.1.81
10.1176/ajp.139.12.1593,Effect of strenuous exercise on serum lithium level in man.,The American journal of psychiatry,1982,Jefferson JW; Greist JH; Clagnaz PJ; Eischens RR; Marten WC; Evenson MA,139,12,1593-5,https://doi.org/10.1176--ajp.139.12.1593
10.1176/ajp.143.12.1563,Treatment of severe lithium-induced polyuria with amiloride.,The American journal of psychiatry,1986,Kosten TR; Forrest JN,143,12,1563-8,https://doi.org/10.1176--ajp.143.12.1563
10.1176/ajp.145.7.895a,Use of potassium to treat lithium's side effects.,The American journal of psychiatry,1988,Cummings MA; Cummings KL; Haviland MG,145,7,895,https://doi.org/10.1176--ajp.145.7.895a
10.1176/appi.ajp.160.1.112,Obesity as a correlate of outcome in patients with bipolar I disorder.,The American journal of psychiatry,2003,Fagiolini A.; Kupfer DJ; Houck PR; Novick DM; Frank E.,160,1,112-7,https://doi.org/10.1176--appi.ajp.160.1.112
10.1176/jnp.4.1.51,Organic mood disorder associated with the HAIR-AN syndrome.,The Journal of neuropsychiatry and clinical neurosciences,1992,Levin TR; Terrell TR; Stoudemire A.,4,1,51-4,https://doi.org/10.1176--jnp.4.1.51
10.1177/0004867420952551,The association between carotid atherosclerosis and treatment with lithium and antipsychotics in patients with bipolar disorder.,The Australian and New Zealand journal of psychiatry,2020,Tsai SY; Shen RS; Kuo CJ; Chen PH; Chung KH; Hsiao CY; Huang SH,54,11,1125-1134,https://doi.org/10.1177--0004867420952551
10.1177/00048674231195571,Preliminary results from the Australian Genetics of Bipolar Disorder Study: A nation-wide cohort.,The Australian and New Zealand journal of psychiatry,2023,Lind PA; Siskind DJ; Hickie IB; Colodro-Conde L.; Cross S.; Parker R.; Martin NG; Medland SE,57,11,1428-1442,https://doi.org/10.1177--00048674231195571
10.1177/0269881108089594,Is valproate promising in cardiac fatal arrhythmias? Comparison of P- and Q-wave dispersion in bipolar affective patients on valproate or lithium-valproate maintenance therapy with healthy controls.,"Journal of psychopharmacology (Oxford, England)",2009,Kurt E.; Emul M.; Ozbulut O.; Guler O.; Erdur F.; Sağlam H.; Gecici O.,23,3,328-33,https://doi.org/10.1177--0269881108089594
10.1177/026988119400800412,Tolerability of combined treatment with lithium and paroxetine: 19 cases treated under open conditions.,"Journal of psychopharmacology (Oxford, England)",1994,Hawley CJ; Roberts AG; Walker MH,8,4,266-7,https://doi.org/10.1177--026988119400800412
10.1177/070674371405900606,The McGill Geriatric Lithium-Induced Diabetes Insipidus Clinical Study (McGLIDICS).,Canadian journal of psychiatry. Revue canadienne de psychiatrie,2014,Rej S.; Segal M.; Low NC; Mucsi I.; Holcroft C.; Shulman K.; Looper K.,59,6,327-34,https://doi.org/10.1177--070674371405900606
10.1177/07067437251328282,A Survey Exploring People's Experiences With Lithium Bought as a Supplement: Une enquête sur l'expérience des personnes avec le lithium en supplément.,Canadian journal of psychiatry. Revue canadienne de psychiatrie,2025,Strawbridge R.; Myrtle S.; Carmellini P.; Hampsey E.; Cousins DA; Young AH,70,10,782-795,https://doi.org/10.1177--07067437251328282
10.1177/070674377301800115,Lithium toxicity occurring with a 'reducing' diet.,Canadian Psychiatric Association journal,1973,Furlong FW,18,1,75-6,https://doi.org/10.1177--070674377301800115
10.1177/070674379303800906,Hyperthyroidism after treatment with lithium.,Canadian journal of psychiatry. Revue canadienne de psychiatrie,1993,Persad E.; Forbath N.; Merskey H.,38,9,599-602,https://doi.org/10.1177--070674379303800906
10.1177/089198870001300104,Clinical experience with quetiapine in elderly patients with psychotic disorders.,Journal of geriatric psychiatry and neurology,2000,Madhusoodanan S.; Brenner R.; Alcantra A.,13,1,28-32,https://doi.org/10.1177--089198870001300104
10.1177/1049909111434633,Multisystem atrophy made worse by lithium treatment in a hospice patient: a case report.,The American journal of hospice & palliative care,2012,Babinsky E.; Levene RS,29,7,570-3,https://doi.org/10.1177--1049909111434633
10.1177/147323000203000112,Thyroid abnormalities in lithium-treated patients with bipolar affective disorder.,The Journal of international medical research,2002,Cayköylü A.; Capoğlu I.; Unüvar N.; Erdem F.; Cetinkaya R.,30,1,80-4,https://doi.org/10.1177--147323000203000112
10.1177/2050313x20953000,Lithium toxicity following bariatric surgery.,SAGE open medical case reports,2020,Jamison SC; Aheron K.,8,,2050313X20953000,https://doi.org/10.1177--2050313x20953000
10.1186/1471-244x-8-73,The co-administration of quetiapine or placebo to cognitive-behavior therapy in treatment refractory depression: a preliminary trial.,BMC psychiatry,2008,Chaput Y.; Magnan A.; Gendron A.,8,,73,https://doi.org/10.1186--1471-244x-8-73
10.1186/1744-859x-9-36,Lower paraoxonase 1 activity in Tunisian bipolar I patients.,Annals of general psychiatry,2010,Ezzaher A.; Mouhamed DH; Mechri A.; Araoud M.; Neffati F.; Douki W.; Gaha L.; Najjar MF,9,,36,https://doi.org/10.1186--1744-859x-9-36
10.1186/s12882-018-0947-9,Phosphate binders as a cause of hypothyroidism in dialysis patients: practical indications from a review of the literature.,BMC nephrology,2018,Cataldo E.; Columbano V.; Nielsen L.; Gendrot L.; Covella B.; Piccoli GB,19,1,155,https://doi.org/10.1186--s12882-018-0947-9
10.1186/s12882-022-02934-0,Lithium-induced nephropathy; One medication with multiple side effects: a case report.,BMC nephrology,2022,Zhang P.; Gandhi H.; Kassis N.,23,1,309,https://doi.org/10.1186--s12882-022-02934-0
10.1186/s12888-015-0490-1,Lithium as a rescue therapy for regression and catatonia features in two SHANK3 patients with autism spectrum disorder: case reports.,BMC psychiatry,2015,Serret S.; Thümmler S.; Dor E.; Vesperini S.; Santos A.; Askenazy F.,15,,107,https://doi.org/10.1186--s12888-015-0490-1
10.1186/s12888-018-1622-1,Reasons for lithium discontinuation in men and women with bipolar disorder: a retrospective cohort study.,BMC psychiatry,2018,Öhlund L.; Ott M.; Oja S.; Bergqvist M.; Lundqvist R.; Sandlund M.; Salander Renberg E.; Werneke U.,18,1,37,https://doi.org/10.1186--s12888-018-1622-1
10.1186/s12888-021-03572-w,Obesity and metabolic comorbidity in bipolar disorder: do patients on lithium comprise a subgroup? A naturalistic study.,BMC psychiatry,2021,Prillo J.; Soh JF; Park H.; Beaulieu S.; Linnaranta O.; Rej S.,21,1,558,https://doi.org/10.1186--s12888-021-03572-w
10.1186/s12888-024-05550-4,Chronic kidney disease incidences in Thai outpatients diagnosed with psychiatric illnesses receiving lithium maintenance therapy: a university hospital-based study.,BMC psychiatry,2024,Pitanupong J.; Jittpratoom C.; Anantapong K.,24,1,80,https://doi.org/10.1186--s12888-024-05550-4
10.1186/s12888-025-07111-9,Sex differences in lithium concentrations among bipolar patients with different episodes based on real-world therapeutic monitoring data.,BMC psychiatry,2025,Bai Y.; Yang H.; Chen J.; Wang L.; Wang Z.; Shen X.; Sun J.; Liu T.,25,1,655,https://doi.org/10.1186--s12888-025-07111-9
10.1186/s12991-024-00530-0,"Psychotropic drug-induced adverse drug reactions in 462,661 psychiatric inpatients in relation to age: results from a German drug surveillance program from 1993-2016.",Annals of general psychiatry,2024,Seifert J.; Reinhard MA; Bleich S.; Erfurth A.; Greil W.; Toto S.; Grohmann R.; Glocker C.,23,1,47,https://doi.org/10.1186--s12991-024-00530-0
10.1186/s13256-021-02879-2,Acute manic state with psychotic features in a teenager with autoimmune encephalitis: a case report.,Journal of medical case reports,2021,Wallengren S.; Johansson BA; Rask O.,15,1,295,https://doi.org/10.1186--s13256-021-02879-2
10.1186/s40345-017-0075-7,Long-term use of lurasidone in patients with bipolar disorder: safety and effectiveness over 2 years of treatment.,International journal of bipolar disorders,2017,Pikalov A.; Tsai J.; Mao Y.; Silva R.; Cucchiaro J.; Loebel A.,5,1,9,https://doi.org/10.1186--s40345-017-0075-7
10.1186/s40345-017-0096-2,Long-term lithium treatment in bipolar disorder: effects on glomerular filtration rate and other metabolic parameters.,International journal of bipolar disorders,2017,Tondo L.; Abramowicz M.; Alda M.; Bauer M.; Bocchetta A.; Bolzani L.; Calkin CV; Chillotti C.; Hidalgo-Mazzei D.; Manchia M.; Müller-Oerlinghausen B.; Murru A.; Perugi G.; Pinna M.; Quaranta G.; Reginaldi D.; Reif A.; Ritter P. Jr; Rybakowski JK; Saiger D.; Sani G.; Selle V.; Stamm T.; Vázquez GH; Veeh J.; Vieta E.; Baldessarini RJ,5,1,27,https://doi.org/10.1186--s40345-017-0096-2
10.1186/s40345-021-00230-8,Lurasidone in the long-term treatment of Japanese patients with bipolar I disorder: a 52 week open label study.,International journal of bipolar disorders,2021,Higuchi T.; Kato T.; Miyajima M.; Watabe K.; Masuda T.; Hagi K.; Ishigooka J.,9,1,25,https://doi.org/10.1186--s40345-021-00230-8
10.1186/s40345-022-00268-2,Differences between bipolar disorder types 1 and 2 support the DSM two-syndrome concept.,International journal of bipolar disorders,2022,Tondo L.; Miola A.; Pinna M.; Contu M.; Baldessarini RJ,10,1,21,https://doi.org/10.1186--s40345-022-00268-2
10.1186/s40345-023-00317-4,High lithium concentration at delivery is a potential risk factor for adverse outcomes in breastfed infants: a retrospective cohort study.,International journal of bipolar disorders,2023,Whaites Heinonen E.; Tötterman K.; Bäck K.; Sarman I.; Forsberg L.; Svedenkrans J.,11,1,36,https://doi.org/10.1186--s40345-023-00317-4
10.1186/s40345-026-00425-x,Baseline NMR lipoprotein profiles in lithium-naïve bipolar disorder patients who later showed weight gain during lithium therapy: a pilot study.,International journal of bipolar disorders,2026,Schönthaler E.; Fellendorf FT; Madl T.; Habisch H.; Bengesser S.; Dalkner N.; Fleischmann E.; Georgi J.; Häussl A.; Hasic D.; Ilic J.; Lässer A.; Lenger M.; Maget A.; Mittmannsgruber C.; Popkova D.; Queissner R.; Ramirez-Obermayer A.; Smolle S.; Stross T.; Tmava-Berisha A.; Reininghaus EZ,14,1,,https://doi.org/10.1186--s40345-026-00425-x
10.1186/s43055-025-01578-y,,,,,,,,
10.1192/bjo.2022.426,,,,,,,,
10.1192/bjp.128.1.61,Thyrotoxicosis and lithium.,The British journal of psychiatry : the journal of mental science,1976,Rosser R.,128,,61-6,https://doi.org/10.1192--bjp.128.1.61
10.1192/bjp.141.1.87,Plasma folate and affective morbidity during long-term lithium therapy.,The British journal of psychiatry : the journal of mental science,1982,Coppen A.; Abou-Saleh MT,141,,87-9,https://doi.org/10.1192--bjp.141.1.87
10.1192/bjp.142.4.391,Subjective side-effects of amitriptyline and lithium in affective disorders.,The British journal of psychiatry : the journal of mental science,1983,Abou-Saleh MT; Coppen A.,142,,391-7,https://doi.org/10.1192--bjp.142.4.391
10.1192/bjp.146.1.70,The impact of lithium in South-west Scotland. I. Demographic and clinical findings.,The British journal of psychiatry : the journal of mental science,1985,McCreadie RG; Morrison DP,146,,70-4,https://doi.org/10.1192--bjp.146.1.70
10.1192/bjp.150.2.175,A long-term retrospective follow-up study of patients treated with prophylactic lithium carbonate.,The British journal of psychiatry : the journal of mental science,1987,Page C.; Benaim S.; Lappin F.,150,,175-9,https://doi.org/10.1192--bjp.150.2.175
10.1192/bjp.159.3.341,Lithium in tricyclic-resistant depression. Correlation of increased brain 5-HT function with clinical outcome.,The British journal of psychiatry : the journal of mental science,1991,Cowen PJ; McCance SL; Ware CJ; Cohen PR; Chalmers JS; Julier DL,159,,341-6,https://doi.org/10.1192--bjp.159.3.341
10.1192/bjp.bp.114.152850,Insulin resistance and outcome in bipolar disorder.,The British journal of psychiatry : the journal of mental science,2015,Calkin CV; Ruzickova M.; Uher R.; Hajek T.; Slaney CM; Garnham JS; O'Donovan MC; Alda M.,206,1,52-7,https://doi.org/10.1192--bjp.bp.114.152850
10.1192/j.eurpsy.2025.1055,,,,,,,,
10.1192/j.eurpsy.2025.384,,,,,,,,
10.1212/wnl.0b013e31822dc7a5,Phase II screening trial of lithium carbonate in amyotrophic lateral sclerosis: examining a more efficient trial design.,Neurology,2011,Miller RG; Moore DH; Forshew DA; Katz JS; Barohn RJ; Valan M.; Bromberg MB; Goslin KL; Graves MC; McCluskey LF; McVey AL; Mozaffar T.; Florence JM; Pestronk A.; Ross M.; Simpson EP; Appel SH,77,10,973-9,https://doi.org/10.1212--wnl.0b013e31822dc7a5
10.1248/yakushi.15-00256,Stabilization of the Serum Lithium Concentration by Regulation of Sodium Chloride Intake: Case Report.,Yakugaku zasshi : Journal of the Pharmaceutical Society of Japan,2016,Tomita T.; Goto H.; Sumiya K.; Yoshida T.; Tanaka K.; Kohda Y.,136,3,517-21,https://doi.org/10.1248--yakushi.15-00256
10.1289/ehp.1002678,Lithium in drinking water and thyroid function.,Environmental health perspectives,2011,Broberg K.; Concha G.; Engström K.; Lindvall M.; Grandér M.; Vahter M.,119,6,827-30,https://doi.org/10.1289--ehp.1002678
10.1371/journal.pmed.1002058,"Adverse Renal, Endocrine, Hepatic, and Metabolic Events during Maintenance Mood Stabilizer Treatment for Bipolar Disorder: A Population-Based Cohort Study.",PLoS medicine,2016,Hayes JF; Marston L.; Walters K.; Geddes JR; King M.; Osborn DP,13,8,e1002058,https://doi.org/10.1371--journal.pmed.1002058
10.14712/18059694.2016.101,Mood stabilizer therapy and pravastatin: higher risk for adverse skin reactions?,Acta medica (Hradec Kralove),2009,Walder A.; Baumann P.,52,1,15-8,https://doi.org/10.14712--18059694.2016.101
10.1504/ijbt.2007.014252,,,,,,,,
10.15388/amed.2024.31.1.5,Lithium Induced Amenorrhea: A First Case Report.,Acta medica Lituanica,2024,Ke B.; Tayal V.; Egambarame V.; Roy V.,31,1,33-36,https://doi.org/10.15388--amed.2024.31.1.5
10.15406/jsrt.2018.04.00104,,,,,,,,
10.1586/14737167.4.1.9,Cost-effectiveness and HRQOL outcomes of divalproex sodium (Depakote) in bipolar disorder.,Expert review of pharmacoeconomics & outcomes research,2004,Revicki DA,4,1,9-14,https://doi.org/10.1586--14737167.4.1.9
10.1592/phco.27.1.27,Risk of diabetes mellitus associated with atypical antipsychotic use among Medicaid patients with bipolar disorder: a nested case-control study.,Pharmacotherapy,2007,Guo JJ; Keck PE Jr; Corey-Lisle PK; Li H.; Jiang D.; Jang R.; L'Italien GJ,27,1,27-35,https://doi.org/10.1592--phco.27.1.27
10.1592/phco.31.8.806,"Factors associated with the prescribing of olanzapine, quetiapine, and risperidone in patients with bipolar and related affective disorders.",Pharmacotherapy,2011,Prabhakar M.; Haynes WG; Coryell WH; Chrischilles EA; Miller del D.; Arndt S.; Ellingrod VL; Warren L.; Fiedorowicz JG,31,8,806-12,https://doi.org/10.1592--phco.31.8.806
10.1708/1600.17456,Lithium treatment in elderly patients affected by mood disorders.,Rivista di psichiatria,2014,Raja M.; Raja S.,49,4,180-2,https://doi.org/10.1708--1600.17456
10.18203/issn.2454-2156.intjscirep20212392,,,,,,,,
10.2147/dddt.s589767,Prediction of Lithium Therapeutic Target Attainment in Adolescents Using an XGBoost Model: A Single-Center Retrospective Study.,"Drug design, development and therapy",2026,Yan K.; Gao R.; Ju G.; Shao Q.; Wang N.,20,,589767,https://doi.org/10.2147--dddt.s589767
10.2147/ndt.s172654,Lithium treatment in bipolar adolescents: a follow-up naturalistic study.,Neuropsychiatric disease and treatment,2018,Masi G.; Milone A.; Scrinzi G.; Mucci M.; Viglione V.; Bruni G.; Berloffa S.; Pisano S.,14,,2749-2753,https://doi.org/10.2147--ndt.s172654
10.2147/ndt.s205780,Factors related to lithium blood concentrations in Chinese Han patients with bipolar disorder.,Neuropsychiatric disease and treatment,2019,Xu YY; Xia QH; Liang J.; Cao Y.; Shan F.; Liu Y.; Yan CY; Xia QR,15,,1929-1937,https://doi.org/10.2147--ndt.s205780
10.2147/ndt.s41557,Adjunctive agomelatine therapy in the treatment of acute bipolar II depression: a preliminary open label study.,Neuropsychiatric disease and treatment,2013,Fornaro M.; McCarthy MJ; De Berardis D.; De Pasquale C.; Tabaton M.; Martino M.; Colicchio S.; Cattaneo CI; D'Angelo E.; Fornaro P.,9,,243-51,https://doi.org/10.2147--ndt.s41557
10.2147/ndt.s86103,Effects of maintenance lithium treatment on serum parathyroid hormone and calcium levels: a retrospective longitudinal naturalistic study.,Neuropsychiatric disease and treatment,2015,Albert U.; De Cori D.; Aguglia A.; Barbaro F.; Lanfranco F.; Bogetto F.; Maina G.,11,,1785-91,https://doi.org/10.2147--ndt.s86103
10.2147/ppa.s56790,Patient choice as a driver of medication-switching in non-adherent individuals with bipolar disorder.,Patient preference and adherence,2014,Sajatovic M.; Tatsuoka C.; Dines P.; Bialko CS; Athey M.; Williams T.; Cassidy KA,8,,487-91,https://doi.org/10.2147--ppa.s56790
10.2165/0023210-200923010-00004,Effectiveness of lithium in children and adolescents with conduct disorder: a retrospective naturalistic study.,CNS drugs,2009,Masi G.; Milone A.; Manfredi A.; Pari C.; Paziente A.; Millepiedi S.,23,1,59-69,https://doi.org/10.2165--0023210-200923010-00004
10.2344/23-0031,Hypothyroidism Revealed During General Anesthesia in a Patient With Treatment-Resistant Depression: A Case Report.,Anesthesia progress,2025,Shibuya M.; Sakurai Y.; Kimura Y.; Hojo T.; Tada S.; Fujisawa T.; Kido K.,72,1,28-32,https://doi.org/10.2344--23-0031
10.26355/eurrev_202210_29920,Safety of inositol supplementation in patients taking lithium or valproic acid: a pilot clinical study.,European review for medical and pharmacological sciences,2022,Cantelmi T.; Lepore E.; Unfer VR; Unfer V.,26,19,7269-7276,https://doi.org/10.26355--eurrev_202210_29920
10.2739/kurumemedj.38.307,Evidence for a direct adverse reaction of neuroleptics in self-induced water intoxication of psychiatric patients.,The Kurume medical journal,1991,Nishikawa T.; Tsuda A.; Tanaka M.; Nishikawa M.; Koga I.; Uchida Y.,38,4,307-10,https://doi.org/10.2739--kurumemedj.38.307
10.29245/2578-2959/2022/3.1255,,,,,,,,
10.3109/00048679209072069,The first lithium clinic in Hong Kong: a Chinese profile.,The Australian and New Zealand journal of psychiatry,1992,Lee S.,26,3,450-3,https://doi.org/10.3109--00048679209072069
10.3109/02699058709034444,Naltrexone in organic bulimia: a preliminary report.,Brain injury,1987,Childs A.,1,1,49-55,https://doi.org/10.3109--02699058709034444
10.3126/nmcj.v28i1.92042,,,,,,,,
10.3233/jad-170744,Examining the Relationship between Trace Lithium in Drinking Water and the Rising Rates of Age-Adjusted Alzheimer's Disease Mortality in Texas.,Journal of Alzheimer's disease : JAD,2018,Fajardo VA; Fajardo VA; LeBlanc PJ; MacPherson REK,61,1,425-434,https://doi.org/10.3233--jad-170744
10.3233/jad-171150,Increased Prevalence of Obesity/Type 2 Diabetes and Lower Levels of Lithium in Rural Texas Counties May Explain Greater Alzheimer's Disease Risk.,Journal of Alzheimer's disease : JAD,2018,Baranowski BJ; Hayward GC; Fajardo VA; MacPherson REK,64,1,303-308,https://doi.org/10.3233--jad-171150
10.33450/fpn.2019.12.002,,,,,,,,
10.33620/fc.2173-9218.(2025).13,[Monitoring and nutritional advice for weight loss in patients under lithium treatment. A case report].,Farmaceuticos comunitarios,2025,Mateos-Lardiés AM,17,2,44-47,https://doi.org/10.33620--fc.2173-9218.(2025).13
10.3389/fpsyt.2022.875636,Case Report: A Case of Valproic Acid-Induced Hyperammonemic Encephalopathy Associated With the Initiation of Lithium: A Re-duplicable Finding.,Frontiers in psychiatry,2022,Levy A.; Very E.; Montastruc F.; Birmes P.; Jullien A.; Richaud L.,13,,875636,https://doi.org/10.3389--fpsyt.2022.875636
10.3389/fpsyt.2022.880031,Metabolic risk factors of cognitive impairment in young women with major psychiatric disorder.,Frontiers in psychiatry,2022,Zhuo C.; Liu W.; Jiang R.; Li R.; Yu H.; Chen G.; Shan J.; Zhu J.; Cai Z.; Lin C.; Cheng L.; Xu Y.; Liu S.; Luo Q.; Jin S.; Liu C.; Chen J.; Wang L.; Yang L.; Zhang Q.; Li Q.; Tian H.; Song X.,13,,880031,https://doi.org/10.3389--fpsyt.2022.880031
10.3389/fpsyt.2023.1151293,"Case report: Treatment-resistant depression, multiple trauma exposure and suicidality in an adolescent female with previously undiagnosed Autism Spectrum Disorder.",Frontiers in psychiatry,2023,Secci I.; Petigas L.; Cuenod A.; Klauser P.; Kapp C.; Novatti A.; Armando M.,14,,1151293,https://doi.org/10.3389--fpsyt.2023.1151293
10.3389/fpsyt.2025.1741734,Case Report: Scurvy-a modifiable cause of psychiatric refractoriness and lithium pharmacokinetic abnormalities in autism.,Frontiers in psychiatry,2025,Geiser M.; Guggisberg N.; Convertini J.; Crettol S.; Ansermot N.; Guinchat V.,16,,1741734,https://doi.org/10.3389--fpsyt.2025.1741734
10.3389/fpsyt.2026.1750187,Effect of psychopharmacological combinations on psychopathological symptom burden and BMI trajectories in patients with eating disorders.,Frontiers in psychiatry,2026,Panarello E.; Monaco F.; Di Stefano V.; Vignapiano A.; Zaffonte R.; Pullano I.; Corrivetti G.; Steardo L. Jr; Fornaro M.,17,,1750187,https://doi.org/10.3389--fpsyt.2026.1750187
10.3389/fsurg.2025.1744520,Lithium intoxication complicated by severe bradycardia after single-incision laparoscopic sleeve gastrectomy: a case report and literature review.,Frontiers in surgery,2025,Xie S.; Pang X.; Yu Z.; Zhang Z.; Zhang Y.; Ren Y.,12,,1744520,https://doi.org/10.3389--fsurg.2025.1744520
10.3390/biomedicines9111558,Predicting Serum Levels of Lithium-Treated Patients: A Supervised Machine Learning Approach.,Biomedicines,2021,Hsu CW; Tsai SY; Wang LJ; Liang CS; Carvalho AF; Solmi M.; Vieta E.; Lin PY; Hu CA; Kao HY,9,11,,https://doi.org/10.3390--biomedicines9111558
10.3390/jcm13020324,The Utility of Intravenous Methylprednisolone as an Adjunct Treatment for Drug-Resistant Amiodarone-Induced Thyrotoxicosis.,Journal of clinical medicine,2024,Lewandowski KC; Kawalec J.; Kusiński M.; Dąbrowska K.; Matusiak AE; Dudek I.; Lewiński A.,13,2,,https://doi.org/10.3390--jcm13020324
10.3390/jcm14030954,Efficacy and Safety of Adjunctive Aripiprazole LAI or Paliperidone LAI for the Management of Patients Suffering from Bipolar I Disorder with Comorbid Obsessive-Compulsive Disorder.,Journal of clinical medicine,2025,Martiadis V.; Pessina E.; Raffone F.; Martini A.; Di Vincenzo M.; Della Rocca B.; De Berardis D.; Cattaneo CI; Sampogna G.,14,3,,https://doi.org/10.3390--jcm14030954
10.3390/medicina57010009,Aripiprazole Augmentation to Mood Stabilizers for Obsessive-Compulsive Symptoms in Bipolar Disorder.,"Medicina (Kaunas, Lithuania)",2020,Di Salvo G.; Maina G.; Pessina E.; Teobaldi E.; Barbaro F.; Martini A.; Albert U.; Rosso G.,57,1,,https://doi.org/10.3390--medicina57010009
10.3390/medicina62040761,Demographic and Clinical Correlates of Body Mass Index in Older Age Bipolar Disorder: Results from the GAGE-BD Project.,"Medicina (Kaunas, Lithuania)",2026,Chan CK; Rothenberg KG; Briggs FBS; Mallu A.; Fiorelli NM; Almeida OP; Altınbaş K.; Balanzá-Martinez V.; Barbosa IG; Blumberg HP; Chen P.; Flicker L.; Gildengers A.; Haarman BCM; Klaus F.; Lafer B.; Nunes PV; Olagunju AT; Oluwaniyi SO; Orhan M.; Patrick RE; Pomarol-Clotet E.; Radua J.; Rej S.; Saores JC; Teixeira AL; Tsai S.; Vidal-Rubio SLL; Vieta E.; Weisenbach SL; Eyler LT; Dols A.; Sajatovic M.,62,4,,https://doi.org/10.3390--medicina62040761
10.3390/nu13010076,"The Relationship Between Food Craving, Appetite-Related Hormones and Clinical Parameters in Bipolar Disorder.",Nutrients,2020,Platzer M.; Fellendorf FT; Bengesser SA; Birner A.; Dalkner N.; Hamm C.; Lenger M.; Maget A.; Pilz R.; Queissner R.; Reininghaus B.; Reiter A.; Mangge H.; Zelzer S.; Kapfhammer HP; Reininghaus EZ,13,1,,https://doi.org/10.3390--nu13010076
10.4088/jcp.14m09358,Importance of early weight changes to predict long-term weight gain during psychotropic drug treatment.,The Journal of clinical psychiatry,2015,Vandenberghe F.; Gholam-Rezaee M.; Saigí-Morgui N.; Delacrétaz A.; Choong E.; Solida-Tozzi A.; Kolly S.; Thonney J.; Gallo SF; Hedjal A.; Ambresin AE; von Gunten A.; Conus P.; Eap CB,76,11,e1417-23,https://doi.org/10.4088--jcp.14m09358
10.4088/jcp.v62n0410,Long-term olanzapine therapy in the treatment of bipolar I disorder: an open-label continuation phase study.,The Journal of clinical psychiatry,2001,Sanger TM; Grundy SL; Gibson PJ; Namjoshi MA; Greaney MG; Tohen MF,62,4,273-81,https://doi.org/10.4088--jcp.v62n0410
10.4088/jcp.v63n0509,"A retrospective comparison of weight, lipid, and glucose changes between risperidone- and olanzapine-treated inpatients: metabolic outcomes after 1 year.",The Journal of clinical psychiatry,2002,Meyer JM,63,5,425-33,https://doi.org/10.4088--jcp.v63n0509
10.4088/jcp.v65n0518,Risperidone in combination with mood stabilizers: a 10-week continuation phase study in bipolar I disorder.,The Journal of clinical psychiatry,2004,Bowden CL; Myers JE; Grossman F.; Xie Y.,65,5,707-14,https://doi.org/10.4088--jcp.v65n0518
10.4088/pcc.09m00891ora,"Metabolic, digestive, and reproductive adverse events associated with antimanic treatment in children and adolescents: a retrospective cohort study.",Primary care companion to the Journal of clinical psychiatry,2010,Jerrell JM; McIntyre RS,12,4,,https://doi.org/10.4088--pcc.09m00891ora
10.4088/pcc.v02n0304,Topiramate in Bipolar and Schizoaffective Disorders: Weight Loss and Efficacy.,Primary care companion to the Journal of clinical psychiatry,2000,Gupta S.; Masand PS; Frank BL; Lockwood KL; Keller PL,2,3,96-100,https://doi.org/10.4088--pcc.v02n0304
10.4103/psychiatry.indianjpsychiatry_168_17,Lithium-induced polyuria and amiloride: Key issues and considerations.,Indian journal of psychiatry,2017,Pattanayak RD; Rajhans P.; Shakya P.; Gautam N.; Khandelwal SK,59,3,391-392,https://doi.org/10.4103--psychiatry.indianjpsychiatry_168_17
10.5281/zenodo.4500538,,,,,,,,
10.5455/bcp.20120412021518,,,,,,,,
10.5498/wjp.v15.i11.111807,Sleep quality in bipolar disorder: A comparative study of treatment with lithium and valproic acid.,World journal of psychiatry,2025,Gokcay H.; Takım U.; Sağlam T.,15,11,111807,https://doi.org/10.5498--wjp.v15.i11.111807
10.5546/aap.2018.e319,[Lithium while breastfeeding: Case report].,Archivos argentinos de pediatria,2018,Marín Gabriel MA; Malalana Martínez AM; Olza Fernández I.,116,2,e319-e321,https://doi.org/10.5546--aap.2018.e319
10.5694/mja13.10435,Renal replacement therapy associated with lithium nephrotoxicity in Australia.,The Medical journal of Australia,2014,Roxanas M.; Grace BS; George CR,200,4,226-8,https://doi.org/10.5694--mja13.10435
10.64719/pb.4576,A Case of Hyper Sexuality Probably Associated with Clozapine.,Psychopharmacology bulletin,2018,Thomson SR; Patil N.; Ommurugan B.; Bhandary RK,48,4,20-24,https://doi.org/10.64719--pb.4576
10.7326/0003-4819-88-4-576_2,Lithium and diabetes insipidus.,Annals of internal medicine,1978,Price TR; Beisswenger PJ,88,4,576-7,https://doi.org/10.7326--0003-4819-88-4-576_2
10.7717/peerj.17841,Predicting maintenance lithium response for bipolar disorder from electronic health records-a retrospective study.,PeerJ,2024,Hayes JF; Ben Abdesslem F.; Eloranta S.; Osborn DPJ; Boman M.,12,,e17841,https://doi.org/10.7717--peerj.17841
10.7759/cureus.50225,"A Case Report: Lithium-Induced Neurotoxicity, a Differential to Always Consider.",Cureus,2023,Kronk NN; Kronk BK; Robbie AT,15,12,e50225,https://doi.org/10.7759--cureus.50225
10.7759/cureus.72049,Uncommon Drug-Induced Hidradenitis Suppurativa: A Case Report of A Patient on Lithium Therapy.,Cureus,2024,Wut T.; Vynnytska A.; Ali A.; Tiesenga F.,16,10,e72049,https://doi.org/10.7759--cureus.72049
10.7759/cureus.88526,Endocrine and Metabolic Challenges of Long-Term Lithium Therapy: Diagnostic and Management Considerations.,Cureus,2025,Kopanos S.; Feldkamp J.,17,7,e88526,https://doi.org/10.7759--cureus.88526
10.7860/jcdr/2017/24009.9873,A Prospective Study of Adverse Drug Reactions in Patients with Bipolar Disorder in Psychiatry Outpatient Department of a Tertiary Care Hospital.,Journal of clinical and diagnostic research : JCDR,2017,Shah A.; Yadav PP; Chaudhari M.; Vataliya A.; Kantharia ND; Mehta R.,11,5,FC24-FC28,https://doi.org/10.7860--jcdr--2017--24009.9873
10.9740/mhc.2026.02.034,Lithium toxicity following a change from semaglutide to tirzepatide for weight loss management.,The mental health clinician,2026,Burson JR; Leung JG,16,1,34-38,https://doi.org/10.9740--mhc.2026.02.034
10.9758/cpn.2016.14.3.318,Lithium Toxicity Following Vertical Sleeve Gastrectomy: A Case Report.,Clinical psychopharmacology and neuroscience : the official scientific journal of the Korean College of Neuropsychopharmacology,2016,Alam A.; Raouf S.; Recio FO,14,3,318-20,https://doi.org/10.9758--cpn.2016.14.3.318
10.9758/cpn.2020.18.4.599,Factors Associated with Doses of Mood Stabilizers in Real-world Outpatients with Bipolar Disorder.,Clinical psychopharmacology and neuroscience : the official scientific journal of the Korean College of Neuropsychopharmacology,2020,Yasui-Furukori N.; Adachi N.; Kubota Y.; Azekawa T.; Goto E.; Edagawa K.; Katsumoto E.; Hongo S.; Ueda H.; Miki K.; Kato M.; Yoshimura R.; Nakagawa A.; Kikuchi T.; Tsuboi T.; Watanabe K.; Shimoda K.,18,4,599-606,https://doi.org/10.9758--cpn.2020.18.4.599
