doi,source_folder,is_relevant,studies_treatment,trial_type,is_excluded,exclusion_reason,topics,paper_title,paper_journal,paper_year,paper_authors,paper_volume,paper_issue,paper_pages,paper_url
10.1001/archotol.1992.01880090049015,pdfs,yes,yes,rct,no,,intranasal interferon | rhinovirus | antiviral therapy | experimental infection | middle-ear dysfunction,Otologic Effects of Interferon Beta Serine in Experimental Rhinovirus Colds,Archives of Otolaryngology - Head and Neck Surgery,1992,Sperber SJ; Doyle WJ; McBride TP; Sorrentino JV; Riker DK; Hayden FG,118,9,933-936,https://doi.org/10.1001/archotol.1992.01880090049015
10.1002/adma.202008304,pdfs,yes,yes,other,no,,nasal spray formulation | SARS-CoV-2 prophylaxis | polysaccharide barrier agent | carrageenan | in vitro antiviral,Formulation of a Composite Nasal Spray Enabling Enhanced Surface Coverage and Prophylaxis of SARS‐COV‐2,Advanced Materials,2021,Richard J. A. Moakes; Scott P. Davies; Zania Stamataki; Liam M. Grover,33,26,2008304,https://doi.org/10.1002/adma.202008304
10.1001/jamainternmed.2025.4283,pdfs,yes,yes,rct,no,,azelastine|SARS-CoV-2 prophylaxis|nasal spray|antihistamine|COVID-19 prevention,Azelastine Nasal Spray for Prevention of SARS-CoV-2 Infections,JAMA Internal Medicine,2025,Thorsten Lehr; Peter Meiser; Dominik Selzer; Torben Rixecker; Frank Holzer; Ralph Mösges; Sigrun Smola; Robert Bals; Veronika Alberg; Florian Bub; Nicholas Biwank; Charlotte Dette; Lale Dastgir; Alina Kuntz; Christopher Hale; Johanna Sophie Kapp; Kathrin Litzenburger; Henning Morr; Johanna Wagner; Hacer Sahin; Nelli Schröder; Martina Seibert; Katrin Thieser; Quirin Werthner,185,11,1309,https://doi.org/10.1001/jamainternmed.2025.4283
10.1001/jamaoto.2020.5490,pdfs,yes,no,unclear,yes,protocol,povidone-iodine nasal spray | SARS-CoV-2 | viral load reduction | study protocol,"Povidone Iodine Mouthwash, Gargle, and Nasal Spray to Reduce Nasopharyngeal Viral Load in Patients With COVID-19",JAMA Otolaryngology–Head &amp; Neck Surgery,2021,Jeremy Guenezan; Magali Garcia; Deidre Strasters; Clément Jousselin; Nicolas Lévêque; Denis Frasca; Olivier Mimoz,147,4,400,https://doi.org/10.1001/jamaoto.2020.5490
10.1001/jamaoto.2020.3053,pdfs,yes,no,other,yes,,povidone-iodine | SARS-CoV-2 | in vitro | nasal antiseptic,In Vitro Efficacy of a Povidone-Iodine Nasal Antiseptic for Rapid Inactivation of SARS-CoV-2,JAMA Otolaryngology–Head &amp; Neck Surgery,2020,Samantha Frank; Seth M. Brown; Joseph A. Capriotti; Jonna B. Westover; Jesse S. Pelletier; Belachew Tessema,146,11,1054,https://doi.org/10.1001/jamaoto.2020.3053
10.1002/adma.202408294,pdfs,yes,yes,other,no,,dendritic polymers | SARS-CoV-2 inhibition | nasal spray formulation | virucidal mechanism | Syrian hamster model,Supramolecular Architectures of Dendritic Polymers Provide Irreversible Inhibitor to Block Viral Infection,Advanced Materials,2025,Ehsan Mohammadifar; Matteo Gasbarri; Mathias Dimde; Chuanxiong Nie; Heyun Wang; Tatyana L. Povolotsky; Yannic Kerkhoff; Daniel Desmecht; Sylvain Prevost; Thomas Zemb; Kai Ludwig; Francesco Stellacci; Rainer Haag,37,3,e2408294,https://doi.org/10.1002/adma.202408294
10.1002/adtp.202100059,pdfs,yes,yes,other,no,,inhaled antiviral | tamibarotene | dry powder formulation | SARS-CoV-2 | influenza | animal models,"Inhaled Dry Powder Formulation of Tamibarotene, a Broad‐Spectrum Antiviral against Respiratory Viruses Including SARS‐CoV‐2 and Influenza Virus",Advanced Therapeutics,2021,Qiuying Liao; Shuofeng Yuan; Jianli Cao; Kaiming Tang; Yingshan Qiu; Han Cong Seow; Rico Chi‐Hang Man; Zitong Shao; Yaoqiang Huang; Ronghui Liang; Jasper Fuk‐Woo Chan; Kwok‐Yung Yuen; Jenny Ka‐Wing Lam,4,7,2100059,https://doi.org/10.1002/adtp.202100059
10.1002/advs.202300656,pdfs,yes,yes,other,no,,intranasal aptamers | SARS-CoV-2 neutralization | antiviral prophylaxis and treatment | in vivo animal model,Repurposing CRISPR/Cas to Discover SARS‐CoV‐2 Detecting and Neutralizing Aptamers,Advanced Science,2023,Ju Zhang; Airu Zhu; Miao Mei; Jing Qu; Yalan Huang; Yongshi Shi; Meiying Xue; Jingfang Zhang; Renli Zhang; Bing Zhou; Xu Tan; Jincun Zhao; Yu Wang,10,22,e2300656,https://doi.org/10.1002/advs.202300656
10.1002/adma.202420563,pdfs,yes,yes,other,no,,RSV | intranasal nanoparticles | photoinduced antiviral | chiral vanadium trioxide | in vivo treatment,Photoinduced Cleavage of Respiratory Syncytial Virus by Chiral Vanadium Trioxide Nanoparticles,Advanced Materials,2025,Baimei Shi; Xinxin Xu; Maozhong Sun; Yingcai Xiong; Jianjian Ji; Aihua Qu; Hua Kuang,37,11,e2420563,https://doi.org/10.1002/adma.202420563
10.1002/alr.21038,pdfs,no,no,other,yes,,sinusitis | biofilm | animal model | antimicrobial agent,Efficacy of NVC‐422 against <i>Staphylococcus aureus</i> biofilms in a sheep biofilm model of sinusitis,International Forum of Allergy &amp; Rhinology,2012,Singhal D.; Jekle A.; Debabov D.; Wang L.; Khosrovi B.; Anderson M.; Foreman A.; Wormald PJ,2,4,309-315,https://doi.org/10.1002/alr.21038
10.1002/adma.202406348,pdfs,yes,yes,other,no,,multi-modal nasal spray | pathogen capture | prophylaxis | influenza | respiratory infection prevention,Toward a Radically Simple Multi‐Modal Nasal Spray for Preventing Respiratory Infections,Advanced Materials,2024,John Joseph; Helna Mary Baby; Joselyn Rojas Quintero; Devin Kenney; Yohannes A. Mebratu; Eshant Bhatia; Purna Shah; Kabir Swain; Dongtak Lee; Shahdeep Kaur; Xiang‐Ling Li; John Mwangi; Olivia Snapper; Remya Nair; Eli Agus; Sruthi Ranganathan; Julian Kage; Jingjing Gao; James N. Luo; Anthony Yu; Dongsung Park; Florian Douam; Yohannes Tesfaigzi; Jeffrey M. Karp; Nitin Joshi,36,46,e2406348,https://doi.org/10.1002/adma.202406348
10.1002/advs.202506764,pdfs,yes,yes,other,no,,interferon-lambda | intranasal antiviral | engineered biologics | respiratory virus prophylaxis | mucosal immunity,Computational Design and Glycoengineering of Interferon‐Lambda for Nasal Prophylaxis Against Respiratory Viruses,Advanced Science,2026,Jeongwon Yun; Seungju Yang; Jae Hyuk Kwon; Luiz Felipe Vecchietti; Ji Hyun Choi; Mi‐ra Choi; Keun Bon Ku; Hyun‐Joo Ro; Kyun‐Do Kim; Meeyoung Cha; Hyun Jung Chung; Ji Eun Oh; Ho Min Kim,13,6,e06764,https://doi.org/10.1002/advs.202506764
10.1002/alr.22975,pdfs,yes,yes,rct,no,,nasal spray | detergent virucidal | SARS-CoV-2 | saline irrigation | viral load,Pharmacokinetic‐based failure of a detergent virucidal for severe acute respiratory syndrome–coronavirus‐2 (SARS‐CoV‐2) nasal infections: A preclinical study and randomized controlled trial,International Forum of Allergy &amp; Rhinology,2022,Charles R. Esther; Kyle S. Kimura; Yu Mikami; Caitlin E. Edwards; Suman R. Das; Michael H. Freeman; Britton A. Strickland; Hunter M. Brown; Bronson C. Wessinger; Veerain C. Gupta; Kate Von Wahlde; Quanhu Sheng; Li Ching Huang; Daniel R. Bacon; Adam J. Kimple; Agathe S. Ceppe; Takafumi Kato; Raymond J. Pickles; Scott H. Randell; Ralph S. Baric; Justin H. Turner; Richard C. Boucher,12,9,1137-1147,https://doi.org/10.1002/alr.22975
10.1002/advs.202506430,pdfs,yes,yes,other,no,,TMPRSS2 inhibitor | intranasal antiviral | SARS-CoV-2 | influenza | in vivo animal model,Trypstatin as a Novel TMPRSS2 Inhibitor with Broad‐Spectrum Efficacy against Corona and Influenza Viruses,Advanced Science,2025,Jan Lawrenz; Lukas Wettstein; Armando Rodríguez Alfonso; Rayhane Nchioua; Pascal von Maltitz; Dan Pascal Jean Albers; Fabian Zech; Julie Vandeput; Lieve Naesens; Giorgio Fois; Veronika Neubauer; Nico Preising; Emilia Schmierer; Yasser Almeida‐Hernandez; Moritz Petersen; Ludger Ständker; Sebastian Wiese; Peter Braubach; Manfred Frick; Eberhard Barth; Daniel Sauter; Frank Kirchhoff; Elsa Sanchez‐Garcia; Annelies Stevaert; Jan Münch,12,25,e2506430,https://doi.org/10.1002/advs.202506430
10.1002/cbf.959,pdfs,no,no,unclear,yes,review,intranasal therapy|nasal irrigation|respiratory infection,The effect of calcitonin treatment on plasma nitric oxide levels in post‐menopausal osteoporotic patients,Cell Biochemistry and Function,2002,Nihal Taş; Aysel Aricioglu; Deniz Erbas; Serpil Özcan,20,2,103-105,https://doi.org/10.1002/cbf.959
10.1002/cti2.1443,pdfs,yes,yes,other,no,,intranasal immunomodulators | cytokine peptides | influenza A treatment | host-targeted immunotherapy | animal model,Naturally derived cytokine peptides limit virus replication and severe disease during influenza A virus infection,Clinical &amp; Translational Immunology,2023,Christopher M. Harpur; Alison C. West; Mélanie A. Le Page; Maggie Lam; Christopher Hodges; Osezua Oseghale; Andrew J. Gearing; Michelle D. Tate,12,3,e1443,https://doi.org/10.1002/cti2.1443
10.1002/bmc.4271,pdfs,yes,no,other,yes,protocol,MDT-637|RSV|bioanalytical method|nasal wash|Phase IIa,Liquid chromatographic–tandem mass spectrometry assay for the quantification of MDT‐637 in human nasal wash,Biomedical Chromatography,2018,Shane C. Karnik; Robert Cook; Steve H. Gorman; Ray Bakhtiar,32,9,e4271,https://doi.org/10.1002/bmc.4271
10.1002/jmv.1890170202,pdfs,yes,yes,rct,no,,intranasal interferon | prophylaxis | tolerance | rhinovirus | safety,Tolerance of one‐month intranasal interferon,Journal of Medical Virology,1985,Scott GM; Onwubalili JK; Robinson JA; Doré C.; Secher DS; Cantell K.,17,2,99-106,https://doi.org/10.1002/jmv.1890170202
10.1002/jmv.26514,pdfs,yes,yes,other,no,,HCoV inactivation | nasal rinse | baby shampoo | mouthwash | virucidal properties,Lowering the transmission and spread of human coronavirus,Journal of Medical Virology,2021,Craig Meyers; Richard Robison; Janice Milici; Samina Alam; David Quillen; David Goldenberg; Rena Kass,93,3,1605-1612,https://doi.org/10.1002/jmv.26514
10.1002/lary.29935,pdfs,yes,yes,rct,no,,povidone-iodine | nasal spray | SARS-CoV-2 | viral load | COVID-19,The Effect of <scp>Povidone‐Iodine</scp> Nasal Spray on Nasopharyngeal SARS‐CoV‐2 Viral Load: A Randomized Control Trial,The Laryngoscope,2022,Zarabanda D.; Vukkadala N.; Phillips KM; Qian ZJ; Mfuh KO; Hatter MJ; Lee IT; Rao VK; Hwang PH; Domb G.; Patel ZM; Pinsky BA; Nayak JV,132,11,2089-2095,https://doi.org/10.1002/lary.29935
10.1002/lary.31430,pdfs,yes,yes,rct,no,,povidone-iodine nasal spray | SARS-CoV-2 shedding | COVID-19 treatment | viral load reduction | Phase II trial,Phase <scp>II</scp> Trial of the Impact 0.5% Povidone‐Iodine Nasal Spray (Nasodine®) on Shedding of <scp>SARS‐CoV</scp>‐2,The Laryngoscope,2024,Peter L. Friedland; Simon Tucker,134,9,3947-3952,https://doi.org/10.1002/lary.31430
10.1002/smmd.20230009,pdfs,yes,yes,other,no,,siRNA swarms | HSV-1 | intranasal antiviral | animal model | therapeutic intervention,Single therapeutic dose of an antiviral UL29 siRNA swarm diminishes symptoms and viral load of mice infected intranasally with HSV‐1,Smart Medicine,2023,Tuomas Lasanen; Fanny Frejborg; Liisa M. Lund; Marie C. Nyman; Julius Orpana; Huda Habib; Salla Alaollitervo; Alesia A. Levanova; Minna M. Poranen; Veijo Hukkanen; Kiira Kalke,2,2,e20230009,https://doi.org/10.1002/smmd.20230009
10.1002/smll.202507669,pdfs,yes,yes,other,no,,lipid nanoparticles|broad-spectrum antiviral|intranasal delivery|RSV|SARS-CoV-2,Novel Wide‐Spectrum Virucidal Lipid Nanoparticles,Small,2026,Yugo Araújo Martins; Louise Bondeelle; Arnaud Charles‐Antoine Zwygart; Thais Melquiades de Lima; Juliano de Paula Souza; Han Kang Tee; Fernando Chahud; Eurico de Arruda Neto; Francesco Stellacci; Renata Fonseca Vianna Lopez; Caroline Tapparel,22,7,e07669,https://doi.org/10.1002/smll.202507669
10.1006/viro.2001.1213,pdfs,yes,yes,other,no,,antiviral nasal spray | intranasal delivery | 2-5A antisense | RSV treatment | primate model,Targeted Therapy of Respiratory Syncytial Virus in African Green Monkeys by Intranasally Administered 2-5A Antisense,Virology,2002,Douglas W. Leaman; Frank J. Longano; James R. Okicki; Kenneth F. Soike; Paul F. Torrence; Robert H. Silverman; Hagen Cramer,292,1,70-77,https://doi.org/10.1006/viro.2001.1213
10.1007/978-1-60327-547-7_16,pdfs,yes,yes,other,no,,intranasal siRNA | RSV treatment | parainfluenza | influenza | animal model,"Treating Respiratory Viral Diseases with Chemically Modified, Second Generation Intranasal siRNAs",Methods in Molecular Biology,2009,Sailen Barik,487,,1-11,https://doi.org/10.1007/978-1-60327-547-7_16
10.1007/978-1-4939-1538-5_14,pdfs,yes,yes,other,no,,intranasal siRNA | RSV | influenza | parainﬂuenza | antiviral,Therapy of Respiratory Viral Infections with Intranasal siRNAs,Methods in Molecular Biology,2015,Sailen Barik; Patrick Lu,1218,,251-262,https://doi.org/10.1007/978-1-4939-1538-5_14
10.1007/bf01310519,pdfs,yes,yes,other,no,,intranasal antiviral R61837 | drug resistance | rhinovirus treatment | experimental trial,Drug resistant rhinoviruses from the nose of experimentally treated volunteers,Archives of Virology,1989,Dearden C.; al-Nakib W.; Andries K.; Woestenborghs R.; Tyrrell DA,109,1-2,71-81,https://doi.org/10.1007/bf01310519
10.1007/bf02126707,pdfs,yes,yes,non_randomized_trial,no,,antiviral nasal spray | rhinovirus prophylaxis | CL 88277 | intranasal medication | viral challenge study,"Clinical evaluation of prophylactic intranasal 1-phenyl-3-(4-phenyl-2-thiazolyl) guanidine (CL 88,277) medication against rhinovirus 44 challenge",Medical Microbiology and Immunology,1977,Yasushi Togo; Frederick E. Durr; Donald A. Laurenzana,163,1,37-44,https://doi.org/10.1007/bf02126707
10.1007/s00705-008-0067-0,pdfs,yes,yes,other,no,,antiviral nasal spray | morpholino oligomers | influenza H3N8 | intranasal delivery | animal model,Inhibition of influenza A H3N8 virus infections in mice by morpholino oligomers,Archives of Virology,2008,Christopher Lupfer; David A. Stein; Dan V. Mourich; Samuel E. Tepper; Patrick L. Iversen; Manoj Pastey,153,5,929-937,https://doi.org/10.1007/s00705-008-0067-0
10.1007/bf01314381,pdfs,yes,yes,other,no,,antiviral nasal spray | influenza | animal model | calcium elenolate | virazole,Influenza virus infection of hamsters. A model for evaluating antiviral drugs,Archives of Virology,1977,Renis HE.,54,1-2,85-93,https://doi.org/10.1007/bf01314381
10.1007/s00405-021-06644-5,pdfs,yes,no,other,yes,protocol,hypochlorous acid | SARS-CoV-2 | in vitro virucidal | nasal spray | upper respiratory tract,A sprayable Acid-Oxidizing solution containing hypochlorous acid (AOS2020) efficiently and safely inactivates SARS-Cov-2: a new potential solution for upper respiratory tract hygiene,European Archives of Oto-Rhino-Laryngology,2021,Nadia Giarratana; Balan Rajan; Kannan Kamala; Michelle Mendenhall; Giorgio Reiner,278,8,3099-3103,https://doi.org/10.1007/s00405-021-06644-5
10.1007/s10517-018-4140-8,pdfs,yes,yes,other,no,,oxidized dextran | intranasal antiviral | influenza A(H1N1)pdm09 | in vitro and in vivo | prophylaxis,Study of Antiviral Efficiency of Oxidized Dextrans In Vitro and In Vivo,Bulletin of Experimental Biology and Medicine,2018,Olga Kurskaya; Tatyana Murashkina; А. Yu. Alekseev; Kirill Sharshov; L. P. Romakh; Anastasiya Derko; А. В. Троицкий; Т. Н. Быстрова; V. А. Shkurupy; А. М. Шестопалов,165,2,248-251,https://doi.org/10.1007/s10517-018-4140-8
10.1007/s12070-022-03106-0,pdfs,yes,yes,rct,no,,povidone-iodine | nasal spray | nasal irrigation | SARS-CoV-2 | viral clearance,Virucidal Effect of Povidone Iodine on SARS-CoV-2 in Nasopharynx: An Open-label Randomized Clinical Trial,Indian Journal of Otolaryngology and Head &amp; Neck Surgery,2022,Kamal Arefin M.; Banu SS; Nasir Uddin AKM; Nurul Fattah Rumi SK; Khan M.; Kaiser A.; Arafat MS; Chowdhury JA; Khan MAS; Hasan MJ,74,S2,3283-3292,https://doi.org/10.1007/s12070-022-03106-0
10.1007/s13346-025-01916-7,pdfs,no,no,unclear,yes,review,chloroquine|hydroxychloroquine|zinc|COVID-19|opinion,Nasal inhalation of antiviral microparticulate powders to target early infection of upper airways,Drug Delivery and Translational Research,2025,Sabrina Banella; Eride Quarta; Martina Brandolini; Laura Grumiro; Vittorio Sambri; Giovanna Trevisi; Ruggero Bettini; Paolo Colombo; Francesca Buttini; Fabio Sonvico; Georgeta Caraua; Alessandra Rossi; Gaia Colombo,,,,https://doi.org/10.1007/s13346-025-01916-7
10.1016/0166-3542(83)90034-7,pdfs,yes,yes,rct,no,,intranasal interferon | rhinovirus prophylaxis | volunteer challenge trial | human interferon-alpha2 | antiviral nasal spray,An effective dosage regimen for prophylaxis against rhinovirus infection by intranasal administration of HuIFN-α2,Antiviral Research,1983,Phillpotts RJ; Scott GM; Higgins PG; Wallace J.; Tyrrell DA; Gauci CL,3,2,121-136,https://doi.org/10.1016/0166-3542(83)90034-7
10.1007/s40121-022-00710-z,pdfs,yes,no,other,yes,editorial,intranasal antibody prophylaxis | mathematical modeling | COVID-19 | respiratory infections | passive immunization,Exploring the Role of Antiviral Nasal Sprays in the Control of Emerging Respiratory Infections in the Community,Infectious Diseases and Therapy,2022,Christoforos Hadjichrysanthou; Anna L. Beukenhorst; Clarissa M. Koch; Galit Alter; Jaap Goudsmit; Roy M. Anderson; Frank de Wolf,11,6,2287-2296,https://doi.org/10.1007/s40121-022-00710-z
10.1016/0166-3542(84)90027-5,pdfs,yes,yes,observational_cohort,no,,intranasal interferon | rhinovirus | pharmacokinetics | nasal clearance | antiviral prophylaxis,Pharmacokinetics of intranasally applied medication during a cold,Antiviral Research,1984,Phillpotts RJ; Davies HW; Willman J.; Tyrrell DA; Higgins PG,4,1-2,71-74,https://doi.org/10.1016/0166-3542(84)90027-5
10.1016/0166-3542(86)90011-2,pdfs,yes,yes,rct,no,,intranasal interferon | common cold prophylaxis | rhinovirus | contact prophylaxis | randomized controlled trial,"Intranasal interferon (rIFN-αA, Ro 22-8181) for contact prophylaxis against common cold: A randomized, double-blind and placebo-controlled field study",Antiviral Research,1986,Christian Herzog; Rosmarie Berger; Michel Fernex; Karen Friesecke; Ladislaus Havas; Max Just; Ulrich C. Dubach,6,3,171-176,https://doi.org/10.1016/0166-3542(86)90011-2
10.1016/0166-3542(88)90022-8,pdfs,yes,yes,rct,no,,intranasal interferon | enviroxime | rhinovirus prophylaxis | antiviral combination therapy,"Failure to demonstrate synergy between interferon-α and a synthetic antiviral, enviroxime, in rhinovirus infections in volunteers",Antiviral Research,1988,Peter G. Higgins; G.Ian Barrow; Widad Al-Nakib; David A.J. Tyrrell; Donald C. DeLong; Ian Lenox-Smith,10,1-3,141-149,https://doi.org/10.1016/0166-3542(88)90022-8
10.1016/0166-3542(88)90033-2,pdfs,yes,yes,rct,no,,intranasal interferon | tolerance | safety | rhinovirus prophylaxis | histopathology,"Intranasal tolerance and histopathologic effects of a novel synthetic interferon, rIFN-αCon1",Antiviral Research,1988,Frederick G. Hayden; Donald J. Innes; Stacey E. Mills; Paul A. Levine,10,4-5,225-234,https://doi.org/10.1016/0166-3542(88)90033-2
10.1016/0166-3542(88)90055-1,pdfs,yes,yes,rct,no,,rhinovirus|receptor blockade|monoclonal antibody|intranasal prophylaxis|experimental challenge,Modification of experimental rhinovirus colds by receptor blockade,Antiviral Research,1988,Frederick G. Hayden; Jack M. Gwaltney; Richard J. Colonno,9,4,233-247,https://doi.org/10.1016/0166-3542(88)90055-1
10.1016/0166-3542(92)90080-o,pdfs,no,yes,other,yes,,flavonoids | influenza | sialidase inhibitors | plant compounds | in vivo,In vivo anti-influenza virus activity of plant flavonoids possessing inhibitory activity for influenza virus sialidase,Antiviral Research,1992,Takayuki Nagai; Yukinori Miyaichi; Tsuyoshi Tomimori; Yujiro Suzuki; Haruki Yamada,19,3,207-217,https://doi.org/10.1016/0166-3542(92)90080-o
10.1016/0166-3542(90)90061-b,pdfs,yes,yes,rct,no,,intranasal interferon | RSV infection | prophylaxis | treatment | double-blind RCT,The efficacy of intranasal interferonα-2a in respiratory syncytial virus infection in volunteers,Antiviral Research,1990,Paul G. Higgins; G. I. Barrow; D. A. J. Tyrrell; David Isaacs; Christopher Gauci,14,1,3-10,https://doi.org/10.1016/0166-3542(90)90061-b
10.1016/0166-3542(95)00832-2,pdfs,yes,yes,other,no,,intranasal interferon | liposome delivery | influenza | immunomodulation,Effect of liposome-encapsulation on immunomodulating and antiviral activities of interferon-γ,Antiviral Research,1996,Saravolac EG; Kournikakis B.; Gorton L.; Wong JP,29,2-3,199-207,https://doi.org/10.1016/0166-3542(95)00832-2
10.1016/j.amjoto.2020.102618,pdfs,yes,yes,case_series,no,,povidone-iodine|nasal spray|COVID-19|SARS-CoV-2|prophylaxis,Repurposing 0.5% povidone iodine solution in otorhinolaryngology practice in Covid 19 pandemic,American Journal of Otolaryngology,2020,Mubarak Muhamed Khan; Sapna Ramkrishna Parab; Mandar Paranjape,41,5,102618,https://doi.org/10.1016/j.amjoto.2020.102618
10.1016/0192-0561(86)90095-0,pdfs,no,yes,other,yes,,muramyl peptides | immunomodulation | viral prophylaxis | interferon | experimental animal model,"Enhancement of host resistance against virus infections by MTP-PE, a synthetic lipophilic muramyl peptide — I. Increased survival in mice and guinea pigs after single drug administration prior to infection, and the effect of MTP-PE on interferon levels in sera and lungs",International Journal of Immunopharmacology,1986,Felix M. Dietrich; Heinz K. Hochkeppel; Bohumir Lukas,8,8,931-942,https://doi.org/10.1016/0192-0561(86)90095-0
10.1016/j.antiviral.2006.07.011,pdfs,yes,yes,other,no,,TLR7/8 agonist | intranasal immunomodulation | influenza prophylaxis | innate immunity,Administration of a dual toll-like receptor 7 and toll-like receptor 8 agonist protects against influenza in rats,Antiviral Research,2007,David M. Hammerbeck; Gary R. Burleson; Craig J. Schuller; John P. Vasilakos; Mark Tomai; Elaine Egging; Felicia R. Cochran; Susan Woulfe; Richard L. Miller,73,1,1-11,https://doi.org/10.1016/j.antiviral.2006.07.011
10.1016/j.antiviral.2007.11.009,pdfs,yes,yes,non_randomized_trial,no,,intranasal antiviral | RNAi | ALN-RSV01 | RSV | safety and tolerability,"Evaluation of the safety, tolerability and pharmacokinetics of ALN-RSV01, a novel RNAi antiviral therapeutic directed against respiratory syncytial virus (RSV)",Antiviral Research,2008,DeVincenzo J.; Cehelsky JE; Alvarez R.; Elbashir S.; Harborth J.; Toudjarska I.; Nechev L.; Murugaiah V.; Van Vliet A.; Vaishnaw AK; Meyers R.,77,3,225-231,https://doi.org/10.1016/j.antiviral.2007.11.009
10.1016/j.antiviral.2008.06.003,pdfs,no,no,other,no,,influenza|antiviral|cyanovirin-N|animal model,Treatment of influenza A (H1N1) virus infections in mice and ferrets with cyanovirin-N,Antiviral Research,2008,Donald F. Smee; Katherine Bailey; Ming Hung Wong; Barry R. O’Keefe; Kirk R. Gustafson; Vasiliy P. Mishin; Larisa V. Gubareva,80,3,266-271,https://doi.org/10.1016/j.antiviral.2008.06.003
10.1016/j.antiviral.2010.11.007,pdfs,yes,yes,other,no,,intranasal interferon | mDEF201 | SARS-CoV | prophylaxis | treatment,Single-dose intranasal administration with mDEF201 (adenovirus vectored mouse interferon-alpha) confers protection from mortality in a lethal SARS-CoV BALB/c mouse model,Antiviral Research,2011,Yohichi Kumaki; Jane Ennis; Ramtin Rahbar; Jeffrey D. Turner; Miles K. Wandersee; Aaron J. Smith; Kevin W. Bailey; Zachary G. Vest; Jason R. Madsen; Joseph K.-K. Li; Dale L. Barnard,89,1,75-82,https://doi.org/10.1016/j.antiviral.2010.11.007
10.1016/j.antiviral.2011.09.004,pdfs,yes,yes,other,no,,innate immunomodulator | intranasal prophylaxis | influenza | TLR4 ligand | animal model,"FimH, a TLR4 ligand, induces innate antiviral responses in the lung leading to protection against lethal influenza infection in mice",Antiviral Research,2011,Abdul-Careem MF; Firoz Mian M.; Gillgrass AE; Chenoweth MJ; Barra NG; Chan T.; Al-Garawi AA; Chew MV; Yue G.; van Roojen N.; Xing Z.; Ashkar AA,92,2,346-355,https://doi.org/10.1016/j.antiviral.2011.09.004
10.1016/j.antiviral.2015.11.005,pdfs,yes,yes,other,no,,influenza polymerase inhibitor | intranasal antiviral | in vitro screening | animal model,Identification of a small-molecule inhibitor of influenza virus via disrupting the subunits interaction of the viral polymerase,Antiviral Research,2016,Shuofeng Yuan; Hin Chu; Hanjun Zhao; Ke Zhang; Kailash Singh; Billy K.C. Chow; Richard Y.T. Kao; Jie Zhou; Bo-Jian Zheng,125,,34-42,https://doi.org/10.1016/j.antiviral.2015.11.005
10.1016/j.antiviral.2015.11.006,pdfs,yes,yes,other,no,,pyrimidine biosynthesis inhibitors | RSV | intranasal antiviral | animal model | in vivo efficacy,Respiratory syncytial virus infection in macaques is not suppressed by intranasal sprays of pyrimidine biosynthesis inhibitors,Antiviral Research,2016,Clément Grandin; Marianne-Lucas Hourani; Yves L. Janin; Daniel Dauzonne; Hélène Munier-Lehmann; Adeline Paturet; Fabrice Taborik; Astrid Vabret; Hugues Contamin; Frédéric Tangy; Pierre-Olivier Vidalain,125,,58-62,https://doi.org/10.1016/j.antiviral.2015.11.006
10.1016/j.antiviral.2017.07.003,pdfs,yes,yes,other,no,,gemcitabine | rhinovirus | intranasal antiviral | in vivo animal model | antiviral drug repurposing,Antiviral activity of gemcitabine against human rhinovirus in vitro and in vivo,Antiviral Research,2017,Jae-Hyoung Song; Seong-Ryeol Kim; Eun-Young Heo; Jae-Young Lee; Dong-eun Kim; Sungchan Cho; Sun-Young Chang; Byung-Il Yoon; Jeongmin Seong; Hyun-Jeong Ko,145,,6-13,https://doi.org/10.1016/j.antiviral.2017.07.003
10.1016/j.antiviral.2018.01.012,pdfs,no,yes,other,yes,review,budesonide|rhinovirus|corticosteroid|in vitro|autophagy,Antiviral and anti-inflammatory activity of budesonide against human rhinovirus infection mediated via autophagy activation,Antiviral Research,2018,Seong-Ryeol Kim; Jae-Hyoung Song; Jae-Hee Ahn; Geun-Shik Lee; Huijeong Ahn; Sung-il Yoon; Seung Goo Kang; Pyeung-Hyeun Kim; Sang-Min Jeon; Eun-Ji Choi; Sooyoung Shin; Younggil Cha; Sungchan Cho; Dong-eun Kim; Sun-Young Chang; Hyun-Jeong Ko,151,,87-96,https://doi.org/10.1016/j.antiviral.2018.01.012
10.1016/j.antiviral.2023.105547,pdfs,yes,yes,other,no,,RSV inhibitor | intranasal antiviral | small molecule | preclinical | viral entry inhibition,Identification and evaluation of a novel tribenzamide derivative as an inhibitor targeting the entry of the respiratory syncytial virus,Antiviral Research,2023,Leila Issmail; Daniel Ramsbeck; Christian Jäger; Tanja Henning; Martin Kleinschmidt; Mirko Buchholz; Thomas Grunwald,211,,105547,https://doi.org/10.1016/j.antiviral.2023.105547
10.1016/j.antiviral.2024.105815,pdfs,yes,yes,other,no,,siRNA|RNAi|intranasal delivery|SARS-CoV-2|prophylaxis,An intranasally delivered ultra-conserved siRNA prophylactically represses SARS-CoV-2 infection in the lung and nasal cavity.,Antiviral Research,2024,Adi Idris; Aroon Supramaniam; Yaman Tayyar; Gabrielle Kelly; Nigel A.J. McMillan; Kevin V. Morris,222,,105815,https://doi.org/10.1016/j.antiviral.2024.105815
10.1016/j.antiviral.2024.106063,pdfs,yes,no,unclear,yes,review,INNA-051|TLR2/6 agonist|intranasal immunotherapy|viral respiratory infection|host-directed therapy,"Discovery and development of INNA-051, a TLR2/6 agonist for the prevention of complications resulting from viral respiratory infections",Antiviral Research,2025,Francesca A. Mercuri; Gary P. Anderson; Bruce E. Miller; Christophe Demaison; Ruth Tal-Singer,234,,106063,https://doi.org/10.1016/j.antiviral.2024.106063
10.1016/j.bbrep.2021.101187,pdfs,yes,no,other,yes,review,iota-carrageenan | SARS-CoV-2 | in vitro study | nasal epithelium | antiviral barrier,Iota-carrageenan extracted from red algae is a potent inhibitor of SARS‐CoV-2 infection in reconstituted human airway epithelia,Biochemistry and Biophysics Reports,2022,David Bovard; Marco van der Toorn; Walter K. Schlage; Samuel Constant; Kasper Renggli; Manuel C. Peitsch; Julia Hoeng,29,,101187,https://doi.org/10.1016/j.bbrep.2021.101187
10.1016/j.bmc.2005.03.048,pdfs,yes,yes,other,no,,neuraminidase inhibitors | intranasal antivirals | influenza treatment | cyclopentane derivatives | in vivo efficacy,Comparison of the anti-influenza virus activity of cyclopentane derivatives with oseltamivir and zanamivir in vivo,Bioorganic &amp; Medicinal Chemistry,2005,Pooran Chand; Shanta Bantia; Pravin L. Kotian; Yahya El-Kattan; Tsu-Hsing Lin; Yarlagadda S. Babu,13,12,4071-4077,https://doi.org/10.1016/j.bmc.2005.03.048
10.1016/j.biopha.2022.112729,pdfs,yes,yes,rct,no,,antiviral herbal drug | nasal spray | COVID-19 treatment | randomized trial | intranasal formulation,Efficacy of a multiple-indication antiviral herbal drug (Saliravira®) for COVID-19 outpatients: A pre-clinical and randomized clinical trial study,Biomedicine &amp; Pharmacotherapy,2022,Reza Ramazani Khorshiddoust; Saleh Ramazani Khorshiddoust; Tahereh Hosseinabadi; Faezeh Mottaghitalab; Farzad Mokhtari; Fatemeh Azadinia; Hossein Mozdarani; Mohammad Shabani; Hamid Emadi-Kouchak; Bahram Taheri; Fatemeh Khani-Juyabad; Mina Amjadi Kashani; Arezoo Sadoughi; Sorour Zamanizadeh; Hadyeh Maddah; Maedeh Aminzadeh; Maryam Khanaki; Sabereh Saremi; Anahita Pashaee Rad; Ali Fatehi; Melika Ghaznavi Rad; Masoud Haftbaradaran; Mehran Khosroshahi; Mahtab Sadeghi; Majid Aminnayeri; Sirous Jafari; Fereshteh Ghiasvand; Arash Seifi; Sara Ghaderkhani; Seyed Ali Dehghan Manshadi; Mohammadreza Salehi; Ladan Abbasian; Malihe Hasannezhad; Mohsen Meidani; Mahboubeh Hajiabdolbaghi; Zahra Ahmadinejad; Masoud Parash; Zahra Sedighi; Abdorreza Mohammadian,149,,112729,https://doi.org/10.1016/j.biopha.2022.112729
10.1016/j.apsb.2023.05.030,pdfs,yes,yes,other,no,,fusion inhibitor | intranasal antiviral | SARS-CoV-2 | broad-spectrum | animal model,HR121 targeting HR2 domain in S2 subunit of spike protein can serve as a broad-spectrum SARS-CoV-2 inhibitor via intranasal administration,Acta Pharmaceutica Sinica B,2023,Ying Lu; Fan Shen; Wen-Qiang He; An-Qi Li; Ming-Hua Li; Xiao-Li Feng; Yong-Tang Zheng; Wei Pang,13,8,3339-3351,https://doi.org/10.1016/j.apsb.2023.05.030
10.1016/j.bmcl.2009.04.067,pdfs,yes,yes,other,no,,intranasal zanamivir prodrug | influenza treatment | ester prodrug | mice model | sialidase inhibitor,Synthesis and in vivo influenza virus-inhibitory effect of ester prodrug of 4-guanidino-7-O-methyl-Neu5Ac2en,Bioorganic &amp; Medicinal Chemistry Letters,2009,Takeshi Honda; Shuku Kubo; Takeshi Masuda; Masami Arai; Yoshiyuki Kobayashi; Makoto Yamashita,19,11,2938-2940,https://doi.org/10.1016/j.bmcl.2009.04.067
10.1016/j.carbpol.2024.122156,pdfs,yes,yes,other,no,,seaweed polysaccharides | fucoidan | anti-SARS-CoV-2 | intranasal prophylaxis | in vivo mouse model,Seaweed-derived fucoidans and rhamnan sulfates serve as potent anti-SARS-CoV-2 agents with potential for prophylaxis,Carbohydrate Polymers,2024,Yuefan Song; Amit Singh; Maisha M. Feroz; Shirley Xu; Fuming Zhang; Weihua Jin; Ambrish Kumar; Parastoo Azadi; Dennis W. Metzger; Robert J. Linhardt; Jonathan S. Dordick,337,,122156,https://doi.org/10.1016/j.carbpol.2024.122156
10.1016/j.celrep.2020.108016,pdfs,yes,yes,other,no,,antiviral nasal spray | intranasal FRIL | influenza | SARS-CoV-2 | plant lectin,A Carbohydrate-Binding Protein from the Edible Lablab Beans Effectively Blocks the Infections of Influenza Viruses and SARS-CoV-2,Cell Reports,2020,Yo-Min Liu; Md. Shahed-Al-Mahmud; Xiaorui Chen; Ting-Hua Chen; Kuo-Shiang Liao; Jennifer M. Lo; Yi-Min Wu; Meng-Chiao Ho; Chung-Yi Wu; Chi-Huey Wong; Jia-Tsrong Jan; Che Ma,32,6,108016,https://doi.org/10.1016/j.celrep.2020.108016
10.1016/j.etap.2014.10.003,pdfs,no,no,unclear,yes,,curcumin | paraquat toxicity | acute lung injury | intranasal delivery,Protective effects of intranasal curcumin on paraquot induced acute lung injury (ALI) in mice,Environmental Toxicology and Pharmacology,2014,Tyagi N.; Kumari A.; Dash D.; Singh R.,38,3,913-921,https://doi.org/10.1016/j.etap.2014.10.003
10.1016/j.ijid.2012.05.124,pdfs,no,no,other,yes,,influenza virology | H5N1 | protein structure | phylogeography,Nucleic acid-based drugs against the highly pathogenic H5N1 avian influenza virus infection,International Journal of Infectious Diseases,2012,J. Wong; Lunquan Sun; Ming Wang,16,,e50,https://doi.org/10.1016/j.ijid.2012.05.124
10.1016/j.ijpharm.2011.02.040,pdfs,yes,yes,other,no,,intranasal antiviral delivery | zidovudine | brain uptake | thermoreversible gel | HIV treatment,Poly(ethylene oxide/propylene oxide) copolymer thermo-reversible gelling system for the enhancement of intranasal zidovudine delivery to the brain,International Journal of Pharmaceutics,2011,Parag M. Ved; Kwonho Kim,411,1-2,1-9,https://doi.org/10.1016/j.ijpharm.2011.02.040
10.1016/j.ijpharm.2022.121704,pdfs,yes,no,other,yes,protocol,intranasal antiviral delivery | powder formulation | tamibarotene | SARS-CoV-2 | drug delivery,Dual targeting powder formulation of antiviral agent for customizable nasal and lung deposition profile through single intranasal administration,International Journal of Pharmaceutics,2022,Han Cong Seow; Qiuying Liao; Andy T.Y. Lau; Susan W.S. Leung; Shuofeng Yuan; Jenny K.W. Lam,619,,121704,https://doi.org/10.1016/j.ijpharm.2022.121704
10.1016/j.immuni.2021.01.017,pdfs,yes,yes,other,no,,intranasal interferon | SARS-CoV-2 | antiviral treatment | innate immunity,Leveraging the antiviral type I interferon system as a first line of defense against SARS-CoV-2 pathogenicity,Immunity,2021,Daisy A. Hoagland; Rasmus Møller; Skyler A. Uhl; Kohei Oishi; Justin Frere; Ilona Golynker; Shu Horiuchi; Maryline Panis; Daniel Blanco-Melo; David Sachs; Knarik Arkun; Jean K. Lim; Benjamin R. tenOever,54,3,557-570.e5,https://doi.org/10.1016/j.immuni.2021.01.017
10.1016/j.jconrel.2023.04.029,pdfs,yes,yes,other,no,,intranasal monoclonal antibody | SARS-CoV-2 | dual targeting formulation | spray drying | prophylaxis,Neutralisation of SARS-CoV-2 by monoclonal antibody through dual targeting powder formulation,Journal of Controlled Release,2023,Han Cong Seow; Jian-Piao Cai; Harry Weijie Pan; Cuiting Luo; Kun Wen; Jianwen Situ; Kun Wang; Hehe Cao; Susan W.S. Leung; Shuofeng Yuan; Jenny K.W. Lam,358,,128-141,https://doi.org/10.1016/j.jconrel.2023.04.029
10.1016/j.jbc.2024.107884,pdfs,yes,yes,other,no,,intranasal antiviral therapy | SARS-CoV-2 | oligonucleotide therapeutics | PPRH | animal model,Polypurine reverse hoogsteen hairpins as a therapeutic tool for SARS-CoV-2 infection,Journal of Biological Chemistry,2024,Carlos J. Ciudad; Simonas Valiuska; José Manuel Rojas; Pablo Nogales-Altozano; Anna Aviñó; Ramón Eritja; Miguel Chillón; Noemí Sevilla; Verónique Noé,300,11,107884,https://doi.org/10.1016/j.jbc.2024.107884
10.1016/j.jhin.2021.10.019,pdfs,yes,yes,other,no,,nasal spray | SARS-CoV-2 | virucidal activity | antiseptics | in vitro study,Virucidal activity of nasal sprays against severe acute respiratory syndrome coronavirus-2,Journal of Hospital Infection,2022,Meister TL; Todt D.; Brüggemann Y.; Steinmann J.; Banava S.; Brill FHH; Steinmann J.; Pfaender S.; Steinmann E.,120,,9-13,https://doi.org/10.1016/j.jhin.2021.10.019
10.1016/j.intimp.2017.12.001,pdfs,no,yes,other,yes,,methionine enkephalin | influenza A virus | TLR7 signaling | intranasal administration | mouse model,Novel effect of methionine enkephalin against influenza A virus infection through inhibiting TLR7-MyD88-TRAF6-NF-κB p65 signaling pathway,International Immunopharmacology,2018,Jing Tian; Xue Jiao; Xiaonan Wang; Jin Geng; Reizhe Wang; Ning Liu; Xinhua Gao; Noreen Griffin; Fengping Shan,55,,38-48,https://doi.org/10.1016/j.intimp.2017.12.001
10.1016/j.jinf.2021.05.009,pdfs,yes,yes,rct,no,,nitric oxide nasal spray | SARS-CoV-2 | viral clearance | COVID-19 treatment,Clinical efficacy of nitric oxide nasal spray (NONS) for the treatment of mild COVID-19 infection,Journal of Infection,2021,Stephen Winchester; Sarah John; Kashif Jabbar; Isaac John,83,2,237-279,https://doi.org/10.1016/j.jinf.2021.05.009
10.1016/j.lanepe.2021.100084,pdfs,yes,yes,rct,no,,intranasal antiviral | niclosamide | COVID-19 | phase 1 safety | inhaled formulation,"A randomized, double-blind, placebo-controlled phase 1 trial of inhaled and intranasal niclosamide: A broad spectrum antiviral candidate for treatment of COVID-19",The Lancet Regional Health - Europe,2021,Vibeke Backer; Ulf Sjöbring; Jesper Sonne; Anne Weiss; Morten Hostrup; Helle Krogh Johansen; Victoria Becker; David P. Sonne; Torben Balchen; Mads Jellingsø; Morten Otto Alexander Sommer,4,,100084,https://doi.org/10.1016/j.lanepe.2021.100084
10.1016/j.lanepe.2021.100094,pdfs,yes,no,other,yes,editorial,niclosamide | intranasal antiviral | COVID-19 | commentary,Getting hands on a drug for Covid-19: Inhaled and Intranasal Niclosamide,The Lancet Regional Health - Europe,2021,Karl Kunzelmann,4,,100094,https://doi.org/10.1016/j.lanepe.2021.100094
10.1016/j.lansea.2022.100036,pdfs,yes,yes,rct,no,,nitric oxide nasal spray | SARS-CoV-2 | viral clearance | COVID-19 treatment | randomized controlled trial,SARS-CoV-2 accelerated clearance using a novel nitric oxide nasal spray (NONS) treatment: A randomized trial,The Lancet Regional Health - Southeast Asia,2022,Monika Tandon; Wen Wu; Keith Moore; Stephen Winchester; Yuan-Po Tu; Christopher Miller; Rahul Kodgule; Amol Pendse; Shabbir Rangwala; Shashank Joshi,3,,100036,https://doi.org/10.1016/j.lansea.2022.100036
10.1016/j.mtbio.2025.102567,pdfs,yes,yes,other,no,,nanozyme antiviral | intranasal administration | iron-phenolic nanoparticles | viral envelope disruption | innate immune stimulation,Harnessing nanozyme-immunomodulation for antiviral defense via Fe–nordihydroguaiaretic acid nano-networks,Materials Today Bio,2025,Hongping Wan; Zhengqun Huang; Mingrun Tang; Huirong Tan; Kai Deng; Yingnan Liu; Xinghong Zhao; Hongjun Chen,35,,102567,https://doi.org/10.1016/j.mtbio.2025.102567
10.1016/j.peptides.2021.170638,pdfs,yes,yes,other,no,,antiviral peptide|SARS-CoV-2|intranasal delivery|spike blockade|ACE2 inhibitor,An angiotensin-converting enzyme-2-derived heptapeptide GK-7 for SARS-CoV-2 spike blockade,Peptides,2021,Songling Han; Gaomei Zhao; Zhuanzhuan Wei; Yin Chen; Jianqi Zhao; Yongwu He; Ying-Juan He; Jining Gao; Shilei Chen; Changhong Du; Tao Wang; Wei Sun; Yi Huang; Cheng Wang; Junping Wang,145,,170638,https://doi.org/10.1016/j.peptides.2021.170638
10.1016/j.rvsc.2016.02.020,pdfs,no,yes,rct,yes,,nitric oxide | bovine respiratory disease | animal model,"Randomized, non-inferiority trial comparing a nitric oxide releasing solution with a macrolide antibiotic for control of bovine respiratory disease in beef feedlot calves at high-risk of developing respiratory tract disease",Research in Veterinary Science,2016,Crepieux T.; Miller C.; Regev-Shoshani G.; Schaefer A.; Dorin C.; Alexander T.; Timsit E.,105,,216-221,https://doi.org/10.1016/j.rvsc.2016.02.020
10.1016/j.vaccine.2009.01.048,pdfs,yes,yes,other,no,,TLR agonists | innate immunomodulators | intranasal prophylaxis | influenza | animal model,Activation of toll-like receptor signaling pathway for protection against influenza virus infection,Vaccine,2009,Wong JP; Christopher ME; Viswanathan S.; Karpoff N.; Dai X.; Das D.; Sun LQ; Wang M.; Salazar AM,27,25-26,3481-3483,https://doi.org/10.1016/j.vaccine.2009.01.048
10.1016/j.prevetmed.2015.04.008,pdfs,no,no,rct,yes,,nitric oxide | bovine respiratory disease | veterinary,Non-inferiority of nitric oxide releasing intranasal spray compared to sub-therapeutic antibiotics to reduce incidence of undifferentiated fever and bovine respiratory disease complex in low to moderate risk beef cattle arriving at a commercial feedlot,Preventive Veterinary Medicine,2017,Regev-Shoshani G.; McMullin B.; Nation N.; Church JS; Dorin C.; Miller C.,138,,162-169,https://doi.org/10.1016/j.prevetmed.2015.04.008
10.1016/j.phymed.2021.153892,pdfs,no,yes,other,no,,influenza A virus | plant extract | in vitro antiviral | in vivo animal study,Potent antiviral activity of the extract of Elaeocarpus sylvestris against influenza A virus in vitro and in vivo,Phytomedicine,2022,Yong-Hyun Joo; Yeong-Geun Lee; Younghyun Lim; Hoyeon Jeon; Eui Ho Kim; Joongyeon Choi; Woojae Hong; Hyelin Jeon; Michael Ahrweiler; Hyunggun Kim; Se Chan Kang; Young-Jin Seo,97,,153892,https://doi.org/10.1016/j.phymed.2021.153892
10.1016/j.vaccine.2010.03.062,pdfs,yes,yes,rct,no,,intranasal interferon | viral respiratory infection prevention | military population | randomized controlled trial | influenza,A randomized controlled trial of low-dose recombinant human interferons α-2b nasal spray to prevent acute viral respiratory infections in military recruits,Vaccine,2010,LuLu Gao; Shouyi Yu; Qing Chen; Zhaojun Duan; Jie Zhou; Chen Mao; Dexian Yu; Wenchang Zhu; Jun Nie; Yunde Hou,28,28,4445-4451,https://doi.org/10.1016/j.vaccine.2010.03.062
10.1016/j.xcrm.2024.101418,pdfs,yes,yes,other,no,,antiviral peptide | intranasal SARS-CoV-2 | fusion inhibitor | in vivo efficacy | Omicron variants,An enhanced broad-spectrum peptide inhibits Omicron variants in vivo,Cell Reports Medicine,2024,Wenwen Bi; Kaiming Tang; Guilin Chen; Yubin Xie; Nicholas F. Polizzi; William F. DeGrado; Shuofeng Yuan; Bobo Dang,5,2,101418,https://doi.org/10.1016/j.xcrm.2024.101418
10.1016/j.virol.2011.06.021,pdfs,yes,yes,other,no,,monoclonal antibody | intranasal antiviral | H1N1 influenza | prophylaxis | therapeutic treatment,A novel monoclonal antibody effective against lethal challenge with swine-lineage and 2009 pandemic H1N1 influenza viruses in mice,Virology,2011,Hongxia Shao; Jianqiang Ye; Amy L. Vincent; Nicole Edworthy; Andrea Ferrero; Aijian Qin; Daniel R. Perez,417,2,379-384,https://doi.org/10.1016/j.virol.2011.06.021
10.1016/j.trsl.2015.06.009,pdfs,yes,yes,other,no,,nitric oxide | nasal spray | chronic rhinosinusitis | S. aureus biofilm | topical antimicrobial,An in vivo safety and efficacy demonstration of a topical liposomal nitric oxide donor treatment for Staphylococcus aureus biofilm–associated rhinosinusitis,Translational Research,2015,Camille Jardeleza; Benjamin Thierry; Shasha Rao; Sukanya Rajiv; Amanda Drilling; Dijana Miljkovic; Sathish Paramasivan; Craig James; Dong Dong; Nicky Thomas; Sarah Vreugde; Clive A. Prestidge; Peter-John Wormald,166,6,683-692,https://doi.org/10.1016/j.trsl.2015.06.009
10.1016/j.ymthe.2018.01.008,pdfs,no,no,other,yes,,microRNA | demyelination | viral infection | CNS | animal model,microRNA-219 Reduces Viral Load and Pathologic Changes in Theiler's Virus-Induced Demyelinating Disease,Molecular Therapy,2018,Moyano AL; Steplowski J.; Wang H.; Son KN; Rapolti DI; Marshall J.; Elackattu V.; Marshall MS; Hebert AK; Reiter CR; Ulloa V.; Pituch KC; Givogri MI; Lu QR; Lipton HL; Bongarzone ER,26,3,730-743,https://doi.org/10.1016/j.ymthe.2018.01.008
10.1016/s0166-3542(01)00158-9,pdfs,yes,yes,other,no,,serum amyloid P | intranasal prophylaxis | influenza A | in vivo mouse model | antiviral binding,Serum amyloid P component inhibits influenza A virus infections: in vitro and in vivo studies,Antiviral Research,2001,Attila Horváth; Inger Andersen; Kirsten Junker; B Lyck Fogh-Schultz; Ellen Holm Nielsen; Sveinbjörn Gizurarson; Ove Andersen; József Kármán; Éva Rajnavölgyi; Anna Erdei; S.‐E. SVEHAG,52,1,43-53,https://doi.org/10.1016/s0166-3542(01)00158-9
10.1016/s0002-9343(01)00765-3,pdfs,yes,yes,rct,no,,zinc nasal spray|upper respiratory infection|common cold|rhinovirus|antiviral treatment,A randomized trial of zinc nasal spray for the treatment of upper respiratory illness in adults,The American Journal of Medicine,2001,Edward A. Belongia; Richard Berg; Kejian Liu,111,2,103-108,https://doi.org/10.1016/s0002-9343(01)00765-3
10.1016/j.ymthe.2022.04.025,pdfs,yes,yes,other,no,,SARS-CoV-2 | intranasal bifonazole | animal model | spike-ACE2 blocking | COVID-19 treatment,Identification of FDA-approved bifonazole as a SARS-CoV-2 blocking agent following a bioreporter drug screen,Molecular Therapy,2022,Zaid Taha; Rozanne Arulanandam; Glib Maznyi; Elena Godbout; Madalina E. Carter-Timofte; Naziia Kurmasheva; Line S. Reinert; Andrew Chen; Mathieu J.F. Crupi; Stephen Boulton; Geneviève Laroche; Alexandra Phan; Reza Rezaei; Nouf Alluqmani; Anna Jirovec; Alexandra Acal; Emily E.F. Fekete; Ragunath Singaravelu; Julia Petryk; Manja Idorn; Kyle G. Potts; Hayley Todesco; Cini John; Douglas J. Mahoney; Carolina S. Ilkow; Patrick Giguère; Tommy Alain; Marceline Côté; Søren R. Paludan; David Olagnier; John C. Bell; Taha Azad; Jean-Simon Diallo,30,9,2998-3016,https://doi.org/10.1016/j.ymthe.2022.04.025
10.1016/s0166-3542(87)80002-5,pdfs,yes,yes,other,no,,intranasal interferon | coronavirus | antiviral prophylaxis | animal model,"Intranasally administered alpha/beta interferon prevents extension of mouse hepatitis virus, strain JHM, into the brains of BALB/cByJ mice",Antiviral Research,1987,Abigail L. Smith; Stephen W. Barthold; Deborah S. Beck,8,5-6,239-245,https://doi.org/10.1016/s0166-3542(87)80002-5
10.1016/s0928-8244(03)00358-4,pdfs,no,yes,other,yes,,interferon | vaccinia | poxvirus | animal model,Prevention of lethal respiratory vaccinia infections in mice with interferon-Î± and interferon-Î³,FEMS Immunology &amp; Medical Microbiology,2004,Ge Liu; Qingzhu Zhai; Dustin J. Schaffner; Aiguo Wu; Adiamseged Yohannes; Tanisha M. Robinson; Matt Maland; Jay Wells; Thomas G. Voss; Charlie Bailey; Ken Alibek,40,3,201-206,https://doi.org/10.1016/s0928-8244(03)00358-4
10.1017/ash.2022.199,pdfs,yes,yes,rct,no,,povidone-iodine nasal antisepsis | chlorhexidine oral rinse | COVID-19 prevention | healthcare workers | SARS-CoV-2,The SHIELD Study: A preliminary analysis of nasal and oral antisepsis to prevent COVID-19,Antimicrobial Stewardship &amp; Healthcare Epidemiology,2022,Julie Keating; Linda McKinley; Lin Zhao; KyungMann Kim; Thomas Friedrich; David O’Connor; Daniel Shirley; Nasia Safdar,2,S1,s75-s75,https://doi.org/10.1017/ash.2022.199
10.1017/s0950268800029484,pdfs,yes,yes,rct,no,,intranasal interferon | prophylaxis | influenza | respiratory viruses | double-blind placebo-controlled,A study of intranasally administered interferon A (rIFN-α2A) for the seasonal prophylaxis of natural viral infections of the upper respiratory tract in healthy volunteers,Epidemiology and Infection,1988,Tannock GA; Gillett SM; Gillett RS; Barry RD; Hensley MJ; Herd R.; Reid AL; Saunders NA,101,3,611-621,https://doi.org/10.1017/s0950268800029484
10.1021/acs.biomac.5c00037,pdfs,yes,yes,other,no,,broad-spectrum antiviral | intranasal nanodiscs | SARS-CoV-2 | influenza | pH-responsive virus inactivation,Broad-Spectrum Antiviral Styrene Maleic-Acid Copolymer Lipid Particle Nanodiscs for pH-Responsive Irreversible Virus Inactivation,Biomacromolecules,2025,Jaehyeon Hwang; Misoo Kim; Younghun Jung; Soomin Kim; Beom Kyu Kim; Soyun Choi; Wonbeom Park; Hyunseok Oh; Jeonghui Moon; Jeong Hyeon Yoon; Suhyun Kim; Hwanju Kim; Hyunjoo Choo; EunKhang Park; Min Kyeom Kim; Seokoh Moon; Seokhyeon Yu; Sangwon Jung; Min-Suk Song; Woo-Jae Chung; Dae-Hyuk Kweon,26,7,4051-4068,https://doi.org/10.1021/acs.biomac.5c00037
10.1021/acs.jmedchem.3c01308,pdfs,no,no,unclear,yes,,nitric oxide | antifungal | cryptococcal meningitis | in vitro study,Novel Nitric Oxide Donor–Azole Conjugation Strategy for Efficient Treatment of <i>Cryptococcus neoformans</i> Infections,Journal of Medicinal Chemistry,2023,Fangfang Wang; Jianbing Wu; Mingke Yuan; Zhengsheng Yan; Xin Liu; Wang Li; Yihua Zhang; Chunquan Sheng; Na Liu; Zhangjian Huang,66,20,14221-14240,https://doi.org/10.1021/acs.jmedchem.3c01308
10.1021/acscentsci.4c00054,pdfs,yes,yes,other,no,,multivalent entry inhibitors | SARS-CoV-2 | intranasal instillation | in vivo efficacy | broad-spectrum antivirals,Benzene with Alkyl Chains Is a Universal Scaffold for Multivalent Virucidal Antivirals,ACS Central Science,2024,Yong Zhu; Matteo Gasbarri; Soumaila Zebret; Sujeet Pawar; Gregory Mathez; Jacob Diderich; Alma Delia Valencia-Camargo; Doris Russenberger; Heyun Wang; Paulo Henrique Jacob Silva; Jay-ar B. Dela Cruz; Lixia Wei; Valeria Cagno; Christian Münz; Roberto F. Speck; Daniel Desmecht; Francesco Stellacci,10,5,1012-1021,https://doi.org/10.1021/acscentsci.4c00054
10.1021/acsinfecdis.4c00504,pdfs,yes,yes,other,no,,STING agonist | innate immunomodulator | intranasal antiviral | respiratory virus | diABZI-4,STING Agonist Induced Innate Immune Responses Drive Anti-Respiratory Virus Activity <i>In Vitro</i> with Limited Antiviral Efficacy <i>In Vivo</i>,ACS Infectious Diseases,2024,Rebecca Broeckel; Amanda Browne; Scott Sucoloski; Juan Cantizani; Juliet. K. Simpson; Scott Pesiridis; Joshi M. Ramanjulu; Neil Stokes; Priya Luthra,10,9,3392-3407,https://doi.org/10.1021/acsinfecdis.4c00504
10.1021/acsinfecdis.6b00064,pdfs,yes,yes,other,no,,antiviral peptide | intranasal delivery | influenza A | host-virus interaction | animal model,Peptide-Mediated Interference of PB2-eIF4G1 Interaction Inhibits Influenza A Viruses’ Replication in Vitro and in Vivo,ACS Infectious Diseases,2016,Shuofeng Yuan; Hin Chu; Jiahui Ye; Meng Hu; Kailash Singh; Billy K. C. Chow; Jie Zhou; Bo-Jian Zheng,2,7,471-477,https://doi.org/10.1021/acsinfecdis.6b00064
10.1021/acsnano.3c02050,pdfs,yes,yes,other,no,,synthetic antibody inhibitor | intranasal administration | SARS-CoV-2 variants | broad-spectrum neutralization | in vitro and in vivo efficacy,Abiotic Synthetic Antibody Inhibitor with Broad-Spectrum Neutralization and Antiviral Efficacy against Escaping SARS-CoV-2 Variants,ACS Nano,2023,Bingxue Li; Ya Zhao; Xuefan Wu; Haiyan Wu; Weicheng Tang; Xiaoyang Yu; Jianqiong Mou; Wenfeng Tan; Meilin Jin; Wei Li; Qiang Zhang; Mingming Liu,17,7,7017-7034,https://doi.org/10.1021/acsnano.3c02050
10.1021/acscentsci.2c01243,pdfs,yes,yes,other,no,,intranasal antiviral | SARS-CoV-2 | host-directed antiviral | piperlongumine | in vivo animal model,A Selective SARS-CoV-2 Host-Directed Antiviral Targeting Stress Response to Reactive Oxygen Species,ACS Central Science,2023,Cong Tang; Ana R. Coelho; Maria Rebelo; Hannah Kiely-Collins; Tânia Carvalho; Gonçalo J. L. Bernardes,9,1,109-121,https://doi.org/10.1021/acscentsci.2c01243
10.1021/jm00188a013,pdfs,yes,yes,case_series,no,,intranasal antiviral | thiazolinone derivative | influenza treatment | ferret model,"Easily hydrolyzable, water-soluble derivatives of (.+-.)-.alpha.-5-[1-(indol-3-yl)ethyl]-2-methylamino-.DELTA.2-thiazolin-4-one, a novel antiviral compound",Journal of Medicinal Chemistry,1979,Harnden MR; Bailey S.; Boyd MR; Wilkinson JB; Wright ND,22,2,191-195,https://doi.org/10.1021/jm00188a013
10.1021/mp300257x,pdfs,yes,yes,other,no,,TLR2 agonist | intranasal immunomodulator | influenza prophylaxis | innate immunity | animal model,Intranasal Administration of the TLR2 Agonist Pam2Cys Provides Rapid Protection against Influenza in Mice,Molecular Pharmaceutics,2012,Amabel C. L. Tan; Edin J. Mifsud; Weiguang Zeng; Kathryn Edenborough; Jodie McVernon; Lorena E. Brown; David C. Jackson,9,9,2710-2718,https://doi.org/10.1021/mp300257x
10.1021/jm3009844,pdfs,yes,yes,other,no,,zanamivir conjugates | intranasal antiviral | influenza treatment | dual-targeted drugs | anti-inflammatory,Enhanced Anti-influenza Agents Conjugated with Anti-inflammatory Activity,Journal of Medicinal Chemistry,2012,Kung-Cheng Liu; Jim-Min Fang; Jia-Tsrong Jan; Ting-Jen R. Cheng; Shi-Yun Wang; Shi-Ting Yang; Yih-Shyun E. Cheng; Chi-Huey Wong,55,19,8493-8501,https://doi.org/10.1021/jm3009844
10.1038/nm1174,pdfs,yes,yes,other,no,,intranasal siRNA nanoparticles | RSV inhibition | antiviral treatment | nanoparticle delivery | animal model,Inhibition of respiratory syncytial virus infection with intranasal siRNA nanoparticles targeting the viral NS1 gene,Nature Medicine,2005,Weidong Zhang; Hong Yang; Xiaoyuan Kong; Subhra Mohapatra; Homero San Juan-Vergara; Gary Hellermann; Sumita Behera; Rajeswari Singam; Richard F. Lockey; Shyam S. Mohapatra,11,1,56-62,https://doi.org/10.1038/nm1174
10.1038/s41467-020-19386-5,pdfs,yes,yes,other,no,,zanamivir conjugate | intranasal antiviral | influenza treatment | immunotherapy | neuraminidase inhibitor,A universal dual mechanism immunotherapy for the treatment of influenza virus infections,Nature Communications,2020,Xin Liu; Boning Zhang; Yingcai Wang; Hanan S. Haymour; Fenghua Zhang; Le-cun Xu; Madduri Srinivasarao; Philip S. Low,11,1,5597,https://doi.org/10.1038/s41467-020-19386-5
10.1038/s41467-022-32216-0,pdfs,yes,yes,other,no,,intranasal ASO | SARS-CoV-2 | locked nucleic acid | antiviral therapy | animal model,An intranasal ASO therapeutic targeting SARS-CoV-2,Nature Communications,2022,Chi Zhu; Justin Y. Lee; Jia Z. Woo; Lei Xu; Xammy Huu Wrynla; Livia H. Yamashiro; Fei Ji; Scott B. Biering; Erik Van Dis; Federico Gonzalez; Douglas Fox; Eddie Wehri; Arjun Rustagi; Benjamin A. Pinsky; Julia Schaletzky; Catherine A. Blish; Charles Chiu; Eva Harris; Ruslan I. Sadreyev; Sarah Stanley; Sakari Kauppinen; Silvi Rouskin; Anders M. Näär,13,1,4503,https://doi.org/10.1038/s41467-022-32216-0
10.1038/s41467-023-39738-1,pdfs,yes,yes,other,no,,innate immunomodulator | intranasal prophylaxis | SARS-CoV-2 | RSV | influenza,"An immunostimulatory glycolipid that blocks SARS-CoV-2, RSV, and influenza infections in vivo",Nature Communications,2023,Moriya Tsuji; Manoj S. Nair; Kazuya Masuda; Candace Castagna; Zhenlu Chong; Tamarand L. Darling; Kuljeet Seehra; Youngmin Hwang; Ágata Lopes Ribeiro; Geovane Marques Ferreira; Laura Corredor; Jordana Grazziela Alves Coelho-dos-Reis; Yukiko Tsuji; Munemasa Mori; Adrianus C. M. Boon; Michael S. Diamond; Yaoxing Huang; David D. Ho,14,1,3959,https://doi.org/10.1038/s41467-023-39738-1
10.1038/s41467-025-59294-0,pdfs,yes,yes,other,no,,intranasal monoclonal antibody | IgM engineering | influenza A prophylaxis | animal model | broadly neutralizing antibody,An intranasally administered IgM protects against antigenically distinct subtypes of influenza A viruses,Nature Communications,2025,Ashwin Kumar Ramesh; Jwala Priyadarsini Sivaccumar; Xiaohua Ye; Luona Yang; Hailong Guo; Chen-Ni Chin; Sha Ha; John W. Shiver; William R. Strohl; Yan Xu; Haijuan Du; Tongqing Zhou; Ningyan Zhang; Kai Xu; Xinli Liu; Tong-Ming Fu; Zhiqiang An,16,1,4025,https://doi.org/10.1038/s41467-025-59294-0
10.1038/s41467-026-68462-9,pdfs,yes,yes,other,no,,antiviral peptide | intranasal | SARS-CoV-2 | Omicron | macrocyclic peptide,Intranasal administration of broad-spectrum macrocyclic peptide inhibitor protects against SARS-CoV-2 Omicron variants,Nature Communications,2026,Min Wang; Jinyue Yang; Yahong Tan; Shuofeng Yuan; Guoli Shi; Qi Peng; Yongqi Li; Vincent Kwok-Man Poon; Chris Chung-Sing Chan; Na Xiao; Anna Jinxia Zhang; Yubin Xie; Junhua Li; Hao Luo; Yaning Fu; Yong Chen; Alex A. Compton; Youming Zhang; Yang Yang; George Fu Gao; Hongwei Hou; Jasper Fuk-Woo Chan; Yizhen Yin; Yi Shi,17,1,1753,https://doi.org/10.1038/s41467-026-68462-9
10.1038/s41598-020-80896-9,pdfs,yes,yes,other,no,,lambda-carrageenan | influenza | SARS-CoV-2 | intranasal administration | barrier agent,Antiviral activity of lambda-carrageenan against influenza viruses and severe acute respiratory syndrome coronavirus 2,Scientific Reports,2021,Yejin Jang; Heegwon Shin; Myoung Kyu Lee; Oh Seung Kwon; Jin Soo Shin; Yong-il Kim; Chan Woo Kim; Hye-Ra Lee; Meehyein Kim,11,1,821,https://doi.org/10.1038/s41598-020-80896-9
10.1038/s41598-021-99404-8,pdfs,yes,yes,other,no,,chitosan polymer | mucoadhesive barrier | SARS-CoV-2 inhibition | nasal spray | in vitro and in vivo studies,"SARS-CoV-2 inhibition using a mucoadhesive, amphiphilic chitosan that may serve as an anti-viral nasal spray",Scientific Reports,2021,Krzysztof Pyrć; Aleksandra Milewska; Emilia Barreto Duran; Paweł Botwina; Agnieszka Dabrowska; Malwina Jedrysik; Malgorzata Benedyk; Rui Lopes; Alejandro Arenas-Pinto; Moutaz Badr; Ryan Mellor; Tammy L. Kalber; Delmiro Fernandez-Reyes; Andreas G. Schätzlein; Ijeoma F. Uchegbu,11,1,20012,https://doi.org/10.1038/s41598-021-99404-8
10.1038/s41598-022-14601-3,pdfs,yes,yes,rct,no,,astodrimer sodium | antiviral nasal spray | SARS-CoV-2 | safety and tolerability | randomized controlled trial,Astodrimer sodium antiviral nasal spray for reducing respiratory infections is safe and well tolerated in a randomized controlled trial,Scientific Reports,2022,Alex Castellarnau; Graham P. Heery; Aynaz Seta; Carolyn A. Luscombe; George R. Kinghorn; Peter Button; Philip McCloud; Jeremy R. A. Paull,12,1,10210,https://doi.org/10.1038/s41598-022-14601-3
10.1038/s41598-023-32546-z,pdfs,yes,yes,rct,no,,azelastine nasal spray | SARS-CoV-2 viral load | early intervention | antihistamine | intranasal treatment,Early intervention with azelastine nasal spray may reduce viral load in SARS-CoV-2 infected patients,Scientific Reports,2023,Jens Peter Klussmann; Maria Grosheva; Peter Meiser; Clara Lehmann; Eszter Nagy; Valéria Szijártó; Gábor Nagy; Robert Konrat; Michael Flegel; Frank Holzer; Dorothea Groß; Charlotte Steinmetz; Barbara Scherer; Henning Gruell; Maike Schlotz; Florian Klein; Paula Aguiar de Aragão; Henning Morr; Helal Al Saleh; Andreas Bilstein; Belisa Russo; Susanne Müller-Scholtz; Cengizhan Acikel; Hacer Sahin; Nina Werkhäuser; Silke Allekotte; Ralph Mösges,13,1,6839,https://doi.org/10.1038/s41598-023-32546-z
10.1038/s41598-022-08066-7,pdfs,yes,yes,other,no,,intranasal interferon | influenza | antiviral | prophylaxis | mouse model,Early IFN-β administration protects cigarette smoke exposed mice against lethal influenza virus infection without increasing lung inflammation,Scientific Reports,2022,Wu W.; Tian L.; Zhang W.; Booth JL; Ritchey JW; Wu S.; Xu C.; Brown BR; Metcalf JP,12,1,4080,https://doi.org/10.1038/s41598-022-08066-7
10.1038/s41598-023-42539-7,pdfs,yes,yes,rct,no,,HPMC barrier agent | human anti-SARS-CoV-2 IgG1 antibodies | nasal spray | safety assessment | neutralizing antibodies,Assessment of safety and intranasal neutralizing antibodies of HPMC-based human anti-SARS-CoV-2 IgG1 nasal spray in healthy volunteers,Scientific Reports,2023,Thanarath Imsuwansri; Thitinan Jongthitinon; Niramon Pojdoung; Nuntana Meesiripan; Siriwan Sakarin; Chatikorn Boonkrai; Tossapon Wongtangprasert; Tanapati Phakham; Thittaya Audomsun; Chadaporn Attakitbancha; Pijitra Saelao; Phijitra Muanwien; Maoxin Tim Tian; Songsak Tongchusak; Bhrus Sangruji; Dhammika Leshan Wannigama; Chenphop Sawangmake; Watchareewan Rodprasert; Quynh Dang Le; Steven Dwi Purbantoro; Kananuch Vasuntrarak; Sirirat Nantavisai; Supakit Sirilak; Ballang Uppapong; Sompong Sapsutthipas; Sakalin Trisiriwanich; Thitiporn Somporn; Asmah Usoo; Natthakarn Mingngamsup; Supaporn Phumiamorn; Porawan Aumklad; Kwanputtha Arunprasert; Prasopchai Patrojanasophon; Praneet Opanasopit; Norapath Pesirikan; Ladda Nitisaporn; Jesada Pitchayakorn; Thana Narkthong; Bancha Mahong; Kumchol Chaiyo; Kanjana Srisutthisamphan; Ratchanont Viriyakitkosol; Songklot Aeumjaturapat; Anan Jongkaewwattana; Sakarn Bunnag; Trairak Pisitkun,13,1,15648,https://doi.org/10.1038/s41598-023-42539-7
10.1038/s41598-023-47547-1,pdfs,yes,yes,other,no,,defective interfering particles | intranasal antiviral | influenza A | animal model | DIPs,Generation of “OP7 chimera” defective interfering influenza A particle preparations free of infectious virus that show antiviral efficacy in mice,Scientific Reports,2023,Tanya Dogra; Lars Pelz; Julia D. Boehme; Jan Kuechler; Olivia Kershaw; Pavel Marichal-Gallardo; Maike Baelkner; Marc D. Hein; Achim D. Gruber; Dirk Benndorf; Yvonne Genzel; Dunja Bruder; Sascha Y. Kupke; Udo Reichl,13,1,20936,https://doi.org/10.1038/s41598-023-47547-1
10.1038/s41598-025-12444-2,pdfs,yes,yes,other,no,,antiviral peptide | intranasal administration | SARS-CoV-2 | fusion protein | animal model,Fusion of SARS-CoV-2 neutralizing LCB1 peptide with Bacillus amyloliquefaciens RNase improves antiviral efficacy,Scientific Reports,2025,Nikita N. Kostin; Tatyana V. Bobik; Elena V. Konovalova; Milita V. Kocharovskaya; Maria A. Simonova; Natalia Yu Rushkevich; Yuliana A. Mokrushina; George A. Skryabin; Roman S. Kalinin; Sergey I. Kovalchuk; Rustam H. Ziganshin; Leonid A. Kaluzhskiy; Oksana V. Gnedenko; Evgeniy O. Yablokov; Alexis S. Ivanov; Aleksandr S. Chernov; Vitaly A. Kazakov; Oksana N. Khokhlova; Arkady N. Murashev; Senlian Hong; Elena I. Shramova; Alexey A. Schulga; Ekaterina N. Lyukmanova; Mikhail P. Kirpichnikov; Ivan V. Smirnov; Alexey A. Belogurov; Yuri P. Rubtsov; Alexey V. Stepanov; Hongkai Zhang; Alexander G. Gabibov; Sergey M. Deyev,15,1,28039,https://doi.org/10.1038/s41598-025-12444-2
10.1038/s42003-023-04589-5,pdfs,yes,yes,other,no,,intranasal siRNA | SARS-CoV-2 prophylaxis | antiviral RNAi | animal model,From a genome-wide screen of RNAi molecules against SARS-CoV-2 to a validated broad-spectrum and potent prophylaxis,Communications Biology,2023,Ohad Yogev; Omer Weissbrod; Giorgia Battistoni; Dario Bressan; Adi Naamati; Ilaria Falciatori; Ahmet Can Berkyurek; Roni Rasnic; Rhys Izuagbe; Myra Hosmillo; Shaul Ilan; Iris Grossman; Lauren McCormick; Christopher Cole Honeycutt; Timothy Johnston; Matthew Gagne; Daniel C. Douek; Ian Goodfellow; Gregory James Hannon; Yaniv Erlich,6,1,277,https://doi.org/10.1038/s42003-023-04589-5
10.1038/s41598-025-95494-w,pdfs,yes,yes,other,no,,ACE2-Fc decoy | intranasal antiviral | SARS-CoV-2 | animal model | plant-based therapeutic,An ACE2-Fc decoy produced in glycoengineered plants neutralizes ancestral and newly emerging SARS-CoV-2 variants and demonstrates therapeutic efficacy in hamsters,Scientific Reports,2025,Esther Föderl-Höbenreich; Shiva Izadi; Lara Hofacker; Nikolaus F. Kienzl; Alexandra Castilho; Richard Strasser; Ferran Tarrés-Freixas; Guillermo Cantero; Núria Roca; Mònica Pérez; Cristina Lorca-Oró; Carla Usai; Joaquim Segalés; Júlia Vergara-Alert; Lukas Mach; Kurt Zatloukal,15,1,11307,https://doi.org/10.1038/s41598-025-95494-w
10.1038/s42003-025-07491-4,pdfs,yes,yes,other,no,,fusion-inhibitory peptides | intranasal antiviral | SARS-CoV-2 | animal model | prophylaxis,Intranasally administrated fusion-inhibitory lipopeptides block SARS-CoV-2 infection in mice and enable long-term protective immunity,Communications Biology,2025,Mougari S.; Favède V.; Predella C.; Reynard O.; Durand S.; Mazelier M.; Pizzioli E.; Decimo D.; Bovier FT; Lapsley LM; Castagna C.; Lieberman NAP; Noel G.; Mathieu C.; Malissen B.; Briese T.; Greninger AL; Alabi CA; Dorrello NV; Marot S.; Marcelin AG; Zarubica A.; Moscona A.; Porotto M.; Horvat B.,8,1,57,https://doi.org/10.1038/s42003-025-07491-4
10.1038/srep23110,pdfs,no,yes,other,no,,itraconazole | rhinovirus | antifungal | cholesterol trafficking | animal model,Therapeutic and prophylactic activity of itraconazole against human rhinovirus infection in a murine model,Scientific Reports,2016,Aeri Shim; Jae-Hyoung Song; Bo-Eun Kwon; Jeong-Jun Lee; Jae-Hee Ahn; Yeon-Jeong Kim; Ki-Jong Rhee; Sun-Young Chang; Younggil Cha; Yong-Soo Lee; Mi-Na Kweon; Kwi Sung Park; Dong-Eun Kim; Sungchan Cho; Hyun-Jong Cho; Hyun-Jeong Ko,6,1,23110,https://doi.org/10.1038/srep23110
10.1038/srep22880,pdfs,yes,yes,other,no,,antiviral drug discovery | PA endonuclease inhibitor | intranasal influenza treatment | in vivo efficacy,A novel small-molecule inhibitor of influenza A virus acts by suppressing PA endonuclease activity of the viral polymerase,Scientific Reports,2016,Shuofeng Yuan; Hin Chu; Kailash Singh; Hanjun Zhao; Ke Zhang; Richard Y. T. Kao; Billy K. C. Chow; Jie Zhou; Bo-Jian Zheng,6,1,22880,https://doi.org/10.1038/srep22880
10.1038/srep27870,pdfs,yes,yes,case_series,no,,S. epidermidis | intranasal immunomodulation | influenza | bacterial interference | recombinant protein,Nasal commensal Staphylococcus epidermidis counteracts influenza virus,Scientific Reports,2016,Hui-Wen Chen; Pei-Feng Liu; Yu-Tsueng Liu; Sherwin Kuo; Xing-Quan Zhang; Robert T. Schooley; Holger Rohde; Richard L. Gallo; Chun-Ming Huang,6,1,27870,https://doi.org/10.1038/srep27870
10.1038/srep28729,pdfs,yes,yes,other,no,,intranasal chitosan | H7N9 influenza | innate immune stimulation | prophylaxis | mouse model,Intranasal Administration of Chitosan Against Influenza A (H7N9) Virus Infection in a Mouse Model,Scientific Reports,2016,Mei Zheng; Di Qu; Haiming Wang; Zhiping Sun; Xueying Liu; Jianjun Chen; Changgui Li; Xuguang Li; Ze Chen,6,1,28729,https://doi.org/10.1038/srep28729
10.1055/s-0031-1296635,pdfs,no,yes,other,yes,,oxymetazoline|rhinovirus|in vitro|decongestant,Anti-Rhinovirus-specific Activity of the Alpha-sympathomimetic Oxymetazoline,Arzneimittelforschung,2011,Stephan Koelsch; Marion Tschaikin; Fritz Sacher,57,07,475-482,https://doi.org/10.1055/s-0031-1296635
10.1038/srep37999,pdfs,no,no,other,yes,,influenza | NKT cells | intranasal immunotherapy | swine model,Rapid control of pandemic H1N1 influenza by targeting NKT-cells,Scientific Reports,2016,Bianca L. Artiaga; Guan Yang; Tarun E. Hutchinson; Julia C. Loeb; Jürgen A. Richt; John A. Lednicky; Shahram Salek-Ardakani; John P. Driver,6,1,37999,https://doi.org/10.1038/srep37999
10.1056/nejm198601093140201,pdfs,no,no,unclear,yes,,document header|permissions notice|archive material,Prophylactic Efficacy of Intranasal Alpha<sub>2</sub>-Interferon against Rhinovirus Infections in the Family Setting,New England Journal of Medicine,1986,Robert M. Douglas; Brian W. Moore; Helen B. Miles; Lorraine M. Davies; Neil M.H. Graham; Philip Ryan; David A. Worswick; Janice K. Albrecht,314,2,65-70,https://doi.org/10.1056/nejm198601093140201
10.1056/nejm198601093140202,pdfs,no,no,unclear,yes,,metadata|archive|journal header,Prevention of Natural Colds by Contact Prophylaxis with Intranasal Alpha<sub>2</sub>-Interferon,New England Journal of Medicine,1986,Frederick G. Hayden; Janice K. Albrecht; Donald L. Kaiser; Jack M. Gwaltney,314,2,71-75,https://doi.org/10.1056/nejm198601093140202
10.1056/nejm199709253371302,pdfs,yes,yes,rct,no,,zanamivir | intranasal antiviral | influenza treatment | neuraminidase inhibitor | respiratory tract delivery,Efficacy and Safety of the Neuraminidase Inhibitor Zanamivir in the Treatment of Influenzavirus Infections,New England Journal of Medicine,1997,Frederick G. Hayden; Albert D.M.E. Osterhaus; John J. Treanor; Douglas M. Fleming; Fred Y. Aoki; Karl G. Nicholson; Arthur M. Bohnen; Hilary M. Hirst; Oliver Keene; Kevin Wightman,337,13,874-880,https://doi.org/10.1056/nejm199709253371302
10.1073/pnas.0912186107,pdfs,yes,yes,rct,no,,intranasal immunomodulator | RSV treatment | siRNA | clinical trial | antiviral innate immunity,"A randomized, double-blind, placebo-controlled study of an RNAi-based therapy directed against respiratory syncytial virus",Proceedings of the National Academy of Sciences,2010,John DeVincenzo; Robert Lambkin-Williams; Tom Wilkinson; Jeffrey Cehelsky; Sara Nochur; Edward Walsh; Rachel Meyers; Jared Gollob; Akshay Vaishnaw,107,19,8800-8805,https://doi.org/10.1073/pnas.0912186107
10.1073/pnas.1404205111,pdfs,yes,yes,other,no,,intranasal biologics | sialic acid binding | influenza prophylaxis | mCBM | receptor masking,Prevention of influenza by targeting host receptors using engineered proteins,Proceedings of the National Academy of Sciences,2014,Helen Connaris; Elena A. Govorkova; Yvonne Ligertwood; Bernadette M. Dutia; Lei Yang; Sandra Tauber; Margaret A. Taylor; Nadiawati Alias; Robert Hagan; Anthony A. Nash; Robert G. Webster; Garry L. Taylor,111,17,6401-6406,https://doi.org/10.1073/pnas.1404205111
10.1073/pnas.2319566121,pdfs,yes,yes,other,no,,intranasal neomycin | antiviral immunity | COVID-19 | influenza | SARS-CoV-2 transmission,Intranasal neomycin evokes broad-spectrum antiviral immunity in the upper respiratory tract,Proceedings of the National Academy of Sciences,2024,Tianyang Mao; Jooyoung Kim; Mario A. Peña-Hernández; Gabrielee Valle; Miyu Moriyama; Sophia Luyten; Isabel M. Ott; Maria Luisa Gomez-Calvo; Jeff R. Gehlhausen; Emily Baker; Benjamin Israelow; Martin Slade; Lokesh Sharma; Wei Liu; Changwan Ryu; Asawari Korde; Chris J. Lee; Valter Silva Monteiro; Carolina Lucas; Huiping Dong; Yi Yang; Smita Gopinath; Craig B. Wilen; Noah Palm; Charles S. Dela Cruz; Akiko Iwasaki; Chantal B. F. Vogels; Anne M. Hahn; Nicholas F. G. Chen; Mallery Breban; Tobias R. Koch; Chrispin Chaguza; Irina Tikhonova; Christopher Castaldi; Shrikant Mane; Bony De Kumar; David Ferguson; Nicholas Kerantzas; David Peaper; Marie L. Landry; Wade Schulz; Nathan Grubaugh,121,18,e2319566121,https://doi.org/10.1073/pnas.2319566121
10.1073/pnas.2408469121,pdfs,yes,no,other,yes,protocol,zanamivir conjugate synthesis | immune cell recruitment | influenza | chemical synthesis,Targeted recruitment of immune effector cells for rapid eradication of influenza virus infections,Proceedings of the National Academy of Sciences,2024,Imrul Shahriar; Mohini Kamra; Ananda Kumar Kanduluru; Charity Lynn Campbell; Thanh Hiep Nguyen; Madduri Srinivasarao; Philip S. Low,121,41,e2408469121,https://doi.org/10.1073/pnas.2408469121
10.1080/22221751.2021.1899770,,unknown,,,,,,The preclinical inhibitor GS441524 in combination with GC376 efficaciously inhibited the proliferation of SARS-CoV-2 in the mouse respiratory tract,Emerging Microbes &amp; Infections,2021,Yuejun Shi; Lei Shuai; Zhiyuan Wen; Chong Wang; Yuanyuan Yan; Zhe Jiao; Fenglin Guo; Zhen F. Fu; Huanchun Chen; Zhigao Bu; Guiqing Peng,10,1,481-492,https://doi.org/10.1080/22221751.2021.1899770
10.1073/pnas.2219523120,pdfs,no,yes,other,no,,siRNA | intranasal delivery | SARS-CoV-2 | oligonucleotide therapeutics,Divalent siRNAs are bioavailable in the lung and efficiently block SARS-CoV-2 infection,Proceedings of the National Academy of Sciences,2023,Vignesh N. Hariharan; Minwook Shin; Ching-Wen Chang; Daniel O’Reilly; Annabelle Biscans; Ken Yamada; Zhiru Guo; Mohan Somasundaran; Qi Tang; Kathryn Monopoli; Pranathi Meda Krishnamurthy; Gitali Devi; Nicholas McHugh; David A. Cooper; Dimas Echeverria; John Cruz; Io Long Chan; Ping Liu; Sun-Young Lim; Jill McConnell; Satya Prakash Singh; Samuel Hildebrand; Jacquelyn Sousa; Sarah M. Davis; Zachary Kennedy; Chantal Ferguson; Bruno M. D. C. Godinho; Yann Thillier; Jillian Caiazzi; Socheata Ly; Manish Muhuri; Karen Kelly; Fiachra Humphries; Alyssa Cousineau; Krishna Mohan Parsi; Qi Li; Yang Wang; René Maehr; Guangping Gao; Dmitry Korkin; William M. McDougall; Robert W. Finberg; Katherine A. Fitzgerald; Jennifer P. Wang; Jonathan K. Watts; Anastasia Khvorova,120,11,e2219523120,https://doi.org/10.1073/pnas.2219523120
10.1080/10717544.2018.1428242,pdfs,yes,yes,other,no,,intranasal ribavirin | nose-to-brain delivery | antiviral formulation | powder agglomerates | preclinical,<i>In vivo</i> nose-to-brain delivery of the hydrophilic antiviral ribavirin by microparticle agglomerates,Drug Delivery,2018,Alessandro Giuliani; Anna Giulia Balducci; Elisa Zironi; Gaia Colombo; Fabrizio Bortolotti; Luca Lorenzini; Viola Galligioni; Giampiero Pagliuca; Alessandra Scagliarini; Laura Calzà; Fabio Sonvico,25,1,376-387,https://doi.org/10.1080/10717544.2018.1428242
10.1080/15476910500203925,pdfs,yes,no,other,yes,review,rupintrivir | rhinovirus | intranasal antiviral | safety assessment | immunotoxicology,Lack of Respiratory and Contact Sensitizing Potential of the Intranasal Antiviral Drug Candidate Rupintrivir (AG7088): A Weight-of-the-Evidence Evaluation,Journal of Immunotoxicology,2005,Leigh Ann Burns-Naas; Caroline Lee; Winston Evering; Lisa Ahern; Stephanie Webber; Mark Zorbas,2,3,123-139,https://doi.org/10.1080/15476910500203925
10.1080/19420862.2018.1433974,pdfs,no,yes,other,yes,,RSV antibodies | IgA reformatting | in vitro and in vivo studies,Reformatting palivizumab and motavizumab from IgG to human IgA impairs their efficacy against RSV infection in vitro and in vivo,mAbs,2018,Jacobino SR; Nederend M.; Reijneveld JF; Augustijn D.; Jansen JHM; Meeldijk J.; Reiding KR; Wuhrer M.; Coenjaerts FEJ; Hack CE; Bont LJ; Leusen JHW,10,3,453-462,https://doi.org/10.1080/19420862.2018.1433974
10.1080/22221751.2023.2275598,pdfs,yes,yes,other,no,,ACE2 viral trap | intranasal antiviral | SARS-CoV-2 | prophylaxis and treatment | animal models,An ACE2 decamer viral trap as a durable intervention solution for current and future SARS-CoV,Emerging Microbes &amp; Infections,2023,Hailong Guo; Bomsoo Cho; Paul R. Hinton; Sijia He; Yongjun Yu; Ashwin Kumar Ramesh; Jwala Priyadarsini Sivaccumar; Zhiqiang Ku; Kristen Campo; Sarah Holland; Sameer Sachdeva; Christopher Mensch; Mohamed Dawod; Annalis Whitaker; Philip Eisenhauer; Allison Falcone; Rebekah Honce; Jason W. Botten; Stephen F. Carroll; Bruce A. Keyt; Andrew W. Womack; William R. Strohl; Kai Xu; Ningyan Zhang; Zhiqiang An; Sha Ha; John W. Shiver; Tong-Ming Fu,12,2,2275598,https://doi.org/10.1080/22221751.2023.2275598
10.1086/313696,pdfs,no,no,other,yes,guideline,conflict of interest policy | journal editorial | publication ethics,Short-Term Treatment with Zanamivir to Prevent Influenza: Results of a Placebo-Controlled Study,Clinical Infectious Diseases,2000,Kaiser L.; Henry D.; Flack NP; Keene O.; Hayden FG,30,3,587-589,https://doi.org/10.1086/313696
10.1086/341455,pdfs,yes,yes,rct,no,,intranasal interferon | rhinovirus | combination antiviral-antimediator therapy | cold treatment | randomized controlled trial,Combined Antiviral-Antimediator Treatment for the Common Cold,The Journal of Infectious Diseases,2002,Jack M. Gwaltney; Birgit Winther; James T. Patrie; J. Owen Hendley,186,2,147-154,https://doi.org/10.1086/341455
10.1086/512858,pdfs,yes,yes,rct,no,,acid-buffered saline | rhinovirus | antiviral nasal spray | intranasal intervention | experimental cold trial,Inhibition of Rhinovirus Replication In Vitro and In Vivo by Acid‐Buffered Saline,The Journal of Infectious Diseases,2007,James E. Gern; Anne G. Mosser; Cheri A. Swenson; Paul J. Rennie; R. James England; Jacqueline Shaffer; Haruko Mizoguchi,195,8,1137-1143,https://doi.org/10.1086/512858
10.1086/653621,pdfs,yes,yes,other,no,,recombinant sialidase | DAS181 | parainfluenza | intranasal antiviral | barrier agent,A Recombinant Sialidase Fusion Protein Effectively Inhibits Human Parainfluenza Viral Infection In Vitro and In Vivo,The Journal of Infectious Diseases,2010,Anne Moscona; Matteo Porotto; Samantha Palmer; Caroline Tai; Lori Aschenbrenner; Gallen Triana‐Baltzer; Qi‐Xiang Li; David Wurtman; Stefan Niewiesk; Fang Fang,202,2,234-241,https://doi.org/10.1086/653621
10.1089/jir.1980.1.169,pdfs,yes,yes,rct,no,,intranasal interferon | influenza prophylaxis | respiratory virus prevention | double-blind trial,The Preventive Effect of Human Interferon-Alpha Preparation on Upper Respiratory Disease,Journal of Interferon Research,1980,JIRO IMANISHI; TOSHIRO KARAKI; OSAMU SASAKI; AKIO MATSUO; KINZO OISHI; CHIN-BIN PAK; TSUNATARO KISHIDA; SEIYA TODA; HISANORI NAGATA,1,1,169-178,https://doi.org/10.1089/jir.1980.1.169
10.1089/jir.1986.6.153,pdfs,yes,yes,rct,no,,intranasal interferon | rhinovirus prophylaxis | antiviral nasal spray | interferon-beta | common cold prevention,"Interferon-β
                    <sub>ser</sub>
                    As Prophylaxis Against Experimental Rhinovirus Infection in Volunteers",Journal of Interferon Research,1986,Higgins PG; Al-Nakib W.; Willman J.; Tyrrell DA,6,2,153-159,https://doi.org/10.1089/jir.1986.6.153
10.1089/jir.1983.3.443,pdfs,yes,yes,other,no,,intranasal interferon | pharmacokinetics | nasal spray delivery | antiviral,Comparative Intranasal Pharmacokinetics of Interferon Using Two Spray Systems,Journal of Interferon Research,1983,Davies HW; Scott GM; Robinson JA; Higgins PG; Wootton R.; Tyrrell DA,3,4,443-449,https://doi.org/10.1089/jir.1983.3.443
10.1089/jir.1984.4.535,pdfs,yes,yes,rct,no,,intranasal interferon | rhinovirus prophylaxis | influenza prevention | double-blind placebo-controlled trial,"Intranasal Lymphoblastoid Interferon (""Well fer on"") Prophylaxis Against Rhinovirus and Influenza Virus in Volunteers",Journal of Interferon Research,1984,R.J. Phillpotts; Paul G. Higgins; J. S. Willman; D. A. J. Tyrrell; D. S. Freestone; W. M. Shepherd,4,4,535-541,https://doi.org/10.1089/jir.1984.4.535
10.1089/jir.1988.8.591,pdfs,yes,yes,rct,no,,intranasal interferon | rhinovirus prophylaxis | recombinant interferon-beta | experimental challenge study | antiviral nasal spray,Recombinant Human Interferon-γ as Prophylaxis Against Rhinovirus Colds in Volunteers,Journal of Interferon Research,1988,Paul G. Higgins; W. Al‐Nakib; G. I. Barrow; D. A. J. Tyrrell,8,5,591-596,https://doi.org/10.1089/jir.1988.8.591
10.1089/jir.1990.10.497,pdfs,yes,yes,other,no,,intranasal interferon | nasal absorption enhancement | surfactant agents | animal model | prophylaxis,Nasal Absorption of Interferon: Enhancement by Surfactant Agents,Journal of Interferon Research,1990,CORRADO BAGLIONI; ROGER J. PHIPPS,10,5,497-504,https://doi.org/10.1089/jir.1990.10.497
10.1089/vim.2011.0003,pdfs,yes,yes,other,no,,intranasal interferon | H1N1 influenza | antiviral | prophylaxis | animal model,Antiviral Potential of Exogenous Human Omega Interferon to Inhibit Pandemic 2009 A (H1N1) Influenza Virus,Viral Immunology,2011,Chun'e Xu; Xiaohong Song; Ling Fu; Dayong Dong; Shipo Wu; Guanlin Li; Shaoqiong Yi; Ting Yu; Rui Yu; Lihua Hou; Wei Chen,24,5,369-374,https://doi.org/10.1089/vim.2011.0003
10.1093/cid/ciq183,pdfs,no,no,unclear,yes,editorial,conflict of interest | publication ethics | journal policy,Frequency of Drug-resistant Viruses and Virus Shedding in Pediatric Influenza Patients Treated With Neuraminidase Inhibitors,Clinical Infectious Diseases,2011,Daisuke Tamura; Norio Sugaya; Makoto Ozawa; Ryo Takano; Masataka Ichikawa; Masahiko Yamazaki; Chiharu Kawakami; Hideaki Shimizu; Ritei Uehara; Maki Kiso; Eiryo Kawakami; Keiko Mitamura; Yoshihiro Kawaoka,52,4,432-437,https://doi.org/10.1093/cid/ciq183
10.1093/cid/ciaf409,pdfs,yes,yes,rct,no,,interferon-alpha nasal spray | COVID-19 prophylaxis | cancer patients | intranasal antivirals | respiratory virus prevention,"Interferon-α Nasal Spray Prophylaxis Reduces COVID-19 in Cancer Patients: A Randomized, Double-Blinded, Placebo-Controlled Trial",Clinical Infectious Diseases,2026,Michelle K. Yong; Karin Thursky; Megan Crane; Tim Spelman; Robert K. Mahar; Julie A. Simpson; Andrew M. Scott; Simon J. Harrison; Jeff Szer; Marc Pellegrini; Senthil Lingaratnam; Ken C. Pang; Surekha Tennakoon; Beatrice Z. Sim; Emily Blyth; Hui K. Gan; Hang Quach; Michelle P. McIntosh; Hayley Page; Rachel Woolstencroft; Monica Slavin,82,2,e208-e216,https://doi.org/10.1093/cid/ciaf409
10.1093/infdis/127.4.401,pdfs,yes,yes,rct,no,,intranasal interferon | interferon inducer | rhinovirus | prophylaxis | antiviral,The Limited Effect of Nasal Interferon Induced by Rhinovirus and a Topical Chemical Inducer on the Course of Infection,Journal of Infectious Diseases,1973,Gatmaitan BC; Stanley ED; Jackson GG,127,4,401-407,https://doi.org/10.1093/infdis/127.4.401
10.1093/infdis/133.supplement_2.a121,pdfs,yes,yes,rct,no,,intranasal interferon inducer | rhinovirus prophylaxis | topical immunomodulation | controlled volunteer challenge study,Effect of a Topical Interferon Inducer on Rhinovirus Infections in Volunteers,Journal of Infectious Diseases,1976,Stanley ED; Jackson GG; Dirda VA; Rubenis M.,133,Supplement 2,A121-A127,https://doi.org/10.1093/infdis/133.supplement_2.a121
10.1093/infdis/137.1.82,pdfs,yes,yes,rct,no,,intranasal interferon inducer | rhinovirus | double-blind placebo-controlled trial | BRL 5907 | innate immunomodulator,Effect of a Polynucleotide Interferon Inducer of Fungal Origin on Experimental Rhinovirus Infection in Humans,Journal of Infectious Diseases,1978,Aoki FY; Reed SE; Craig JW; Tyrrell DA; Lees LJ,137,1,82-86,https://doi.org/10.1093/infdis/137.1.82
10.1093/infdis/138.4.531,pdfs,yes,yes,rct,no,,interferon inducer | rhinovirus | prophylaxis | intranasal | upper respiratory tract,"Effect of CP20,961, an Interferon Inducer, on Upper Respiratory Tract Infections Due to Rhinovirus Type 21 in Volunteers",Journal of Infectious Diseases,1978,Waldman RH; Ganguly R.,138,4,531-535,https://doi.org/10.1093/infdis/138.4.531
10.1093/infdis/148.3.535,pdfs,yes,yes,rct,no,,intranasal interferon | rhinovirus prophylaxis | antiviral nasal spray | recombinant leukocyte interferon,Efficacy and Tolerance of Intranasally Applied Recombinant Leukocyte A Interferon in Normal Volunteers,Journal of Infectious Diseases,1983,Samo TC; Greenberg SB; Couch RB; Quarles J.; Johnson PE; Hook S.; Harmon MW,148,3,535-542,https://doi.org/10.1093/infdis/148.3.535
10.1093/infdis/148.3.543,pdfs,yes,yes,rct,no,,intranasal interferon | rhinovirus prophylaxis | placebo-controlled trial | antiviral efficacy,Intranasal Interferon  2 for Prevention of Rhinovirus Infection and Illness,Journal of Infectious Diseases,1983,Hayden FG; Gwaltney JM Jr,148,3,543-550,https://doi.org/10.1093/infdis/148.3.543
10.1093/infdis/150.2.181,pdfs,yes,yes,rct,no,,intranasal interferon | rhinovirus prophylaxis | dose-finding | safety tolerance,Intranasally Applied Recombinant Leukocyte A Interferon in Normal Volunteers. II. Determination of Minimal Effective and Tolerable Dose,Journal of Infectious Diseases,1984,Samo Tc; Stephen B. Greenberg; Palmer Jm; Robert B. Couch; Maurice W. Harmon; Paul E. Johnson,150,2,181-188,https://doi.org/10.1093/infdis/150.2.181
10.1093/infdis/166.4.776,,unknown,,,,,,Combined Antiviral and Antimediator Treatment of Rhinovirus Colds,The Journal of Infectious Diseases,1992,Jack M. Gwaltney,166,4,776-782,https://doi.org/10.1093/infdis/166.4.776
10.1093/infdis/150.2.174,pdfs,yes,yes,rct,no,,intranasal interferon-alpha | rhinovirus | antiviral treatment | experimental infection | viral shedding,"Intranasal Interferon- 2, Treatment of Experimental Rhinoviral Colds",Journal of Infectious Diseases,1984,Hayden FG; Gwaltney JM Jr,150,2,174-180,https://doi.org/10.1093/infdis/150.2.174
10.1093/infdis/154.3.443,pdfs,yes,yes,rct,no,,intranasal interferon | coronavirus prophylaxis | experimental challenge trial | antiviral nasal spray,Prevention of Experimental Coronavirus Colds with Intranasal  -2b Interferon,Journal of Infectious Diseases,1986,Turner RB; Felton A.; Kosak K.; Kelsey DK; Meschievitz CK,154,3,443-447,https://doi.org/10.1093/infdis/154.3.443
10.1093/infdis/158.1.166,pdfs,yes,yes,other,no,,intranasal interferon | rhinovirus | tolerance study | efficacy study | experimental challenge,Tolerance and Efficacy of Intranasal Administration of Recombinant  serine Interferon in Healthy Adults,Journal of Infectious Diseases,1988,Sperber SJ; Levine PA; Innes DJ; Mills SE; Hayden FG,158,1,166-175,https://doi.org/10.1093/infdis/158.1.166
10.1093/jac/18.supplement_b.153,pdfs,yes,yes,other,no,,intranasal interferon | rhinovirus | coronavirus | influenza | prophylaxis,The efficacy and tolerance of intranasal interferons: studies at the Common Cold Unit,Journal of Antimicrobial Chemotherapy,1986,Tyrrell DA,18,Supplement_B,153-156,https://doi.org/10.1093/jac/18.supplement_b.153
10.1093/infdis/160.4.700,pdfs,yes,yes,rct,no,,intranasal interferon | rhinovirus prophylaxis | recombinant interferon-β-serine | nasal drops,Ineffectiveness of Recombinant Interferon- serine Nasal Drops for Prophylaxis of Natural Colds,Journal of Infectious Diseases,1989,Sperber SJ; Levine PA; Sorrentino JV; Riker DK; Hayden FG,160,4,700-705,https://doi.org/10.1093/infdis/160.4.700
10.1093/jac/dku127,pdfs,yes,yes,other,no,,zanamivir dimer | intranasal antiviral | influenza treatment | oseltamivir resistance | prophylaxis,A zanamivir dimer with prophylactic and enhanced therapeutic activity against influenza viruses,Journal of Antimicrobial Chemotherapy,2014,E. Bart Tarbet; Stephanie Hamilton; Almut H. Vollmer; Angela Luttick; W.C. Ng; Marie E. Pryor; Brett L. Hurst; Simon Crawford; D. F. SMEE; Simon P. Tucker,69,8,2164-2174,https://doi.org/10.1093/jac/dku127
10.1093/infdis/jir622,pdfs,yes,yes,other,no,,RSV nanobodies | intranasal immunotherapy | fusion protein inhibition | prophylactic treatment | therapeutic intervention,Nanobodies® Specific for Respiratory Syncytial Virus Fusion Protein Protect Against Infection by Inhibition of Fusion,The Journal of Infectious Diseases,2011,Bert Schepens; Lorena Itatí Ibañez; Sarah De Baets; Anna Hultberg; Pieter Bogaert; Pieter De Bleser; Frederik Vervalle; Theo Verrips; José Melero; Wesly Vandevelde; Peter Vanlandschoot; Xavier Saelens,204,11,1692-1701,https://doi.org/10.1093/infdis/jir622
10.1093/oxfordjournals.aje.a114683,pdfs,yes,yes,rct,no,,intranasal interferon | influenza B | prophylaxis | household transmission | asymptomatic shedding,INFLUENZA B IN HOUSEHOLDS: VIRUS SHEDDING WITHOUT SYMPTOMS OR ANTIBODY RESPONSE,American Journal of Epidemiology,1987,HJORDIS M. FOY; MARION K. COONEY; INEZ D. ALLAN; JANICE K. ALBRECHT,126,3,506-515,https://doi.org/10.1093/oxfordjournals.aje.a114683
10.1099/vir.0.038679-0,pdfs,yes,yes,other,no,,antiviral peptides | influenza A | intranasal delivery | entry inhibitors | animal model,A novel family of peptides with potent activity against influenza A viruses,Journal of General Virology,2012,Marlynne Q. Nicol; Yvonne Ligertwood; Matthew N. Bacon; Bernadette M. Dutia; Anthony A. Nash,93,5,980-986,https://doi.org/10.1099/vir.0.038679-0
10.1099/0022-1317-68-11-2831,pdfs,no,yes,other,yes,,HSV-2 | intranasal immunomodulator | poly(rI).poly(rC12U) | cutaneous herpes | animal model,Augmentation of Natural Immune Defence Mechanisms and Therapeutic Potential of a Mismatched Double-stranded Polynucleotide in Cutaneous Herpes Simplex Virus Type 2 Infection,Journal of General Virology,1987,Aurelian L.; Rinehart CL; Wachsman M.; Kulka M.; Ts'o PO,68,11,2831-2838,https://doi.org/10.1099/0022-1317-68-11-2831
10.1101/2020.05.18.103184,pdfs,yes,no,other,yes,protocol,povidone-iodine | nasal spray | SARS-CoV-2 | in-vitro | formulation development,"<i>In-Vivo</i>
                  Toxicity Studies and
                  <i>In-Vitro</i>
                  Inactivation of SARS-CoV-2 by Povidone-iodine
                  <i>In-situ</i>
                  Gel Forming Formulations",bioRxiv,2020,Bo Liang; Xudong Yuan; Gang Wei; Wei Wang; Ming Zhang; Haizhou Peng; Amin Javer; Michelle Mendenhall; Justin Julander; Sammi Huang; Hany Michail; Yong Lu; Qi Zhu; John Baldwin,,,,https://doi.org/10.1101/2020.05.18.103184
10.1101/2020.07.28.224733,pdfs,yes,no,other,yes,review,iota-carrageenan | in vitro neutralization | SARS-CoV-2 | spike pseudotyped lentivirus,SARS-CoV-2 in-vitro neutralization assay reveals inhibition of virus entry by iota-carrageenan,bioRxiv,2020,Martina Morokutti-Kurz; Philipp Graf; Andreas Grassauer; Eva Prieschl-Grassauer,,,,https://doi.org/10.1101/2020.07.28.224733
10.1101/2020.08.19.225854,pdfs,yes,no,other,yes,protocol,iota-carrageenan | xylitol | SARS-CoV-2 | in vitro,Iota-carrageenan and Xylitol inhibit SARS-CoV-2 in cell culture,bioRxiv,2020,Shruti Bansal; Colleen B. Jonsson; Shannon L. Taylor; Juan Manuel Figueroa; Andrea Vanesa Dugour; Carlos Palacios; Julio César Vega,,,,https://doi.org/10.1101/2020.08.19.225854
10.1101/2022.04.12.488010,pdfs,yes,yes,other,no,,siRNA | intranasal antiviral | SARS-CoV-2 prophylaxis | animal model,Genome wide screen of RNAi molecules against SARS-CoV-2 creates a broadly potent prophylaxis,bioRxiv : the preprint server for biology,2022,Ohad Yogev; Omer Weissbrod; Giorgia Battistoni; Dario Bressan; Adi Naamti; Ilaria Falciatori; Ahmet C. Berkyurek; Roni Rasnic; Myra Hosmillo; Shaul Ilan; Iris Grossman; Lauren McCormick; Christopher C. Honeycutt; Timothy Johnston; Matthew Gagne; Daniel C. Douek; Ian Goodfellow; Gregory J. Hannon; Yaniv Erlich,,,,https://doi.org/10.1101/2022.04.12.488010
10.1101/2025.04.10.648177,pdfs,yes,yes,other,no,,antiviral nanobinders | intranasal delivery | mucin anchoring | SARS-CoV-2 | animal model,Mucin anchoring of SARS-CoV-2 neutralizing nanobinders increases intranasal antiviral efficacy,bioRxiv,2025,Joelton Rocha Gomes; Juliette Jacquelin; Amélie Donchet; Nathalie Lejal; Quentin Nevers; Bernard Klonjkowski; Sophie Le Poder; Bernard Delmas; Nicolas Meunier,,,,https://doi.org/10.1101/2025.04.10.648177
10.1101/2025.04.16.649247,pdfs,yes,yes,other,no,,interferon-lambda | intranasal biologic | AI protein design | influenza prophylaxis | mucosal antiviral,Enhancing the protein fitness of interferon-lambda through computational design and glyco-engineering for prophylactic nasal drugs against respiratory viruses,bioRxiv,2025,Jeongwon Yun; Seungju Yang; Jae Hyuk Kwon; Luiz Felipe Vecchietti; Meeyoung Cha; Hyun Jung Chung; Ji Eun Oh; Ho Min Kim,,,,https://doi.org/10.1101/2025.04.16.649247
10.1111/irv.13035,pdfs,yes,yes,other,no,,povidone-iodine | influenza transmission | animal model | antiseptic nasal spray,Intranasal antisepsis to reduce influenza virus transmission in an animal model,Influenza and Other Respiratory Viruses,2023,Nassima Gaaloul ben Hnia; Mathew Kipkemboi Komen; Katie F. Wlaschin; Ranjani V. Parthasarathy; Kevin D. Landgrebe; Nicole M. Bouvier,17,1,e13035,https://doi.org/10.1111/irv.13035
10.1128/aac.00333-08,pdfs,yes,yes,other,no,,neuraminidase inhibitor | intranasal antiviral | influenza | CS-8958 | animal model,"CS-8958, a Prodrug of the New Neuraminidase Inhibitor R-125489, Shows Long-Acting Anti-Influenza Virus Activity",Antimicrobial Agents and Chemotherapy,2009,Makoto Yamashita; Takanori Tomozawa; Masayo Kakuta; Akane Tokumitsu; Hatsumi Nasu; Shuku Kubo,53,1,186-192,https://doi.org/10.1128/aac.00333-08
10.1128/aac.00737-17,pdfs,no,no,other,yes,protocol,RSV | inhaled antiviral | preclinical | polymerase inhibitor,"Preclinical Characterization of PC786, an Inhaled Small-Molecule Respiratory Syncytial Virus L Protein Polymerase Inhibitor",Antimicrobial Agents and Chemotherapy,2017,Coates M.; Brookes D.; Kim YI; Allen H.; Fordyce EAF; Meals EA; Colley T.; Ciana CL; Parra GF; Sherbukhin V.; Stockwell JA; Thomas JC; Hunt SF; Anderson-Dring L.; Onions ST; Cass L.; Murray PJ; Ito K.; Strong P.; DeVincenzo JP; Rapeport G.,61,9,e00737-17,https://doi.org/10.1128/aac.00737-17
10.1128/aac.00014-09,pdfs,yes,yes,other,no,,intranasal siRNA | RSV antiviral | animal model | prophylactic treatment | therapeutic treatment,RNA Interference-Mediated Silencing of the Respiratory Syncytial Virus Nucleocapsid Defines a Potent Antiviral Strategy,Antimicrobial Agents and Chemotherapy,2009,Rene Alvarez; Sayda Elbashir; Todd Borland; Ivanka Toudjarska; Philipp Hadwiger; Mathias John; Ingo Roehl; Svetlana Shulga Morskaya; Rick Martinello; Jeffrey Kahn; Mark Van Ranst; Ralph A. Tripp; John P. DeVincenzo; Rajendra Pandey; Martin Maier; Lubomir Nechev; Muthiah Manoharan; Victor Kotelianski; Rachel Meyers,53,9,3952-3962,https://doi.org/10.1128/aac.00014-09
10.1124/jpet.112.196485,pdfs,yes,yes,other,no,,PAR2 peptide | intranasal treatment | influenza A | mouse model | immunomodulation,Inhibitory Influence of the Hexapeptidic Sequence SLIGRL on Influenza A Virus Infection in Mice,The Journal of Pharmacology and Experimental Therapeutics,2012,Richard J. Betts; Tracy S. Mann; Peter J. Henry,343,3,725-735,https://doi.org/10.1124/jpet.112.196485
10.1128/aac.00731-09,pdfs,yes,no,other,yes,protocol,neuraminidase inhibitor | intranasal antiviral | influenza | pharmacokinetics,"CS-8958, a Prodrug of the Novel Neuraminidase Inhibitor R-125489, Demonstrates a Favorable Long-Retention Profile in the Mouse Respiratory Tract",Antimicrobial Agents and Chemotherapy,2009,Kumiko Koyama; Makoto Takahashi; Masataka Oitate; Naoko Nakai; Hideo Takakusa; Shin-ichi Miura; Osamu Okazaki,53,11,4845-4851,https://doi.org/10.1128/aac.00731-09
10.1128/aac.01050-23,pdfs,yes,yes,other,no,,PIKfyve inhibitor | intranasal antiviral | influenza | RSV | respiratory viruses,Pan-antiviral effects of a PIKfyve inhibitor on respiratory virus infection in human nasal epithelium and mice,Antimicrobial Agents and Chemotherapy,2024,Jonathan Baker; Hugo Ombredane; Leah Daly; Ian Knowles; Garth Rapeport; Kazuhiro Ito,68,1,e0105023,https://doi.org/10.1128/aac.01050-23
10.1128/aac.15.2.269,pdfs,yes,yes,rct,no,,interferon inducer | rhinovirus challenge | nasal spray | prophylaxis | human volunteer trial,"Lack of Effect of an Interferon Inducer,
            <i>N,N</i>
            -Dihexadecyl-
            <i>m</i>
            -Xylylenediamine, on Rhinovirus Challenge in Humans",Antimicrobial Agents and Chemotherapy,1979,Douglas RG Jr; Waldman RH; Betts RF; Ganguly R.,15,2,269-272,https://doi.org/10.1128/aac.15.2.269
10.1128/aac.14.4.596,pdfs,yes,yes,other,no,,intranasal interferon | antiviral prophylaxis | human nasal epithelium | vesicular stomatitis virus | application method,Antiviral Activity of Intranasally Applied Human Leukocyte Interferon,Antimicrobial Agents and Chemotherapy,1978,Stephen B. Greenberg; Maurice W. Harmon; Paul E. Johnson; Robert B. Couch,14,4,596-600,https://doi.org/10.1128/aac.14.4.596
10.1128/aac.16.5.644,pdfs,yes,yes,other,no,,amantadine aerosol | intranasal antiviral | influenza A | pharmacology | safety,Amantadine aerosols in normal volunteers: pharmacology and safety testing,Antimicrobial Agents and Chemotherapy,1979,Hayden FG; Hall WJ; Douglas RG Jr; Speers DM,16,5,644-650,https://doi.org/10.1128/aac.16.5.644
10.1128/aac.01664-12,pdfs,yes,yes,other,no,,intranasal antiviral | zanamivir | influenza | animal model | drug delivery,Exacerbation of Influenza Virus Infections in Mice by Intranasal Treatments and Implications for Evaluation of Antiviral Drugs,Antimicrobial Agents and Chemotherapy,2012,Smee DF; von Itzstein M.; Bhatt B.; Tarbet EB,56,12,6328-6333,https://doi.org/10.1128/aac.01664-12
10.1128/aac.24.5.713,pdfs,yes,yes,rct,no,,intranasal interferon | coronavirus | prophylaxis | respiratory infection,Intranasal interferon as protection against experimental respiratory coronavirus infection in volunteers,Antimicrobial Agents and Chemotherapy,1983,Higgins PG; Phillpotts RJ; Scott GM; Wallace J.; Bernhardt LL; Tyrrell DA,24,5,713-715,https://doi.org/10.1128/aac.24.5.713
10.1128/aac.26.1.31,pdfs,yes,yes,rct,no,,intranasal interferon-alpha | rhinovirus prophylaxis | prophylactic treatment | randomized controlled trial | natural colds,Intranasal interferon-alpha 2 for prevention of natural rhinovirus colds,Antimicrobial Agents and Chemotherapy,1984,Farr BM; Gwaltney JM Jr; Adams KF; Hayden FG,26,1,31-34,https://doi.org/10.1128/aac.26.1.31
10.1128/aac.32.2.224,pdfs,yes,yes,rct,no,,intranasal interferon | common cold | rhinovirus | treatment trial | antiviral,Intranasal recombinant alfa-2b interferon treatment of naturally occurring common colds,Antimicrobial Agents and Chemotherapy,1988,Hayden FG; Kaiser DL; Albrecht JK,32,2,224-230,https://doi.org/10.1128/aac.32.2.224
10.1128/aac.33.3.387,pdfs,yes,yes,rct,no,,intranasal interferon | rhinovirus prophylaxis | postexposure prevention | family transmission,Ineffectiveness of postexposure prophylaxis of rhinovirus infection with low-dose intranasal alpha 2b interferon in families,Antimicrobial Agents and Chemotherapy,1989,Monto AS; Schwartz SA; Albrecht JK,33,3,387-390,https://doi.org/10.1128/aac.33.3.387
10.1128/aac.34.11.2228,pdfs,yes,yes,other,no,,rimantadine aerosol | influenza treatment | safety pharmacokinetics | small-particle aerosol delivery,Safety and pharmacokinetics of rimantadine small-particle aerosol,Antimicrobial Agents and Chemotherapy,1990,Robert L. Atmar; Stephen B. Greenberg; John M. Quarles; S Z Wilson; Betty Tyler; Stuart Feldman; R. B. Couch,34,11,2228-2233,https://doi.org/10.1128/aac.34.11.2228
10.1128/aac.36.4.727,pdfs,yes,yes,rct,no,,intranasal antiviral | pirodavir | rhinovirus | prophylaxis | experimental challenge trial,Safety and efficacy of intranasal pirodavir (R77975) in experimental rhinovirus infection,Antimicrobial Agents and Chemotherapy,1992,Frederick G. Hayden; Koen Andries; Paul A. J. Janssen,36,4,727-732,https://doi.org/10.1128/aac.36.4.727
10.1128/aac.38.10.2270,pdfs,yes,yes,other,no,,intranasal antiviral|neuraminidase inhibitor|influenza A and B|animal model|GG167,"Inhibition of influenza virus replication in mice by GG167 (4-guanidino-2,4-dideoxy-2,3-dehydro-N-acetylneuraminic acid) is consistent with extracellular activity of viral neuraminidase (sialidase)",Antimicrobial Agents and Chemotherapy,1994,Ryan DM; Ticehurst J.; Dempsey MH; Penn CR,38,10,2270-2275,https://doi.org/10.1128/aac.38.10.2270
10.1128/aac.39.11.2583,pdfs,yes,yes,case_series,no,,intranasal antiviral | neuraminidase inhibitor | influenza treatment | animal model | ferret study,"GG167 (4-guanidino-2,4-dideoxy-2,3-dehydro-N-acetylneuraminic acid) is a potent inhibitor of influenza virus in ferrets",Antimicrobial Agents and Chemotherapy,1995,Ryan DM; Ticehurst J.; Dempsey MH,39,11,2583-2584,https://doi.org/10.1128/aac.39.11.2583
10.1128/aac.39.2.290,pdfs,yes,yes,rct,no,,intranasal antiviral | pirodavir | rhinovirus | treatment trial | naturally occurring infection,"Intranasal pirodavir (R77,975) treatment of rhinovirus colds",Antimicrobial Agents and Chemotherapy,1995,Frederick G. Hayden; G J Hipskind; Diane Woerner; Glen Eisen; Michel Janssens; Patricia A. Janssen; Koen Andries,39,2,290-294,https://doi.org/10.1128/aac.39.2.290
10.1128/aac.43.11.2642,pdfs,yes,yes,other,no,,zanamivir|intranasal antiviral|prophylaxis|influenza A|animal model,"Chemoprophylaxis of Influenza A Virus Infections, with Single Doses of Zanamivir, Demonstrates that Zanamivir Is Cleared Slowly from the Respiratory Tract",Antimicrobial Agents and Chemotherapy,1999,Robert J. Fenton; Peter J. Morley; Ian J. Owens; David Gower; Simon Parry; Lee Crossman; Tony Wong,43,11,2642-2647,https://doi.org/10.1128/aac.43.11.2642
10.1128/aac.45.4.1216-1224.2001,pdfs,yes,yes,other,no,,zanamivir|avian influenza|H5N1|intranasal antiviral|animal model,Efficacy of Zanamivir against Avian Influenza A Viruses That Possess Genes Encoding H5N1 Internal Proteins and Are Pathogenic in Mammals,Antimicrobial Agents and Chemotherapy,2001,Irina A. Leneva; Olga Goloubeva; Robert J. Fenton; Margaret Tisdale; Robert G. Webster,45,4,1216-1224,https://doi.org/10.1128/aac.45.4.1216-1224.2001
10.1128/aac.47.9.2933-2937.2003,pdfs,yes,yes,other,no,,aerosolized cidofovir | intranasal antiviral | cowpox virus | prophylaxis | respiratory tract protection,Aerosolized Cidofovir Is Retained in the Respiratory Tract and Protects Mice against Intranasal Cowpox Virus Challenge,Antimicrobial Agents and Chemotherapy,2003,Chad J. Roy; Robert Baker; Kenneth Washburn; Mike Bray,47,9,2933-2937,https://doi.org/10.1128/aac.47.9.2933-2937.2003
10.1128/jvi.00052-20,,unknown,,,,,,Airway Delivery of Anti-influenza Monoclonal Antibodies Results in Enhanced Antiviral Activities and Enables Broad-Coverage Combination Therapies,Journal of Virology,2020,Adam Vigil; Natalia Frias-Staheli; Teresa Carabeo; Michael Wittekind,94,22,e00052-20,https://doi.org/10.1128/jvi.00052-20
10.1128/aac.47.12.3907-3916.2003,pdfs,yes,yes,rct,no,,intranasal antiviral | rhinovirus | ruprintrivir | prophylaxis | treatment,"Phase II, Randomized, Double-Blind, Placebo-Controlled Studies of Ruprintrivir Nasal Spray 2-Percent Suspension for Prevention and Treatment of Experimentally Induced Rhinovirus Colds in Healthy Volunteers",Antimicrobial Agents and Chemotherapy,2003,Frederick G. Hayden; Ronald B. Turner; Jack M. Gwaltney; Kathy Chi-Burris; Merril Gersten; Poe Hsyu; Amy K. Patick; George J. Smith; Leora S. Zalman,47,12,3907-3916,https://doi.org/10.1128/aac.47.12.3907-3916.2003
10.1128/aac.46.3.841-847.2002,pdfs,yes,yes,other,no,,RSV inhibitor | intranasal antiviral | animal model | prophylaxis and treatment,"RFI-641, a Potent Respiratory Syncytial Virus Inhibitor",Antimicrobial Agents and Chemotherapy,2002,Clayton C. Huntley; William J. Weiss; Anna Gazumyan; Aron Buklan; Boris Feld; William Hu; Thomas R. Jones; Timothy Murphy; Antonia A. Nikitenko; Bryan O'Hara; Gregory Prince; Susan Quartuccio; Yuri E. Raifeld; Philip Wyde; John F. O'Connell,46,3,841-847,https://doi.org/10.1128/aac.46.3.841-847.2002
10.1128/cvi.00002-10,pdfs,yes,yes,other,no,,intranasal monoclonal antibody | H5N1 influenza | passive immunotherapy | animal model,Intranasal Delivery of an IgA Monoclonal Antibody Effective against Sublethal H5N1 Influenza Virus Infection in Mice,Clinical and Vaccine Immunology,2010,Jianqiang Ye; Hongxia Shao; Danielle Hickman; Matthew Angel; Kemin Xu; Yibin Cai; Haichen Song; Ron A. M. Fouchier; Aijian Qin; Daniel R. Perez,17,9,1363-1370,https://doi.org/10.1128/cvi.00002-10
10.1128/iai.9.3.506-510.1974,pdfs,yes,yes,rct,no,,intranasal interferon | interferon inducer | rhinovirus | prophylaxis | experimental infection,Effect of Induced Interferon in Experimental Rhinovirus Infections in Volunteers,Infection and Immunity,1974,Douglas RG Jr; Betts RF,9,3,506-510,https://doi.org/10.1128/iai.9.3.506-510.1974
10.1128/jvi.00743-08,pdfs,yes,yes,other,no,,intranasal antiviral | defective influenza virus | prophylaxis | therapeutic treatment | animal model,Influenza Virus Protecting RNA: an Effective Prophylactic and Therapeutic Antiviral,Journal of Virology,2008,Nigel J. Dimmock; Edward W. Rainsford; Paul D. Scott; Anthony C. Marriott,82,17,8570-8578,https://doi.org/10.1128/jvi.00743-08
10.1128/jvi.02174-08,pdfs,yes,yes,other,no,,intranasal interferon | influenza H5N1 | H1N1 pandemic | antiviral treatment | animal model,Pathogenesis of 1918 Pandemic and H5N1 Influenza Virus Infections in a Guinea Pig Model: Antiviral Potential of Exogenous Alpha Interferon To Reduce Virus Shedding,Journal of Virology,2009,Neal Van Hoeven; Jessica A. Belser; Kristy J. Szretter; Hui Zeng; Peter Staeheli; David E. Swayne; Jacqueline M. Katz; Terrence M. Tumpey,83,7,2851-2861,https://doi.org/10.1128/jvi.02174-08
10.1128/jvi.01327-25,pdfs,yes,yes,other,no,,intranasal antibody delivery | H7 influenza | airway-delivered monoclonal antibody | prophylaxis and treatment | animal model,Direct airway delivery of a humanized anti-H7N9 neutralizing antibody broadly protects against divergent H7 influenza viruses in the mouse model,Journal of Virology,2025,Wang Yu; Xiaozheng He; Jiangyan Zhao; Yunlong Dou; Tingyu Hu; Xia Chen; Xuran Ma; Xiaoquan Wang; Shunlin Hu; Jiao Hu; Xiufan Liu; Zenglei Hu,99,12,e0132725,https://doi.org/10.1128/jvi.01327-25
10.1128/jvi.01363-09,pdfs,yes,yes,other,no,,antiviral peptide | intranasal treatment | SARS-CoV | mouse model | immunomodulation,Rhesus Theta-Defensin Prevents Death in a Mouse Model of Severe Acute Respiratory Syndrome Coronavirus Pulmonary Disease,Journal of Virology,2009,Christine L. Wohlford-Lenane; David K. Meyerholz; Stanley Perlman; Haixia Zhou; Dat Tran; Michael E. Selsted; Paul B. McCray,83,21,11385-11390,https://doi.org/10.1128/jvi.01363-09
10.1128/jvi.02417-14,pdfs,yes,yes,case_series,no,,intranasal antiviral peptides | fusion inhibitor | measles virus prophylaxis | animal models,Prevention of Measles Virus Infection by Intranasal Delivery of Fusion Inhibitor Peptides,Journal of Virology,2015,Cyrille Mathieu; Devra Huey; Eric M. Jurgens; Jérémy Welsch; Ilaria DeVito; Aparna Talekar; Branka Horvat; Stefan Niewiesk; Anne Moscona; Matteo Porotto,89,2,1143-1155,https://doi.org/10.1128/jvi.02417-14
10.1128/jvi.02453-08,pdfs,yes,yes,other,no,,intranasal interferon | influenza treatment | animal model | prophylaxis,Intranasal Administration of Alpha Interferon Reduces Seasonal Influenza A Virus Morbidity in Ferrets,Journal of Virology,2009,Daniela Kugel; Georg Kochs; Karola Obojes; Joachim Roth; Gary P. Kobinger; Darwyn Kobasa; Otto Haller; Peter Staeheli; Veronika von Messling,83,8,3843-3851,https://doi.org/10.1128/jvi.02453-08
10.1128/mbio.02756-21,pdfs,yes,yes,other,no,,interferon-lambda | intranasal antiviral | SARS-CoV-2 | murine model | prophylaxis,Interferon-Lambda Intranasal Protection and Differential Sex Pathology in a Murine Model of SARS-CoV-2 Infection,mBio,2021,Sook-Young Sohn; Janet Hearing; JoAnn Mugavero; Varvara Kirillov; Elena Gorbunova; Luke Helminiak; Smruti Mishra; Erich Mackow; Patrick Hearing; Nancy C. Reich; Hwan Keun Kim,12,6,e0275621,https://doi.org/10.1128/mbio.02756-21
10.1134/s1607672922050155,pdfs,yes,yes,other,no,,vinylphosphonic acid polymers | intranasal antiviral | influenza prophylaxis | in vitro and in vivo studies,Synthesis and Anti-influenza Activity of Vinylphosphonic Acid (Co)polymers,Doklady Biochemistry and Biophysics,2022,Zarubaev VV; Buchkov EV; Nazarova OV; Zolotova YI; Panarin EF,506,1,227-230,https://doi.org/10.1134/s1607672922050155
10.1128/jvi.03258-15,pdfs,no,no,other,yes,,interferon | adenovirus vector | mouse model | in vitro assay,A Recombinant Adenovirus Expressing Ovine Interferon Tau Prevents Influenza Virus-Induced Lethality in Mice,Journal of Virology,2016,Martín V.; Pascual E.; Avia M.; Rangel G.; de Molina A.; Alejo A.; Sevilla N.,90,7,3783-3788,https://doi.org/10.1128/jvi.03258-15
10.1134/s1990519x25060082,pdfs,yes,yes,other,no,,intranasal interferon | double-stranded RNA | influenza | antiviral | innate immunomodulation,Antiviral Properties of Composition Preparations of Double-Stranded RNA and Human Interferon alpha-2b,Cell and Tissue Biology,2025,S. G. Gamaley; M. O. Skarnovich; О. Yu. Мazurkov; Shishkina Ln; E. S. Bashkina; S. V. Usova; О. S. Ivanova; G. M. Levagina; Е. Д. Даниленко,19,6,568-576,https://doi.org/10.1134/s1990519x25060082
10.1136/ebm.5.3.80,pdfs,yes,yes,rct,no,,zanamivir | intranasal antiviral | influenza treatment | neuraminidase inhibitor | symptom relief,Zanamivir speeds symptom relief in influenza,Evidence Based Medicine,2000,Kristin L. Nichol,5,3,80-80,https://doi.org/10.1136/ebm.5.3.80
10.1136/bmjopen-2023-073735,pdfs,yes,yes,other,no,,intranasal Q-Griffithsin | COVID-19 prophylaxis | product acceptability | phase 1 trial | patient-reported outcomes,Development and validation of a product acceptability questionnaire for intranasal Q-Griffithsin COVID-19 prophylaxis (SPRAY PAL),BMJ Open,2023,Elizabeth Cash; Kailyn Deitz; Kevin L. Potts; Henry W. Nabeta; Maryam Zahin; Shesh N. Rai; Gerald W. Dryden; Kenneth E. Palmer,13,9,e073735,https://doi.org/10.1136/bmjopen-2023-073735
10.1136/bmj.284.6332.1822,pdfs,yes,yes,rct,no,,intranasal interferon | rhinovirus | prophylaxis | double-blind RCT | respiratory virus protection,Purified interferon as protection against rhinovirus infection.,BMJ,1982,Scott GM; Phillpotts RJ; Wallace J.; Secher DS; Cantell K.; Tyrrell DA,284,6332,1822-1825,https://doi.org/10.1136/bmj.284.6332.1822
10.1136/thx.45.2.100,pdfs,yes,yes,case_series,no,,ribavirin | intranasal antiviral | nasal epithelium | in vitro testing | respiratory epithelium,In vitro and in vivo effects of ribavirin on human respiratory epithelium.,Thorax,1990,Han LY; Wilson R.; Slater S.; Rutman A.; Read RC; Snell NJ; Cole PJ,45,2,100-104,https://doi.org/10.1136/thx.45.2.100
10.1152/ajplung.00552.2020,pdfs,yes,yes,other,no,,carrageenan | SARS-CoV-2 | nasal spray | in vitro | antiviral barrier agent,Carrageenan-containing over-the-counter nasal and oral sprays inhibit SARS-CoV-2 infection of airway epithelial cultures,American Journal of Physiology-Lung Cellular and Molecular Physiology,2021,Desiree Schütz; Carina Conzelmann; Giorgio Fois; Rüdiger Groß; Tatjana Weil; Lukas Wettstein; Steffen Stenger; Alexander Zelikin; Thomas K. Hoffmann; Manfred Frick; Janis A. Müller; Jan Münch,320,5,L750-L756,https://doi.org/10.1152/ajplung.00552.2020
10.1136/thx.46.10.706,pdfs,yes,yes,rct,no,,intranasal interferon | prophylaxis | rhinovirus | chronic respiratory disease | randomized controlled trial,Prophylactic intranasal alpha 2 interferon and viral exacerbations of chronic respiratory disease.,Thorax,1991,Wiselka MJ; Nicholson KG; Kent J.; Cookson JB; Tyrrell DA,46,10,706-711,https://doi.org/10.1136/thx.46.10.706
10.1155/2013/194976,pdfs,yes,yes,case_series,no,,intranasal immunomodulator | H5N1 influenza | polysaccharide | prophylaxis | mouse model,Immunomodulatory Activity and Protective Effects of Polysaccharide from<i>Eupatorium adenophorum</i>Leaf Extract on Highly Pathogenic H5N1 Influenza Infection,Evidence-Based Complementary and Alternative Medicine,2013,Yi Jin; Yuewei Zhang; Chunyan Wan; Hongjun Wang; Lingyu Hou; Jianyu Chang; Kai Fan; Xiangming Xie,2013,,1-9,https://doi.org/10.1155/2013/194976
10.1155/vmi/5582663,pdfs,no,no,other,yes,,sialidase toxicity | in vivo animal study | Clostridium perfringens | intranasal administration,"Acute and Subacute Toxicity of Sialidase From
                    <i>Clostridium perfringens</i>
                    Type A in Mice (
                    <i>Mus musculus</i>
                    ): Organ‐Specific Damage and Immune Response",Veterinary Medicine International,2025,Silaen OSM; Nugroho CMH; Kurnia RS; Widyaningtyas ST; Wayan Teguh Wibawan I.; Sasmono RT; Soebandrio A.,2025,1,5582663,https://doi.org/10.1155/vmi/5582663
10.1164/rccm.201908-1567oc,pdfs,no,no,other,yes,,RSV pathogenesis | host factors | CXCL4 biomarker | mechanistic study,Chemokine (C-X-C Motif) Ligand 4 Is a Restrictor of Respiratory Syncytial Virus Infection and an Indicator of Clinical Severity,American Journal of Respiratory and Critical Care Medicine,2020,Zibo Han; Jian Rao; Zhengde Xie; Conghui Wang; Baoping Xu; Suyun Qian; Yingying Wang; Junlin Zhu; Bin Yang; Fengwen Xu; Xiaobo Lei; Fei Guo; Zhendong Zhao; Lili Ren; Jianwei Wang,202,5,717-729,https://doi.org/10.1164/rccm.201908-1567oc
10.1165/rcmb.2016-0174oc,pdfs,yes,yes,other,no,,interferon-lambda | intranasal antiviral | influenza treatment | innate immunity | mouse model,The Superiority of IFN-λ as a Therapeutic Candidate to Control Acute Influenza Viral Lung Infection,American Journal of Respiratory Cell and Molecular Biology,2017,Sujin Kim; Min-Ji Kim; Chang-Hoon Kim; Ju Wan Kang; Ha Kyung Shin; Dong-Young Kim; Tae-Bin Won; Doo Hee Han; Chae Seo Rhee; Joo-Heon Yoon; Hyun Jik Kim,56,2,202-212,https://doi.org/10.1165/rcmb.2016-0174oc
10.1159/000097758,pdfs,yes,yes,other,no,,povidone-iodine | liposomal nasal spray | tolerability | safety | phase I,A Clinical Study on the Tolerability of a Liposomal Povidone-Iodine Nasal Spray: Implications for Further Development,ORL,2007,Gluck U.; Martin U.; Bosse B.; Reimer K.; Mueller S.,69,2,92-99,https://doi.org/10.1159/000097758
10.1165/rcmb.2010-0288oc,pdfs,yes,yes,other,no,,innate immunomodulation | intranasal immunotherapy | influenza prophylaxis | DMXAA | interferon activation,Pharmacologic Activation of the Innate Immune System to Prevent Respiratory Viral Infections,American Journal of Respiratory Cell and Molecular Biology,2011,Guanjun Cheng; Liang-Chuan S. Wang; Zvi G. Fridlender; Guang-Shing Cheng; Bei Chen; Nilam S. Mangalmurti; Vassiliki Saloura; Zaifang Yu; Veena Kapoor; Krystyna Mozdzanowska; Edmund Moon; Jing Sun; James L. Kreindler; Noam A. Cohen; Andrew J. Caton; Jan Erikson; Steven M. Albelda,45,3,480-488,https://doi.org/10.1165/rcmb.2010-0288oc
10.1165/rcmb.2011-0194oc,pdfs,no,yes,other,yes,,phospholipid surfactant | influenza A | in vitro cell culture | animal model,Phosphatidylglycerol Suppresses Influenza A Virus Infection,American Journal of Respiratory Cell and Molecular Biology,2012,Mari Numata; Pitchaimani Kandasamy; Yoji Nagashima; Janelle Posey; Kevan Hartshorn; David Woodland; Dennis R. Voelker,46,4,479-487,https://doi.org/10.1165/rcmb.2011-0194oc
10.1177/00912700022008900,pdfs,yes,yes,rct,no,,zanamivir | intranasal antiviral | influenza treatment | pharmacokinetics | phase I/II trials,A Population Pharmacokinetic Analysis of Zanamivir in Subjects with Experimental and Naturally Occurring Influenza: Effects of Formulation and Route of Administration,The Journal of Clinical Pharmacology,2000,Amy W. Peng; Elizabeth K. Hussey; Katy H. P. Moore,40,3,242-249,https://doi.org/10.1177/00912700022008900
10.1177/0145561320957237,pdfs,yes,no,other,yes,review,povidone-iodine | SARS-CoV-2 | in vitro efficacy | nasal antiseptic,Efficacy of Povidone-Iodine Nasal and Oral Antiseptic Preparations Against Severe Acute Respiratory Syndrome-Coronavirus 2 (SARS-CoV-2),"Ear, Nose &amp; Throat Journal",2021,Jesse S. Pelletier; Belachew Tessema; Samantha Frank; Jonna B. Westover; Seth M. Brown; Joseph A. Capriotti,100,2_suppl,192S-196S,https://doi.org/10.1177/0145561320957237
10.1177/135965359900400302,pdfs,yes,yes,rct,no,,intranasal zanamivir | influenza prophylaxis | neuraminidase inhibitor | experimental human challenge | viral shedding,Safety and Efficacy of Once Daily Intranasal Zanamivir in Preventing Experimental Human Influenza a Infection,Antiviral Therapy,1999,David P. Calfee; Amy W. Peng; Elizabeth K. Hussey; Monica Lobo; Frederick G. Hayden,4,3,143-149,https://doi.org/10.1177/135965359900400302
10.1183/23120541.00199-2024,pdfs,yes,yes,rct,no,,innate immunomodulator | TLR agonist | intranasal prophylaxis | influenza challenge | viral clearance,"Evaluation of Intranasal TLR2/6 agonist INNA-051: Safety, Tolerability and Proof of Pharmacology",ERJ Open Research,2024,Francesca A. Mercuri; Scott White; Hayley A. McQuilten; Charlotte Lemech; Stephan Mynhardt; Rana Hari; Ping Zhang; Nicole Kruger; Grant McLachlan; Bruce E. Miller; Nicholas P. West; Ruth Tal-Singer; Christophe Demaison,10,6,00199-2024,https://doi.org/10.1183/23120541.00199-2024
10.1186/1465-9921-14-124,pdfs,yes,yes,rct,no,,carrageenan nasal spray | common cold | viral load reduction | symptom duration,Efficacy of a Carrageenan nasal spray in patients with common cold: a randomized controlled trial,Respiratory Research,2013,Martin Ludwig; Elisabeth Enzenhofer; Sven Schneider; Margit Rauch; Angelika Bodenteich; Kurt Neumann; Eva Prieschl-Grassauer; Andreas Grassauer; Thomas Lion; Christian A. Mueller,14,1,124,https://doi.org/10.1186/1465-9921-14-124
10.1186/cc13171,pdfs,no,yes,other,yes,,TNF-alpha inhibition | influenza | immunomodulation | animal model,Inhibition of the inflammatory cytokine tumor necrosis factor-alpha with etanercept provides protection against lethal H1N1 influenza infection in mice,Critical Care,2013,Xunlong Shi; Wei Zhou; Hai Huang; Hongguang Zhu; Pei Zhou; Haiyan Zhu; Dianwen Ju,17,6,R301,https://doi.org/10.1186/cc13171
10.1186/1465-9921-8-38,pdfs,yes,yes,other,no,,low pH nasal spray | influenza inactivation | ferret model | antiviral intervention,Low pH gel intranasal sprays inactivate influenza viruses in vitro and protect ferrets against influenza infection,Respiratory Research,2007,Paul Rennie; Philip Bowtell; David Hull; Duane Charbonneau; Robert Lambkin-Williams; John Oxford,8,1,38,https://doi.org/10.1186/1465-9921-8-38
10.1186/1465-9921-11-108,pdfs,yes,yes,rct,no,,iota-carrageenan | nasal spray | common cold | antiviral | randomized controlled trial,"Efficacy and safety of an antiviral Iota-Carrageenan nasal spray: a randomized, double-blind, placebo-controlled exploratory study in volunteers with early symptoms of the common cold",Respiratory Research,2010,Ron Eccles; Christiane Meier; Martez Jawad; Regina Weinmüllner; Andreas Grassauer; Eva Prieschl-Grassauer,11,1,108,https://doi.org/10.1186/1465-9921-11-108
10.1186/1472-6882-12-147,pdfs,yes,yes,rct,no,,iota-carrageenan | nasal spray | common cold | children | antiviral,Lessons learned from a double-blind randomised placebo-controlled study with a iota-carrageenan nasal spray as medical device in children with acute symptoms of common cold,BMC Complementary and Alternative Medicine,2012,Tamas Fazekas; Philipp Eickhoff; Nathalie Pruckner; Georg Vollnhofer; Gustav Fischmeister; Christopher Diakos; Margit Rauch; Maria Verdianz; Andreas Zoubek; Helmut Gadner; Thomas Lion,12,1,147,https://doi.org/10.1186/1472-6882-12-147
10.1186/s12879-024-09137-y,pdfs,yes,yes,rct,no,,povidone-iodine | nasal rinse | COVID-19 | SARS-CoV-2 | viral load,"Efficacy of povidone-iodine nasal rinse and mouth wash in COVID-19 management: a prospective, randomized pilot clinical trial (povidone-iodine in COVID-19 management)",BMC Infectious Diseases,2024,Saad Alsaleh; Ahmed Alhussien; Abduljabbar Alyamani; Fahad Alhussain; Ali Alhijji; Khalifa Binkhamis; Anas Khan; Amin Javer; Fatimah S. Alshahrani,24,1,271,https://doi.org/10.1186/s12879-024-09137-y
10.1186/s12865-023-00573-0,pdfs,yes,yes,other,no,,intranasal immunomodulator | methionine enkephalin | influenza | T cell response | prophylaxis,Methionine enkephalin(MENK) upregulated memory T cells in anti-influenza response,BMC Immunology,2023,Jing Tian; Wenrui Fu; Zifeng Xie; Xiaonan Wang; Miao Miao; Fengping Shan; Xiaodong Yu,24,1,38,https://doi.org/10.1186/s12865-023-00573-0
10.1186/s12931-024-02718-0,pdfs,yes,yes,other,no,,antiviral nasal spray | P80 natural essence | SARS-CoV-2 | influenza | epithelial barrier model,"P80 natural essence spray and lozenges provide respiratory protection against Influenza A, B, and SARS-CoV-2",Respiratory Research,2024,Viktoria Zaderer; Gabriel Diem; Wilfried Posch; Thomas Jakschitz; Günther K. Bonn; Rosa Bellmann-Weiler; Lukas A. Huber; Doris Wilflingseder,25,1,102,https://doi.org/10.1186/s12931-024-02718-0
10.1186/s12974-023-02960-1,pdfs,yes,yes,other,no,,intranasal interferon | VEEV | neuroinvasion | olfactory sensory neurons | viral suppression,Post-exposure intranasal IFNα suppresses replication and neuroinvasion of Venezuelan Equine Encephalitis virus within olfactory sensory neurons,Journal of Neuroinflammation,2024,Cain MD; Klein NR; Jiang X.; Salimi H.; Wu Q.; Miller MJ; Klimstra WB; Klein RS,21,1,24,https://doi.org/10.1186/s12974-023-02960-1
10.1186/s12985-022-01953-5,pdfs,no,no,other,yes,,resveratrol | porcine coronavirus | in vitro antiviral | animal model,Suppression of porcine hemagglutinating encephalomyelitis virus replication by resveratrol,Virology Journal,2022,Yuzhu Liu; Deguang Song; Xueli Liu; Yuanqi Wang; Gaili Wang; Yungang Lan,19,1,226,https://doi.org/10.1186/s12985-022-01953-5
10.1186/s12985-019-1266-x,pdfs,yes,yes,other,no,,patchouli alcohol | intranasal antiviral | influenza A | in vitro and in vivo,Inhibition effects of patchouli alcohol against influenza a virus through targeting cellular PI3K/Akt and ERK/MAPK signaling pathways,Virology Journal,2019,Yunjia Yu; Yang Zhang; Shuyao Wang; Wei Liu; Cui Hao; Wei Wang,16,1,163,https://doi.org/10.1186/s12985-019-1266-x
10.1186/s12985-023-02282-x,pdfs,yes,yes,other,no,,curcumin | film spray | SARS-CoV-2 | influenza | mucosal immunity,A novel film spray containing curcumin inhibits SARS-CoV-2 and influenza virus infection and enhances mucosal immunity,Virology Journal,2024,Wipawee Nittayananta; Hatairat Lerdsamran; Nopporn Chutiwitoonchai; Aornrutai Promsong; Teerapol Srichana; Kesinee Netsomboon; Jarunee Prasertsopon; Jaruta Kerdto,21,1,26,https://doi.org/10.1186/s12985-023-02282-x
10.1186/s12985-026-03155-9,pdfs,yes,yes,other,no,,siRNA | lipid nanoparticles | intranasal delivery | SARS-CoV-2 | influenza | RSV,An LNP antiviral siRNA drug cocktail delivered intranasally is effective against a range of respiratory viruses,Virology Journal,2026,Victor Baba Oti; Tufael Ahmed; Wenqing Gao; Dhruba Acharya; Lucy Wales-Earl; Allan Hicks; Nigel AJ McMillan; Adi Idris,23,1,133,https://doi.org/10.1186/s12985-026-03155-9
10.1186/s12985-025-02678-x,pdfs,yes,yes,other,no,,intranasal interferon | antiviral activity | nasal spray formulation | gel vs spray | duration of action,Evaluation of the duration of new nasal drug interferon α-2b activity in an experimental model system,Virology Journal,2025,Bezdieniezhnykh N.; Lykhova O.; Borshchevskiy G.; Kruglov Y.; Borshchevska M.,22,1,96,https://doi.org/10.1186/s12985-025-02678-x
10.1186/s12985-015-0387-0,pdfs,yes,yes,other,no,,poly-gamma glutamate | intranasal immunomodulator | H1N1 influenza | innate immunity | animal model,Intranasal administration of poly-gamma glutamate induced antiviral activity and protective immune responses against H1N1 influenza A virus infection,Virology Journal,2015,Eun-Ha Kim; Young-Ki Choi; Chul-Joong Kim; Moon-Hee Sung; Haryoung Poo,12,1,160,https://doi.org/10.1186/s12985-015-0387-0
10.1186/s13020-022-00635-2,pdfs,yes,no,other,yes,secondary_analysis,Chinese medicine nasal spray | SARS-CoV-2 | in vitro pseudovirus | network pharmacology,An anti-inflammatory and anti-fibrotic proprietary Chinese medicine nasal spray designated as Allergic Rhinitis Nose Drops (ARND) with potential to prevent SARS-CoV-2 coronavirus infection by targeting RBD (Delta)- angiotensin converting enzyme 2 (ACE2) binding,Chinese Medicine,2022,Ka Man Yip; Kwan Ming Lee; Tzi Bun Ng; Shujun Xu; Ken Kin Lam Yung; Shaogang Qu; Allen Ka Loon Cheung; Stephen Cho Wing Sze,17,1,88,https://doi.org/10.1186/s13020-022-00635-2
10.1186/s41120-023-00072-x,pdfs,yes,no,other,yes,protocol,niclosamide formulation | nasal spray development | in vitro dissolution study,Extraction of niclosamide from commercial approved tablets into aqueous buffered solution creates potentially approvable oral and nasal sprays against COVID-19 and other respiratory infections,AAPS Open,2023,David Needham,9,1,9,https://doi.org/10.1186/s41120-023-00072-x
10.1194/jlr.m055723,pdfs,yes,yes,other,no,,phosphatidylinositol | RSV | intranasal prophylaxis | innate immunity | pulmonary surfactant,Phosphatidylinositol inhibits respiratory syncytial virus infection,Journal of Lipid Research,2015,Mari Numata; Pitchaimani Kandasamy; Yoji Nagashima; Rachel Fickes; Robert C. Murphy; Dennis R. Voelker,56,3,578-587,https://doi.org/10.1194/jlr.m055723
10.1194/jlr.m037077,pdfs,yes,yes,other,no,,intranasal phospholipid | RSV prophylaxis | barrier agent | animal model,Phosphatidylglycerol provides short-term prophylaxis against respiratory syncytial virus infection,Journal of Lipid Research,2013,Numata M.; Nagashima Y.; Moore ML; Berry KZ; Chan M.; Kandasamy P.; Peebles RS Jr; Murphy RC; Voelker DR,54,8,2133-2143,https://doi.org/10.1194/jlr.m037077
10.1208/s12249-024-02986-5,pdfs,yes,no,other,yes,protocol,favipiravir | nasal spray formulation | solubility enhancement | in vitro antiviral activity,Advancements in Antiviral Therapy: Favipiravir Sodium in Nasal Formulation,AAPS PharmSciTech,2024,Priti Darne; Shankar Vidhate; Somesh Shintre; Somnath Wagdare; Dhiraj Bhamare; Nisha Mehta; Vishal Rajagopalan; Sriram Padmanabhan,25,8,273,https://doi.org/10.1208/s12249-024-02986-5
10.1186/s13578-021-00638-w,pdfs,no,yes,other,yes,,bivalent protein | spike protein inhibitor | coronavirus fusion inhibitor | in vitro | animal model,A bivalent protein targeting glycans and HR1 domain in spike protein potently inhibited infection of SARS-CoV-2 and other human coronaviruses,Cell &amp; Bioscience,2021,Yanxing Cai; Wei Xu; Jiayi Tang; Najing Cao; Qiaoshuai Lan; Lu Lu; Shibo Jiang,11,1,128,https://doi.org/10.1186/s13578-021-00638-w
10.1371/journal.pone.0014320,pdfs,yes,yes,other,no,,iota-carrageenan | influenza A | nasal spray | barrier agent | animal model,Iota-Carrageenan Is a Potent Inhibitor of Influenza A Virus Infection,PLoS ONE,2010,Andreas Leibbrandt; Christiane Meier; Marielle König-Schuster; Regina Weinmüllner; Donata Kalthoff; Bettina Pflugfelder; Philipp Graf; Britta Frank-Gehrke; Martin Beer; Tamas Fazekas; Hermann Unger; Eva Prieschl-Grassauer; Andreas Grassauer,5,12,e14320,https://doi.org/10.1371/journal.pone.0014320
10.1371/journal.pone.0040499,pdfs,yes,yes,other,no,,intranasal interferon gamma | RSV | neonatal infection | macrophage activation | antiviral immunomodulation,Stimulation of Immature Lung Macrophages with Intranasal Interferon Gamma in a Novel Neonatal Mouse Model of Respiratory Syncytial Virus Infection,PLoS ONE,2012,Empey KM; Orend JG; Peebles RS Jr; Egaña L.; Norris KA; Oury TD; Kolls JK,7,7,e40499,https://doi.org/10.1371/journal.pone.0040499
10.1371/journal.pone.0049394,pdfs,yes,yes,other,no,,defective interfering virus | intranasal antiviral | influenza treatment | ferret model | pandemic H1N1,Cloned Defective Interfering Influenza Virus Protects Ferrets from Pandemic 2009 Influenza A Virus and Allows Protective Immunity to Be Established,PLoS ONE,2012,Nigel J. Dimmock; Brian K. Dove; Paul D. Scott; Bo Meng; Irene Taylor; Linda Cheung; Bassam Hallis; Anthony C. Marriott; Miles W. Carroll; Andrew J. Easton,7,12,e49394,https://doi.org/10.1371/journal.pone.0049394
10.1371/journal.pone.0068685,pdfs,yes,yes,other,no,,intranasal interferon | adenovirus vector | prophylaxis | animal model | respiratory virus,Effects of Nasal or Pulmonary Delivered Treatments with an Adenovirus Vectored Interferon (mDEF201) on Respiratory and Systemic Infections in Mice Caused by Cowpox and Vaccinia Viruses,PLoS ONE,2013,Donald F. Smee; Min-Hui Wong; Brett L. Hurst; Jane Ennis; Jeffrey D. Turner,8,7,e68685,https://doi.org/10.1371/journal.pone.0068685
10.1371/journal.pone.0237480,pdfs,yes,no,unclear,yes,review,iota-carrageenan | SARS-CoV-2 | in vitro neutralization | nasal spray,Iota-carrageenan neutralizes SARS-CoV-2 and inhibits viral replication in vitro,PLOS ONE,2021,Martina Morokutti-Kurz; Maria Fröba; Philipp Graf; Maximilian Große; Andreas Grassauer; Janina Auth; Ulrich Schubert; Eva Prieschl-Grassauer,16,2,e0237480,https://doi.org/10.1371/journal.pone.0237480
10.1371/journal.pone.0128794,pdfs,yes,yes,other,no,,intranasal zanamivir | carrageenan | influenza A | synergistic antiviral | murine model,The Intranasal Application of Zanamivir and Carrageenan Is Synergistically Active against Influenza A Virus in the Murine Model,PLOS ONE,2015,Martina Morokutti-Kurz; Marielle König-Schuster; Christiane Koller; Christine Graf; Philipp Graf; Norman Kirchoff; Benjamin Reutterer; Jan-Marcus Seifert; Hermann Unger; Andreas Grassauer; Eva Prieschl-Grassauer; Sabine Nakowitsch,10,6,e0128794,https://doi.org/10.1371/journal.pone.0128794
10.1371/journal.pone.0246803,pdfs,no,no,other,yes,,niclosamide|inhalable particles|dry powder inhaler|in vitro|preclinical,"Development and evaluation of inhalable composite niclosamide-lysozyme particles: A broad-spectrum, patient-adaptable treatment for coronavirus infections and sequalae",PLOS ONE,2021,Ashlee D. Brunaugh; Hyojong Seo; Zachary Warnken; Li Ding; Sang Heui Seo; Hugh D. C. Smyth,16,2,e0246803,https://doi.org/10.1371/journal.pone.0246803
10.1371/journal.pone.0259943,pdfs,yes,no,other,yes,protocol,iota-carrageenan | xylitol | SARS-CoV-2 | in vitro | nasal spray,Iota-carrageenan and xylitol inhibit SARS-CoV-2 in Vero cell culture,PLOS ONE,2021,Shruti Bansal; Colleen B. Jonsson; Shannon L. Taylor; Juan Manuel Figueroa; Andrea Vanesa Dugour; Carlos Palacios; Julio César Vega,16,11,e0259943,https://doi.org/10.1371/journal.pone.0259943
10.1371/journal.pone.0316700,pdfs,yes,no,other,yes,,carrageenan | PCR interference | SARS-CoV-2 testing | diagnostic accuracy,Over-the-counter carrageenan-based sprays may interfere with PCR testing of nasopharyngeal swabs to detect SARS-CoV-2,PLOS ONE,2025,Taylor Corocher; Kira Edwards; Yvonne Hersusianto; Donald Campbell; Hui Yin Lim; Paul Monagle; Prahlad Ho,20,2,e0316700,https://doi.org/10.1371/journal.pone.0316700
10.1371/journal.ppat.1009427,pdfs,yes,yes,other,no,,intranasal interferon | SARS-CoV-2 | timing of treatment | prophylaxis vs treatment | animal model,Intranasal type I interferon treatment is beneficial only when administered before clinical signs onset in the SARS-CoV-2 hamster model,PLOS Pathogens,2021,Pierre Bessière; Marine Wasniewski; Evelyne Picard-Meyer; Alexandre Servat; Thomas Figueroa; Charlotte Foret-Lucas; Amelia Coggon; Sandrine Lesellier; Frank Boué; Nathan Cebron; Blandine Gausserès; Catherine Trumel; Gilles Foucras; Francisco J. Salguero; Elodie Monchatre-Leroy; Romain Volmer,17,8,e1009427,https://doi.org/10.1371/journal.ppat.1009427
10.1371/journal.ppat.1010782,pdfs,yes,yes,other,no,,antiviral nasal spray | IgY antibodies | intranasal prophylaxis | SARS-CoV-2 | animal model,SARS-CoV-2-specific immunoglobulin Y antibodies are protective in infected mice,PLOS Pathogens,2022,Sherif A. El-Kafrawy; Abby Odle; Aymn T. Abbas; Ahmed M. Hassan; Umama A. Abdel-dayem; Arooj K. Qureshi; Lok-Yin Roy Wong; Jian Zheng; David K. Meyerholz; Stanley Perlman; Alimuddin Zumla; Esam I. Azhar,18,9,e1010782,https://doi.org/10.1371/journal.ppat.1010782
10.1378/chest.102.1.284,pdfs,yes,yes,case_series,no,,ribavirin|intranasal antiviral|nasal epithelial cells|acute rhinorrhea|ciliary function,"Ciliary Function, Cell Viability, and in Vitro Effect of Ribavirin on Nasal Epithelial Cells in Acute Rhinorrhea",Chest,1992,Myrna B. Dolovich; P. Eng; James B. Mahony; Carole Chambers; Michael T. Newhouse; Max A. Chernesky,102,1,284-287,https://doi.org/10.1378/chest.102.1.284
10.15789/1563-0625-eoi-2300,pdfs,yes,yes,non_randomized_trial,no,,intranasal interferon alpha-2b | acute viral nasopharyngitis | beta-glucans | immunomodulation | cytokine response,Effect of immune drugs to treat acute viral nasopharyngitis,Medical Immunology (Russia),2021,Е. В. Безрукова; E. V. Vorobeychikov; В. Г. Конусова; A. V. Sosunov; Mark Shamtsyan; S. A. Artyushkin; А. С. Симбирцев,23,5,1151-1164,https://doi.org/10.15789/1563-0625-eoi-2300
10.18103/mra.v10i3.2752,pdfs,yes,yes,non_randomized_trial,no,,intranasal chlorpheniramine | COVID-19 treatment | SARS-CoV-2 | antihistamine | non-randomized clinical trial,Intranasal Chlorpheniramine Maleate for the treatment of COVID-19: Translational and Clinical Evidence,Medical Research Archives,2022,Marcos Sanchez-Gonzalez; Jonna Westover; Syed Rizvi; Joselit Torres; Gustavo Ferrer,10,3,,https://doi.org/10.18103/mra.v10i3.2752
10.17816/ci698401,pdfs,yes,yes,other,no,,intranasal neomycin | RSV | animal model | innate immunity | antiviral agents,Antiviral activity of neomycin against respiratory syncytial virus in laboratory animals: an exploratory experimental study,Cytokines and inflammation,2025,Ekaterina A. Romanovskaya-Romanko; Marina A. Plotnikova; Anastasia A. Pulkina; Arman A. Muzhikyan; Veronika A. Oleinik; Marina A. Stukova,22,4,174-183,https://doi.org/10.17816/ci698401
10.20953/1729-9225-2020-4-33-41,pdfs,yes,yes,non_randomized_trial,no,,intranasal interferon | COVID-19 prophylaxis | healthcare workers | local immunity | IgA,Evaluation of the preventive efficacy of recombinant interferon α-2b in ambulance personnel contacting with COVID-19 patients,Infekcionnye bolezni,2020,Vera P. Vavilova; A. M. Vavilov; Нина Константиновна Перевощикова; S. A. Tsarkova,18,4,33-41,https://doi.org/10.20953/1729-9225-2020-4-33-41
10.21203/rs.3.rs-500168/v1,pdfs,yes,yes,rct,no,,detergent virucidal agents|nasal irrigation|SARS-CoV-2|saline rinses|pharmacokinetics,Pharmacokinetic-based failure of a detergent virucidal for SARS-COV-2 nasal infections,Research square,2021,Charles R. Esther; Kyle S. Kimura; Yu Mikami; Caitlin E. Edwards; Suman R. Das; Michael H. Freeman; Britton A. Strickland; Hunter M. Brown; Bronson C. Wessinger; Veerain C. Gupta; Kate Von Wahlde; Quanhu Sheng; Li Ching Huang; Daniel R. Bacon; Adam J. Kimple; Agathe S. Ceppe; Takafumi Kato; Raymond J. Pickles; Scott H. Randell; Ralph S. Baric; Justin H. Turner; Richard C. Boucher,,,,https://doi.org/10.21203/rs.3.rs-500168/v1
10.2147/ijgm.s167123,pdfs,yes,no,other,yes,review,antiviral nasal spray | carrageenan | formulation development | in vitro study,Development of a nasal spray containing xylometazoline hydrochloride and iota-carrageenan for the symptomatic relief of nasal congestion caused by rhinitis and sinusitis,International Journal of General Medicine,2018,Christine Graf; Andreas Bernkop-Schnürch; Alena Egyed; Christiane Koller; Eva Prieschl-Grassauer; Martina Morokutti-Kurz,Volume 11,,275-283,https://doi.org/10.2147/ijgm.s167123
10.1186/s12931-015-0281-8,pdfs,yes,yes,rct,no,,iota-carrageenan | nasal spray | common cold | rhinovirus | barrier agent,Efficacy and safety of iota-carrageenan nasal spray versus placebo in early treatment of the common cold in adults: the ICICC trial,Respiratory Research,2015,Eccles R.; Winther B.; Johnston SL; Robinson P.; Trampisch M.; Koelsch S.,16,1,121,https://doi.org/10.1186/s12931-015-0281-8
10.2147/ijgm.s328486,pdfs,yes,yes,rct,no,,iota-carrageenan | COVID-19 prophylaxis | healthcare workers | nasal spray | barrier agent,Efficacy of a Nasal Spray Containing Iota-Carrageenan in the Postexposure Prophylaxis of COVID-19 in Hospital Personnel Dedicated to Patients Care with COVID-19 Disease,International Journal of General Medicine,2021,Juan Manuel Figueroa; Mónica Edith Lombardo; Ariel Dogliotti; Luis Pedro Flynn; Robert Giugliano; Guido Simonelli; Ricardo Valentini; Agñel Ramos; Pablo Romano; Marcelo Marcote; Alicia Michelini; Alejandro Salvado; Emilio Sykora; Cecilia Kniz; Marcelo Kobelinsky; David Manuel Salzberg; Diana Jerusalinsky; Osvaldo Uchitel,Volume 14,,6277-6286,https://doi.org/10.2147/ijgm.s328486
10.2147/idr.s391630,pdfs,yes,yes,case_series,no,,povidone-iodine | SARS-CoV-2 | nasal spray | virucidal efficacy | COVID-19,A Pilot Study of 0.4% Povidone-Iodine Nasal Spray to Eradicate SARS-CoV-2 in the Nasopharynx,Infection and Drug Resistance,2022,Rujipas Sirijatuphat; Amorn Leelarasamee; Thanapat Puangpet; Arunee Thitithanyanont,Volume 15,,7529-7536,https://doi.org/10.2147/idr.s391630
10.2147/ijgm.s476707,pdfs,yes,yes,non_randomized_trial,no,,carrageenan nasal spray | barrier agent | allergic rhinitis | nasal decongestant,"Decongestant Effect of “Coldamaris Akut”, a Carrageenan- and Sorbitol-Containing Nasal Spray in Seasonal Allergic Rhinitis",International Journal of General Medicine,2024,Nicole Unger-Manhart; Martina Morokutti-Kurz; Petra Zieglmayer; Antonella Russo; Cornelia Siegl; Marielle König-Schuster; Christiane Koller; Philipp Graf; Christine Graf; Patrick Lemell; Markus Savli; René Zieglmayer; Hanna Dellago; Eva Prieschl-Grassauer,Volume 17,,5105-5121,https://doi.org/10.2147/ijgm.s476707
10.2147/ijn.s423251,pdfs,yes,yes,other,no,,curcumin transferosome | intranasal gel | SARS-CoV-2 | antiviral delivery | nanoparticle formulation,Curcumin Transferosome-Loaded Thermosensitive Intranasal in situ Gel as Prospective Antiviral Therapy for SARS-Cov-2,International Journal of Nanomedicine,2023,Nermin E. Eleraky; Mahmoud El-Badry; Mahmoud Omar; Wesam El-Koussi; Noha Mohamed; Mohamed Abdel-Lateef; Abeer Hassan,Volume 18,,5831-5869,https://doi.org/10.2147/ijn.s423251
10.2147/ijn.s448005,pdfs,yes,yes,other,no,,lipid nanoparticles | intranasal antiviral | SARS-CoV-2 | spike protein inhibition | gene knockdown,Lipid Nanoparticle-Based Inhibitors for SARS-CoV-2 Host Cell Infection,International Journal of Nanomedicine,2024,Vinith Yathindranath; Nura Safa; Mateusz Tomczyk; Vernon Dolinsky; Donald Miller,Volume 19,,3087-3108,https://doi.org/10.2147/ijn.s448005
10.2147/ijn.s328090,pdfs,yes,yes,other,no,,nanobubble ozone | hyaluronic acid liposomes | intranasal antiviral | SARS-CoV-2 | prophylaxis,"Nanobubble Ozone Stored in Hyaluronic Acid Decorated Liposomes: Antibacterial, Anti-SARS-CoV-2 Effect and Biocompatibility Tests",International Journal of Nanomedicine,2022,Ahmet Umit Sabancı; Perihan Erkan Alkan; Cem Mujde; Hivda Ulbeği Polat; Cemre Ornek Erguzeloglu; Atil Bisgin; Cuneyt Ozakın; Sehime G. Temel,Volume 17,,351-379,https://doi.org/10.2147/ijn.s328090
10.2147/ijn.s512509,pdfs,yes,yes,other,no,,HSV-1 | intranasal nanoparticles | tannic acid-modified silver/gold nanoparticles | antiviral immune response | mucosal immunity,Adjuvanticity of Tannic Acid-Modified Nanoparticles Improves Effectiveness of the Antiviral Response,International Journal of Nanomedicine,2025,Martyna Janicka; Marcin Chodkowski; Aleksandra Osinska; Klaudia Bylinska; Oliwia Obuch-Woszczatyńska; Magdalena Patrycy; Grzegorz Chodaczek; Katarzyna Ranoszek-Soliwoda; Emilia Tomaszewska; Grzegorz Celichowski; Jaroslaw Grobelny; Joanna Cymerys; Małgorzata Krzyżowska,Volume 20,,3977-3997,https://doi.org/10.2147/ijn.s512509
10.2147/itt.s470319,pdfs,yes,yes,other,no,,exopolysaccharide barrier agent | nasal epithelial cells | respiratory virus prophylaxis | in vitro antiviral,EPS T14 from Bacillus licheniformis Prevents Infection of Human Nasal Epithelial Cells by Respiratory Viruses,ImmunoTargets and Therapy,2024,Gaetana Pezzino; Alessia Calabrò; Fabiana Drommi; Stefania Campana; Riccardo Cavaliere; Irene Bonaccorsi; Paolo Carrega; Vincenzo Zammuto; Maria Giovanna Rizzo; Concetta Gugliandolo; Guido Ferlazzo; Claudia De Pasquale,Volume 13,,487-499,https://doi.org/10.2147/itt.s470319
10.2165/00003088-199936001-00001,pdfs,yes,yes,rct,no,,zanamivir | intranasal antiviral | pharmacokinetics | influenza | healthy volunteers,"Pharmacokinetics of Zanamivir After Intravenous, Oral, Inhaled or Intranasal Administration to Healthy Volunteers",Clinical Pharmacokinetics,1999,Lindsey M.R. Cass; Constantin Efthymiopoulos; Alan Bye,36,Supplement 1,1-11,https://doi.org/10.2165/00003088-199936001-00001
10.2174/0124681873401780251124061921,pdfs,no,no,unclear,yes,,publisher information | journal catalog | advertising,The Effectiveness of Oseltamivir Nanosuspension as a Promising Intranasal Mucoadhesive Spray for Management of Seasonal Influenza in Infected Patients,Current Nanomedicine,2025,Zaki F. Aref; Shamardan Ezzeldin Sayed Bazeed; Mohammed H. Hassan; Asmaa Nafady; Ahmed Shamardan Ezz Eldin; Ali A. Ghweil; Mennatallah Ali Abdelrhman Sayed; Mahmmoud Khalefa; Ahmed Shawkat Abdelmohsen; Mohamad M. Helal; Alaa Rashad; Hamdy Saeed Ahmed Othman; Niveen G. El-Gindy; Abeer S. Hassan; Marwa Abdelhady; Aida A. Abdelmaksoud,16,,,https://doi.org/10.2174/0124681873401780251124061921
10.2147/ijn.s53622,pdfs,yes,yes,other,no,,silver nanoparticles | intranasal antiviral | H3N2 influenza | in vivo mouse model | antiviral efficacy,Inhibition of A/Human/Hubei/3/2005 (H3N2) influenza virus infection by silver nanoparticles in vitro and in vivo,International Journal of Nanomedicine,2013,Dongxi Xiang; Cong-long Zheng; Yang Zheng; Xiujing Li; Jianjian Yin; Michael O’ Conner; Manju Marappan; Yingqiu Miao; Bin Xiang; Wei Duan; Sarah Shigdar; Xiaojuan Zhao,8,,4103,https://doi.org/10.2147/ijn.s53622
10.2165/00003088-199936001-00004,pdfs,yes,yes,other,no,,zanamivir intranasal spray | influenza antiviral | drug deposition | PET imaging pharmacokinetics,Deposition and Disposition of [C]Zanamivir Following Administration as an Intranasal Spray,Clinical Pharmacokinetics,1999,Mats Bergstrom; Lindsey M.R. Cass; Sven Valind; Goran Westerberg; Eva-Lise Lundberg; Steven Gray; Alan Bye; Bengt Langstrom,36,Supplement 1,33-39,https://doi.org/10.2165/00003088-199936001-00004
10.26355/eurrev_202112_27337,pdfs,yes,yes,non_randomized_trial,no,,α-cyclodextrin|hydroxytyrosol|SARS-CoV-2|nasal spray|barrier agent,In vitro and clinical studies on the efficacy of α-cyclodextrin and hydroxytyrosol against SARS-CoV-2 infection.,European review for medical and pharmacological sciences,2021,Paolacci S.; Ergoren MC; De Forni D.; Manara E.; Poddesu B.; Cugia G.; Dhuli K.; Camilleri G.; Tuncel G.; Kaya Suer H.; Sultanoglu N.; Sayan M.; Dundar M.; Beccari T.; Ceccarini MR; Gunsel IS; Dautaj A.; Sanlidag T.; Connelly ST; Tartaglia GM; Bertelli M.,25,1 Suppl,81-89,https://doi.org/10.26355/eurrev_202112_27337
10.2174/1568026621666210429083050,pdfs,no,no,unclear,yes,,publisher information | journal listings | advertising,The Effect of Recombinant Human Interferon Alpha Nasal Drops to Prevent COVID-19 Pneumonia for Medical Staff in an Epidemic Area,Current Topics in Medicinal Chemistry,2021,Zhongji Meng; Tongyu Wang; Li Chen; Xinhe Chen; Longti Li; Xueqin Qin; Hai Li; Jie Luo,21,10,920-927,https://doi.org/10.2174/1568026621666210429083050
10.21873/invivo.11263,pdfs,yes,yes,other,no,,zanamivir | intranasal antiviral | influenza A | nitric oxide | mouse model,Zanamivir Diminishes Lung Damage in Influenza A Virus-infected Mice by Inhibiting Nitric Oxide Production,In Vivo,2018,Zablockienė B.; Kačergius T.; Ambrozaitis A.; Žurauskas E.; Bratchikov M.; Jurgauskienė L.; Zablockis R.; Gravenstein S.,32,3,473-478,https://doi.org/10.21873/invivo.11263
10.26442/terarkh201890114-54,pdfs,yes,yes,rct,no,,intranasal interferon-α2b | acute respiratory infections | topical antiviral gel | immunomodulation,Clinical and interferon-modulating efficacy of a combination of rectal and topical dosage forms of interferon-α2b in acute respiratory infections,Terapevticheskii arkhiv,2018,O. V. Kalyuzhin; Zh B. Ponezheva; A. N. Kupchenko; A. N. Shuvalov; T. S. Guseva; O. V. Parshina; V. V. Malinovskaya; V. G. Akimkin,90,11,48-54,https://doi.org/10.26442/terarkh201890114-54
10.32607/20758251-2019-11-3-20-30,pdfs,yes,yes,other,no,,antiviral nasal spray | intranasal treatment | influenza A virus | KS-6469 | sulfonated polysaccharide,A Novel Sulfonated Derivative of β-Cyclodextrin Effectively Inhibits Influenza A Virus Infection in vitro and in vivo,Acta Naturae,2019,Goncharova EP; Kostyro YA; Ivanov AV; Zenkova MA,11,3,20-30,https://doi.org/10.32607/20758251-2019-11-3-20-30
10.33667/2078-5631-2019-1-9(384)-38-46,pdfs,yes,yes,other,no,,intranasal immunomodulator | sodium deoxyribonucleate | acute respiratory infections | clinical efficacy | innate immunity stimulation,Evaluation of clinical efficacy of Derinat® in form of spray in practice of district therapist,Medical alphabet,2019,Andrey Babkin; Anna A. Zuikova; Olga Krasnorutskaya; Yu. A. Kotova; D. Yu. Bugrimov; O. V. Kashaeva; N. M. Sizova,1,9,38-46,https://doi.org/10.33667/2078-5631-2019-1-9(384)-38-46
10.3389/fbioe.2022.858156,pdfs,no,no,other,yes,,silver nanoparticles|in vitro virology|nanomaterials|NMR spectroscopy,"High-Resolution Magic-Angle Spinning NMR Spectroscopy for Evaluation of Cell Shielding by Virucidal Composites Based on Biogenic Silver Nanoparticles, Flexible Cellulose Nanofibers and Graphene Oxide",Frontiers in Bioengineering and Biotechnology,2022,Danijela Stanisic; Guilherme C. F. Cruz; Leonardo Abdala Elias; Junko Tsukamoto; Clarice W. Arns; Douglas Soares da Silva; Stanislav Mochkalev; Raluca Savu; Ljubica Tasic,10,,858156,https://doi.org/10.3389/fbioe.2022.858156
10.3389/fimmu.2018.00986,pdfs,yes,yes,other,no,,type III interferon | intranasal administration | influenza A virus | asthma | innate immunity,Initial Influenza Virus Replication Can Be Limited in Allergic Asthma Through Rapid Induction of Type III Interferons in Respiratory Epithelium,Frontiers in Immunology,2018,Sujin An; Yung Jin Jeon; Ara Jo; Hyun Jung Lim; Young Eun Han; Sung Woo Cho; Hye Young Kim; Hyun Jik Kim; Hyun Jik Kim; Hyun Jik Kim,9,,986,https://doi.org/10.3389/fimmu.2018.00986
10.32388/dp7zsf.2,pdfs,no,yes,rct,no,,cholinergic agonists | COVID-19 | nicotinic receptors | oral/nasal formulation,EFFECTIVENESS IN HUMANS OF AN ANTIVIRAL DRUG BASED ON CHOLINERGIC AGONISTS WITH SPECIFIC DESIGN AND ROUTE OF ADMINISTRATION AGAINST COVID-19 SYMPTOMS IN A GROUP OF INFECTED PATIENTS VS. CONTROL GROUP,Qeios,2021,Orlando Angulo; Hector Fabio Restrepo; José Gabriel León Higuera; Mario Leon Garcia; Fernando Mendive; Matteo Politi,,,,https://doi.org/10.32388/dp7zsf.2
10.3389/fimmu.2022.867022,pdfs,no,yes,other,yes,,innate immunomodulator | RSV | animal model,Airway Administration of Bacterial Lysate OM-85 Protects Mice Against Respiratory Syncytial Virus Infection,Frontiers in Immunology,2022,Krist Helen Antunes; Gisele Cassão; Leonardo Duarte Santos; Sofia Giacomet Borges; Juliana Poppe; João Budelon Gonçalves; Eduarda da Silva Nunes; Guilherme Fernando Recacho; Vitória Barbosa Sousa; Gabriela Souza Da Silva; Daniel Mansur; Renato T. Stein; Christian Pasquali; Ana Paula Duarte De Souza,13,,867022,https://doi.org/10.3389/fimmu.2022.867022
10.3389/fmed.2022.863917,pdfs,yes,yes,rct,no,,povidone-iodine | glycyrrhizic acid | nasal spray | SARS-CoV-2 | treatment,"Combined Nasal, Oropharyngeal Povidone Iodine Plus Glycyrrhizic Acid Sprays, Accelerate Clinical and Laboratory Recovery and Reduces Household Transmission of SARS-CoV-2: A Randomized Placebo-Controlled Clinical Trial",Frontiers in Medicine,2022,Hazem E. Elsersy; Magdy A. H. Zahran; Abd-Elazeem Elbakry; Mohamed Abd-Elwahab; Mohamed Milegy Ahmed; Mohamed Salah Elgandy; Eman H. M. Mohammed; Nourhan M. Elewa,9,,863917,https://doi.org/10.3389/fmed.2022.863917
10.3389/fimmu.2022.899617,pdfs,yes,yes,rct,no,,intranasal immunoglobulin Y | IgY | SARS-CoV-2 prophylaxis | COVID-19 prevention | variant coverage,Egg-Derived Anti-SARS-CoV-2 Immunoglobulin Y (IgY) With Broad Variant Activity as Intranasal Prophylaxis Against COVID-19,Frontiers in Immunology,2022,Lyn R. Frumkin; Michaela Lucas; Curtis L. Scribner; Nastassja Ortega-Heinly; Jayden Rogers; Gang Yin; Trevor J. Hallam; Alice Yam; Kristin Bedard; Rebecca Begley; Courtney A. Cohen; Catherine V. Badger; Shawn A. Abbasi; John M. Dye; Brian McMillan; Michael Wallach; Traci L. Bricker; Astha Joshi; Adrianus C. M. Boon; Suman Pokhrel; Benjamin R. Kraemer; Lucia Lee; Stephen Kargotich; Mahima Agochiya; Tom St. John; Daria Mochly-Rosen,13,,899617,https://doi.org/10.3389/fimmu.2022.899617
10.3389/fimmu.2022.1009424,pdfs,yes,yes,other,no,,intranasal interferon-lambda | SARS-CoV-2 | antiviral treatment | animal model | innate immunity,Intranasal inoculation of IFN-λ resolves SARS-CoV-2 lung infection via the rapid reduction of viral burden and improvement of tissue damage,Frontiers in Immunology,2022,Haeun Shin; Sujin Kim; Ara Jo; Jina Won; Chan Hee Gil; So Yeon Yoon; Hyunkyung Cha; Hyun Jik Kim,13,,1009424,https://doi.org/10.3389/fimmu.2022.1009424
10.3389/fimmu.2021.704427,pdfs,no,yes,other,yes,,RSV | specialized pro-resolving mediators | intranasal treatment | mouse model,Protectins PCTR1 and PD1 Reduce Viral Load and Lung Inflammation During Respiratory Syncytial Virus Infection in Mice,Frontiers in Immunology,2021,Katherine H. Walker; Nandini Krishnamoorthy; Thayse R. Brüggemann; Ashley E. Shay; Charles N. Serhan; Bruce D. Levy,12,,704427,https://doi.org/10.3389/fimmu.2021.704427
10.3389/fmed.2025.1565069,pdfs,yes,yes,rct,no,,povidone-iodine | nasal spray | common cold | antiseptic | Phase III trial,"Povidone-iodine nasal spray (Nasodine®) for the common cold: a randomized, controlled, double-blind, Phase III clinical trial",Frontiers in Medicine,2025,Thomas M. Polasek; Peter L. Friedland,12,,1565069,https://doi.org/10.3389/fmed.2025.1565069
10.3389/fmedt.2021.687681,pdfs,yes,no,other,yes,protocol,carrageenan | nasal spray | SARS-CoV-2 | formulation | mucoadhesion,Low Acyl Gellan as an Excipient to Improve the Sprayability and Mucoadhesion of Iota Carrageenan in a Nasal Spray to Prevent Infection With SARS-CoV-2,Frontiers in Medical Technology,2021,Thomas E. Robinson; Richard J. A. Moakes; Liam M. Grover,3,,687681,https://doi.org/10.3389/fmedt.2021.687681
10.3389/fmicb.2018.01164,pdfs,yes,yes,other,no,,influenza | natural products | immunopotentiation | in vitro | animal model,Inhibition of Influenza Virus Infection by Lentinus edodes Mycelia Extract Through Its Direct Action and Immunopotentiating Activity,Frontiers in Microbiology,2018,Takahiro Kuroki; Sangjoon Lee; Mikako Hirohama; Tomohiro Taku; Michiko Kumakura; Takahiro Haruyama; Kyosuke Nagata; Atsushi Kawaguchi,9,,1164,https://doi.org/10.3389/fmicb.2018.01164
10.3389/fmicb.2014.00171,pdfs,yes,no,other,yes,aerosol/nebulized (not nasal spray),plant extract | aerosol nebulized | influenza A | in vivo mouse model | prophylactic treatment,"Antiviral activity of Ladania067, an extract from wild black currant leaves against influenza A virus in vitro and in vivo",Frontiers in Microbiology,2014,Emanuel Haasbach; Carmen Hartmayer; Alice Hettler; Alicja Sarnecka; Ulrich Wulle; Christina Ehrhardt; Stephan Ludwig; Oliver Planz,5,,171,https://doi.org/10.3389/fmicb.2014.00171
10.3389/fmolb.2023.1232573,pdfs,no,yes,other,yes,,gut microbiota | aromatic amino acid metabolites | interferon signaling | influenza | intranasal administration,Aromatic amino acid metabolites alter interferon signaling and influenza pathogenesis,Frontiers in Molecular Biosciences,2024,Gautam Anand; Colin Clark-Dinovo; Alexandra M. Perry; Victoria M. Goodwin; Emma St. Raymond; Sonia Sakleshpur; Ashley L. Steed,10,,1232573,https://doi.org/10.3389/fmolb.2023.1232573
10.3389/fphar.2022.861295,pdfs,yes,yes,other,no,,azelastine nasal spray | SARS-CoV-2 variants | in vitro antiviral | reconstituted human nasal tissue | drug repurposing,"The Anti-Histamine Azelastine, Identified by Computational Drug Repurposing, Inhibits Infection by Major Variants of SARS-CoV-2 in Cell Cultures and Reconstituted Human Nasal Tissue",Frontiers in Pharmacology,2022,Robert Konrat; Henrietta Papp; Janine Kimpel; Annika Rössler; Valéria Szijártó; Gábor Nagy; Mónika Madai; Safia Zeghbib; Anett Kuczmog; Zsófia Lanszki; Tanja Gesell; Zsuzsanna Helyes; Gábor Kemenesi; Ferenc Jakab; Eszter Nagy,13,,861295,https://doi.org/10.3389/fphar.2022.861295
10.3389/fphar.2023.1292479,pdfs,yes,yes,rct,no,,lentinan nasal drops | COVID-19 Omicron | antiviral immunomodulator | virus shedding | mucosal immunity,"Safety and efficacy of lentinan nasal drops in patients infected with the variant of COVID-19: a randomized, placebo-controlled trial",Frontiers in Pharmacology,2023,Wenhan Fan; Benming You; Xinyu Wang; Xu Zheng; Aijing Xu; Yangang Liu; Haoran Peng; Wei Yin; Mingxiao Xu; Xu Dong; Yayun Liu; Ping Zhao; Xuesong Liang,14,,1292479,https://doi.org/10.3389/fphar.2023.1292479
10.3390/biomedicines12112462,pdfs,yes,yes,other,no,,antiviral spray | polyethyleneimine | SARS-CoV-2 | antimicrobial | nasal formulation,Antipathogenic Activity of Betainized Polyethyleneimine Sprays Without Toxicity,Biomedicines,2024,Selin S. Suner; Ramesh S. Ayyala; Nurettin Sahiner,12,11,2462,https://doi.org/10.3390/biomedicines12112462
10.3389/fvets.2024.1360398,pdfs,no,no,other,yes,,bovine respiratory disease | essential oils | in vitro screening,"Screening and selection of essential oils for an intranasal spray against bovine respiratory pathogens based on antimicrobial, antiviral, immunomodulatory, and antibiofilm activities",Frontiers in Veterinary Science,2024,Amat S.; Magossi G.; Rakibuzzaman A.; Holman DB; Schmidt KN; Kosel L.; Ramamoorthy S.,11,,1360398,https://doi.org/10.3389/fvets.2024.1360398
10.3389/fviro.2021.746824,pdfs,yes,no,other,yes,protocol,iota-carrageenan|SARS-CoV-2|in vitro|cell culture,Iota-Carrageenan Prevents the Replication of SARS-CoV-2 in a Human Respiratory Epithelium Cell Line in vitro,Frontiers in Virology,2021,Augusto Varese; Ana Paletta; Ana Ceballos; Carlos Adolfo Palacios; Juan Manuel Figueroa; Andrea Vanesa Dugour,1,,,https://doi.org/10.3389/fviro.2021.746824
10.3390/antibiotics15030245,pdfs,yes,yes,other,no,,intranasal neomycin | influenza B | prophylaxis | animal model | transmission,Pre-Exposure Intranasal Treatment with Neomycin Sulfate Reduces Transmission of Influenza B Virus,Antibiotics,2026,Mariia V. Sergeeva; Daria Shamakova; Kira Kudrya; Nikita Zagriadskii; Daria M. Karachevtseva; Aleksandr A. Matichin; Arman Muzhikyan; Marina Stukova,15,3,245,https://doi.org/10.3390/antibiotics15030245
10.1177/135965359900400202,pdfs,yes,yes,rct,no,,zanamivir | intranasal antiviral | influenza treatment | neuraminidase inhibitor | respiratory virus,Safety and Efficacy of the Neuraminidase Inhibitor Zanamivir in Treating Influenza Virus Infection in Adults: Results from Japan,Antiviral Therapy,1999,Keizo Matsumoto; Nobuya Ogawa; K. Nerome; Yoshio Numazaki; Yoshikazu Kawakami; Kunio Shirato; Masaaki Arakawa; Shoji Kudoh; Kaoru Shimokata; Shigenori Nakajima; Michio Yamakido; Seizaburo Kashiwagi; Tsuyoshi Nagatake; the GG167 Group; Yoshikazu Kawakami; Hideki Miyamoto; Hiroshi Inoue; Kazuya Shirato; Y. Miura; A. Watanabe; Y Nakai; M. Ishii; M Sakamoto; S Kudoh; Shosaku Abe; Toshihiko Yamaguchi; Masaaki Arakawa; H Sega; Y Shimatsu; F Yoshimine; Kaoru Shimokata; Takeshi Masuda; Masaya Yamamoto; M. Iwata; Shigemi Nakajima; Masaki Ito; Tadashi Takeda; N Ohsawa; Maho Kato; M Yamakido; J Takahashi; Terunomi Miyazawa; R Soejima; Takumi Sasaki; Tsuyoshi Nagatake; Hironori Masaki; S Kashiwagi; K Ueno; KOHKICHI HAYASHIDA; Masayasu Ando; Akiko Ikegami,4,2,61-68,https://doi.org/10.1177/135965359900400202
10.3390/ijerph182010985,pdfs,yes,yes,non_randomized_trial,no,,lactoferrin|intranasal antiviral|COVID-19|SARS-CoV-2|liposomal formulation,Lactoferrin as Antiviral Treatment in COVID-19 Management: Preliminary Evidence,International Journal of Environmental Research and Public Health,2021,Elena Campione; Caterina Lanna; Terenzio Cosio; Luigi Rosa; Maria Pia Conte; Federico Iacovelli; Alice Romeo; Mattia Falconi; Claudia Del Vecchio; Elisa Franchin; Maria Stella Lia; Marilena Minieri; Carlo Chiaramonte; Marco Ciotti; Marzia Nuccetelli; Alessandro Terrinoni; Ilaria Iannuzzi; Luca Coppeta; Andrea Magrini; Sergio Bernardini; Stefano Sabatini; Felice Rosapepe; Pier Luigi Bartoletti; Nicola Moricca; Andrea Di Lorenzo; Massimo Andreoni; Loredana Sarmati; Alessandro Miani; Prisco Piscitelli; Ettore Squillaci; Piera Valenti; Luca Bianchi,18,20,10985,https://doi.org/10.3390/ijerph182010985
10.3390/ijms24043695,pdfs,yes,no,other,yes,protocol,usnic acid | nasal spray barrier | in vitro antiviral | virus protection,Effects of Usnic Acid to Prevent Infections by Creating a Protective Barrier in an In Vitro Study,International Journal of Molecular Sciences,2023,Rebecca Galla; Sara Ferrari; Sara Ruga; Beatrice Mantuano; Giorgia Rosso; Stelvio Tonello; Luigi Rosa; Piera Valenti; Francesca Uberti,24,4,3695,https://doi.org/10.3390/ijms24043695
10.3390/gels10060385,pdfs,yes,yes,other,no,,nano-silver nanoparticles | chlorhexidine conjugates | poloxamer thermogelation | nasal spray formulation | antimicrobial activity | respiratory virus prophylaxis,In Situ Gelling Behavior and Biopharmaceutical Characterization of Nano-Silver-Loaded Poloxamer Matrices Designed for Nasal Drug Delivery,Gels,2024,Nadezhda Ivanova; Neli Ermenlieva; Lora Simeonova; Neli Vilhelmova-Ilieva; Kameliya Bratoeva; Georgi Stoyanov; Velichka Andonova,10,6,385,https://doi.org/10.3390/gels10060385
10.3390/ijms222413202,pdfs,yes,yes,other,no,,carrageenan|SARS-CoV-2|variants|antiviral|in vitro,"Iota-Carrageenan Inhibits Replication of SARS-CoV-2 and the Respective Variants of Concern Alpha, Beta, Gamma and Delta",International Journal of Molecular Sciences,2021,Maria Fröba; Maximilian Große; Christian Setz; Pia Rauch; Janina Auth; Lucas Spanaus; Jan Münch; Natalia Ruetalo; Michael Schindler; Martina Morokutti-Kurz; Philipp Graf; Eva Prieschl-Grassauer; Andreas Grassauer; Ulrich Schubert,22,24,13202,https://doi.org/10.3390/ijms222413202
10.3390/ijms24054967,pdfs,no,yes,other,no,,ginsenosides | influenza A virus | hemagglutinin inhibitor | in vitro antiviral | intranasal inoculation,Antiviral Effect of Ginsenosides rk1 against Influenza a Virus Infection by Targeting the Hemagglutinin 1-Mediated Virus Attachment,International Journal of Molecular Sciences,2023,Xia Yang; Hailiang Sun; Zhening Zhang; Weixin Ou; Fengxiang Xu; Ling Luo; Yahong Liu; Weisan Chen; Jianxin Chen,24,5,4967,https://doi.org/10.3390/ijms24054967
10.3390/ijms25042061,pdfs,yes,no,other,yes,protocol,cyclodextrin barrier | SARS-CoV-2 | preclinical | nasal spray | viral infection prevention,Hydroxypropyl-Beta Cyclodextrin Barrier Prevents Respiratory Viral Infections: A Preclinical Study,International Journal of Molecular Sciences,2024,Angela Lu; Brandon Ebright; Aditya Naik; Hui L. Tan; Noam A. Cohen; Jean-Marie C. Bouteiller; Gianluca Lazzi; Stan G. Louie; Mark S. Humayun; Isaac Asante,25,4,2061,https://doi.org/10.3390/ijms25042061
10.3390/md23030112,pdfs,yes,yes,other,no,,nasal spray | SARS-CoV-2 | influenza A virus | RSV | solubilized sturgeon oil,Exploring the Preventive Potential of Solubilized Sturgeon Oil on Acute Infection with Respiratory Viruses,Marine Drugs,2025,Seong Ok Park; Erdenebileg Uyangaa; Yong-Kwang Lee; Suk-Hyun Yun; Minyeong Yu; Hyo Jin Kim; Hye Won Cho; Hee Won Byeon; Chong-Kil Lee; Seong Kug Eo,23,3,112,https://doi.org/10.3390/md23030112
10.3390/ijms26136334,pdfs,yes,yes,other,no,,diammonium glycyrrhizinate | intranasal antiviral | coronavirus | spike protein inhibition | animal model,Diammonium Glycyrrhizinate Exerts Broad-Spectrum Antiviral Activity Against Human Coronaviruses by Interrupting Spike-Mediated Cellular Entry,International Journal of Molecular Sciences,2025,Shuo Wu; Ge Yang; Kun Wang; Haiyan Yan; Huiqiang Wang; Xingqiong Li; Lijun Qiao; Mengyuan Wu; Ya Wang; Jian-Dong Jiang; Yuhuan Li,26,13,6334,https://doi.org/10.3390/ijms26136334
10.3390/ijms27021053,pdfs,yes,yes,other,no,,nasal spray | camostat | xanthan gum | barrier agent | influenza prevention,A Nasal Spray Combining Camostat with a Natural Polysaccharide for the Prevention of Viral Infection via Nasal Mucosal Barrier Formation and Entry Inhibition,International Journal of Molecular Sciences,2026,Yujeong Na; Byeongyong Kim; Dongjin Lee; Jongseo Choi; Sangeun Cho; Kyungmin Lee; Gwanyoung Kim; Eunyoung Cho; Jonggeun Kim; Seong Kug Eo; Sokho Kim,27,2,1053,https://doi.org/10.3390/ijms27021053
10.3390/microorganisms14051098,pdfs,no,yes,other,yes,,lectin antivirals | intranasal delivery | PRRSV | swine | veterinary,Lectin-Based Antiviral Strategies for Porcine Reproductive and Respiratory Syndrome Virus 2 Infection: Griffithsin Suppresses Viral Replication In Vitro and Reduces Early Viremia In Vivo,Microorganisms,2026,Darshana Kadekar; Deepak Velayudhan; Ester Vinyeta; Jianqiang Zhang; Ethan Aljets; Veeraya Bamrung; Panchan Sitthicharoenchai; Alyona Michael; Keith Frogue; Meng Heng; Amy Liu; Cristina Bongiorni; Manasi Bhate; David A. Estell; Chong Shen; Charlotte Poulsen,14,5,1098,https://doi.org/10.3390/microorganisms14051098
10.3390/ph15040452,pdfs,no,yes,other,yes,,bitter taste receptors | cilia function | antibacterial activity | in vitro study,Cilia Stimulatory and Antibacterial Activities of T2R Bitter Taste Receptor Agonist Diphenhydramine: Insights into Repurposing Bitter Drugs for Nasal Infections,Pharmaceuticals,2022,Li Kuek; Derek McMahon; Ray Ma; Zoey Miller; Jennifer Jolivert; Nithin Adappa; James Palmer; Robert Lee,15,4,452,https://doi.org/10.3390/ph15040452
10.3390/pharmaceutics13081126,pdfs,yes,yes,other,no,,ribavirin | intranasal delivery | microparticles | formulation | olfactory transport,Evaluation of Ribavirin–Poloxamer Microparticles for Improved Intranasal Absorption,Pharmaceutics,2021,Dipy M. Vasa; Zainab Bakri; Maureen D. Donovan; Lauren A. O’Donnell; Peter L. D. Wildfong,13,8,1126,https://doi.org/10.3390/pharmaceutics13081126
10.3390/ph15091053,pdfs,no,no,other,yes,,dsRNA | innate immunity | SARS-CoV-2 | in vitro | animal model,Bacteriophage-Derived Double-Stranded RNA Exerts Anti-SARS-CoV-2 Activity In Vitro and in Golden Syrian Hamsters In Vivo,Pharmaceuticals,2022,Kristine Vaivode; Irina Verhovcova; Dace Skrastina; Ramona Petrovska; Madara Kreismane; Daira Lapse; Zane Kalnina; Kristine Salmina; Diana Rubene; Dace Pjanova,15,9,1053,https://doi.org/10.3390/ph15091053
10.3390/pharmaceutics14112502,pdfs,yes,yes,non_randomized_trial,no,,hypertonic saline | seawater spray | SARS-CoV-2 | viral shedding | COVID-19 treatment,Early Negativization of SARS-CoV-2 Infection by Nasal Spray of Seawater plus Additives: The RENAISSANCE Open-Label Controlled Clinical Trial,Pharmaceutics,2022,Luca Cegolon; Giuseppe Mastrangelo; Enzo Emanuelli; Riccardo Camerotto; Giacomo Spinato; Daniele Frezza,14,11,2502,https://doi.org/10.3390/pharmaceutics14112502
10.3390/pharmaceutics14122680,pdfs,yes,yes,other,no,,intranasal antiviral | favipiravir | nanoparticles | SARS-CoV-2 | drug delivery,Enhanced Nasal Deposition and Anti-Coronavirus Effect of Favipiravir-Loaded Mucoadhesive Chitosan–Alginate Nanoparticles,Pharmaceutics,2022,Khent Primo Alcantara; Nonthaneth Nalinratana; Nopporn Chutiwitoonchai; Agnes L. Castillo; Wijit Banlunara; Opa Vajragupta; Pornchai Rojsitthisak; Pranee Rojsitthisak,14,12,2680,https://doi.org/10.3390/pharmaceutics14122680
10.3390/pharmaceutics15020591,pdfs,yes,yes,other,no,,nasal spray safety|usnic acid|animal model|preclinical development|viral infection prevention,Safety in Rats of a Novel Nasal Spray Formulation for the Prevention of Airborne Viral Infections,Pharmaceutics,2023,Mirella Tanori; Michele Pitaro; Emiliano Fratini; Eleonora Colantoni; Angela Amoresano; Simona Celentano; Barbara Chiaramonte; Mariateresa Mancuso,15,2,591,https://doi.org/10.3390/pharmaceutics15020591
10.3390/pharmaceutics15082055,pdfs,yes,no,other,yes,protocol,in situ gel | intranasal delivery | 18β-glycyrrhetinic acid | RSV | formulation development,Development of an Antiviral Ion-Activated In Situ Gel Containing 18β-Glycyrrhetinic Acid: A Promising Alternative against Respiratory Syncytial Virus,Pharmaceutics,2023,Burcu Özkan; Ebru Altuntaş; Ümmühan Ünlü; Hasan Hüseyin Doğan; Yıldız Özsoy; Rabia Çakır Koç,15,8,2055,https://doi.org/10.3390/pharmaceutics15082055
10.3390/pharmaceutics16111349,pdfs,yes,no,other,yes,protocol,nanoparticles | interferon delivery | intranasal formulation | drug development,Multilayer Nanocarrier for the Codelivery of Interferons: A Promising Strategy for Biocompatible and Long-Acting Antiviral Treatment,Pharmaceutics,2024,Thelvia I. Ramos; Carlos A. Villacis-Aguirre; Felipe Sandoval Sandoval; Sarah Martin-Solano; Viana Manrique-Suárez; Hortensia Rodríguez; Leandro Santiago-Padilla; Alexis Debut; Carolina Gómez-Gaete; Marbel Torres Arias; Raquel Montesino; Emilio Lamazares; Ignacio Cabezas; Florence Hugues; Natalie C. Parra; Claudia Altamirano; Oliberto Sánchez Ramos; Nelson Santiago-Vispo; Jorge R. Toledo,16,11,1349,https://doi.org/10.3390/pharmaceutics16111349
10.3390/v11020109,pdfs,yes,yes,other,no,,innate immunomodulator | Mx1 protein | intranasal antiviral | influenza | cell-penetrating peptide,Cell-Penetrating Mx1 Enhances Anti-Viral Resistance against Mucosal Influenza Viral Infection,Viruses,2019,Hi Eun Jung; Ji Eun Oh; Heung Kyu Lee,11,2,109,https://doi.org/10.3390/v11020109
10.3390/pharmaceutics16091173,pdfs,yes,yes,rct,no,,astodrimer sodium | dendrimer | SARS-CoV-2 | viral load reduction | nasopharyngeal spray,"Astodrimer Sodium Nasal Spray versus Placebo in Non-Hospitalised Patients with COVID-19: A Randomised, Double-Blinded, Placebo-Controlled Trial",Pharmaceutics,2024,Stephen Winchester; Alex Castellarnau; Kashif Jabbar; Meera Nadir; Kapila Ranasinghe; Xavier Masramon; George R. Kinghorn; Isaac John; Jeremy R. A. Paull,16,9,1173,https://doi.org/10.3390/pharmaceutics16091173
10.3390/v13081498,pdfs,yes,yes,other,no,,intranasal monoclonal antibody | SARS-CoV-2 | animal study | prophylaxis,Intranasal Administration of a Monoclonal Neutralizing Antibody Protects Mice against SARS-CoV-2 Infection,Viruses,2021,Sandro Halwe; Alexandra Kupke; Kanika Vanshylla; Falk Liberta; Henning Gruell; Matthias Zehner; Cornelius Rohde; Verena Krähling; Michelle Gellhorn Serra; Christoph Kreer; Michael Klüver; Lucie Sauerhering; Jörg Schmidt; Zheng Cai; Fei Han; David Young; Guangwei Yang; Marek Widera; Manuel Koch; Anke Werner; Lennart Kämper; Nico Becker; Michael S. Marlow; Markus Eickmann; Sandra Ciesek; Felix Schiele; Florian Klein; Stephan Becker,13,8,1498,https://doi.org/10.3390/v13081498
10.3390/v13081656,pdfs,yes,yes,other,no,,astodrimer|dendrimer|barrier agent|SARS-CoV-2|animal model,Protective Effects of Astodrimer Sodium 1% Nasal Spray Formulation against SARS-CoV-2 Nasal Challenge in K18-hACE2 Mice,Viruses,2021,Jeremy R. A. Paull; Carolyn A. Luscombe; Alex Castellarnau; Graham P. Heery; Michael D. Bobardt; Philippe A. Gallay,13,8,1656,https://doi.org/10.3390/v13081656
10.3390/v13122345,pdfs,yes,no,other,yes,protocol,HPMC nasal spray | SARS-CoV-2 | in vitro study | barrier agents,Hydroxypropyl Methylcellulose-Based Nasal Sprays Effectively Inhibit In Vitro SARS-CoV-2 Infection and Spread,Viruses,2021,Kirsten Bentley; Richard J. Stanton,13,12,2345,https://doi.org/10.3390/v13122345
10.3390/v14051105,pdfs,yes,yes,other,no,,intranasal antiviral | influenza | 3D8 scFv minibody | oseltamivir-resistant | animal model,A Therapeutically Active Minibody Exhibits an Antiviral Activity in Oseltamivir-Resistant Influenza-Infected Mice via Direct Hydrolysis of Viral RNAs,Viruses,2022,Yongjun Lee; Phuong Hoang; Dongjun Kim; Ramadhani Ayun; Quynh Luong; Kyungho Na; Taehyun Kim; Yeonsu Oh; Won-Keun Kim; Sukchan Lee,14,5,1105,https://doi.org/10.3390/v14051105
10.3390/v14050976,pdfs,yes,yes,other,no,,Neumifil | carbohydrate-binding module | SARS-CoV-2 | hamster model | intranasal therapy,"Activity of a Carbohydrate-Binding Module Therapy, Neumifil, against SARS-CoV-2 Disease in a Hamster Model of Infection",Viruses,2022,Rachel Fell; Jane A. Potter; Samantha Yuille; Franscisco J. Salguero; Robert Watson; Didier Ngabo; Karen Gooch; Roger Hewson; David Howat; Stuart Dowall,14,5,976,https://doi.org/10.3390/v14050976
10.3390/v14122620,pdfs,yes,yes,other,no,,heparin|intranasal antiviral|SARS-CoV-2|nasal epithelial cells|viral inhibition,Heparin Inhibits SARS-CoV-2 Replication in Human Nasal Epithelial Cells,Viruses,2022,Leo Yi Yang Lee; Randy Suryadinata; Conor McCafferty; Vera Ignjatovic; Damian F. J. Purcell; Phil Robinson; Craig J. Morton; Michael W. Parker; Gary P. Anderson; Paul Monagle; Kanta Subbarao; Jessica A. Neil,14,12,2620,https://doi.org/10.3390/v14122620
10.3390/v15030725,pdfs,yes,yes,other,no,,intranasal antiviral | carbohydrate-binding module | Neumifil | SARS-CoV-2 | animal model,Use of a Preclinical Natural Transmission Model to Study Antiviral Effects of a Carbohydrate-Binding Module Therapy against SARS-CoV-2 in Hamsters,Viruses,2023,Daniel Knott; Rachel Fell; Jane A. Potter; Samantha Yuille; Franscisco J. Salguero; Victoria A. Graham; Roger Hewson; David Howat; Stuart D. Dowall,15,3,725,https://doi.org/10.3390/v15030725
10.3390/v15102024,pdfs,no,yes,other,yes,,silver nanoparticles | EGCG | HSV-1/2 | in vitro and animal studies,Epigallocatechin Gallate-Modified Silver Nanoparticles Show Antiviral Activity against Herpes Simplex Type 1 and 2,Viruses,2023,Malgorzata Krzyzowska; Martyna Janicka; Marcin Chodkowski; Magdalena Patrycy; Oliwia Obuch-Woszczatyńska; Emilia Tomaszewska; Katarzyna Ranoszek-Soliwoda; Grzegorz Celichowski; Jaroslaw Grobelny,15,10,2024,https://doi.org/10.3390/v15102024
10.3390/v15112161,pdfs,yes,yes,other,no,,intranasal antivirals | SARS-CoV-2 | chemoprophylaxis | animal model | combination therapy,Chemoprophylactic Assessment of Combined Intranasal SARS-CoV-2 Polymerase and Exonuclease Inhibition in Syrian Golden Hamsters,Viruses,2023,Eduardo Gallardo-Toledo; Megan Neary; Joanne Sharp; Joanne Herriott; Edyta Kijak; Chloe Bramwell; Paul Curley; Usman Arshad; Henry Pertinez; Rajith K. R. Rajoli; Anthony Valentijn; Helen Cox; Lee Tatham; Anja Kipar; James P. Stewart; Andrew Owen,15,11,2161,https://doi.org/10.3390/v15112161
10.3390/v16020196,pdfs,yes,yes,other,no,,saline-based nanoformulation | EGCG-palmitate | antiviral nasal spray | Long COVID | coronavirus inactivation,Feasibility Study of Developing a Saline-Based Antiviral Nanoformulation Containing Lipid-Soluble EGCG: A Potential Nasal Drug to Treat Long COVID,Viruses,2024,Nicolette Frank; Douglas Dickinson; William Garcia; Yutao Liu; Hongfang Yu; Jingwen Cai; Sahaj Patel; Bo Yao; Xiaocui Jiang; Stephen Hsu,16,2,196,https://doi.org/10.3390/v16020196
10.3390/v16121919,pdfs,yes,yes,other,no,,seaweed extract | influenza | intranasal administration | antiviral agent | in vivo efficacy,Phlorotannin-Rich Ascophyllum nodosum Seaweed Extract Inhibits Influenza Infection,Viruses,2024,Daniele F. Mega; Parul Sharma; Anja Kipar; Udo Hetzel; Chloe Bramwell; Alan Merritt; Samuel Wright; Chris Plummer; Richard A. Urbanowicz; James P. Stewart,16,12,1919,https://doi.org/10.3390/v16121919
10.3390/v15122300,pdfs,yes,yes,other,no,,azelastine|antihistamine|antiviral nasal spray|SARS-CoV-2|respiratory viruses|RSV|influenza|in vitro|3D tissue model,Antiviral Potential of Azelastine against Major Respiratory Viruses,Viruses,2023,Katrin Fischhuber; Zoltán Bánki; Janine Kimpel; Natalie Kragl; Annika Rössler; Annika Bolze; Brigitte Muellauer; Joachim Angerer; Gábor Nagy; Eszter Nagy; Valeria Szijarto,15,12,2300,https://doi.org/10.3390/v15122300
10.3390/v6031410,pdfs,yes,yes,case_series,no,,intranasal interferon | adenovirus vector | RVFV prophylaxis | post-exposure treatment | animal model,Single-Dose Intranasal Treatment with DEF201 (Adenovirus Vectored Consensus Interferon) Prevents Lethal Disease Due to Rift Valley Fever Virus Challenge,Viruses,2014,Brian Gowen; Jane Ennis; Kevin Bailey; Zachary Vest; Dionna Scharton; Eric Sefing; Jeffrey Turner,6,3,1410-1423,https://doi.org/10.3390/v6031410
10.3390/v18010091,pdfs,yes,no,other,yes,in_vitro,nitric oxide nasal spray | virucidal activity | in vitro | respiratory viruses,Broad-Spectrum Virucidal Activity of Nitric Oxide Nasal Spray (NONS) Against SARS-CoV-2 Variants and Major Respiratory Viruses,Viruses,2026,James Martins; Selvarani Vimalanathan; Jeremy Road; Chris Miller,18,1,91,https://doi.org/10.3390/v18010091
10.3390/v7020798,pdfs,yes,yes,other,no,,antiviral nasal spray | RSV prophylaxis | ML-HSA | intranasal administration | barrier agent,Intranasal Administration of Maleic Anhydride-Modified Human Serum Albumin for Pre-Exposure Prophylaxis of Respiratory Syncytial Virus Infection,Viruses,2015,Zhiwu Sun; Qian Wang; Ran Jia; Shuai Xia; Yuan Li; Qi Liu; Wei Xu; Jin Xu; Lanying Du; Lu Lu; Shibo Jiang,7,2,798-819,https://doi.org/10.3390/v7020798
10.3390/v18040444,pdfs,yes,yes,other,no,,neomycin | intranasal delivery | influenza B | immunomodulation | antiviral,Neomycin Exhibits Immunomodulatory and Antiviral Activity Against Influenza B Virus,Viruses,2026,Ekaterina Romanovskaya-Romanko; Marina Plotnikova; Anna-Polina Shurygina; Marina Shuklina; Sergey Klotchenko; Zhanna Buzitskaya; Dmitry Lioznov; Marina Stukova,18,4,444,https://doi.org/10.3390/v18040444
10.3390/v7092863,pdfs,yes,yes,other,no,,RNA-hydrolyzing antibody | intranasal delivery | H1N1 influenza | antiviral prophylaxis | animal model,Preventive Activity against Influenza (H1N1) Virus by Intranasally Delivered RNA-Hydrolyzing Antibody in Respiratory Epithelial Cells of Mice,Viruses,2015,Seungchan Cho; Ha-Na Youn; Phuong Hoang; Sungrae Cho; Kee-Eun Kim; Eui-Joon Kil; Gunsup Lee; Mun-Ju Cho; Juhyun Hong; Sung-June Byun; Chang-Seon Song; Sukchan Lee,7,9,5133-5144,https://doi.org/10.3390/v7092863
10.34133/bmr.0287,pdfs,yes,yes,other,no,,intranasal interferon lambda | nanoliposome delivery | influenza | antiviral | mucosal immunity,Intranasal Nanoliposomes Delivering Interferon Lambda with Enhanced Mucosal Retention as an Antiviral,Biomaterials Research,2025,Seungju Yang; Jeongwon Yun; Jae Hyuk Kwon; Ji Eun Oh; Ho Min Kim; Hyun Jung Chung,29,,0287,https://doi.org/10.34133/bmr.0287
10.35617/jfionline.v13i2.124,pdfs,yes,yes,other,no,,silver nanoparticles|antiviral nasal spray|H5N1 influenza|formulation|in vitro antiviral activity,Formulasi Nasal Spray Anti-Influenza yang Mengandung Nanopartikel Perak,JFIOnline | Print ISSN 1412-1107 | e-ISSN 2355-696X,2021,Sutriyo; Wilbert Wylie; Kurnia Sari Setio Putri; Okti Nadia Poetri; Ratika Rahmasari,13,2,191-201,https://doi.org/10.35617/jfionline.v13i2.124
10.34883/pi.2021.9.4.017,pdfs,yes,yes,case_series,no,,lysozyme nasal spray | acute viral rhinosinusitis | children | innate immunity | antiviral treatment,Influence of Nonspecific Protective Factors on the Course of Acute Rhinosinusitis in Children,Педиатрия. Восточная Европа,2021,Г.В. Бекетова; О.В. Солдатова; И.П. Горячева; В.Н. Вовк; Е.Б. Савинова,9,4,622-633,https://doi.org/10.34883/pi.2021.9.4.017
10.37489/0235-2990-2021-66-5-6-11-16,pdfs,yes,no,other,yes,review,in vitro antiviral activity | Thymogen nasal spray | SARS-CoV-2 | cell culture,"Local antiviral activity of the drug «Thymogen®», nasal dosed spray, against SARS-CoV-2 coronavirus &lt;i&gt;in vitro&lt;/i&gt;",Antibiotics and Chemotherapy,2021,"Leneva, Irina A.; Smirnov, V. S.; Kudryavtseva, T. A.; Faizuloev, E. B.; Gracheva, Anastasiia V.; Kartashova, Nadezhda P.; Zaplutanov, V. A.; Petlenko, S. V.",66,5-6,11-16,https://doi.org/10.37489/0235-2990-2021-66-5-6-11-16
10.37489/0235-2990-2023-68-7-8-27-33,pdfs,yes,yes,other,no,,intranasal interferon | double-stranded RNA | influenza treatment | innate immunomodulation | animal model,Antiviral Activity of Double-Stranded Ribonucleic Acid and Interferon Alpha Composition in the Model of Experimental Influenza Infection of Mice,Antibiotics and Chemotherapy,2023,S. G. Gamaley; М. O. Skarnovich; E. V. Makarevich; О. Yu. Мazurkov; Shishkina Ln; О. S. Ivanova; G. M. Levagina; Е. Д. Даниленко,68,7-8,27-33,https://doi.org/10.37489/0235-2990-2023-68-7-8-27-33
10.37489/0235-2990-2025-70-3-4-5-11,pdfs,yes,no,other,yes,protocol,in vitro antiviral testing | nasal spray | respiratory viruses,"Virucidal Activity of the Drug «Thymogen®», a Nasal Dosed Spray, Against Human Respiratory Viruses In Vitro",Antibiot Khimioter = Antibiotics and Chemotherapy,2025,В. С. Смирнов; Владимир В. Зарубаев; T. A. Kudryavtseva; Яна Л. Есаулкова; Alexandrina S. Volobueva; В. А. Заплутанов; С. В. Петленко,70,3-4,5-11,https://doi.org/10.37489/0235-2990-2025-70-3-4-5-11
10.3851/imp1744,pdfs,yes,yes,other,no,,green tea extract | elderberry extract | intranasal antiviral | influenza treatment | animal model,Effects of TheraMax on Influenza Virus Infections in Cell Culture and in Mice,Antiviral Chemistry and Chemotherapy,2011,Donald F. Smee; Brett L. Hurst; Min-Hui Wong,21,6,231-237,https://doi.org/10.3851/imp1744
10.37489/0235-2990-2023-68-9-10-46-57,pdfs,yes,yes,other,no,,intranasal immunomodulator | antiviral nasal spray | influenza | preclinical animal model | protective efficacy,Study of the Protective Activity of Thymogen® Dosed   Nasal Spray on a Model of Experimental Influenza Pneumonia  in Laboratory Animals,Antibiotics and Chemotherapy,2024,Владимир В. Зарубаев; А. В. Гаршинина; Яна Л. Есаулкова; M. G. Mihalskij; В. С. Смирнов; T. A. Kudryavtseva; С. В. Петленко; В. А. Заплутанов,68,9-10,46-57,https://doi.org/10.37489/0235-2990-2023-68-9-10-46-57
10.4103/jfmpc.jfmpc_993_21,pdfs,yes,yes,case_series,no,,povidone-iodine | intranasal antiseptic | SARS-CoV-2 | viral load | Ct values,Changes in reverse transcription polymerase chain reaction cycle threshold values of SARS-CoV-2 with topical povidone iodine use: A single-arm open-label interventional study,Journal of Family Medicine and Primary Care,2022,Shankar S.; Jamir L.; Kakkar R.; Babji K.; Mangayarkarasi V.; Tripathi M.; Tak H.,11,2,480-486,https://doi.org/10.4103/jfmpc.jfmpc_993_21
10.4178/epih.e2021051,pdfs,yes,yes,rct,no,,hydrogen peroxide | nasal spray | COVID-19 | SARS-CoV-2 | symptom relief,Hydrogen peroxide as an auxiliary treatment for COVID-19 in Brazil: a randomized double-blind clinical trial,Epidemiology and Health,2021,Marielle Bazzo Di Domênico; Kauê Collares; Renan Brandenburg dos Santos; Ulysses Lenz; Vinícius Picoli Antunes; Vinicius Webber Godinho; Henrique Cesca; Thales Henrique Jincziwski Ponciano; Pedro Henrique Corazza,43,,e2021051,https://doi.org/10.4178/epih.e2021051
10.37489/0235-2990-2022-67-9-10-42-48,pdfs,yes,yes,other,no,,dsRNA innate immunomodulator | intranasal interferon inducer | influenza treatment | animal model study | pharmacological safety,Study on Antiviral Activity and Pharmacological Safety of Double-Stranded Ribonucleic Acid for Intranasal Administration,Antibiotics and Chemotherapy,2022,"Danilenko, E. D.; Gamaley, Svetlana G.; Ivanova, O. S.; Levagina, G. M.; Shimina, G. G.; Shishkina, Larisa N.; Simakova, O. V.; Skarnovich, M. A.; Skarnovich, M. O.; Taranov, Oleg S.; Tsyplenkova, E. S.",67,9-10,42-48,https://doi.org/10.37489/0235-2990-2022-67-9-10-42-48
10.64063/10.64063/3049-1681.vol.2.issue9.4,pdfs,yes,yes,other,no,,thermoresponsive nasal gel | nanosized antiviral agents | in-situ drug delivery | quality-by-design | formulation optimization,QUALITY-BY-DESIGN (QBD) APPROACH IN DEVELOPING A THERMORESPONSIVE IN-SITU NASAL GEL CONTAINING NANOSIZED ANTIVIRAL AGENTS,Journal of Pharmaceutical Research and Integrated Medical Sciences,2025,Jayanti Tiwari; Harshita Khatri; Anshika Garg; Anubhav Yadav,,,36-46,https://doi.org/10.64063/10.64063/3049-1681.vol.2.issue9.4
10.64063/3049-1681.vol.2.issue8.9,pdfs,yes,no,other,yes,protocol,thermoresponsive gel | nasal drug delivery | formulation optimization | in-vitro testing,Quality-By-Design (QBD) Approach in Developing a Thermoresponsive In-Situ Nasal Gel Containing Nanosized Antiviral,Journal of Pharmaceutical Research and Integrated Medical Sciences,2025,Sonika Prajapati; Vaibhav Yadav; Rahul; Arendra Pratap Singh; Disha Deshmukh,,,104-116,https://doi.org/10.64063/3049-1681.vol.2.issue8.9
10.7759/cureus.27182,pdfs,yes,yes,rct,no,,xylitol | intranasal barrier agent | COVID-19 treatment | anosmia | outpatient,Intranasal Xylitol for the Treatment of COVID-19 in the Outpatient Setting: A Pilot Study,Cureus,2022,Evangelina Soler; Amanda de Mendoza; Víctor I. Cuello; Maria G. Silva-Vetri; Zoilangel H. Núñez; Ramsés G. Ortega; Syed A. Rizvi; Marcos Sanchez-Gonzalez; Gustavo Ferrer,14,7,e27182,https://doi.org/10.7759/cureus.27182
10.1001/jama.1983.03330430042027,pdfs,yes,yes,rct,no,,ribavirin aerosol | RSV treatment | experimental infection | antiviral therapy,Ribavirin Treatment of Experimental Respiratory Syncytial Viral Infection,JAMA,1983,Caroline Beese Hall,249,19,2666,https://doi.org/10.1001/jama.1983.03330430042027
10.1016/j.antiviral.2024.105897,pdfs,yes,yes,other,no,,polyoxometalate|entry inhibitor|nasal delivery|broad-spectrum antiviral|respiratory viruses,Polyoxometalate exerts broad-spectrum activity against human respiratory viruses hampering viral entry,Antiviral Research,2024,Irene Arduino; Rachele Francese; Andrea Civra; Elisa Feyles; Monica Argenziano; Marco Volante; Roberta Cavalli; Ali M. Mougharbel; Ulrich Kortz; Manuela Donalisio; David Lembo,226,,105897,https://doi.org/10.1016/j.antiviral.2024.105897
10.1007/s11427-023-2410-5,pdfs,yes,yes,other,no,,antiviral peptide | intranasal delivery | SARS-CoV-2 | pan-coronavirus | prophylaxis,A pan-coronavirus peptide inhibitor prevents SARS-CoV-2 infection in mice by intranasal delivery,Science China Life Sciences,2023,Lili Wu; Anqi Zheng; Yangming Tang; Yan Chai; Jiantao Chen; Lin Cheng; Yu Hu; Jing Qu; Wenwen Lei; William Jun Liu; Guizhen Wu; Shaogui Zeng; Hang Yang; Qihui Wang; George Fu Gao,66,10,2201-2213,https://doi.org/10.1007/s11427-023-2410-5
10.1016/j.cyto.2021.155720,pdfs,no,yes,other,yes,,allergic asthma | intranasal curcumin | HDAC inhibition | airway inflammation,Intranasal curcumin and sodium butyrate modulates airway inflammation and fibrosis via HDAC inhibition in allergic asthma,Cytokine,2022,Islam R.; Dash D.; Singh R.,149,,155720,https://doi.org/10.1016/j.cyto.2021.155720
10.1016/j.ejphar.2025.177567,pdfs,yes,yes,case_series,no,,RSV inhibitors | intranasal administration | in vivo antiviral activity | pharmacokinetics | borneol esters,"Biostability, in vivo antiviral activity against respiratory syncytial virus, and pharmacokinetic profiles of (−)-borneol esters",European Journal of Pharmacology,2025,Anastasiya S. Sokolova; Alina A. Okhina; Anna A. Shtro; Artem M. Klabukov; Anastasia V. Galochkina; Yulia V. Nikolaeva; Galina D. Petukhova; Olga I. Yarovaya; Artem D. Rogachev; Dmitriy S. Baev; Alina V. Fatyanova; Tatyana G. Tolstikova; Nariman F. Salakhutdinov,996,,177567,https://doi.org/10.1016/j.ejphar.2025.177567
10.1016/j.ejps.2023.106673,pdfs,yes,yes,other,no,,cyclosporine A nasal spray | SARS-CoV-2 antiviral | micellar formulation | intranasal delivery | viral inactivation,Cyclosporine A micellar nasal spray characterization and antiviral action against SARS-CoV-2,European Journal of Pharmaceutical Sciences,2024,Fabiola Guareschi; Elena Del Favero; Caterina Ricci; Laura Cantù; Martina Brandolini; Vittorio Sambri; Sara Nicoli; Silvia Pescina; Davide D'Angelo; Irene Rossi; Francesca Buttini; Ruggero Bettini; Fabio Sonvico,193,,106673,https://doi.org/10.1016/j.ejps.2023.106673
10.1016/j.ejps.2025.107069,pdfs,yes,yes,rct,no,,intranasal antiviral | 2-deoxy-D-glucose | phase 1 safety | rhinovirus | SARS-CoV-2,"Safety, tolerability, and pharmacokinetics of intranasal 2-deoxy-D-glucose in normal healthy volunteers: A randomized, double-blind, placebo-controlled, single and multiple ascending dose phase 1 study",European Journal of Pharmaceutical Sciences,2025,Thorsten Bischof; Melanie Gsoellpointner; Katarina D. Kovacevic Miljevic; Miriam M. Moser; Al Medina Dizdarevic; Guido A. Gualdoni; Anna-Dorothea Gorki; Christina Nicolodi; Scharon Chou; Snezana Radivojev; Nadja Haiden; Christian A. Mueller; Christa Firbas; Bernd Jilma; Christian Schoergenhofer,209,,107069,https://doi.org/10.1016/j.ejps.2025.107069
10.1016/j.ijantimicag.2025.107491,pdfs,yes,yes,other,no,,intranasal interferon | type III interferon | influenza prophylaxis | respiratory viral infection | innate immunity,Exploring the protective role of recombinant type III interferons in respiratory infections: Insights from an Mx1-deficient mouse model,International Journal of Antimicrobial Agents,2025,Lozhkov A.; Dobrovolskaya O.; Romanovskaya-Romanko E.; Shishlyannikov S.; Elpaeva E.; Garshinina A.; Zabrodskaya Y.; Shaldzhyan A.; Egorov V.; Vasin A.,66,1,107491,https://doi.org/10.1016/j.ijantimicag.2025.107491
10.1016/j.ijpharm.2024.123896,pdfs,yes,yes,other,no,,intranasal remdesivir | liposomal formulation | COVID-19 | K18-hACE2 mice | antiviral efficacy,Development of favipiravir dry powders for intranasal delivery: An integrated cocrystal and particle engineering approach via spray freeze drying,International Journal of Pharmaceutics,2024,Si Nga Wong; Si Li; Kam‐Hung Low; Ho Wan Chan; Xinyue Zhang; Stephanie Chow; Stephanie Chow; Bo Hui; Philip C. Y. Chow; Philip C.Y. Chow; Shing Fung Chow; Shing Fung Chow,653,,123896,https://doi.org/10.1016/j.ijpharm.2024.123896
10.1016/j.jconrel.2023.10.050,pdfs,yes,yes,other,no,,intranasal delivery | liposomal nafamostat | SARS-CoV-2 | drug repurposing | lung targeting,Drug repurposing for the treatment of COVID-19: Targeting nafamostat to the lungs by a liposomal delivery system,Journal of Controlled Release,2023,Philipp Reus; Hadar Guthmann; Nadja Uhlig; Majd Agbaria; Leila Issmail; Valentina Eberlein; Mirjam M. Nordling-David; Doaa Jbara-Agbaria; Sandra Ciesek; Denisa Bojkova; Jindrich Cinatl; Anke Burger-Kentischer; Steffen Rupp; Andrea Zaliani; Thomas Grunwald; Philip Gribbon; Aimo Kannt; Gershon Golomb,364,,654-671,https://doi.org/10.1016/j.jconrel.2023.10.050
10.1016/j.jconrel.2025.01.044,pdfs,yes,yes,other,no,,intranasal antiviral | remdesivir | liposomal formulation | SARS-CoV-2 | animal model,Intranasal liposomal remdesivir induces SARS-CoV-2 clearance in K18-hACE2 mice and ensures survival,Journal of Controlled Release,2025,Sabrina Mendes; Lays Cordeiro Guimarães; Leonardo Camilo de Oliveira; Pedro Augusto Carvalho Costa; Natália Jordana Alves da Silva; Gabriel Silva Alves Pessim Pereira; Clara Couto Fernandez; Maria Marta Figueiredo; Robson Augusto Souza dos Santos; Mauro Martins Teixeira; Vivian Vasconcelos Costa; Pedro Pires Goulart Guimarães; Frédéric Frézard,379,,558-573,https://doi.org/10.1016/j.jconrel.2025.01.044
10.1016/j.jphotobiol.2025.113261,pdfs,yes,yes,other,no,,photodynamic inactivation | intranasal nanomedicine | broad-spectrum antiviral | SARS-CoV-2 | influenza,Intranasal nanophotosensitizer enables safe and broad-spectrum photodynamic inactivation of respiratory viruses,Journal of Photochemistry and Photobiology B: Biology,2025,Sunmi Han; Assel Seitkazina; Jeongyun Heo; Se-young Kim; Se-young Kim; SuJin Kim; SuJin Kim; Sung‐Ho Jeon; Yung Hun Park; Taehun Lim; Bohyeon Kim; Shivani Rajoriya; Quy Son Luu; Young Bok Lee; Yong‐Deok Lee; Honghwan Choi; Won‐Keun Kim; Hyun Jik Kim; Sehoon Kim; Sehoon Kim,272,,113261,https://doi.org/10.1016/j.jphotobiol.2025.113261
10.1016/j.ymthe.2025.05.028,pdfs,yes,yes,other,no,,polyoxometalate | broad-spectrum antiviral | nasal delivery | entry inhibitor | respiratory viruses,Therapeutic applications of interface-mimicking peptides for targeting the SARS-CoV-2 NSP12-NSP8 RdRp complex,Molecular Therapy,2025,Mark Anthony B. Casel; Jae-Woo Ahn; Hyunjoon Kim; Isaac Choi; Seung-Gyu Jang; Rare Rollon; Ho-Young Ji; Mina Yu; Seong Cheol Min; Min-Suk Song; Young Ki Choi,33,9,4471-4487,https://doi.org/10.1016/j.ymthe.2025.05.028
10.1099/jgv.0.000758,pdfs,yes,yes,other,no,,intranasal antiviral | broad-spectrum inhibitor | pyrimidine synthesis | respiratory viruses | FA-613,Broad-spectrum inhibition of common respiratory RNA viruses by a pyrimidine synthesis inhibitor with involvement of the host antiviral response,Journal of General Virology,2017,Nam Nam Cheung; Kin Kui Lai; Jun Dai; Kin Hang Kok; Honglin Chen; Kwok-Hung Chan; Kwok-Yung Yuen; Richard Yi Tsun Kao,98,5,946-954,https://doi.org/10.1099/jgv.0.000758
10.1099/jgv.0.001821,pdfs,no,no,other,yes,,in vitro study | caprylic acid | SARS-CoV-2 | cell culture | rat model,A novel antiviral formulation containing caprylic acid inhibits SARS-CoV-2 infection of a human bronchial epithelial cell model,Journal of General Virology,2023,Kevin Purves; Ruth Haverty; Tiina O'Neill; David Folan; Sophie O'Reilly; Alan W. Baird; Dimitri Scholz; Patrick W. Mallon; Virginie Gautier; Michael Folan; Nicola F. Fletcher,104,2,,https://doi.org/10.1099/jgv.0.001821
10.1016/j.jtbi.2025.112237,pdfs,yes,no,other,yes,review,mathematical modeling | intranasal antivirals | SARS-CoV-2 | superspreading | pandemic preparedness,Preventing SARS-CoV-2 superspreading events with antiviral intranasal sprays,Journal of Theoretical Biology,2025,George Booth; Christoforos Hadjichrysanthou; Keira L. Rice; Jacopo Frallicciardi; Zoltán Magyarics; Frank de Wolf; Jaap Goudsmit; Anna L. Beukenhorst; Roy Anderson,615,,112237,https://doi.org/10.1016/j.jtbi.2025.112237
10.1211/0022357001777225,pdfs,yes,yes,other,no,,intranasal antiviral | stachyflin derivative | influenza | drug absorption | ferret model,Development of Anti-influenza Drugs: II. Improvement of Oral and Intranasal Absorption and the Anti-influenza Activity of Stachyflin Derivatives,Journal of Pharmacy and Pharmacology,2000,Yoshimoto J.; Yagi S.; Ono J.; Sugita K.; Hattori N.; Fujioka T.; Fujiwara T.; Sugimoto H.; Hashimoto N.,52,10,1247-1255,https://doi.org/10.1211/0022357001777225
10.26787/nydha-2686-6838-2023-25-4-6-11,pdfs,yes,no,other,yes,protocol,intranasal antiviral delivery | ribavirin formulation | in situ gel system | biopharmaceutical characterization,EVALUATION OF BIOPHARMACEUTICAL PARAMETERS OF A NEW INTRANASAL ANTIVIRAL DRUG BASED ON AN IN SITU SYSTEM,"""Medical &amp; pharmaceutical journal ""Pulse""",2023,Bakhrushina E.O.; Ivkina A.S.; Tabanskaya T.V.,,,6-11,https://doi.org/10.26787/nydha-2686-6838-2023-25-4-6-11
10.470560/0365-9615-2025-180-9-303-307,pdfs,yes,yes,other,no,,intranasal ribavirin | in situ gel delivery | ciliotoxicity assessment | rat nasal epithelium | formulation optimization,Analysis of the ciliotoxic effect of an intranasal in situ ribavirin delivery system: in vitro and in vivo evaluation,Bulletin of Experimental Biology and Medicine,2025,"Mikhel, I. et al.",180,9,303-307,https://doi.org/10.47056/0365-9615-2025-180-9-303-307
grey:miller-2023-thai-prevention,manual,yes,yes,observational,no,,nitric oxide nasal spray | COVID-19 | prevention | post-exposure prophylaxis,Epidemiological analysis of nitric oxide nasal spray (NONS) use in students exposed to SARS-CoV-2,SaNOtize Research and Development (company report),2023,Jarinratn Sirirattawan; Christopher Miller,,,,https://sanotize.com/wp-content/uploads/2023/04/2023-Miller-Thai-Prevention-Study-RT-1.pdf
nct:NCT04337918,manual,yes,yes,rct,no,,nitric oxide nasal spray | COVID-19 | prevention | healthcare workers | registered trial - results not published,Nitric Oxide Releasing Solutions to Prevent and Treat Mild/Moderate COVID-19 Infection (NCT04337918),ClinicalTrials.gov,2020,SaNOtize Research and Development Corp.,,,,https://clinicaltrials.gov/study/NCT04337918
nct:NCT05109611,manual,yes,yes,rct,no,,nitric oxide nasal spray | COVID-19 | prevention | post-exposure prophylaxis | registered trial - results not published,Nitric Oxide Nasal Spray (NONS) as Prevention for Treatment of Individuals at Risk of Exposure to COVID-19 Infection (NCT05109611),ClinicalTrials.gov,2021,SaNOtize Research and Development Corp.,,,,https://clinicaltrials.gov/study/NCT05109611
10.1101/2023.03.19.23287462,c19early,yes,yes,other,no,,sa58 | COVID-19 | prevention | intranasal,Safety and Effectiveness of SA58 Nasal Spray against SARS-CoV-2 family transmission: an exploratory single-arm trial,medRxiv (preprint),2023,Wang et al.,,,,https://doi.org/10.1101/2023.03.19.23287462
10.1080/22221751.2023.2212806,c19early,yes,yes,rct,no,,sa58 | COVID-19 | prevention | intranasal,Post-exposure prophylaxis with SA58 (anti-SARS-CoV-2 monoclonal antibody) nasal spray for prevention of symptomatic COVID-19 in healthy adult workers: a randomized single-blind placebo-controlled study,Emerging Microbes & Infections,2023,Song et al.,,,,https://doi.org/10.1080/22221751.2023.2212806
10.46234/ccdcw2023.040,c19early,yes,yes,other,no,,sa58 | COVID-19 | prevention | intranasal,Safety and Effectiveness of SA58 Nasal Spray Against COVID-19 Infection in Medical Personnel: An Open-Label Blank-Controlled Study,China CDC Weekly,2023,Si et al.,,,,https://doi.org/10.46234/ccdcw2023.040
10.1002/jmv.29275,c19early,yes,yes,other,no,,igm-like ace2 fusion protein | COVID-19 | prevention | intranasal,Nasal spray of an IgM-like ACE2 fusion protein HH-120 prevents SARS-CoV-2 infection: Two investigator-initiated postexposure prophylaxis trials,Journal of Medical Virology,2023,Song et al.,,,,https://doi.org/10.1002/jmv.29275
10.1038/s41467-023-37290-6,c19early,yes,yes,other,no,,trisb92 | COVID-19 | preclinical | intranasal,Intranasal trimeric sherpabody inhibits SARS-CoV-2 including recent immunoevasive Omicron subvariants,Nature Communications,2023,Makela et al.,,,,https://doi.org/10.1038/s41467-023-37290-6
10.1101/2023.03.17.23287398,c19early,yes,yes,other,no,,a8g6 antibody cocktail | COVID-19 | treatment | intranasal,A first-in-human clinical study of an intranasal spray of a cocktail containing two synergetic antibodies neutralizes Omicron BA.4/5,medRxiv (preprint),2023,Zhang et al.,,,,https://doi.org/10.1101/2023.03.17.23287398
10.2139/ssrn.4397031,c19early,yes,yes,other,no,,a8g6 antibody cocktail | COVID-19 | prevention | intranasal,The Real-World Effectiveness of an Intranasal Spray A8G6 Antibody Cocktail in the Post-Exposure Prophylaxis of COVID-19,SSRN (preprint),2023,Li et al.,,,,https://doi.org/10.2139/ssrn.4397031
10.1016/j.medj.2022.08.002,c19early,yes,yes,other,no,,sti-9167 | COVID-19 | preclinical | intranasal,Discovery and intranasal administration of a SARS-CoV-2 broadly-acting neutralizing antibody with activity against multiple Omicron subvariants,Med,2022,Duty et al.,,,,https://doi.org/10.1016/j.medj.2022.08.002
10.1016/j.celbio.2025.100017,c19early,yes,yes,other,no,,ace2 decoy vesicle | COVID-19 | preclinical | intranasal,Antiviral covalent ACE2 vesicle spray,Cell Biomaterials,2025,Meng et al.,,,,https://doi.org/10.1016/j.celbio.2025.100017
10.3390/v14051033,c19early,yes,yes,rct,no,,acidic hypochlorous solution | COVID-19 | treatment | intranasal,Efficacy of the Sentinox Spray in Reducing Viral Load in Mild COVID-19 and Its Virucidal Activity against Other Respiratory Viruses: Results of a Randomized Controlled Trial and an In Vitro Study,Viruses,2022,Panatto et al.,,,,https://doi.org/10.3390/v14051033
10.20944/preprints202509.1594.v1,c19early,yes,yes,rct,no,,cetylpyridinium chloride | COVID-19 | treatment | intranasal,Efficacy of Nasal Spray Mouth Spray and Mouthwash Containing Limonene Cetylpyridinium Chloride and Monolaurin in COVID-19 Management: A Double-Blind Randomized Placebo-Controlled Trial,Preprints.org,2025,Ponphaiboon et al.,,,,https://doi.org/10.20944/preprints202509.1594.v1
10.3205/000321,c19early,yes,yes,rct,no,,phthalocyanine | COVID-19 | treatment | intranasal,Effect of phthalocyanine oral and nasal antiseptic solutions on the infectivity of SARS-CoV-2 in patients with COVID-19: a randomized controlled trial,GMS German Medical Science,2023,Colado Simao et al.,,,,https://doi.org/10.3205/000321
10.1016/j.jhin.2022.05.007,c19early,yes,yes,other,no,,hydrogen peroxide | COVID-19 | prevention | intranasal,Further observations on hydrogen peroxide antisepsis and COVID-19 cases among healthcare workers and inpatients,Journal of Hospital Infection,2022,Amoah et al.,,,,https://doi.org/10.1016/j.jhin.2022.05.007
10.1111/coa.14056,c19early,yes,yes,rct,no,,povidone-iodine / hypertonic alkaline / saline nasal lavage | COVID-19 | treatment | intranasal,Effect of the povidone iodine hypertonic alkaline solution and saline nasal lavage on nasopharyngeal viral load in COVID-19,Clinical Otolaryngology,2023,Batioglu-Karaaltin et al.,,,,https://doi.org/10.1111/coa.14056
10.1002/lio2.686,c19early,yes,yes,other,no,,hypertonic alkaline nasal irrigation | COVID-19 | treatment | intranasal,Effects of hypertonic alkaline nasal irrigation on COVID-19,Laryngoscope Investigative Otolaryngology,2021,Yilmaz et al.,,,,https://doi.org/10.1002/lio2.686
10.1007/s12519-023-00749-z,c19early,yes,yes,rct,no,,physiological seawater nasal irrigation | COVID-19 | treatment | intranasal,Efficacy of physiological seawater nasal irrigation for the treatment of children with SARS-CoV-2 Omicron BA.2 variant infection: a randomized controlled trial,World Journal of Pediatrics,2024,Lin et al.,,,,https://doi.org/10.1007/s12519-023-00749-z
10.21037/tcr-23-2384,c19early,yes,yes,other,no,,saline nasal irrigation | COVID-19 | treatment | intranasal,Significance of saline nasal irrigation for COVID-19 infection: observations and reflections from nursing care of nasopharyngeal carcinoma,Translational Cancer Research,2024,Yan et al.,,,,https://doi.org/10.21037/tcr-23-2384
10.21203/rs.3.rs-2167465/v1,c19early,yes,yes,rct,no,,chlorpheniramine maleate | COVID-19 | treatment | intranasal,Chlorpheniramine Intranasal Spray to Accelerate COVID-19 Clinical Recovery in an Outpatient Setting: The ACCROS Trials,Research Square (preprint),2022,Valerio-Pascua et al.,,,,https://doi.org/10.21203/rs.3.rs-2167465/v1
10.1016/j.ijid.2021.04.035,c19early,yes,yes,rct,no,,povidone-iodine throat spray | COVID-19 | prevention | intranasal,Positive impact of oral hydroxychloroquine and povidone-iodine throat spray for COVID-19 prophylaxis: an open-label randomized trial,International Journal of Infectious Diseases,2021,Seet et al.,,,,https://doi.org/10.1016/j.ijid.2021.04.035
10.1016/j.antiviral.2007.01.003,fimmu_review,yes,yes,other,no,,cinnamaldehyde | influenza | intranasal | animal model,"Inhibitory effect of cinnamaldehyde, derived from cinnamomi cortex, on the growth of influenza A/PR/8 virus in vitro and in vivo",Antiviral Research,2007,Hayashi K et al.,,,,https://doi.org/10.1016/j.antiviral.2007.01.003
10.1016/j.indcrop.2022.114524,fimmu_review,yes,yes,other,no,,maqian essential oil (limonene) | influenza | intranasal | animal model,In vitro and in vivo antiviral activity of maqian (Zanthoxylum myriacanthum var. pubescens) essential oil and its major constituents against strains of influenza virus,Industrial Crops and Products,2022,Yang J et al.,,,,https://doi.org/10.1016/j.indcrop.2022.114524
10.3969/j.issn.1674-3865.2017.06.001,fimmu_review,yes,yes,other,no,,ganlu xiaodu volatile oil | influenza | intranasal | animal model,Effects of Ganlu Xiaodu micropill and its volatile oil on RIG-I/NF-kB signaling pathway in mice infected with influenza virus,Chinese Pediatrics of Integrated Traditional and Western Medicine,2017,Liu G et al.,,,,https://doi.org/10.3969/j.issn.1674-3865.2017.06.001
10.3969/j.issn.1674-4985.2018.03.001,fimmu_review,yes,yes,other,no,,ganlu xiaodu volatile oil | influenza | intranasal | animal model,Effects of Ganlu Xiaodu micropill and its volatile oil on lung inflammation related factors in mice infected with influenza virus,Medical Innovation of China,2018,Liu G et al.,,,,https://doi.org/10.3969/j.issn.1674-4985.2018.03.001
10.13194/j.issn.1673-842x.2018.01.006,fimmu_review,yes,yes,other,no,,ganlu xiaodu volatile oil | influenza | intranasal | animal model,Effects of Ganlu Xiaodu Dan and its volatile oil on the IL-4/IFN-gamma levels of mice infected with influenza virus,Journal of Liaoning University of Traditional Chinese Medicine,2018,Liu G et al.,,,,https://doi.org/10.13194/j.issn.1673-842x.2018.01.006
10.13193/j.issn.1673-7717.2019.02.019,fimmu_review,yes,yes,other,no,,ganlu xiaodu volatile oil | influenza | intranasal | animal model,Effects of Ganlu Xiaodu micropill and its volatile oil on mucosal immunity in mice infected with influenza virus,Chinese Archives of Traditional Chinese Medicine,2019,Liu G et al.,,,,https://doi.org/10.13193/j.issn.1673-7717.2019.02.019
10.1016/j.biopha.2022.113773,fimmu_review,yes,yes,other,no,,agrimonia pilosa + galla rhois extract (aprg64) | influenza | intranasal | animal model,Anti-influenza A virus activity by Agrimonia pilosa and Galla rhois extract mixture,Biomedicine & Pharmacotherapy,2022,Young-Hee Joo et al.,,,,https://doi.org/10.1016/j.biopha.2022.113773
10.1038/s41598-024-72262-w,converted,yes,yes,other,no,,astodrimer sodium|barrier nasal spray|SARS-CoV-2|mucociliary function|in vitro efficacy,Astodrimer sodium nasal spray forms a barrier to SARS-CoV-2 in vitro and preserves normal mucociliary function in human nasal epithelium,Scientific Reports,2024,Jeremy R. A. Paull; Carolyn A. Luscombe; Aynaz Seta; Graham P. Heery; Michael D. Bobardt; Philippe A. Gallay; Samuel Constant; Alex Castellarnau,14,1,21259,https://doi.org/10.1038/s41598-024-72262-w
10.1093/infdis/154.1.128,converted,yes,yes,rct,no,,intranasal interferon | respiratory virus prophylaxis | rhinovirus | parainfluenza | seasonal prophylaxis,Intranasal Interferon- 2b for Seasonal Prophylaxis of Respiratory Infection,Journal of Infectious Diseases,1986,Monto AS; Shope TC; Schwartz SA; Albrecht JK,154,1,128-133,https://doi.org/10.1093/infdis/154.1.128
10.4049/jimmunol.1700523,converted,no,no,other,yes,,innate immunity | type I interferon | dsRNA | respiratory virus,A Plant-Derived Nucleic Acid Reconciles Type I IFN and a Pyroptotic-like Event in Immunity against Respiratory Viruses,The Journal of Immunology,2017,Dacquin M. Kasumba; Takara Hajake; Seong-Wook Oh; Sergei V. Kotenko; Hiroki Kato; Takashi Fujita,199,7,2460-2474,https://doi.org/10.4049/jimmunol.1700523
pmid_35777803,abstract_only,yes,yes,rct,no,,Q-Griffithsin intranasal spray | SARS-CoV-2 prophylaxis | Phase 1a safety trial | antiviral nasal spray | pandemic preparedness,"Abstracts of Presentations at the Association of Clinical Scientists 143(rd) Meeting Louisville, KY May 11-14,2022",Annals of clinical and laboratory science,2022,,52,3,511-525,https://pubmed.ncbi.nlm.nih.gov/35777803/
10.2165/00003495-199142050-00003,abstract_only,yes,yes,other,no,,intranasal interferon-alpha | rhinovirus | prophylaxis | experimental | clinical trials,The Use of Interferon-α in Virus Infections,Drugs,1991,Finter NB; Chapman S.; Dowd P.; Johnston JM; Manna V.; Sarantis N.; Sheron N.; Scott G.; Phua S.; Tatum PB,42,5,749-765,https://doi.org/10.2165/00003495-199142050-00003
10.2217/fmb-2021-0122,abstract_only,yes,yes,rct,no,,carrageenan nasal spray | URTI prophylaxis | rhinovirus | barrier agents,Preventing Upper Respiratory Tract Infections With Prophylactic Nasal Carrageenan: A Feasibility Study,Future Microbiology,2023,Caroline Halley; Claire Honeywill; Janice Kang; Nevil Pierse; Oliver Robertson; William Rawlinson; Sacha Stelzer-Braid; Robin Willink; Julian Crane,18,18,1319-1328,https://doi.org/10.2217/fmb-2021-0122
10.3389/fimmu.2021.660298,abstract_only,yes,no,unclear,yes,editorial,intranasal interferon | prophylaxis | respiratory viruses | SARS-CoV-2,Nasopharyngeal Type-I Interferon for Immediately Available Prophylaxis Against Emerging Respiratory Viral Infections,Frontiers in Immunology,2021,Amos C. Lee; Yunjin Jeong; Sumin Lee; Haewook Jang; Allen Zheng; Sunghoon Kwon; John E. Repine,12,,660298,https://doi.org/10.3389/fimmu.2021.660298
pmid_235197,abstract_only,yes,yes,case_series,no,,intranasal prophylaxis | influenza | antiviral agent | mouse model | viral load reduction,Effect of 60amino-6-deoxy-D-glucose hydrochloride on influenza infection in mice,Acta virologica,1975,Hrusková J; Jarý J; Danes L; Jelínková A; Novák M,19,1,47-51,https://pubmed.ncbi.nlm.nih.gov/235197/
10.1016/j.carbpol.2025.124794,abstract_only,yes,yes,other,no,,polysaccharide extract | SARS-CoV-2 | intranasal delivery | in vivo animal study | antiviral mechanism,Polysaccharides from Syzygium aromaticum binding to 3CLpro contain glycoproteins interacting with RdRp against SARS-CoV-2,Carbohydrate Polymers,2026,Can Jin; Bo Feng; Pengfei Dou; Yuan Zhou; Tingting Guo; Yuxuan Liu; Yaqi Ding; Meixia Li; Xia Chen; Zhenyun Du; Chunfan Huang; Xuan Li; Xiaojuan Xu; H. Eric Xu; Xinwen Chen; Kaiping Wang; Yi Zang; Jia Li; Kan Ding; Jia Li; Kan Ding,376,,124794,https://doi.org/10.1016/j.carbpol.2025.124794
10.4103/ijo.ijo_883_20,abstract_only,no,no,unclear,yes,editorial,COVID-19|ocular prophylaxis|topical antivirals|nasal drops,COVID-19: Ophthalmic prophylactic and therapeutic measures,Indian Journal of Ophthalmology,2020,Avadhesh Oli; Shrikant Waikar,68,6,1223,https://doi.org/10.4103/ijo.ijo_883_20
10.32364/2587-6821-2022-6-11-618-625,abstract_only,yes,yes,non_randomized_trial,no,,herpesvirus reactivation | intranasal spray | pediatric respiratory infections | viral DNA load | combination therapy,Panavir® in combination with other drugs for the prevention of herpesvirus infection reactivation in children with recurring respiratory infections,Russian Medical Inquiry,2022,E.V. Melekhina; A.D. Muzyka; E.Yu. Soldatova; T.V. Shalbarova,6,11,618-625,https://doi.org/10.32364/2587-6821-2022-6-11-618-625
pmid_4081525,abstract_only,yes,yes,rct,no,,interferon-alpha | nasal spray | prophylaxis | influenza | respiratory virus prevention,Prevention from naturally acquired viral respiratory infection by interferon nasal spray,Rhinology,1985,Saito H; Takenaka H; Yoshida S; Tsubokawa T; Ogata A; Imanishi F; Imanishi J,23,4,291-5,https://pubmed.ncbi.nlm.nih.gov/4081525/
10.1016/j.dentre.2024.100108,abstract_only,yes,no,other,yes,protocol,nasal spray | EGCG nanoformulation | in vitro antiviral | Long COVID | anosmia,EC16 Nanoformulation: A Potential Nasal Drug for Treating Long COVID,Dentistry Review,2024,Garrison Lovett; Stephen Hsu,4,3,100108,https://doi.org/10.1016/j.dentre.2024.100108
10.2174/2772432817666220601162006,abstract_only,no,no,unclear,yes,review,chlorpheniramine|antihistamine|literature review,"Chlorpheniramine, an Old Drug with New Potential Clinical Applications:
A Comprehensive Review of the Literature",Current Reviews in Clinical and Experimental Pharmacology,2024,Syed A.A. Rizvi; Gustavo Ferrer; Uzzam A. Khawaja; Marcos A. Sanchez-Gonzalez,19,2,137-145,https://doi.org/10.2174/2772432817666220601162006
10.1016/j.lansea.2022.100110,abstract_only,yes,no,unclear,yes,editorial,nitric oxide nasal spray | SARS-CoV-2 | correction,Correction to “SARS-CoV-2 accelerated clearance using a novel nitric oxide nasal spray (NONS) treatment: A randomized trial”,The Lancet Regional Health - Southeast Asia,2022,Monika Tandon; Wen Wu; Keith Moore; Stephen Winchester; Yuan-Po Tu; Christopher Miller; Rahul Kodgule; Amol Pendse; Shabbir Rangwala; Shashank Joshi,7,,100110,https://doi.org/10.1016/j.lansea.2022.100110
10.1186/s13063-022-06685-z,abstract_only,yes,no,rct,yes,protocol,carrageenan|COVID-19|prophylaxis|nasal spray|study protocol,A study protocol for a double-blind randomised placebo-controlled trial evaluating the efficacy of carrageenan nasal and throat spray for COVID-19 prophylaxis—ICE-COVID,Trials,2022,Jessop ZM; Gibson J.; Lim JY; Jovic TH; Combellack E.; Dobbs TD; Carter K.; Hiles S.; Islam S.; Healy B.; Humphreys I.; Eccles R.; Hutchings HA; Whitaker IS,23,1,782,https://doi.org/10.1186/s13063-022-06685-z
10.4236/ojrd.2025.151003,abstract_only,yes,no,rct,yes,"review / secondary literature (summarizes 5 prior trials), not a primary study",iota-carrageenan | intranasal barrier agent | upper respiratory tract infection prophylaxis | common cold prevention | antiviral nasal spray,Prophylactic Intranasal Treatment with Iota-Carrageenan for Acute Upper Respiratory Tract Viral Infections,Open Journal of Respiratory Diseases,2025,Ronald Eccles,15,01,35-47,https://doi.org/10.4236/ojrd.2025.151003
10.3390/molecules27041178,abstract_only,yes,no,unclear,yes,review,carrageenan nasal spray | sulfated polysaccharides | antiviral agents | algae-derived compounds | COVID-19,Antiviral Activities of Algal-Based Sulfated Polysaccharides,Molecules,2022,Jonathan Ardhianto Panggabean; Sya’ban Putra Adiguna; Siti Irma Rahmawati; Peni Ahmadi; Elmi Nurhaidah Zainuddin; Asep Bayu; Masteria Yunovilsa Putra,27,4,1178,https://doi.org/10.3390/molecules27041178
10.3390/pharmaceutics13081180,abstract_only,yes,no,unclear,yes,review,cyclodextrins | nasal drug delivery | excipients | antiviral activity | review article,Versatile Nasal Application of Cyclodextrins: Excipients and/or Actives?,Pharmaceutics,2021,Giovanna Rassu; Milena Sorrenti; Laura Catenacci; Barbara Pavan; Luca Ferraro; Elisabetta Gavini; Maria Cristina Bonferoni; Paolo Giunchedi; Alessandro Dalpiaz,13,8,1180,https://doi.org/10.3390/pharmaceutics13081180
10.4067/s0718-381x2020000400513,abstract_only,yes,no,unclear,yes,review,nasal spray | povidone-iodine | SARS-CoV-2 | prevention | mouthwash,Mouthwashes and Nasal Sprays as a Way to Prevent the Spread of SARS-CoV-2,International journal of odontostomatology,2020,Matías Santos-López; Diego Jaque; Edgardo Fuentes; David González-Quintanilla,14,4,513-518,https://doi.org/10.4067/s0718-381x2020000400513
pmid_36451565,abstract_only,yes,no,other,yes,protocol,intranasal acyclovir | lipid nanoparticles | brain delivery | in-vitro characterization | biodistribution,,,,,,,,
pmid_16261201,abstract_only,yes,yes,non_randomized_trial,no,,intranasal interferon|measles prevention|rubella prevention|viral antibody response,[Preliminary study on nasal spray of interferon alpha-2b used for prevention of rubella and measles virus infections],Zhonghua shi yan he lin chuang bing du xue za zhi = Zhonghua shiyan he linchuang bingduxue zazhi = Chinese journal of experimental and clinical virology,2005,Zhao J; Zhu FC; Shu YL; Zhou R; Liu LQ; Zhang LL; Shi ZY; Tang Z; Lin LZ; Yu ZA; Zhang LP; Zhang B; Hou YD,19,3,220-2,https://pubmed.ncbi.nlm.nih.gov/16261201/
10.31546/2633-8653.1007,abstract_only,yes,yes,unclear,no,,ivermectin|carrageenan|COVID-19 prophylaxis|healthcare workers|topical antivirals,Study of the Efficacy and Safety of Topical Ivermectin + Iota-Carrageenan in the Prophylaxis against COVID-19 in Health Personnel,Journal of Biomedical Research and Clinical Investigation,2020,Carvallo Héctor; Hirsch Roberto; Alkis Psaltis; Contreras Veronica,2,1,,https://doi.org/10.31546/2633-8653.1007
10.19112/2413-6174-2020-21-3-3-23,abstract_only,yes,no,unclear,yes,review,trace elements | antiseptics | antiviral mechanisms | intranasal application | COVID-19,"ANTIVIRAL, ANTIOXIDANT AND CATALYTIC ACTIVITY OF TRACE ELEMENTS IN A LOW DEGREE OF OXIDATION",Trace Elements in Medicine (Moscow),2020,Mykola Spivak; V.G. Kaplunenko; Mykola Kosinov; Anatoly V. Skalny,21,3,3-23,https://doi.org/10.19112/2413-6174-2020-21-3-3-23
10.3390/ijms21144903,abstract_only,yes,no,unclear,yes,review,lactoferrin | intranasal spray | SARS-CoV-2 | mucosal barrier | proposed trial,Lactoferrin as Protective Natural Barrier of Respiratory and Intestinal Mucosa against Coronavirus Infection and Inflammation,International Journal of Molecular Sciences,2020,Elena Campione; Terenzio Cosio; Luigi Rosa; Caterina Lanna; Stefano Di Girolamo; Roberta Gaziano; Piera Valenti; Luca Bianchi,21,14,4903,https://doi.org/10.3390/ijms21144903
10.1183/13993003.congress-2024.oa5462,abstract_only,yes,yes,other,no,,innate immunomodulator | RIG-I agonist | influenza | intranasal prophylaxis | in vitro and in vivo,"Effects of an anti-viral interferon booster, RIG-I agonist (RIG-101), on influenza infection in vitro and in vivo",Respiratory infections and bronchiectasis,2024,Hugo Ombredane; Leah Daly; Aggie Moen; Ian Knowles; Jag Shur; Garth Rapeport; Susan Sobolov; Kazuhiro Ito,,,OA5462,https://doi.org/10.1183/13993003.congress-2024.oa5462
10.1016/j.antiviral.2024.105945,abstract_only,yes,no,unclear,yes,protocol,Neumifil | HEX17 | intranasal antiviral | respiratory virus prophylaxis | sialic acid binding,HEX17(Neumifil): An intranasal respiratory biotherapeutic with broad-acting antiviral activity,Antiviral Research,2024,Jane A. Potter; Angus Aitken; Lei Yang; Jennifer Hill; Antoni Tortajada; Julia L. Hurwitz; Bart G. Jones; Nadiawati Alias; Mingkui Zhou; Helen Connaris,228,,105945,https://doi.org/10.1016/j.antiviral.2024.105945
10.3205/dgkh000416,abstract_only,yes,no,unclear,yes,guideline,COVID-19 prevention | nasal spray | gargling | virucidal agents | guidelines,Recommendation of the German Society of Hospital Hygiene (DGKH): Prevention of COVID-19 by virucidal gargling and virucidal nasal spray – updated version April 2022,GMS Hygiene and Infection Control,2022,"Kramer, Axel; Eggers, Maren; Exner, Martin; Hübner, Nils-Olaf; Simon, Arne; Steinmann, Eike; Walger, Peter; Zwicker, Paula",17,,Doc13,https://journals.publisso.de/en/journals/hic/volume17/dgkh000416
10.1093/bjs/znab259.508,abstract_only,yes,yes,rct,yes,protocol,iota-carrageenan|SARS-CoV-2|prophylaxis|nasal spray|RCT,"1524 Design and Implementation Of ICE-COVID, A Double-Blind Randomised Placebo-Controlled Trial on The Efficacy of Iota-Carrageenan Nasal and Throat Spray for Covid-19 Prophylaxis",British Journal of Surgery,2021,Jia Yin Lim; Zita M. Jessop; John Gibson; Thomas H. Jovic; Emman Combellack; Thomas D. Dobbs; Brendan Healy; Ian R. Humphreys; Ronald Eccles; Hayley Hutchings; Iain S. Whitaker,108,Supplement_6,,https://doi.org/10.1093/bjs/znab259.508
10.3851/imp1688,abstract_only,yes,no,other,yes,review,laninamivir | neuraminidase inhibitors | influenza | intranasal antivirals | review,"Laninamivir and its Prodrug, CS-8958: Long-Acting Neuraminidase Inhibitors for the Treatment of Influenza",Antiviral Chemistry and Chemotherapy,2010,Makoto Yamashita,21,2,71-84,https://doi.org/10.3851/imp1688
pmid_1302513,abstract_only,yes,yes,other,no,,antiviral nasal spray | intranasal administration | influenza | experimental animal model,[The antiviral action of a modified bacterial ribonuclease],Nauchnye doklady vysshei shkoly. Biologicheskie nauki,1992,Indulen MK; Zamiatina NA; Varlamov VP; Il'ina AV,,4,87-9,https://pubmed.ncbi.nlm.nih.gov/1302513/
pmid_4036004,abstract_only,yes,yes,other,no,,horseradish extract | intranasal antiviral | influenza A | mouse model | caffeine synergy,"The effect of an aqueous horse-radish extract, applied as such or in association with caffeine, on experimental influenza in mice",Virologie,1985,Eşanu V; Prahoveanu E,36,2,95-8,https://pubmed.ncbi.nlm.nih.gov/4036004/
10.1002/jmv.28805,abstract_only,yes,yes,non_randomized_trial,no,,antiviral nasal spray | HH-120 ACE2 fusion protein | SARS-CoV-2 | viral clearance | propensity score matching,Nasal spray of an IgM‐like ACE2 fusion protein HH‐120 accelerates SARS‐CoV‐2 clearance: A single‐center propensity score‐matched cohort study,Journal of Medical Virology,2023,Rui Song; Xiaoyou Chen; Baoliang Li; Hongbin Zhang; Xiaodi Guo; Zhe Liu; Liangfeng Zou; Xiao Liang; Cong Lei; Fengfeng Mao; Jianhua Sui; Wenhui Li; Ronghua Jin,95,5,e28805,https://doi.org/10.1002/jmv.28805
pmid_16261200,abstract_only,yes,yes,rct,no,,intranasal interferon | SARS-CoV-2 prophylaxis | respiratory virus prevention | RCT,[A field trial of recombinant human interferon alpha-2b for nasal spray to prevent SARS and other respiratory viral infections],Zhonghua shi yan he lin chuang bing du xue za zhi = Zhonghua shiyan he linchuang bingduxue zazhi = Chinese journal of experimental and clinical virology,2005,Yu DX; Chen Q; Zhang LL; Liu Y; Yu ZA; Li ZF; Zhang LP; Hu GF; Duan ZJ; Chu XW; Zhang B; Yu SY; Hou YD,19,3,216-9,https://pubmed.ncbi.nlm.nih.gov/16261200/
10.1093/infdis/151.4.731,abstract_only,yes,yes,rct,no,,intranasal interferon | prophylaxis | rhinovirus | influenza | respiratory virus,Intranasal Interferon- 2 Prophylaxis of Natural Respiratory Virus Infection,Journal of Infectious Diseases,1985,Douglas RM; Albrecht JK; Miles HB; Moore BW; Read R.; Worswick DA; Woodward AJ,151,4,731-736,https://doi.org/10.1093/infdis/151.4.731
10.53730/ijhs.v6ns4.10257,abstract_only,yes,no,unclear,yes,review,nitric oxide nasal spray | povidone-iodine | barrier agents | SARS-CoV-2 prevention,Formulation and evaluation of nitric oxide nasal spray,International journal of health sciences,2022,Sonam Chhipane,,,7810-7815,https://doi.org/10.53730/ijhs.v6ns4.10257
10.1177/23743735231151554,abstract_only,yes,no,cross_sectional,yes,editorial,patient-centric drug development | antiviral nasal spray | COPD | survey,The COPD Foundation's COPD360Net Initiative Approach to Patient-Centric Drug Development: A Case Study in Using Patient Surveys to Inform New Treatments for Viral Respiratory Infections,Journal of Patient Experience,2023,Tal-Singer R.; Miller BE; Rommes JM; Luttmann MA; Demaison C.; Bradley Drummond M.; Pasquale CB,10,,23743735231151554,https://doi.org/10.1177/23743735231151554
pmid_16261199,abstract_only,yes,yes,rct,no,,intranasal interferon | SARS prevention | safety | respiratory viral infections | randomized trial,[A field trial for evaluating the safety of recombinant human interferon alpha-2b for nasal spray],Zhonghua shi yan he lin chuang bing du xue za zhi = Zhonghua shiyan he linchuang bingduxue zazhi = Chinese journal of experimental and clinical virology,2005,Chen Q; Zhang LL; Yu DX; Yu ZA; Liu Y; Zhang LP; Li ZF; Duan ZJ; Wang BH; Wei XJ; Hu GF; Liu YQ; Chu XW; Han YH; Wu M; Jiang XL; Li JD; Dai YC; Nie J; Long J; Zhu L; Sun SX; Rui YY; Zhang DK; Yu SY; Hou YD,19,3,211-5,https://pubmed.ncbi.nlm.nih.gov/16261199/
10.3390/v2071448,abstract_only,yes,no,unclear,yes,review,siRNA | intranasal antivirals | influenza | RNA interference,siRNA for Influenza Therapy,Viruses,2010,Sailen Barik,2,7,1448-1457,https://doi.org/10.3390/v2071448
10.1016/j.imu.2020.100446,abstract_only,yes,no,other,yes,protocol,intranasal drug delivery | chloroquine | hydroxychloroquine | COVID-19 | computational modeling,Chloroquine and hydroxychloroquine for combating COVID-19: Investigating efficacy and hypothesizing new formulations using Bio/chemoinformatics tools,Informatics in Medicine Unlocked,2020,Rania M. Hathout; Sherihan G. Abdelhamid; Abdelkader A. Metwally,21,,100446,https://doi.org/10.1016/j.imu.2020.100446
10.7499/j.issn.1008-8830.2014.03.011,abstract_only,no,yes,rct,no,,hand-foot-mouth disease | ribavirin aerosol | enterovirus,[Efficacy and safety of ribavirin aerosol in children with hand-foot-mouth disease].,Zhongguo dang dai er ke za zhi = Chinese journal of contemporary pediatrics,2014,Zhang HP; Wang L.; Qian JH; Cai K.; Chen YH; Zhang QL; Yu HJ,16,3,272-6,https://doi.org/10.7499/j.issn.1008-8830.2014.03.011
pmid_11881202,abstract_only,yes,yes,non_randomized_trial,no,,intranasal interferon | prophylaxis | respiratory viral infections | military personnel,[Epidemiologic effectivness of poludane in preventing influenza and other acute respiratory diseases in troops],Voenno-meditsinskii zhurnal,2002,Shumilov VI; Ivannikov IuG; Ogarkov PI; Lobastov SP; Olontsev VV,323,1,"45-7, 93",https://pubmed.ncbi.nlm.nih.gov/11881202/
10.5772/20920,abstract_only,yes,no,unclear,yes,review,polymer-based antiviral prophylaxis | nasal epithelial bioengineering | broad-spectrum antiviral | respiratory viral infections,Polymer-Mediated Broad Spectrum Antiviral Prophylaxis: Utility in High Risk Environments,Progress in Molecular and Environmental Bioengineering - From Analysis and Modeling to Technology Applications,2011,Ncongwane M.; Takaidza S.; Chihomvu P.; William Raja TR; Pillay M.,14,,e20920,https://doi.org/10.5772/20920
pmid_838422,abstract_only,no,no,unclear,yes,,herpes zoster | immunomodulation | viral infection,,,,,,,,
10.1080/14787210.2024.2378185,abstract_only,yes,no,unclear,yes,review,intranasal antivirals | RSV | therapeutic development | literature review,Intranasal antivirals against respiratory syncytial virus: the current therapeutic development landscape,Expert Review of Anti-infective Therapy,2024,Victor Baba Oti; Adi Idris; Nigel A.J. McMillan,22,8,647-657,https://doi.org/10.1080/14787210.2024.2378185
10.2165/00003495-199855050-00015,abstract_only,yes,yes,other,no,,intranasal zanamivir | influenza prophylaxis | influenza treatment | neuraminidase inhibitors | clinical trials,Zanamivir,Drugs,1998,Sophie L. Waghorn; Karen L. Goa,55,5,721-725,https://doi.org/10.2165/00003495-199855050-00015
10.1177/0194599820933170,abstract_only,yes,no,unclear,yes,review,intranasal antiviral delivery | COVID-19 | drug delivery | state-of-art review,Intranasal Antiviral Drug Delivery and Coronavirus Disease 2019 (COVID‐19): A State of the Art Review,Otolaryngology–Head and Neck Surgery,2020,Thomas S. Higgins; Arthur W. Wu; Elisa A. Illing; Kevin J. Sokoloski; Bree A. Weaver; Benjamin P. Anthony; Nathan Hughes; Jonathan Y. Ting,163,4,682-694,https://doi.org/10.1177/0194599820933170
10.1002/prp2.810,abstract_only,yes,yes,other,yes,secondary_analysis,carrageenan | nasal spray | antiviral | coronavirus | meta-analysis,Carrageenan nasal spray may double the rate of recovery from coronavirus and influenza virus infections: Re‐analysis of randomized trial data,Pharmacology Research &amp; Perspectives,2021,Harri Hemilä; Elizabeth Chalker,9,4,e00810,https://doi.org/10.1002/prp2.810
10.5152/alphapsychiatry.2024.241549,abstract_only,no,no,unclear,yes,protocol,esketamine|depression|metabolomics|nasal spray|study protocol,The Resistant Depression Response to Esketamine Assessing Metabolomics (ReDREAM) Project-Untargeted Metabolomics to Identify Biomarkers of Treatment Response to Intranasal Esketamine in Individuals with Treatment-Resistant Depression: A Study Protocol.,Alpha psychiatry,2024,Bartoli F.; Cavaleri D.; Riboldi I.; Crocamo C.; de Filippis R.; Zandonella Callegher R.; Paglia G.; Albert U.; De Fazio P.; Carrà G.,25,4,555-560,https://doi.org/10.5152/alphapsychiatry.2024.241549
10.1007/978-3-030-71697-4_14,abstract_only,yes,no,unclear,yes,review,antiviral nasal sprays | SARS-CoV-2 | intranasal agents | literature review,Topical Oral and Intranasal Antiviral Agents for Coronavirus Disease 2019 (COVID-19),Advances in Experimental Medicine and Biology,2021,Victor B. Hsue; Kyohei Itamura; Arthur W. Wu; Elisa A. Illing; Kevin J. Sokoloski; Bree A. Weaver; Benjamin P. Anthony; Nathan Hughes; Jonathan Y. Ting; Thomas S. Higgins,1327,,169-189,https://doi.org/10.1007/978-3-030-71697-4_14
10.46607/iamj01p7062023,abstract_only,yes,no,unclear,yes,editorial,herbal nasal spray | xylitol | saline irrigation | common cold,"TRADITIONAL INDIAN HERBAL MEDICATION BASE NASAL SPRAY: A NOVEL APPROACH FOR PREVENTING NASAL CONGESTION, COMMON COLD, AND SINUS PRESSURE",International Ayurvedic Medical Journal,2023,Sourav Pattanayak; Sagar Sheel; Vikash Kumar; Vinutha Bhat,p7,6,504-511,https://doi.org/10.46607/iamj01p7062023
10.31080/asmi.2020.04.0760,abstract_only,yes,no,unclear,yes,review,immunomodulation | nasal spray development | COVID-19 prevention | NKC enhancement | nanoparticle delivery,"How to Kill A Virus: Strengthening the Immune System, Reducing Inflammation, Relieving Oxidative Stress, Early Detection in the Prevention and Treatment of SARS- CoV-2 (COVID-19)",Acta Scientific Microbiology,2021,Jerry T. Thornthwaite,4,2,06-12,https://doi.org/10.31080/asmi.2020.04.0760
10.3390/ijms262311341,abstract_only,yes,no,unclear,yes,review,resveratrol | antiviral | pediatric | gut microbiota | narrative review,Resveratrol as an Adjunct Antiviral Agent in Pediatric Viral Infections: A Review on Mechanistic Insights and Gut Microbiota Modulation,International Journal of Molecular Sciences,2025,Roberta Leonardi; Manuela Lo Bianco; Salvatore Spinello; Pasqua Betta; Caterina Gagliano; Vittorio Calabrese; Agata Polizzi; Giulia Malaguarnera,26,23,11341,https://doi.org/10.3390/ijms262311341
10.12688/f1000research.51270.2,abstract_only,yes,no,unclear,yes,review,nitric oxide | intranasal delivery | antimicrobial activity | SARS-CoV-2 | preclinical evidence,"Nitric oxide for the prevention and treatment of viral, bacterial, protozoal and fungal infections",F1000Research,2021,Philip M. Bath; Christopher M. Coleman; Adam L. Gordon; Wei Shen Lim; Andrew J. Webb,10,,536,https://doi.org/10.12688/f1000research.51270.2
10.1371/journal.pgph.0000231,abstract_only,yes,no,unclear,yes,review,interferon|intranasal|antiviral|respiratory viruses|scoping review,Interferon-based agents for current and future viral respiratory infections: A scoping literature review of human studies,PLOS Global Public Health,2022,Aldina Mesic; Emahlea K. Jackson; Mathias Lalika; David M. Koelle; Rena C. Patel,2,4,e0000231,https://doi.org/10.1371/journal.pgph.0000231
10.1177/095632029000100501,abstract_only,yes,yes,other,no,,antiviral nasal spray | rhinovirus | prophylaxis | volunteer trials | R 61837,An Appraisal of the Efficacy of the Antiviral R 61837 in Rhinovirus Infections in Human Volunteers,Antiviral Chemistry and Chemotherapy,1990,G. I. Barrow; Paul G. Higgins; D. A. J. Tyrrell; Koen Andries,1,5,279-283,https://doi.org/10.1177/095632029000100501
10.2165/00003495-199856040-00003,abstract_only,yes,no,other,yes,"narrative review (Drugs) of influenza chemotherapy, not a primary study",neuraminidase inhibitors | zanamivir | intranasal antiviral | influenza treatment | clinical trials,New Approaches to Influenza Chemotherapy,Drugs,1998,David P. Calfee; Frederick G. Hayden,56,4,537-553,https://doi.org/10.2165/00003495-199856040-00003
10.1183/13993003.congress-2025.oa1187,abstract_only,yes,yes,other,no,,RIG-I agonist | intranasal innate immunomodulator | rhinovirus | prophylaxis | in vivo and in vitro,Antiviral effects of a RIG-I agonist (RIG101) against human rhinovirus in mice and differentiated bronchial epithelium from asthmatics,Airway pharmacology and treatment,2025,Hugo Ombredane; Leah Daly; Ian Knowles; Jag Shur; Susan Sobolov; Garth Rapeport; Kazuhiro Ito,,,OA1187,https://doi.org/10.1183/13993003.congress-2025.oa1187
10.53365/nrfhh/140607,abstract_only,yes,no,unclear,yes,editorial,intranasal delivery | nanoparticles | COVID-19 | curcumin | opinion piece,Insinuating cocktailed components in biocompatible-nanoparticles could act as an impressive neo-adjuvant strategy to combat COVID-19,Natural Resources for Human Health,2021,Haripriya Kuchi Bhotla; Balamuralikrishnan Balasubramanian; Vijaya Anand Arumugam; Karthika Pushparaj; Murugesh Easwaran; Rathinasamy Baskaran; Muthupandian Saravanan; Manikantan Pappusamy; Arun Meyyazhagan,1,1,3-7,https://doi.org/10.53365/nrfhh/140607
10.3390/ph17091180,abstract_only,yes,no,unclear,yes,review,intranasal delivery systems | API formulation | nasal preparations | drug delivery | vaccine delivery,Review of Intranasal Active Pharmaceutical Ingredient Delivery Systems,Pharmaceuticals,2024,Ruslan Safarov; Olga Fedotova; Anastasia Uvarova; Mariia Gordienko; Natalia Menshutina,17,9,1180,https://doi.org/10.3390/ph17091180
10.4103/2045-9912.385414,abstract_only,yes,no,unclear,yes,review,nitric oxide | COVID-19 | nasal spray | inhaled NO | SARS-CoV-2,Saying no to SARS-CoV-2: the potential of nitric oxide in the treatment of COVID-19 pneumonia,Medical Gas Research,2024,Honghua Zhang; Chen Zhang; Wenyan Hua; Jing Chen,14,2,39-47,https://doi.org/10.4103/2045-9912.385414
10.2165/00019053-199916001-00006,abstract_only,yes,no,other,yes,review,influenza control | antiviral agents | vaccine | zanamivir | ribavirin,Measures for Control of Influenza,PharmacoEconomics,1999,Robert B. Couch,16,Supplement 1,41-45,https://doi.org/10.2165/00019053-199916001-00006
10.1002/14651858.cd002743,abstract_only,yes,no,unclear,yes,review,intranasal interferons | antivirals | common cold | prophylaxis,Antivirals for the common cold,Cochrane Database of Systematic Reviews,2001,Tom Jefferson; David Tyrrell,2010,1,CD002743,https://doi.org/10.1002/14651858.cd002743
10.1016/s0272-2712(18)30721-2,abstract_only,yes,no,other,yes,"narrative review (Clinics in Lab Medicine) of antiviral chemotherapy, not a primary study",intranasal interferon | antiviral prophylaxis | respiratory viral infections | ribavirin | amantadine,Antiviral Chemotherapyand Prophylaxis of Viral Respiratory Disease,Clinics in Laboratory Medicine,1987,Steven J. Sperber; Frederick G. Hayden,7,4,869-896,https://doi.org/10.1016/s0272-2712(18)30721-2
10.1007/s12070-021-02885-2,abstract_only,yes,no,unclear,yes,editorial,povidone-iodine | neti-kriya | saline irrigation | COVID-19 | hypothesis,Yogic Neti-Kriya Using Povidone Iodine: Can it have a Preventive Role Against SARS-CoV-2 Infection Gateway?,Indian Journal of Otolaryngology and Head &amp; Neck Surgery,2022,Phulen Sarma; Anusuya Bhattacharyya; Ajay Prakash; Hardeep Kaur; Manisha Prajapat; Mukundam Borah; Subodh Kumar; Seema Bansal; Saurabh Sharma; Gurjeet Kaur; Harish Kumar; Dibya Jyoti Sharma; Karuna Kumar Das; Pramod Avti; Bikash Medhi,74,S2,3186-3192,https://doi.org/10.1007/s12070-021-02885-2
10.32902/2663-0338-2021-4-5-15,abstract_only,yes,no,cross_sectional,yes,"inhaled (not nasal-spray) antiseptics/antivirals; retrospective cross-sectional self-report epidemiological survey, not a treatment trial",inhaled antiseptics | inhaled antivirals | COVID-19 prevention | SARS-CoV-2 | epidemiological study,"Inhaled antiseptics and inhaled antiviral non-prescription drugs in the prevention of ARVI, in particular COVID-19: an epidemiological study",Infusion &amp; Chemotherapy,2021,Yu.I. Feshchenko; Мykola Gumeniuk; М.І. Lynnyk; Oleksandr Dziublyk; Mykhailo Kuzhko; О. V. Теreshkovych; O.V. Khmel; І.О. Panashchuk; Mariia Yashchenko; Oleksii Denysov; Т.А. Sprynsian,,4,5-15,https://doi.org/10.32902/2663-0338-2021-4-5-15
pmid_6184029,abstract_only,yes,yes,case_series,no,,intranasal interferon | prophylaxis | mouse model | EMC virus | antiviral efficacy,Protective effect of different mouse interferons in mice infected with encephalomyocarditis (EMC),Archivum immunologiae et therapiae experimentalis,1982,Lobodzińska M; Albin M,30,1-2,49-55,https://pubmed.ncbi.nlm.nih.gov/6184029/
10.7326/0003-4819-12-1-95,abstract_only,yes,yes,case_series,no,,intranasal prophylaxis | zinc sulfate | poliomyelitis | nasal spray | chemical agents,THE PRESENT STATUS OF METHODS FOR THE PROPHYLAXIS OF ACUTE ANTERIOR POLIOMYELITIS,Annals of Internal Medicine,1938,JOHN A. KOLMER,12,1,95-105,https://doi.org/10.7326/0003-4819-12-1-95
10.2217/fmb-2020-0286,abstract_only,yes,no,unclear,yes,review,nasal antiseptics | povidone-iodine | carrageenan | SARS-CoV-2 | antiviral prophylaxis,Review of the Use of Nasal and Oral Antiseptics During a Global Pandemic,Future Microbiology,2021,Christopher Stathis; Nikolas Victoria; Kristin Loomis; Shaun A. Nguyen; Maren Eggers; Edward Septimus; Nasia Safdar,16,2,119-130,https://doi.org/10.2217/fmb-2020-0286
10.1002/14651858.cd013626.pub2,abstract_only,yes,no,unclear,yes,review,antimicrobial mouthwashes | nasal sprays | COVID-19 | healthcare worker protection | systematic review,Use of antimicrobial mouthwashes (gargling) and nasal sprays by healthcare workers to protect them when treating patients with suspected or confirmed COVID-19 infection,Cochrane Database of Systematic Reviews,2020,Martin J. Burton; Janet E. Clarkson; Beatriz Goulao; Anne-Marie Glenny; Andrew J. McBain; Anne GM Schilder; Katie E. Webster; Helen V. Worthington,2020,9,CD013626,https://doi.org/10.1002/14651858.cd013626.pub2
10.3390/jcm15083087,abstract_only,yes,no,unclear,yes,guideline,intranasal CMBG-resveratrol | consensus statement | upper airway diseases | respiratory infections,Multidisciplinary Delphi Consensus on the Clinical Use of Intranasal Carboxymethyl-β-Glucan-Resveratrol: Evidence-Based Recommendations for Upper Airway Diseases,Journal of Clinical Medicine,2026,Giorgio Ciprandi; Germano Bettoncelli; Ignazio La Mantia; Paola Mastromarino; Michele Miraglia del Giudice; Giovanni Arturo Rossi; Oliviero Rossi; Matteo Gelardi; Attilio Varricchio,15,8,3087,https://doi.org/10.3390/jcm15083087
pmid_1330221,abstract_only,yes,yes,other,no,,intranasal interferon | rhinovirus prophylaxis | synthetic antivirals | chemoprophylaxis | human volunteer studies,[Chemoprophylaxis and chemotherapy of common colds caused by rhinoviruses: overview and outlook],Bulletin de l'Academie nationale de medecine,1992,Werner GH,176,5,669-81,https://pubmed.ncbi.nlm.nih.gov/1330221/
pmid_2454085,abstract_only,no,yes,other,yes,,epsilon-aminocaproic acid | influenza prophylaxis | animal model,[Experimental study of the prophylactic anti-influenza and interferon-inducing activity of epsilon-aminocaproic acid],Antibiotiki i khimioterapiia = Antibiotics and chemoterapy [sic],1988,Kremerman IB; Priĭmiagi LS; Lozitskiĭ VP; Tefanova VT,33,1,63-7,https://pubmed.ncbi.nlm.nih.gov/2454085/
10.70675/e7c62c36zd76fz452ez97e8z423cd06e6a46,abstract_only,yes,yes,case_series,no,,intranasal antiviral | nanobinder | C2X | SARS-CoV-2 | prophylaxis,Augmentation de l'efficacité d'antiviraux protéiques contre le SARS-CoV-2,université Paris-Saclay,2025,Joelton Rocha gomes,,,,https://doi.org/10.70675/e7c62c36zd76fz452ez97e8z423cd06e6a46
10.2165/00003495-200262010-00004,abstract_only,yes,yes,rct,no,,zanamivir | intranasal antiviral | influenza treatment | prophylaxis | neuraminidase inhibitor,Zanamivir,Drugs,2002,Susan M. Cheer; Antona J. Wagstaff,62,1,71-106,https://doi.org/10.2165/00003495-200262010-00004
pmid_16261198,abstract_only,yes,yes,other,no,,intranasal interferon | SARS-CoV-2 | animal model | prophylaxis and treatment,[Preventive and therapeutic effects of recombinant IFN-alpha2b nasal spray on SARS-CoV infection in Macaca mulata],Zhonghua shi yan he lin chuang bing du xue za zhi = Zhonghua shiyan he linchuang bingduxue zazhi = Chinese journal of experimental and clinical virology,2005,Gao H; Zhang LL; Wei Q; Duan ZJ; Tu XM; Yu ZA; Deng W; Zhang LP; Bao LL; Zhang B; Tong W; Hou YD; Zhang BL; Huang L; Qin C,19,3,207-10,https://pubmed.ncbi.nlm.nih.gov/16261198/
pmid_12945208,abstract_only,yes,yes,other,no,,interferon inducer | intranasal administration | cationic liposomes | antiviral activity | innate immunomodulator,[An intensification of antiviral and interferon effects of ridostin (an interferon inducer) by cationic liposomes in vitro and in intranasal administration],Voprosy virusologii,2003,Bulychev LE; Poryvaev VD; Ryzhikov AB; Karpyshev NN; Alekseeva AG; Goncharova EP; Pliasunov IV,48,4,45-7,https://pubmed.ncbi.nlm.nih.gov/12945208/
10.1177/106002808501901201,abstract_only,yes,yes,other,no,,intranasal interferon | viral prophylaxis | upper respiratory infections | interferon toxicity,The New Alpha Interferons,Drug Intelligence &amp; Clinical Pharmacy,1985,Carol McManus Balmer; Donald C. McLeod,19,12,887-893,https://doi.org/10.1177/106002808501901201
10.17816/ci636443,abstract_only,yes,no,unclear,yes,review,intranasal interferon | COVID-19 | cytokine therapy | immune response,"Prospects for cytokine therapy in acute respiratory viral infections, including COVID-19",Cytokines and inflammation,2024,Andrey S. Simbirtsev,21,1,22-35,https://doi.org/10.17816/ci636443
10.2174/1871526521666210218201113,abstract_only,yes,no,unclear,yes,review,carrageenan | natural ingredients | COVID-19 | nasal spray | antiviral,"Natural Derived Nasal Spray; A Proposed Approach for COVID-19 Disease
Control",Infectious Disorders - Drug Targets,2021,Zahra Hoseini-Tavassol; Hanieh-Sadat Ejtahed; Ahmad-Reza Soroush; Zahra Sajjadpour; Shirin Hasani-Ranjbar; Bagher Larijani,21,8,e160921191568,https://doi.org/10.2174/1871526521666210218201113
10.1016/j.mehy.2020.109802,abstract_only,yes,no,unclear,yes,protocol,intranasal interferon | COVID-19 prophylaxis | hydroxychloroquine,Use of hydroxychloroquine and interferon alpha-2b for the prophylaxis of COVID-19,Medical Hypotheses,2020,Alexander Yang; Charlotte Yang; Bing Yang,144,,109802,https://doi.org/10.1016/j.mehy.2020.109802
10.15386/mpr-1817,abstract_only,yes,no,other,yes,review,iota-carrageenan | nasal spray | common cold | antiviral | systematic review,Safety and efficacy of iota-carrageenan nasal spray in treatment and prevention of the common cold,Medicine and Pharmacy Reports,2021,Diana Bichiri; Ana Rita Rente; Ângelo Jesus,94,1,28-34,https://doi.org/10.15386/mpr-1817
10.2174/1381612829666221024124848,abstract_only,yes,no,unclear,yes,review,nitric oxide | COVID-19 | intranasal delivery | antiviral mechanism,"Nitric Oxide and its Derivatives Containing Nasal Spray and Inhalation Therapy for
the Treatment of COVID-19",Current Pharmaceutical Design,2022,Vivek P. Chavda; Lalitkumar K. Vora; Rajeev K. Singla; Aayushi B. Patel; Priyal Shah; Vladimir N. Uversky; Vasso Apostolopoulos,28,46,3658-3670,https://doi.org/10.2174/1381612829666221024124848
10.4049/jimmunol.190.supp.183.18,abstract_only,yes,yes,other,no,,innate immunomodulation | intranasal oenothein B | influenza | interferon-γ | mouse model,"Effect of oenothein B, a cyclic dimeric ellagitannin isolated from <i>Epilobium angustifolium</i>, on the antiviral responses of innate lymphocytes. (P4365)",The Journal of Immunology,2013,Andrew Ramstead; Igor Schepetkin; Amanda Robison; Mark Quinn; Mark Jutila,190,Supplement_1,183.18-183.18,https://doi.org/10.4049/jimmunol.190.supp.183.18
10.1002/mco2.101,abstract_only,yes,no,unclear,yes,review,nasal vaccines | intranasal delivery | COVID-19 | carrageenan | antiviral formulations,Nasally inhaled therapeutics and vaccination for COVID‐19: Developments and challenges,MedComm,2021,Jinxiang Xi; Lameng Ray Lei; William Zouzas; Xiuhua April Si,2,4,569-586,https://doi.org/10.1002/mco2.101
10.1002/14651858.cd013627.pub2,abstract_only,yes,no,unclear,yes,review,antimicrobial mouthwashes | nasal sprays | COVID-19 | systematic review,Antimicrobial mouthwashes (gargling) and nasal sprays administered to patients with suspected or confirmed COVID-19 infection to improve patient outcomes and to protect healthcare workers treating them,Cochrane Database of Systematic Reviews,2020,Martin J. Burton; Janet E. Clarkson; Beatriz Goulao; Anne-Marie Glenny; Andrew J. McBain; Anne GM Schilder; Katie E. Webster; Helen V. Worthington,2020,9,CD013627,https://doi.org/10.1002/14651858.cd013627.pub2
pmid_1026519,abstract_only,yes,yes,case_series,no,,intranasal antiviral | influenza | herpes simplex | animal model | bonaphthon,[Pathomorphological study of antiviral chemotherapeutic effectiveness of bonaphthon under experimental conditions],Farmakologiia i toksikologiia,1976,Nikolaeva IS; Kutchak SN; Bogdanova NS; Pershin GN,39,3,336-41,https://pubmed.ncbi.nlm.nih.gov/1026519/
10.3390/ijerph191912148,abstract_only,yes,no,unclear,yes,review,SARS-CoV-2|nasal spray|povidone-iodine|systematic review|meta-analysis,Efficacy of Mouth Rinses and Nasal Spray in the Inactivation of SARS-CoV-2: A Systematic Review and Meta-Analysis of In Vitro and In Vivo Studies,International Journal of Environmental Research and Public Health,2022,Majdy Idrees; Bridget McGowan; Amr Fawzy; Abdulwahab Ali Abuderman; Ramesh Balasubramaniam; Omar Kujan,19,19,12148,https://doi.org/10.3390/ijerph191912148
10.1002/14651858.cd002743.pub2,abstract_only,yes,no,other,yes,review,antiviral nasal sprays | intranasal interferons | common cold | systematic review,Antivirals for the common cold,Cochrane Database of Systematic Reviews,2001,Tom Jefferson; David Tyrrell,2010,1,CD002743,https://doi.org/10.1002/14651858.cd002743.pub2
pmid_7988393,abstract_only,yes,no,unclear,yes,review,common cold | rhinovirus | intranasal interferon | literature review,,,,,,,,
10.2174/0126667975319146240809095756,abstract_only,yes,no,unclear,yes,review,inhalational therapy | COVID-19 | nasal sprays | antiviral delivery | treatment overview,Novel Approaches of Inhalational Therapy for COVID-19: Drugs to Vaccines,Coronaviruses,2025,Pratiksha Bramhe; Pratiksha Bramhe; Suchita Waghmare; Nilesh Rarokar; Lata Potey; Bhupendra Dibbe; Prafulla M. Sable; Pramod Khedekar; Vidya Sabale; Bhupendra G. Prajapati,6,4,,https://doi.org/10.2174/0126667975319146240809095756
10.5799/jmid.1036836,abstract_only,yes,yes,case_series,no,,HSV | nasal spray | antimicrobial | phthalocyanine | alternative treatment,Nasal Manifestation of Herpes Simplex Virus And Recovery with Antimicrobial Phthalocyanine Derivative Protocol,Journal of Microbiology and Infectious Diseases,2021,Vivian Palata VIOLA; Fabiano Vieira VILHENA; Paulo Sérgio Da Silva SANTOS,,,242-243,https://doi.org/10.5799/jmid.1036836
10.1155/bri/8846903,abstract_only,yes,no,other,yes,review,nitric oxide | COVID-19 | nasal spray | inhaled | nanoparticles,"Nitric Oxide in the Treatment of COVID-19: Nasal Sprays, Inhalants and Nanoparticles",Biochemistry Research International,2025,Wright,,,,https://doi.org/10.1155/bri/8846903
10.1007/s12070-020-02201-4,abstract_only,yes,no,unclear,yes,editorial,povidone-iodine | nasal spray | COVID-19 | surgical safety | opinion,‘POLIDON’ Approach—A Novel Solution for the ENT &amp; Skull Base Surgeons in COVID-19 era,Indian Journal of Otolaryngology and Head &amp; Neck Surgery,2021,Mostafa Kamal Arefin; Muhammad Shaharior Arafat; Debesh Chandra Talukder; Sk. Nurul Fattah Rumi; Md. Nazmul Islam; Sheikh Hasanur Rahman; Kamrul Hassan Tarafder; Md. Ashraful Islam,73,1,111-115,https://doi.org/10.1007/s12070-020-02201-4
10.1186/s13063-020-04634-2,abstract_only,no,no,unclear,yes,protocol,gargling|oral rinse|COVID-19|viral load,"A quadruple blind, randomised controlled trial of gargling agents in reducing intraoral viral load among hospitalised COVID-19 patients: A structured summary of a study protocol for a randomised controlled trial",Trials,2020,Farhan Raza Khan; Syed Murtaza Raza Kazmi; Najeeha Talat Iqbal; Junaid Iqbal; Syed Tariq Ali; Syed Akbar Abbas,21,1,785,https://doi.org/10.1186/s13063-020-04634-2
10.7759/cureus.11315,abstract_only,yes,yes,case_series,no,,xylitol|grapefruit seed extract|COVID-19|SARS-CoV-2|intranasal spray,Potential Role of Xylitol Plus Grapefruit Seed Extract Nasal Spray Solution in COVID-19: Case Series,Cureus,2020,Camille Celeste Go; Krunal Pandav; Marcos A. Sanchez-Gonzalez; Gustavo Ferrer,12,11,e11315,https://doi.org/10.7759/cureus.11315
10.21467/preprints.36,abstract_only,yes,no,unclear,yes,review,algal oil | linoleic acid | nasal spray | COVID-19 prevention | opinion piece,Possible Prevention of COVID 19 by Using Linoleic Acid (C18) Rich Algae Oil,,2020,Venkata Subhash; Raja Krishna Kumar G.; Ajit Sapre; Santanu Dasgupta,,,,https://doi.org/10.21467/preprints.36
10.1186/s13063-020-04963-2,abstract_only,yes,no,rct,yes,protocol,povidone-iodine|nasal irrigation|COVID-19|protocol,Virucidal effect of povidone iodine on COVID-19 in the nasopharynx: A structured summary of a study protocol for an open-label randomized clinical trial,Trials,2021,Hasan MJ; Rumi SKNF; Banu SS; Uddin AKMN; Islam MS; Arefin MK,22,1,2,https://doi.org/10.1186/s13063-020-04963-2
10.1016/j.ijheh.2020.113605,abstract_only,yes,no,other,yes,review,nasal disinfectants | SARS-CoV-2 | chemo-prophylaxis | scoping review | antiseptics,Nasal disinfection for the prevention and control of COVID-19: A scoping review on potential chemo-preventive agents,International Journal of Hygiene and Environmental Health,2020,Cegolon L.; Javanbakht M.; Mastrangelo G.,230,,113605,https://doi.org/10.1016/j.ijheh.2020.113605
pmid_9879333,abstract_only,yes,no,unclear,yes,editorial,zanamivir | influenza antivirals | neuraminidase inhibitors | nasal administration,,,,,,,,
pmid_6272492,abstract_only,yes,yes,case_series,no,,intranasal interferon inducer | polyguacyl | antiviral | influenza | safety tolerance,[Trial of polyguacyl safety and tolerance],Voprosy virusologii,1981,Ershov FI; Fomina AN; Krylov VF; Obrosova-Serova NP; Grigorian SS,,4,418-23,https://pubmed.ncbi.nlm.nih.gov/6272492/
pmid_40305796,abstract_only,no,yes,case_control,no,,vasomotor rhinitis|antihistamine|COVID-19|intranasal treatment,FEATURES OF VASOMOTOR RHINITIS IN PATIENTS WITH A HISTORY OF COVID-19 INFECTION,Georgian medical news,2025,Nakudashvili N; Ratiani L; Megrelishvili T; Sarbekovi E; Tsabadze M; Kipiani N; Intskirveli N; Tortladze M; Gabunia T; Tsiklauri S; Nakudashvili Z; Ormotsadze G; Sanikidze T,,359,23-31,https://pubmed.ncbi.nlm.nih.gov/40305796/
10.21518/ms2026-041,abstract_only,yes,no,unclear,yes,review,intranasal interferon | respiratory viral infections | innate immunity,The interferon system: Modern view on structural and functional organization and clinical application,Meditsinskiy sovet = Medical Council,2026,I. N. Zakharova; V. V. Pupykina; I. S. Kuznetsova,20,1,62-69,https://doi.org/10.21518/ms2026-041
pmid_7165687,abstract_only,yes,yes,rct,no,,intranasal interferon | influenza prevention | respiratory viral infections | pediatric | double-blind controlled trial,The preventive effect of human interferon-alpha on influenza infection; modification of clinical manifestations of influenza in children in a closed community,Biken journal,1982,Isomura S; Ichikawa T; Miyazu M; Naruse H; Shibata M; Imanishi J; Matsuo A; Kishida T; Karaki T,25,3,131-7,https://pubmed.ncbi.nlm.nih.gov/7165687/
10.12998/wjcc.v10.i32.11665,abstract_only,yes,no,unclear,yes,review,lactoferrin | vitamin D | COVID-19 | intranasal prophylaxis | narrative review,Combined use of lactoferrin and vitamin D as a preventive and therapeutic supplement for SARS-CoV-2 infection: Current evidence,World Journal of Clinical Cases,2022,Massimiliano Cipriano; Enzo Ruberti; Marcos Roberto Tovani-Palone,10,32,11665-11670,https://doi.org/10.12998/wjcc.v10.i32.11665
10.1080/17425247.2025.2522250,abstract_only,yes,no,other,yes,review,antiviral nasal sprays | SARS-CoV-2 | preclinical models | systematic review,Assessment of the effectiveness of intranasal antiviral therapies in preclinical SARS-CoV-2 infection mouse models: a systematic review,Expert Opinion on Drug Delivery,2025,Victor Baba Oti; Vindya Ranasinghe; Brett P. Dyer; Adi Idris; Nigel A. J. McMillan,22,9,1405-1429,https://doi.org/10.1080/17425247.2025.2522250
10.1007/s12602-009-9008-9,abstract_only,no,no,unclear,yes,review,otitis media | nasal sprays | alternative treatments,"Otitis Media: A Review, with a Focus on Alternative Treatments",Probiotics and Antimicrobial Proteins,2009,Leon M. T. Dicks; H. Knoetze; Carol A. van Reenen,1,1,45-59,https://doi.org/10.1007/s12602-009-9008-9
10.2174/2666796701999201104164010,abstract_only,yes,no,unclear,yes,editorial,coconut oil | monolaurin | antiviral | nasal spray | COVID-19,Antiviral Potential of Coconut (Cocos nucifera L.) Oil and COVID-19,Coronaviruses,2021,S. V. Ramesh; R. Pandiselvam; K. B. Hebbar; M. R. Manikantan; Shameena Beegum; Shelly Praveen; N. U. Sruthi,2,4,405-410,https://doi.org/10.2174/2666796701999201104164010
10.1007/bf03256603,abstract_only,yes,yes,rct,no,,zanamivir|intranasal antiviral|influenza treatment|prophylaxis|phase III trials,Spotlight on Zanamivir in Influenza,American Journal of Respiratory Medicine,2002,Susan M. Cheer; Antona J. Wagstaff,1,2,147-152,https://doi.org/10.1007/bf03256603
10.1089/jir.2023.0193,abstract_only,yes,yes,observational_cohort,no,,intranasal interferon | SARS-CoV-2 prophylaxis | COVID-19 prevention | IFN-alpha2b | Nasalferon,Pharmacodynamic of Recombinant Human Interferon Alpha-2b Nasal Drops and Effective Prophylaxis Against SARS-COV-2 Infection,Journal of Interferon &amp; Cytokine Research,2024,Hugo Nodarse-Cuni; Odalys Bravo; Roberto Cañete; Dania Vázquez-Blomquist; Diogenes Quintana; Ana Aguilera-Barreto; Gerardo Guillen-Nieto; Amaylid Arteaga; Ileana Morales,44,6,271-280,https://doi.org/10.1089/jir.2023.0193
pmid_616674,abstract_only,yes,yes,other,no,,intranasal interferon | antiviral nasal spray | human nasal mucosa | respiratory virus | dose optimization,Activity of exogenous interferon in the human nasal mucosa,Texas reports on biology and medicine,1977,Greenberg SB; Harmon MW; Johnson PE,35,,491-6,https://pubmed.ncbi.nlm.nih.gov/616674/
10.2174/1874357902014010009,abstract_only,yes,no,rct,yes,"review / perspective article (Open Virology J), not a primary study",iota-carrageenan | antiviral nasal spray | common cold | barrier agent | clinical trial,Iota-Carrageenan as an Antiviral Treatment for the Common Cold,The Open Virology Journal,2020,Ronald Eccles,14,1,9-15,https://doi.org/10.2174/1874357902014010009
10.30659/odj.9.0.131-136,abstract_only,yes,no,other,yes,protocol,nasal spray | SARS-CoV-2 | garlic extract | in silico modeling,POTENTIAL OF NASAL AND ORAL SPRAYS OF ALLYL DISULFIDE GARLIC EXTRACT AS PROTECTION AGAINST SARS-COV-2,ODONTO : Dental Journal,2022,Silvia Vera Indrawati; Salwa Febria Monica; Iftitah Nabiilah Ramadhani; Siska Nurlivia; Azka Putri Anisa; Islamy Rahma Hutami,9,,131,https://doi.org/10.30659/odj.9.0.131-136
10.20538/1682-0363-2022-2-48-59,abstract_only,yes,yes,observational_cohort,no,,intranasal interferon | IFN-α | IFN-γ | acute respiratory infection | allergic rhinitis,"Interferons alpha and gamma, pidotimod, and tilorone in the treatment of acute respiratory infections in patients with allergic rhinitis: a prospective, cohort clinical and immunological study",Bulletin of Siberian Medicine,2022,"Kalyuzhin, O.V.; Ponezheva, L. O.; Turapova, A. N.; Nurtazina, Asel Yu.; Bykov, Anatoly; Karaulov, Alexander V.",21,2,48-59,https://doi.org/10.20538/1682-0363-2022-2-48-59
10.1007/s12070-021-02525-9,abstract_only,yes,no,unclear,yes,editorial,povidone-iodine | COVID-19 prevention | nasal spray | opinion piece,"Povidone Iodine (PVP-I) Oro-Nasal Spray: An Effective Shield for COVID-19 Protection for Health Care Worker (HCW), for all",Indian Journal of Otolaryngology and Head &amp; Neck Surgery,2022,Mostafa Kamal Arefin,74,S2,2906-2911,https://doi.org/10.1007/s12070-021-02525-9
10.1016/s0264-410x(00)00281-4,abstract_only,yes,yes,other,no,,intranasal zanamivir | influenza antiviral | otitis media | rhinovirus | intranasal AG7088,Influenza virus and rhinovirus-related otitis media: potential for antiviral intervention,Vaccine,2000,Frederick G. Hayden,19,SUPPL. 1,S66-S70,https://doi.org/10.1016/s0264-410x(00)00281-4
10.1183/13993003.congress-2024.oa1966,abstract_only,yes,yes,other,no,,RIG-I agonist | intranasal immunomodulator | RSV | human rhinovirus | prophylaxis,Pan-antiviral effects of RIG-I agonist (RIG-101) against respiratory syncytial virus and human rhinovirus in nasal epithelium in vitro and mice in vivo,Airway pharmacology and treatment,2024,Leah Daly; Agnethe Moen; Hugo Ombredane; Ian Knowles; Jag Shur; Garth Rapeport; Susan Sobolov; Kazuhiro Ito,,,OA1966,https://doi.org/10.1183/13993003.congress-2024.oa1966
10.1186/1939-4551-7-18,abstract_only,no,no,unclear,yes,,intranasal aspirin | AERD | respiratory disease,Audit of nasal lysine aspirin therapy in recalcitrant aspirin exacerbated respiratory disease,World Allergy Organization Journal,2014,Rachel Howe; Rita M. Mirakian; Prathap Pillai; Simon Gane; Yvonne C. Darby; Glenis K. Scadding,7,1,18,https://doi.org/10.1186/1939-4551-7-18
10.5281/zenodo.4376588,abstract_only,yes,yes,case_series,no,,Neem oil | Hypericum | intranasal spray | COVID-19 | antiviral,Observational study on the use of Neem and Hypericum oils in non-hospitalized COVID-19 patients,,2020,"Carnevali, Fiorella; Noschese, Giuseppe",,,,https://zenodo.org/record/4376588
10.1080/17476348.2021.1988569,abstract_only,yes,no,unclear,yes,editorial,URTI management | nasal sprays | barrier agents | expert consensus,Management of acute upper respiratory tract infection: the role of early intervention,Expert Review of Respiratory Medicine,2021,De Yun Wang; Ronald Eccles; John Bell; Antonio Hao Chua; Sundeep Salvi; Natalie Schellack; Paulette Marks; Yong Chiat Wong,15,12,1517-1523,https://doi.org/10.1080/17476348.2021.1988569
10.1016/j.phymed.2020.153396,abstract_only,no,no,unclear,yes,review,COVID-19 | phytopharmaceuticals | Furin | TMPRSS2 | intranasal delivery,Phytopharmaceuticals mediated Furin and TMPRSS2 receptor blocking: can it be a potential therapeutic option for Covid-19?,Phytomedicine,2021,Partha Palit; Debprasad Chattopadhyay; Sabu Thomas; Amit Kundu; Hyung Sik Kim; Nima Rezaei,85,,153396,https://doi.org/10.1016/j.phymed.2020.153396
10.1183/13993003.congress-2025.pa3911,abstract_only,yes,yes,rct,no,,INNA-051 | TLR2/6 agonist | intranasal innate immune enhancer | dry powder formulation | Phase Ib trial,Safety tolerability and proof of pharmacology of a dry powder formulation of the antiviral host defense enhancer INNA-051 in healthy adults aged 18-80,Respiratory infections and bronchiectasis,2025,Christophe Demaison; Francesca Mercuri; Hayley Mcquilten; Nic P. West; Grant Mclachlan; Narani Smyth; Nic Kruger; Courtney Crim; Bruce Miller; Ruth Tal-Singer,,,PA3911,https://doi.org/10.1183/13993003.congress-2025.pa3911
10.1016/j.micpath.2020.104504,abstract_only,yes,yes,case_series,no,,intranasal plant extract | COVID-19 treatment | respiratory symptoms | preventive intervention,Use of Nasoil® via intranasal to control the harmful effects of Covid-19,Microbial Pathogenesis,2020,Carlos Eduardo Cuevas-Barragan; Marco Tulio Buenrostro-Nava; Gabriela Monserrat Palos- Gómez; Elisa Alejandra Ramirez-Padilla; Blanca Isabel Mendoza-Macias; Raymundo Rene Rivas-Caceres,149,,104504,https://doi.org/10.1016/j.micpath.2020.104504
10.1016/j.mehy.2022.110775,abstract_only,yes,no,unclear,yes,editorial,copper acetate | SARS-CoV-2 | nasal spray | theoretical mechanism,Copper acetate aerosols: A possible tool complementary to vaccination in fight against SARS-CoV-2 and variants replication,Medical Hypotheses,2022,Roger Deloncle; Olivier Guillard; Alain Pineau; Gérard Lesage,160,,110775,https://doi.org/10.1016/j.mehy.2022.110775
10.2174/1574885518666230727100812,abstract_only,yes,no,unclear,yes,review,nasal drug delivery | nanoformulations | antivirals | intranasal formulations | review article,"Intranasal Drug Delivery of Antiviral Agents - A Revisit and Way
Forward",Current Drug Therapy,2024,Jino Affrald R.; Shoba Narayan,19,2,130-150,https://doi.org/10.2174/1574885518666230727100812
10.1016/j.cimid.2025.102373,abstract_only,no,no,other,yes,,animal model|intranasal delivery|sialidase|H5N1,Potential of Clostridium perfringens sialidase as a novel antiviral agent against avian influenza H5N1 infection in BALB/c mice,"Comparative Immunology, Microbiology and Infectious Diseases",2025,Otto Sahat Martua Silaen; Silvia Tri Widyaningtyas; Christian Marco Hadi Nugroho; Ryan Septa Kurnia; Muhammad Ade Putra; Agustin Indrawati; Desak Gede Budi Krisnamurti; Amin Soebandrio,121,,102373,https://doi.org/10.1016/j.cimid.2025.102373
10.1016/j.virusres.2025.199642,abstract_only,yes,no,unclear,yes,review,antiviral peptides | AI-driven drug design | intranasal delivery | nanoparticles,"Next-generation antiviral peptides: AI-driven design, translational delivery platforms, and future therapeutic directions",Virus Research,2025,Maryam Mashhadi Abolghasem Shirazi; Setareh Haghighat; Zahra Nikbakht; Elaheh Salimkia; Armity Kiumarsy,361,,199642,https://doi.org/10.1016/j.virusres.2025.199642
10.15574/pp.2016.65.27,abstract_only,yes,yes,non_randomized_trial,no,,intranasal interferon | ARVI treatment | pregnancy | Nazoferon | antiviral safety,Безопасность применения препаратов интерферона в лечении ОРВИ у беременных высокого риска,,2016,Ю.В. Давыдова; A. Yu. Limanskaya,,,,https://doi.org/10.15574/pp.2016.65.27
10.1080/09205063.2021.1925391,abstract_only,yes,no,unclear,yes,editorial,polysulfates | polyanions | antiviral mechanism | SARS-CoV-2 | intranasal delivery,"The non-specific antiviral activity of polysulfates to fight SARS-CoV-2, its mutants and viruses with cationic spikes","Journal of Biomaterials Science, Polymer Edition",2021,Michel Vert,32,11,1466-1471,https://doi.org/10.1080/09205063.2021.1925391
pmid_6178364,abstract_only,yes,yes,other,no,,interferon inducers | intranasal administration | influenza prophylaxis | antiviral activity,[Optimization of the schemes for using interferon inducers],Antibiotiki,1982,Ershov FI; Moshchik KV; Grigorian SS; Fomina AN,27,4,280-4,https://pubmed.ncbi.nlm.nih.gov/6178364/
10.1007/s10517-026-06627-8,abstract_only,no,no,other,yes,,ribavirin | nasal delivery | in vitro | brain tumor,Analysis of the Ciliotoxic Effects of an Intranasal In Situ Ribavirin Delivery System: In Vitro and In Vivo Evaluation,Bulletin of Experimental Biology and Medicine,2026,Mikhel IB; Bakhrushina EO; Tikhonov DN; Shchekin VI; Nedorubov AA; Stepanova OI; Krasnyuk II,180,3,312-315,https://doi.org/10.1007/s10517-026-06627-8
10.1093/jac/1.suppl_4.77,abstract_only,no,no,other,yes,editorial,antiviral delivery | intranasal pharmacology | opinion,Why aren't antivirals effective when administered intranasally?,Journal of Antimicrobial Chemotherapy,1975,Bucknall RA,1,suppl 4,77-80,https://doi.org/10.1093/jac/1.suppl_4.77
pmid_34596523,abstract_only,yes,no,unclear,yes,review,SARS-CoV-2 | intranasal immunity | intranasal antivirals | intranasal vaccination | COVID-19,,,,,,,,
10.1016/j.cegh.2021.100826,abstract_only,yes,no,other,yes,review,carrageenan | antiviral | COVID-19 | nasal spray | narrative review,"The antiviral activity of iota-, kappa-, and lambda-carrageenan against COVID-19: A critical review",Clinical Epidemiology and Global Health,2021,Andri Frediansyah,12,,100826,https://doi.org/10.1016/j.cegh.2021.100826
pmid_2360851,abstract_only,yes,yes,case_series,no,,intranasal RNAase | antiviral | influenza | animal model | pharmacokinetics,[Anti-influenza effect of bacterial RNAse and the pharmacokinetic basis of its administration in experimental studies],Antibiotiki i khimioterapiia = Antibiotics and chemoterapy [sic],1990,Shneĭder MA; Shtil'bans EB; Kuprianov-Ashin EG; Potselueva LA; Zaikonnikova IV; Kurinenko BM,35,3,27-31,https://pubmed.ncbi.nlm.nih.gov/2360851/
10.1016/j.drudis.2023.103601,abstract_only,yes,no,unclear,yes,editorial,nitric oxide | nasal sprays | coronavirus | therapeutic proposal,SNAP@CQD as a promising therapeutic vehicle against HCoVs: An overview,Drug Discovery Today,2023,Satyaki Chatterjee; Arnab Chakraborty; Jyotiparna Banik; Sanya Mahindru; Arun K. Sharma; Monalisa Mukherjee,28,7,103601,https://doi.org/10.1016/j.drudis.2023.103601
10.5694/j.1326-5377.1990.tb125353.x,abstract_only,yes,yes,observational_cohort,no,,intranasal interferon | prophylaxis | rhinovirus | RSV | pediatric respiratory illness,Could preventive intranasal interferon lower the morbidity in children prone to respiratory illness?,Medical Journal of Australia,1990,Robert M. Douglas; Brian Moore; Helen B. Miles; Carole B. Pinnock,152,10,524-528,https://doi.org/10.5694/j.1326-5377.1990.tb125353.x
10.1186/2049-6958-9-57,abstract_only,yes,yes,rct,no,,carrageenan nasal spray | common cold | antiviral efficacy | virus clearance | rhinovirus | coronavirus,Carrageenan nasal spray in virus confirmed common cold: individual patient data analysis of two randomized controlled trials,Multidisciplinary Respiratory Medicine,2014,Martin Koenighofer; Thomas Lion; Angelika Bodenteich; Eva Prieschl-Grassauer; Andreas Grassauer; Hermann Unger; Christian A. Mueller; Tamás Fazekas,9,1,57,https://doi.org/10.1186/2049-6958-9-57
10.1016/s0166-3542(85)80033-4,abstract_only,yes,no,unclear,yes,review,antiviral agents | respiratory infections | ribavirin | intranasal interferon | influenza,Clinical applications of antiviral agents for chemophrophylaxis and therapy of respiratory viral infections,Antiviral Research,1985,Frederick G. Hayden,5,,229-239,https://doi.org/10.1016/s0166-3542(85)80033-4
10.1001/archfami.7.1.39,converted,yes,yes,rct,no,,hypertonic saline | nasal spray | common cold | rhinosinusitis | symptom relief,A Clinical Trial of Hypertonic Saline Nasal Spray in Subjects With the Common Cold or Rhinosinusitis,Archives of Family Medicine,1998,Adam P.; Stiffman M.; Blake RL Jr,7,1,39-43,https://doi.org/10.1001/archfami.7.1.39
