doi,drug_class,drug_name,confidence
10.1001/amajethics.2021.590,other,unspecified,low
10.1001/amaguidesnewsletters.2002.janfeb02,psychological,cognitive and behavioral interventions,medium
10.1001/archfami.2.2.181,supplement,megavitamin/mineral supplements,high
10.1001/amajethics.2021.537,other,unspecified,low
10.1001/archinte.152.8.1604,other,none,high
10.1001/amajethics.2021.519,other,unspecified,low
10.1001/archfami.8.6.495,other,none,high
10.1001/amaguidesnewsletters.1998.mayjun03,other,none,high
10.1001/archgenpsychiatry.2008.508,other,none,high
10.1001/amaguidesnewsletters.1999.novdec04,other,not applicable,high
10.1001/archinte.153.5.661a,other,none,high
10.1001/archinte.155.12.1332,other,none,high
10.1001/archinte.157.22.2663,other,unspecified,high
10.1001/archinte.159.20.2481,other,unspecified,low
10.1001/archinte.160.2.221,other,none,high
10.1001/archinte.159.18.2129,other,none,high
10.1001/archinte.160.21.3270,exercise,graded exercise test (bicycle ergometer),high
10.1001/archinte.163.13.1530,other,none,high
10.1001/archinte.164.20.2241,other,none,high
10.1001/archinte.164.4.401,other,none,high
10.1001/archinte.163.15.1832,other,none,high
10.1001/archinte.160.22.3461,other,isoproterenol hydrochloride,high
10.1001/archinte.158.8.908,anti-inflammatory,fludrocortisone acetate,high
10.1001/archinte.164.10.1098,other,unspecified,high
10.1001/archinte.157.11.1264,other,amantadine hydrochloride,high
10.1001/archinte.166.15.1649,other,not applicable,high
10.1001/archinte.1990.00390170140036,other,unspecified,low
10.1001/archneur.1993.00540030065016,other,none,high
10.1001/archneur.1994.00540190089021,other,none,high
10.1001/archinte.1992.00400200042008,other,none,high
10.1001/archpediatrics.2010.145,other,regular care,low
10.1001/archpedi.162.12.1196,other,not applicable,high
10.1001/archpedi.158.3.225,other,none,high
10.1001/archpediatrics.2010.144,other,none,high
10.1001/archneur.1997.00550230045015,other,not applicable,high
10.1001/archneur.1996.00550070080014,other,unspecified,high
10.1001/archpediatrics.2010.157,other,none,high
10.1001/archpsyc.63.11.1258,other,none,high
10.1001/archpsyc.63.11.1267,other,none,high
10.1001/archpediatrics.2011.124,other,not applicable,high
10.1001/jama.1989.03420090041019,other,unspecified,high
10.1001/jama.1991.03460030063028,other,unspecified,low
10.1001/jama.1988.03720060014020,other,cocaine,low
10.1001/jama.1989.03420050044020,other,unspecified,low
10.1001/jama.1991.03460080032011,other,unspecified,low
10.1001/jama.1992.03490070051036,other,laboratory testing panel,low
10.1001/jama.1993.03510100027010,other,unspecified,low
10.1001/jama.1996.03530290029024,other,unspecified,low
10.1001/jama.1997.03550200085043,other,unspecified,low
10.1001/jama.1997.03550060098046,other,unspecified,low
10.1001/jama.2010.1421,other,unspecified,low
10.1001/archpediatrics.2010.149,other,unspecified,low
10.1001/jama.2011.1576,other,unspecified,low
10.1001/jama.2015.1346,other,none,high
10.1001/jama.2015.5731,other,unspecified,low
10.1001/jama.2015.5760,other,unspecified,low
10.1001/jama.1996.03530290029023,other,"fludrocortisone, beta-blockers, disopyramide",medium
10.1001/jama.2019.8312,other,unspecified,high
10.1001/jama.268.7.873,other,commercial laboratory testing panel,low
10.1001/jama.265.8.964,other,none,low
10.1001/jama.2024.3603,other,unspecified,low
10.1001/jama.2019.8890,other,unspecified,low
10.1001/jama.280.12.1061,anti-inflammatory,hydrocortisone,high
10.1001/jama.280.3.264,other,unspecified,high
10.1001/jama.280.4.372,other,unspecified,low
10.1001/jama.286.11.1360,other,multiple interventions,high
10.1001/jama.286.11.1378,rehabilitation,graded exercise therapy,high
10.1001/jama.286.24.3078-a,other,unspecified,low
10.1001/jama.292.10.1234,other,unspecified,low
10.1001/jama.289.11.1385-a,other,unspecified,low
10.1001/jama.292.22.2723-a,other,unspecified,low
10.1001/jamanetworkopen.2022.33454,other,none,high
10.1001/jamanetworkopen.2024.23555,other,none,high
10.1001/jama.285.1.52,other,fludrocortisone acetate,high
10.1001/jamaoto.2020.0530,other,unspecified,high
10.1001/jamapediatrics.2013.3337,other,unspecified,low
10.1002/(sici)1097-4679(199711)53:7<635::aid-jclp1>3.0.co;2-h,other,none,high
10.1002/(sici)1097-4679(199904)55:4<411::aid-jclp6>3.0.co;2-n,other,unspecified,high
10.1002/(sici)1099-1077(199605)11:3<161::aid-hup784>3.0.co;2-5,other,unspecified,high
10.1002/(sici)1096-9071(199609)50:1<25::aid-jmv6>3.0.co;2-v,other,viral serology testing,low
10.1001/jama.292.10.1195,other,galantamine hydrobromide,high
10.1002/(sici)1097-4598(199605)19:5<621::aid-mus10>3.0.co;2-q,other,none - observational study,high
10.1002/(sici)1099-1077(199901)14:1<7::aid-hup64>3.0.co;2-o,other,unspecified,high
10.1002/14651858.cd001027,psychological,cognitive behaviour therapy,high
10.1002/1097-4679(200012)56:12<1497::aid-2>3.0.co;2-z,other,none,high
10.1002/14651858.cd001027.pub2,psychological,cognitive behaviour therapy,high
10.1001/jamapediatrics.2013.4647,other,clonidine hydrochloride,high
10.1002/14651858.cd003200.pub9,exercise,aerobic exercise therapy,high
10.1002/14651858.cd006348.pub3,other,traditional chinese medicinal herbs,low
10.1002/14651858.cd006348.pub2,other,traditional chinese medicinal herbs,low
10.1002/14651858.cd011040.pub2,exercise,exercise therapy,high
10.1002/1520-6629(199504)23:2<143::aid-jcop2290230205>3.0.co;2-7,other,unspecified,low
10.1002/14651858.cd006348,other,traditional chinese medicine herbal products,high
10.1002/1520-6629(199310)21:4<339::aid-jcop2290210410>3.0.co;2-1,other,unspecified,high
10.1002/9780470514382.ch11,other,none,high
10.1002/9780470514382.ch14,psychological,cognitive-behavioural therapy,medium
10.1002/9780470514382.ch13,other,unspecified,high
10.1002/9780470514382.ch10,other,none,high
10.1002/9780470514382.ch15,other,unspecified,high
10.1002/9780470514382.ch16,other,unspecified,low
10.1002/9780470514382.ch17,psychological,cognitive behaviour therapy,high
10.1002/9780470514382.ch18,psychological,psychological management,medium
10.1002/9780470514382.ch2,other,none,high
10.1002/9780470514382.ch3,other,unspecified,high
10.1002/9780470514382.ch6,other,unspecified,high
10.1002/9780470514382.ch4,other,not applicable,high
10.1002/9780470514382.ch5,other,none,high
10.1002/9780470514382.ch7,other,none,high
10.1002/9780470514382.ch8,other,unspecified,high
10.1002/9780470750902.ch7,other,unspecified,low
10.1002/9781118663721.ch36,other,unspecified,low
10.1002/acr.80090,other,unspecified,low
10.1002/acr.25210,other,multidisciplinary management,low
10.1002/acr.22639,other,none,high
10.1002/9781118453940.ch24,psychological,cognitive behavior therapy,high
10.1002/acn3.51631,other,none,high
10.1002/adsr.202300178,other,am-qtpa,low
10.1002/ajcp.12181,other,none,high
10.1002/advs.202302146,other,unspecified,high
10.1002/alz.085905,supplement,ubiquinone,high
10.1002/alz.089661,other,unspecified,high
10.1002/ana.22389,other,unspecified,high
10.1002/ana.22529,other,not applicable,high
10.1002/art.1780330311,other,not applicable,low
10.1002/ar.24953,other,electroacupuncture at bl15,high
10.1002/art.1780380510,other,none,high
10.1002/art.1780400215,other,none,high
10.1002/art.20779,other,ambulatory monitoring,high
10.1002/art.22124,exercise,incremental bicycle exercise test,high
10.1002/bap.17,psychological,psychotherapy,medium
10.1002/art.41405,other,none,high
10.1002/biof.1293,supplement,ubiquinol-10,high
10.1002/biof.1726,supplement,luteolin,high
10.1002/bmc.5379,supplement,danggui buxue tang,medium
10.1002/brb3.71428,exercise,tai chi exercise,high
10.1002/cbdv.202403506,supplement,hesperidin,high
10.1002/cbl.30019,other,none,high
10.1002/ccr3.6930,other,none,high
10.1002/brb3.71513,psychological,cognitive behavioral therapy,high
10.1002/ccr3.72725,other,therapeutic plasma exchange,high
10.1002/chin.199507342,other,di-2-ethylhexyl phthalate,low
10.1002/cdt3.74,other,none,high
10.1002/clc.20962,other,not applicable,high
10.1002/cph4.70098,other,unspecified,low
10.1002/cpp.1827,psychological,cognitive behaviour therapy,high
10.1002/cncr.27612,other,not applicable,high
10.1002/cph4.70056,other,unspecified,high
10.1002/brb3.2040,other,(-)-osu6162,high
10.1002/cpp.1906,psychological,metacognitions assessment tool,low
10.1002/cpp.2042,psychological,cognitive behavioural therapy,high
10.1002/clc.20227,other,not applicable,high
10.1002/cpp.2051,psychological,cognitive behavioral therapy,high
10.1002/cpp.2367,other,none,high
10.1002/cpp.2417,psychological,cognitive behavioural therapy,high
10.1002/cpp.70075,psychological,cognitive behavioral therapy,high
10.1002/cpp.793,psychological,mindfulness-based cognitive therapy,high
10.1002/ctm2.70346,other,unspecified,high
10.1002/cpp.757,psychological,metacognitive profiling,high
10.1002/ejp.1750,other,unspecified,high
10.1002/ehf2.12633,other,immunoadsorption,high
10.1002/fsn3.70424,other,unspecified,high
10.1002/ejp.701,other,none,high
10.1002/cyto.b.10034,other,none,high
10.1002/fsn3.71685,supplement,edible bird's nest,high
10.1002/glia.22687,anti-inflammatory,minocycline,high
10.1002/hbm.70505,other,neuroinflammation imaging (nii),low
10.1002/hep.22643,other,unspecified,high
10.1002/iid3.263,other,none,high
10.1002/j.1532-2149.2013.00429.x,other,unspecified,high
10.1002/ijc.2910420526,other,unspecified,high
10.1002/iub.572,other,unspecified,low
10.1002/hup.554,other,modafinil,high
10.1002/jcb.24883,other,unspecified,high
10.1002/j.1556-6676.1998.tb02391.x,other,unspecified,high
10.1002/jcla.20217,other,unspecified,high
10.1002/jcla.10079,other,unspecified,high
10.1002/hup.805,psychological,antidepressants (tricyclic and ssri),high
10.1002/jcla.20325,other,unspecified,low
10.1002/jcla.1860040617,other,unspecified,high
10.1002/jclp.20551,psychological,cognitive-behavioral therapy,high
10.1002/jclp.1040,other,unspecified,low
10.1002/jclp.20648,rehabilitation,buddy support program,high
10.1002/jclp.20676,psychological,cognitive-behavioral therapy,high
10.1002/jclp.20744,rehabilitation,activity modification within energy envelope,high
10.1002/jclp.20827,other,not applicable,high
10.1002/jclp.22593,other,cognitive behavioral therapy,high
10.1002/jcop.21984,psychological,social support intervention,low
10.1002/jclp.22692,other,none,high
10.1002/jclp.21880,other,none,high
10.1002/jcsm.13669,other,none (review article),high
10.1002/jcsm.12896,other,unspecified,high
10.1002/jem.35,other,none,high
10.1002/jgh3.12724,other,none,high
10.1002/jev2.12403,exercise,maximal cardiopulmonary exercise test,high
10.1002/jmri.25283,other,none,high
10.1002/jmri.26247,other,none,high
10.1002/jmv.10531,other,none,high
10.1002/jmv.1890190302,other,mu-antibody-capture elisa,high
10.1002/jmv.1890340209,other,none,high
10.1002/jmv.1890330303,other,unspecified,high
10.1002/jmv.1890460404,other,unspecified,high
10.1002/jmv.24810,other,unspecified,high
10.1002/jmv.1890420109,other,unspecified,high
10.1002/jmv.23411,antiviral,valganciclovir,high
10.1002/jmv.23713,antiviral,valganciclovir,high
10.1002/jmv.21873,other,none,high
10.1002/jmv.25744,other,unspecified,high
10.1002/jmv.28993,other,unspecified,low
10.1002/jmv.70769,other,unspecified,high
10.1002/mbo3.70333,other,unspecified,high
10.1002/jnr.25223,other,none,high
10.1002/jnr.25048,other,not applicable,high
10.1002/nbm.1315,other,not applicable,high
10.1002/jnr.25392,other,not applicable,high
10.1002/mus.20055,other,unspecified,high
10.1002/mnfr.200700075,other,unspecified,low
10.1002/nbm.1512,other,none,high
10.1002/nbm.1692,other,none,high
10.1002/nbm.3757,other,unspecified,high
10.1002/nep3.70007,other,unspecified,low
10.1002/nop2.70212,psychological,psychosocial nursing assessment,low
10.1002/oti.19,other,unspecified,high
10.1002/nbm.3261,other,none,high
10.1002/nop2.70391,other,unspecified,high
10.1002/oti.88,rehabilitation,occupational therapy programme,high
10.1002/nbm.2772,other,none,high
10.1002/pcn5.70111,other,"comprehensive treatment (pacing management, pharmacological treatments, psychiatric interventions)",low
10.1002/phy2.152,exercise,maximal exercise testing,high
10.1002/pcn5.70222,anti-inflammatory,hydrocortisone,high
10.1002/pnp.109,psychological,cognitive behavioural therapy and graded exercise,high
10.1002/pnp.698,other,unspecified,low
10.1002/pmrj.12867,psychological,yoga,high
10.1002/ptr.3499,immunomodulator,danggui buxue tang,high
10.1002/psb.1741,other,unspecified,low
10.1002/rmv.673,antiviral,zidovudine,medium
10.1002/rmv.2315,other,unspecified,low
10.1002/rmv.70070,other,unspecified,low
10.1002/smi.1233,psychological,social problem solving therapy,medium
10.1002/tre.776,other,unspecified,low
10.1002/smi.1185,other,unspecified,high
10.1002/sim.6579,other,none,high
10.1002/tsm2.133,other,none,high
10.1006/bmme.1996.0012,other,none,high
10.1006/bmme.1996.0036,other,none,high
10.1002/sscp.70137,other,unspecified,high
10.1006/clin.1996.4284,rehabilitation,nonpharmacological treatment,high
10.1006/clin.1997.4512,other,unspecified,high
10.1006/nimg.2002.1260,supplement,acetylcarnitine,high
10.1006/exmp.1999.2248,other,unspecified,high
10.1007/0-306-46835-2_21,other,unspecified,low
10.1006/mcpr.1998.0186,other,unspecified,high
10.1006/rtph.1996.0089,other,unspecified,high
10.1007/7854_2022_368,other,unspecified,low
10.1007/7854_2024_502,exercise,moderate intensity physical activity,high
10.1006/clin.1998.4554,other,none,high
10.1007/978-1-0716-4498-0_11,other,unspecified,high
10.1007/978-1-0716-4498-0_10,other,repeated cardiopulmonary exercise testing,high
10.1007/978-1-0716-4498-0_13,other,none,high
10.1007/978-1-0716-4498-0_12,other,none,high
10.1007/978-1-0716-4498-0_15,other,unspecified,high
10.1007/978-1-0716-4498-0_14,other,unspecified,high
10.1007/978-1-0716-4498-0_16,other,none,high
10.1007/978-1-0716-4498-0_1,other,none,high
10.1007/978-1-0716-4498-0_2,other,unspecified,high
10.1007/978-1-0716-4498-0_5,other,unspecified,high
10.1007/978-1-0716-4498-0_6,other,unspecified,low
10.1007/978-1-0716-4498-0_4,other,unspecified,high
10.1007/978-1-0716-4498-0_7,other,exercise challenge,low
10.1007/978-1-0716-4498-0_8,other,unspecified,high
10.1007/978-1-0716-4498-0_9,other,not applicable,high
10.1007/978-1-4612-4508-7_36,other,unspecified,low
10.1007/978-1-4612-4508-7_60,other,unspecified,low
10.1007/978-1-4612-4508-7_61,other,none,high
10.1007/978-1-4612-4508-7_62,other,unspecified,low
10.1007/978-1-4612-4508-7_64,other,unspecified,low
10.1007/978-1-4899-1016-5_38,other,unspecified,low
10.1007/978-1-4612-4508-7_68,other,unspecified,low
10.1007/978-1-4615-4709-9_90,supplement,branched chain amino acids (bcaa),high
10.1007/978-1-59745-008-9_23,other,unspecified,low
10.1007/978-1-60327-343-5_25,other,unspecified,high
10.1007/978-1-60327-571-2_21,supplement,omega-3 and omega-6 long-chain polyunsaturated fatty acids,medium
10.1007/978-1-61779-803-0_29,supplement,cocoa and dark chocolate,high
10.1007/978-3-031-55529-9_20,other,unspecified,low
10.1007/978-4-431-73464-2_9,other,unspecified,low
10.1007/bf00920633,other,none,high
10.1007/978-3-642-86812-2_34,other,unspecified,low
10.1007/bf00226856,supplement,coenzyme q10 (coq10),high
10.1007/bf00867358,other,none,high
10.1007/bf01324655,other,unspecified,low
10.1007/bf01776488,rehabilitation,rehabilitation,high
10.1007/bf01541666,other,unspecified,high
10.1007/978-1-60327-343-5_8,supplement,melatonin,high
10.1007/bf01826195,other,paced breathing,high
10.1007/bf01796268,other,none,high
10.1007/bf02195983,other,unspecified,high
10.1007/bf01977671,other,unspecified,low
10.1007/bf01875419,other,none,high
10.1007/bf02091794,psychological,unspecified,low
10.1007/bf02207934,other,silicone breast implant explanation (surgical removal),low
10.1007/bf02267720,other,none,high
10.1007/bf02267785,other,not applicable,high
10.1007/bf02318380,other,none,high
10.1007/bf02274883,other,unspecified,low
10.1007/bf02556297,other,none,low
10.1007/bf02506968,other,not applicable,high
10.1007/bf02246661,other,phenelzine,high
10.1007/bf02556303,other,treadmill walking,high
10.1007/bf02597420,other,none,high
10.1007/bf02628661,immunomodulator,transfer factor,high
10.1007/bf02628663,immunomodulator,transfer factor,high
10.1007/bf02628664,immunomodulator,transfer factor (immodin),high
10.1007/bf02688668,supplement,glyconutrients,high
10.1007/bf02628662,immunomodulator,anti-hhv-6 transfer factor,high
10.1007/bf02629522,other,none,high
10.1007/bf02688676,supplement,freeze-dried aloe vera gel extract,high
10.1007/bf02691201,other,unspecified,low
10.1007/bf03003071,other,none,high
10.1007/bf02884843,other,not applicable,high
10.1007/bf03040485,other,none,high
10.1007/bf03041320,other,none,high
10.1007/bf03043262,other,none,high
10.1007/bf03257157,other,influenza vaccine,high
10.1007/s00011-025-02158-6,other,atg13 genetic depletion,high
10.1007/s00018-018-2925-6,other,hpv vaccine (vlps),high
10.1007/bf02267980,supplement,sodium chloride,high
10.1007/s00018-022-04380-5,other,unspecified,low
10.1007/s00066-026-02553-w,other,proton beam radiotherapy,high
10.1007/s00052-023-00083-7,other,"chinese medicine (acupuncture, moxibustion, acupressure, qigong, phytotherapy)",high
10.1007/s00103-017-2546-5,other,unspecified,low
10.1007/s00109-004-0586-4,other,unspecified,high
10.1007/s00108-022-01369-x,other,unspecified,high
10.1007/s001060050275,other,unspecified,high
10.1007/s00112-021-01408-1,other,not applicable,high
10.1007/s00112-025-02293-8,psychological,interdisciplinary care model with online education,low
10.1007/s00112-025-02222-9,other,unspecified,high
10.1007/s00115-026-01944-9,psychological,psychotherapy,high
10.1007/s00210-026-05263-3,supplement,diosgenin,high
10.1007/s001150050045,psychological,cognitive behavioral therapy,high
10.1007/s001270050266,other,sofa scale,low
10.1007/s00213-021-05986-6,other,unspecified,high
10.1007/s00221-018-5301-8,other,none,high
10.1007/s00221-010-2296-1,other,none,high
10.1007/s00296-003-0355-7,antiviral,doxycycline,high
10.1007/s00296-014-3065-4,other,aluminum hydroxide vaccine adjuvant,medium
10.1007/s00115-022-01431-x,other,unspecified,low
10.1007/s00296-009-1122-1,other,fibrofatigue scale,high
10.1007/s00115-011-3446-9,psychological,antidepressants (serotonergic and noradrenergic),high
10.1007/s00380-009-1206-6,supplement,vitamin e (alpha-tocopherol),high
10.1007/s00213-002-1129-8,other,clonidine,high
10.1007/s00380-014-0510-y,other,unspecified,high
10.1007/s00380-015-0744-3,other,none,high
10.1007/s003930050239,other,unspecified,low
10.1007/s00417-013-2431-3,other,not applicable,high
10.1007/s00406-023-01661-3,other,none,high
10.1007/s00393-011-0825-3,other,unspecified,low
10.1007/s00421-007-0634-1,other,none,high
10.1007/s00394-024-03546-0,probiotic,"synbiotic mixture (l. rhamnosus dsm 32550, l. plantarum dsm 34532, b. lactis dsm 32269, b. longum dsm 32946, fructooligosaccharides, zinc)",high
10.1007/s00421-014-2910-1,other,none,high
10.1007/s00421-010-1670-9,other,none,high
10.1007/s00429-023-02682-3,other,none,high
10.1007/s00421-018-3913-0,exercise,aquatic exercise,high
10.1007/s00421-025-05759-5,exercise,aquatic exercise,high
10.1007/s00431-015-2626-1,other,not applicable,high
10.1007/s00404-008-0795-0,other,ethinylestradiol/desogestrel oral contraceptive,high
10.1007/s00431-023-05351-z,other,none,high
10.1007/s00431-026-07125-9,other,unspecified,high
10.1007/s00431-013-2058-8,psychological,cognitive behavioural therapy,high
10.1007/s00431-026-06995-3,other,unspecified,high
10.1007/s00431-024-05458-x,exercise,graded exercise therapy,high
10.1007/s00482-023-00761-2,psychological,multimodal pain therapy,medium
10.1007/s00787-005-0477-4,other,none,high
10.1007/s00482-026-00937-6,psychological,multimodal pain therapy with pacing and energy management,medium
10.1007/s00608-022-00989-8,other,unspecified,low
10.1007/s00508-024-02372-y,other,unspecified,low
10.1007/s00761-022-01102-1,other,unspecified,high
10.1007/s00739-026-01152-9,other,unspecified,low
10.1007/s00787-005-0493-4,other,unspecified,high
10.1007/s00787-009-0029-4,other,none,high
10.1007/s00787-021-01734-5,other,mental health screening (non-pharmacological),high
10.1007/s10067-005-1154-1,other,none,high
10.1007/s00482-021-00535-8,other,amitriptyline and duloxetine,medium
10.1007/s007870050114,other,none,high
10.1007/s10067-006-0433-9,other,unspecified,high
10.1007/s00787-020-01646-w,other,none,high
10.1007/s10067-010-1677-y,rehabilitation,graded exercise therapy,high
10.1007/s10067-009-1339-0,other,none,high
10.1007/s10067-011-1772-8,other,unspecified,high
10.1007/s10067-020-05528-z,other,unspecified,low
10.1007/s10067-023-06743-0,other,unspecified,high
10.1007/s10067-013-2308-1,other,none,high
10.1007/s10067-019-04447-y,other,silicone breast implants,high
10.1007/s10067-018-4009-2,other,no intervention studied,high
10.1007/s10067-012-1946-z,psychological,psychological intervention (not specified),high
10.1007/s10067-011-1702-9,other,none,high
10.1007/s10067-014-2793-x,other,none,high
10.1007/s10072-021-05786-y,other,none,high
10.1007/s10096-013-1996-4,other,none (diagnostic study),high
10.1007/s10165-010-0380-9,other,unspecified,high
10.1007/s10096-014-2095-x,other,herpes zoster infection (observational exposure),high
10.1007/s10165-004-0332-3,other,none,low
10.1007/s10286-002-0044-8,other,none,high
10.1007/s10286-002-0014-1,other,none,high
10.1007/s100960050420,other,unspecified,high
10.1007/s10286-008-0487-7,rehabilitation,endurance exercise training,high
10.1007/s10286-025-01172-2,other,unspecified,low
10.1007/s10354-026-01155-6,other,care guidance,high
10.1007/s10096-003-1062-8,immunomodulator,staphypan berna,high
10.1007/s10354-025-01113-8,supplement,"herbal preparations (ginseng, eleutherococcus, rhodiola, ginkgo, boswellia, curcuma, and others)",high
10.1007/s10464-011-9457-7,other,not applicable,high
10.1007/s10484-016-9331-3,other,not applicable,high
10.1007/s10865-008-9189-9,other,none,high
10.1007/s10865-004-0004-y,other,none,high
10.1007/s10484-022-09573-z,other,none - observational study,high
10.1007/s10566-019-09543-3,other,not applicable,high
10.1007/s10578-009-0147-8,other,not applicable,high
10.1007/s10865-009-9234-3,other,no intervention studied,high
10.1007/s10865-019-00010-x,psychological,cognitive-behavioural intervention,high
10.1007/s10880-025-10074-4,other,not applicable,high
10.1007/s10865-016-9720-3,other,sensory hypersensitivity scale (shs),high
10.1007/s10912-016-9390-8,other,not_applicable,high
10.1007/s10974-008-9128-y,other,unspecified,low
10.1007/s11011-013-9435-x,other,unspecified,high
10.1007/s11011-012-9324-8,other,none,high
10.1007/s11011-012-9316-8,other,none - observational study,high
10.1007/s11011-019-0388-6,other,none,high
10.1007/s11019-008-9126-2,other,none,high
10.1007/s11019-020-09945-4,other,unspecified,high
10.1007/s11019-013-9501-5,other,not applicable,low
10.1007/s11055-010-9250-3,other,poly i:c,medium
10.1007/s11055-023-01364-1,other,unspecified,low
10.1007/s11136-004-1693-y,other,unspecified,high
10.1007/s11101-022-09838-9,supplement,polyphenols,high
10.1007/s11065-005-3588-2,other,none,high
10.1007/s11136-011-0048-8,psychological,acceptance-based coping intervention,high
10.1007/s11136-011-9921-8,other,not applicable,high
10.1007/s11136-014-0737-1,other,none,high
10.1007/s11136-014-0705-9,other,not applicable,high
10.1007/s11136-015-1160-y,other,none,high
10.1007/s11136-016-1406-3,other,not applicable,high
10.1007/s11136-014-0819-0,other,none,high
10.1007/s11136-019-02411-6,other,none,high
10.1007/s11064-008-9620-1,supplement,hochu-ekki-to (tj-41),high
10.1007/s11136-019-02289-4,other,unspecified,high
10.1007/s11136-021-02919-w,other,none,high
10.1007/s11136-022-03199-8,other,unspecified,high
10.1007/s11136-019-02399-z,other,none,high
10.1007/s11136-023-03498-8,other,unspecified,high
10.1007/s11136-024-03794-x,other,not applicable,high
10.1007/s11136-024-03710-3,other,none,high
10.1007/s11136-024-03854-2,other,not applicable,high
10.1007/s11306-017-1264-1,other,metabolomics diagnostic method,high
10.1007/s11306-019-1620-4,other,none - diagnostic/biomarker study,high
10.1007/s11325-009-0305-z,other,none,high
10.1007/s11553-023-01070-3,other,not applicable,high
10.1007/s11325-025-03512-y,other,none,high
10.1007/s11606-007-0140-5,other,unspecified,high
10.1007/s11596-010-0225-y,exercise,running wheel exercise,high
10.1007/s11606-024-09290-9,other,observational study (no intervention),high
10.1007/s11655-020-3195-3,other,acupuncture,high
10.1007/s11553-023-01098-5,other,none,high
10.1007/s11673-018-9866-5,other,not applicable,high
10.1007/s11682-018-0029-4,other,unspecified,high
10.1007/s11682-018-9897-x,other,unspecified,high
10.1007/s11682-019-00119-2,other,none,high
10.1007/s11154-025-09996-z,other,sodium/glucose co-transporter 2 inhibitors,high
10.1007/s11882-010-0106-2,other,unspecified,high
10.1007/s11845-010-0585-0,other,none,high
10.1007/s11916-000-0050-2,other,unspecified,high
10.1007/s11916-003-0033-1,exercise,aerobic exercise,high
10.1007/s11916-003-0031-3,immunomodulator,intravenous immunoglobulin (ivig),high
10.1007/s11920-013-0353-8,other,none,high
10.1007/s11926-006-0036-0,other,unspecified,high
10.1007/s11926-008-0079-5,other,unspecified,low
10.1007/s11926-001-0006-5,other,unspecified,low
10.1007/s11926-007-0078-y,other,unspecified,low
10.1007/s11920-010-0105-y,other,unspecified,high
10.1007/s11926-012-0277-z,other,unspecified,low
10.1007/s11926-016-0577-9,other,not applicable,high
10.1007/s11926-019-0804-2,other,not applicable,high
10.1007/s11926-019-0823-z,other,not applicable,high
10.1007/s11926-017-0628-x,other,unspecified,high
10.1007/s12016-020-08824-3,other,unspecified,low
10.1007/s12018-026-09326-0,other,none,high
10.1007/s12026-013-8413-z,immunomodulator,unspecified,medium
10.1007/s12035-013-8477-8,supplement,coenzyme q10,high
10.1007/s12026-014-8604-2,other,hepatitis b vaccine,high
10.1007/s12026-018-9036-1,other,hpv vaccine,high
10.1007/s12026-010-8165-y,other,unspecified,high
10.1007/s12035-013-8553-0,immunomodulator,rituximab,medium
10.1007/s12031-021-01845-3,other,unspecified,high
10.1007/s12035-014-8705-x,other,unspecified,low
10.1007/s12035-015-9090-9,other,not applicable,high
10.1007/s12017-010-8138-2,other,unspecified,high
10.1007/s12035-015-9262-7,other,unspecified,high
10.1007/s12035-016-0170-2,other,unspecified,high
10.1007/s12035-016-0334-0,other,none,high
10.1007/s12035-017-0598-z,other,unspecified,high
10.1007/s12035-015-9392-y,supplement,n-3 polyunsaturated fatty acids (pufa),high
10.1007/s12035-016-9975-2,other,none (review article),high
10.1007/s12035-018-0928-9,other,unspecified,low
10.1007/s12035-019-1549-7,other,unspecified,high
10.1007/s12035-023-03784-z,other,unspecified,high
10.1007/s12192-012-0352-4,other,unspecified,low
10.1007/s12098-011-0463-4,other,none,high
10.1007/s12160-012-9381-6,exercise,qigong,high
10.1007/s12272-013-0235-y,supplement,ginseng acidic polysaccharide (wgpa),high
10.1007/s12035-020-01939-w,other,unspecified,low
10.1007/s12035-018-1354-8,other,unspecified,high
10.1007/s12160-012-9463-5,other,none,high
10.1007/s12471-016-0885-8,other,not applicable,high
10.1007/s12529-012-9265-y,other,unspecified,high
10.1007/s12529-012-9273-y,other,none,high
10.1007/s12529-012-9253-2,psychological,expectancy management / cognitive intervention,low
10.1007/s12529-017-9679-7,psychological,mindfulness- and relaxation-based ehealth interventions,high
10.1007/s12529-017-9682-z,other,none,high
10.1007/s12529-018-9732-1,other,not applicable,high
10.1007/s12529-023-10254-2,psychological,cognitive behavioral therapy,high
10.1007/s12602-018-9397-8,probiotic,probiotics,high
10.1007/s12529-022-10111-8,psychological,cognitive behavioral therapy,high
10.1007/s12671-018-0945-9,psychological,self-compassion intervention,high
10.1007/s13142-013-0229-9,other,not applicable,high
10.1007/s13365-021-01002-x,other,none,high
10.1007/s13317-013-0051-x,other,unspecified,high
10.1007/s13365-021-00949-1,other,unspecified,high
10.1007/s15006-023-2894-z,other,none,high
10.1007/s40258-021-00635-7,other,unspecified,high
10.1007/s40124-022-00261-4,other,unspecified,high
10.1007/s40258-025-01006-2,other,not applicable,high
10.1007/s40264-016-0456-3,other,human papillomavirus vaccine,high
10.1007/s40271-016-0171-2,other,patient empowerment survey,low
10.1007/s40264-017-0593-3,other,hpv vaccine,high
10.1007/s40271-021-00540-0,other,none,high
10.1007/s12640-020-00231-y,other,hemin,high
10.1007/s40618-024-02334-1,other,unspecified,high
10.1007/s42087-020-00123-9,psychological,mindfulness-based cognitive therapy,high
10.1007/s43657-022-00060-3,other,unspecified,low
10.1007/s41669-018-0071-6,other,none,high
10.1007/s15010-024-02386-8,other,not applicable,high
10.1007/s44180-025-00227-0,other,unspecified,low
10.1016/0002-9343(90)90172-a,immunomodulator,intravenous immunoglobulin g,high
10.1007/s44470-026-00079-7,other,none,high
10.1007/s44217-024-00282-9,other,unspecified,high
10.1007/s43440-025-00808-4,other,ketamine,high
10.1016/0002-9343(90)90173-b,immunomodulator,intravenous immunoglobulin,high
10.1016/0002-9343(92)90265-d,other,none,high
10.1016/0002-9343(91)90150-v,other,none,high
10.1016/0002-9343(94)90095-7,other,unspecified,low
10.1016/0002-9343(93)90310-l,other,unspecified,high
10.1016/0005-7967(94)00077-w,psychological,cognitive behavioural therapy,high
10.1016/0003-9993(94)90088-4,other,none,high
10.1016/0006-3223(93)90100-r,other,none,high
10.1016/0022-3956(94)90033-7,other,none,high
10.1016/0006-3223(95)00422-x,other,unspecified,high
10.1016/0022-3956(95)00040-2,other,none,high
10.1016/0006-3223(92)90087-g,other,bupropion,high
10.1016/0006-3223(92)90187-5,other,unspecified,high
10.1016/0014-5793(95)01439-x,other,not applicable,high
10.1016/0022-3999(89)90103-7,other,none,high
10.1016/0002-9343(93)90183-p,immunomodulator,dialyzable leukocyte extract,high
10.1016/0006-3223(94)00121-i,other,d-fenfluramine,high
10.1016/0006-3223(95)00131-x,other,terfenadine,high
10.1016/0022-3999(94)00071-c,other,none,high
10.1016/0022-3999(92)90089-k,other,none,high
10.1016/0022-3999(90)90111-g,other,unspecified,high
10.1016/0022-3999(94)90007-8,other,none,high
10.1016/0022-3999(94)00125-o,other,multidimensional fatigue inventory,low
10.1016/0022-3999(94)90082-5,other,none,high
10.1016/0022-3999(95)00543-9,other,unspecified,high
10.1016/0022-3999(95)00008-9,other,none,high
10.1016/0022-3999(94)90099-x,other,unspecified,high
10.1016/0091-6749(88)90933-5,other,unspecified,low
10.1016/0022-510x(95)00108-e,other,none,high
10.1016/0090-1229(92)90194-s,other,unspecified,high
10.1016/0022-3999(96)00131-6,other,none,high
10.1016/0022-510x(93)90276-5,other,none,high
10.1016/0022-3999(96)00036-0,other,none,high
10.1016/0163-4453(92)92772-b,other,none,high
10.1016/0140-6736(91)91371-z,supplement,magnesium sulphate,high
10.1016/0163-4453(91)92864-2,other,none,high
10.1016/0140-6736(91)91440-6,other,none,high
10.1016/0165-0327(95)00026-j,other,d-fenfluramine,medium
10.1016/0163-8343(94)90018-3,psychological,psychoanalytic psychotherapy,high
10.1016/0165-0327(96)00015-8,other,none,high
10.1016/0166-0934(88)90047-x,other,none,high
10.1016/0192-0561(95)00056-8,other,unspecified,high
10.1016/0166-0934(88)90050-x,other,unspecified,high
10.1016/0166-0934(96)02075-7,other,unspecified,high
10.1016/0192-0561(95)00054-6,other,unspecified,high
10.1016/0277-9536(93)90268-9,psychological,illness management questionnaire,high
10.1016/0277-9536(96)00108-6,other,unspecified,low
10.1016/0277-9536(95)00124-p,other,none,high
10.1016/0165-0327(96)00075-4,other,buspirone,high
10.1016/0306-9877(85)90053-2,other,unspecified,low
10.1016/0304-3940(96)12559-3,other,none,high
10.1016/0306-9877(88)90146-6,other,ra27/3 rubella vaccine,medium
10.1016/0278-5846(96)00057-7,other,none,high
10.1016/0306-9877(92)90184-e,other,copper,low
10.1016/0306-9877(93)90197-x,other,unspecified,low
10.1016/0306-9877(94)90046-9,supplement,dietary essential fatty acid modulation,medium
10.1016/0306-9877(95)90263-5,other,unspecified,low
10.1016/0306-9877(95)90515-4,antiviral,unspecified,low
10.1016/0887-2333(94)90233-x,other,unspecified,low
10.1016/0928-0197(95)00020-9,other,unspecified,high
10.1016/0960-5428(94)00048-s,other,unspecified,high
10.1016/0306-9877(94)90049-3,other,calcium antagonist,low
10.1016/1043-4666(91)90497-2,other,unspecified,high
10.1016/0924-9338(96)88851-1,rehabilitation,rehabilitation programme,medium
10.1016/0306-9877(90)90125-x,supplement,essential fatty acids,medium
10.1016/b978-0-12-801401-1.00005-0,other,unspecified,low
10.1016/b978-0-443-29884-4.00007-8,other,unspecified,low
10.1016/0306-9877(94)90097-3,anti-inflammatory,cortisol/cortisone acetate,high
10.1016/j.aap.2009.12.004,other,unspecified,low
10.1016/bs.irn.2019.08.002,exercise,qigong exercise,high
10.1016/j.aca.2021.338678,other,unspecified,high
10.1016/j.acn.2006.07.002,other,not applicable,high
10.1016/j.ajmo.2024.100085,other,none,high
10.1016/j.ailsci.2025.100125,other,none,high
10.1016/j.amjcard.2006.10.067,other,none,high
10.1016/j.amjmed.2005.06.013,other,none,high
10.1016/j.amjmed.2015.04.041,other,unspecified,low
10.1016/j.ajp.2016.06.003,other,unspecified,high
10.1016/j.amjmed.2021.10.040,other,none,high
10.1016/j.amjmed.2023.06.028,other,none,high
10.1016/j.ajp.2010.12.001,other,none,high
10.1016/j.amjmed.2023.09.013,other,unspecified,high
10.1016/j.amjmed.2023.12.006,other,none,high
10.1016/j.amjmed.2024.02.003,other,none,high
10.1016/j.amjmed.2024.05.020,rehabilitation,multidisciplinary rehabilitation,medium
10.1016/j.amjmed.2024.04.041,other,none,high
10.1016/j.amjmed.2024.04.007,other,unspecified,high
10.1016/j.amjmed.2025.02.008,other,activity pacing,high
10.1016/j.anaerobe.2013.06.002,other,unspecified,low
10.1016/j.anai.2013.09.017,other,unspecified,low
10.1016/j.amjmed.2005.07.047,other,methylphenidate,high
10.1016/j.anai.2023.10.032,other,unspecified,low
10.1016/j.annepidem.2010.12.003,other,not applicable,high
10.1016/j.annepidem.2003.10.004,other,none,high
10.1016/j.annrmp.2007.03.021,rehabilitation,graded exercise therapy,high
10.1016/j.annepidem.2013.04.003,other,not applicable,high
10.1016/j.apmr.2003.12.033,other,not applicable,high
10.1016/j.annrmp.2006.03.011,other,unspecified,high
10.1016/j.apmr.2010.04.020,psychological,pain physiology education,high
10.1016/j.apmr.2011.06.023,other,accelerometer monitoring,high
10.1016/j.apmr.2022.01.008,other,not applicable,high
10.1016/j.aprim.2019.04.004,other,not applicable,high
10.1016/j.apunsm.2022.100379,other,cardiopulmonary exercise testing (cpet) biomarker assessment,low
10.1016/j.arcmed.2006.06.008,other,unspecified,high
10.1016/j.archger.2007.03.012,supplement,acetyl l-carnitine,high
10.1016/j.ard.2025.05.351,other,typhoid vaccination,high
10.1016/j.arcmed.2006.10.009,exercise,submaximal exercise testing,high
10.1016/j.autneu.2007.08.002,other,none,high
10.1016/j.autneu.2013.02.015,other,none,high
10.1016/j.autneu.2004.05.001,other,unspecified,high
10.1016/j.autneu.2024.103156,exercise,exercise-based training,high
10.1016/j.autneu.2024.103198,other,unspecified,low
10.1016/j.autrev.2008.07.026,other,hepatitis-b vaccine,high
10.1016/j.autrev.2018.01.009,immunomodulator,rituximab,high
10.1016/j.autneu.2025.103358,other,none (observational study),high
10.1016/j.autrev.2016.02.011,other,unspecified,low
10.1016/j.autrev.2008.08.003,other,unspecified,high
10.1016/j.autrev.2019.05.006,other,aluminum adjuvant,medium
10.1016/j.autrev.2022.103129,other,none,high
10.1016/j.autrev.2023.103452,other,unspecified,high
10.1016/j.autrev.2020.102527,other,unspecified,high
10.1016/j.autrev.2022.103231,other,unspecified,low
10.1016/j.autrev.2024.103606,other,unspecified,high
10.1016/j.autrev.2022.103230,other,unspecified,high
10.1016/j.autrev.2023.103484,other,unspecified,high
10.1016/j.autrev.2026.104043,other,not applicable,high
10.1016/j.autrev.2025.103855,other,unspecified,low
10.1016/j.bbi.2003.12.011,other,none,high
10.1016/j.bbi.2008.11.005,other,none,high
10.1016/j.bbi.2004.09.001,other,unspecified,high
10.1016/j.bbi.2007.04.007,other,none - observational study,high
10.1016/j.bbi.2011.04.007,other,unspecified,high
10.1016/j.bbi.2010.04.012,other,unspecified,high
10.1016/j.bbi.2011.01.010,other,murine gammaherpesvirus 68 infection model,high
10.1016/j.bbi.2011.06.016,other,unspecified,low
10.1016/j.bbi.2012.01.014,other,not applicable,high
10.1016/j.bbi.2012.02.008,psychological,stress management skills,high
10.1016/j.bbi.2011.04.015,other,none,high
10.1016/j.bbi.2012.06.006,other,none,high
10.1016/j.bbi.2012.06.002,other,unspecified,high
10.1016/j.bbi.2012.11.007,other,none,high
10.1016/j.bbi.2012.08.009,other,unspecified,low
10.1016/j.bbi.2015.07.004,other,not applicable,high
10.1016/j.bbi.2015.09.013,immunomodulator,rituximab,high
10.1016/j.bbi.2017.01.007,other,unspecified,high
10.1016/j.bbi.2017.02.009,other,none,high
10.1016/j.bbi.2014.12.025,other,none,high
10.1016/j.bbi.2018.11.008,other,unspecified,high
10.1016/j.bbi.2018.09.023,other,none,high
10.1016/j.bbi.2019.06.010,other,none,high
10.1016/j.bbi.2019.04.040,other,none,high
10.1016/j.bbi.2021.03.023,other,unspecified,high
10.1016/j.bbi.2019.11.015,other,not applicable,high
10.1016/j.bbi.2022.03.010,other,none,high
10.1016/j.bbi.2021.08.219,other,not applicable,high
10.1016/j.bbi.2024.10.006,immunomodulator,intravenous immunoglobulin (ivig),high
10.1016/j.bbi.2024.11.032,other,unspecified,high
10.1016/j.bbi.2026.106837,other,not applicable,high
10.1016/j.bbih.2019.100028,other,not applicable,high
10.1016/j.bbih.2020.100067,other,unspecified,high
10.1016/j.bbih.2020.100047,other,unspecified,high
10.1016/j.bbih.2020.100107,other,unspecified,high
10.1016/j.bbih.2023.100627,other,unspecified,high
10.1016/j.bbih.2022.100412,other,unspecified,high
10.1016/j.bbih.2025.101058,other,unspecified,high
10.1016/j.bbih.2023.100720,other,nebulized antioxidant/anti-pathogen agent (five-ingredient formulation),medium
10.1016/j.bbih.2025.101124,other,none,high
10.1016/j.bbih.2026.101187,other,immunoglobulin g,high
10.1016/j.bbii.2023.100022,other,none,high
10.1016/j.bbr.2009.07.020,supplement,epigallocatechin gallate,high
10.1016/j.bbr.2009.04.005,supplement,nardostachys jatamansi extract,high
10.1016/j.bbih.2026.101222,other,multi-modal treatment,low
10.1016/j.bbr.2019.111975,other,unspecified,high
10.1016/j.bbr.2024.114868,other,unspecified,high
10.1016/j.bbi.2025.106098,other,unspecified,high
10.1016/j.bbrc.2006.05.074,other,near-infrared spectroscopy,high
10.1016/j.bbrc.2003.09.207,other,none,low
10.1016/j.bbrc.2008.08.135,other,unspecified,high
10.1016/j.bbrc.2016.07.010,other,unspecified,high
10.1016/j.bbrep.2026.102679,other,not applicable,high
10.1016/j.berh.2004.02.004,other,unspecified,high
10.1016/j.biopha.2023.114862,supplement,astragalus polysaccharide,high
10.1016/j.biopha.2018.10.076,supplement,nutritional intervention (vitamin and mineral supplementation),medium
10.1016/j.biopsych.2013.05.001,probiotic,bifidobacterium infantis,high
10.1016/j.biopsych.2004.10.031,other,unspecified,high
10.1016/j.beth.2022.01.004,psychological,cognitive behavioral therapy,high
10.1016/j.biopsych.2016.07.016,other,none,high
10.1016/j.biopsycho.2004.03.015,other,none,high
10.1016/j.biopsych.2026.01.004,other,unspecified,high
10.1016/j.biopsycho.2006.01.003,other,none,high
10.1016/j.biopsycho.2009.05.002,other,not applicable,high
10.1016/j.biopha.2023.115723,supplement,coordination complex with succinate acid anion (ccsa),medium
10.1016/j.biopsycho.2011.02.002,other,none,high
10.1016/j.biopsycho.2016.05.005,other,unspecified,high
10.1016/j.biopsycho.2013.06.002,other,unspecified,high
10.1016/j.biopsycho.2018.05.016,other,none,high
10.1016/j.blre.2023.101075,other,unspecified,high
10.1016/j.biosystems.2017.12.010,other,none,high
10.1016/j.bpc.2015.03.009,other,none,high
10.1016/j.bpsc.2018.01.015,other,none,high
10.1016/j.braindev.2003.10.004,other,none,high
10.1016/j.braindev.2007.10.004,other,actigraphy (diagnostic assessment),low
10.1016/j.braindev.2010.12.009,other,unspecified,low
10.1016/j.brainresbull.2011.06.007,supplement,epigallocatechin gallate,high
10.1016/j.brainresbull.2025.111671,other,unspecified,high
10.1016/j.brat.2007.03.002,psychological,cognitive behavioural therapy,high
10.1016/j.brainresbull.2023.110702,supplement,plasmalogen replacement therapy,medium
10.1016/j.brat.2006.08.019,psychological,cognitive-behaviour therapy,high
10.1016/j.brat.2007.07.003,other,coping strategy imagery,high
10.1016/j.brat.2011.09.004,psychological,cognitive behavioural therapy with graded exercise therapy,high
10.1016/j.brat.2012.02.014,psychological,telephone-based guided self-help (cognitive-behavioural),high
10.1016/j.brat.2012.08.005,psychological,family-focused cognitive behaviour therapy,high
10.1016/j.brainresbull.2016.09.015,other,capsaicin and n-tert-butylcyclohexanol,high
10.1016/j.brat.2013.02.001,psychological,cognitive behaviour therapy,high
10.1016/j.brat.2012.03.002,psychological,cognitive behavior therapy,high
10.1016/j.brat.2014.08.013,psychological,cognitive behavioural therapy,high
10.1016/j.brat.2013.10.005,other,none,high
10.1016/j.brat.2022.104243,psychological,cognitive behavioural therapy,high
10.1016/j.brci.2025.100019,other,salmeterol xinafoate and xanomeline,medium
10.1016/j.brat.2025.104917,psychological,cognitive bias modification for interpretations (cbm-i),high
10.1016/j.cca.2006.07.004,other,unspecified,low
10.1016/j.cca.2009.02.010,other,unspecified,high
10.1016/j.cca.2012.05.004,device,near-infrared spectroscopy,high
10.1016/j.cca.2012.09.021,other,not applicable,high
10.1016/j.cca.2012.06.022,other,unspecified,low
10.1016/j.carbpol.2014.12.082,supplement,jujube polysaccharide conjugates,high
10.1016/j.cca.2008.12.020,other,unspecified,high
10.1016/j.cccn.2005.04.029,other,carnitine,high
10.1016/j.cccn.2005.05.036,other,unspecified,high
10.1016/j.cccn.2005.05.023,other,none,high
10.1016/j.cdtm.2019.05.003,other,none,high
10.1016/j.chom.2011.04.001,other,unspecified,low
10.1016/j.chest.2023.03.049,other,none (review article),high
10.1016/j.cdtm.2020.11.002,other,antioxidants,low
10.1016/j.chest.2021.01.082,other,unspecified,high
10.1016/j.chom.2023.01.004,other,unspecified,low
10.1016/j.chom.2023.01.001,other,unspecified,high
10.1016/j.chom.2023.01.011,other,unspecified,low
10.1016/j.cjca.2023.04.003,other,unspecified,low
10.1016/j.clim.2020.108384,other,unspecified,low
10.1016/j.clim.2022.109133,other,none,high
10.1016/j.clinbiomech.2016.07.008,other,none,high
10.1016/j.clinbiomech.2020.01.003,other,none,high
10.1016/j.clineuro.2010.12.002,other,none,high
10.1016/j.clinbiomech.2023.106055,other,not applicable,high
10.1016/j.clinph.2004.05.012,other,none,high
10.1016/j.chest.2022.04.146,other,pyridostigmine,high
10.1016/j.clinph.2004.06.007,other,none,high
10.1016/j.clinph.2014.12.016,other,none,high
10.1016/j.clinph.2020.11.043,other,unspecified,high
10.1016/j.clinthera.2016.04.038,other,unspecified,low
10.1016/j.clinph.2024.04.019,other,unspecified,high
10.1016/j.clinthera.2018.12.016,other,unspecified,low
10.1016/j.clinthera.2019.01.011,immunomodulator,unspecified,medium
10.1016/j.clinthera.2018.12.012,exercise,submaximal exercise test,high
10.1016/j.clinthera.2019.02.010,other,none,high
10.1016/j.clinthera.2018.10.019,immunomodulator,rituximab,high
10.1016/j.clinthera.2019.02.012,other,unspecified,high
10.1016/j.clinthera.2019.02.011,other,unspecified,low
10.1016/j.clinthera.2019.02.014,other,none,high
10.1016/j.clinthera.2019.04.001,other,none,high
10.1016/j.clinthera.2019.03.002,immunomodulator,rintatolimod,high
10.1016/j.clinthera.2019.04.009,other,unspecified,high
10.1016/j.clinthera.2023.12.011,other,none,high
10.1016/j.clinthera.2023.09.007,other,none,high
10.1016/j.clinthera.2024.05.010,immunomodulator,subcutaneous immunoglobulin,high
10.1016/j.cnp.2020.01.003,other,none,high
10.1016/j.clnu.2015.07.010,supplement,coenzyme q10 plus nicotinamide adenine dinucleotide,high
10.1016/j.cnp.2021.09.001,other,none,high
10.1016/j.coi.2023.102305,other,unspecified,low
10.1016/j.compbiolchem.2026.108995,other,unspecified,high
10.1016/j.comppsych.2009.02.002,other,unspecified,high
10.1016/j.compbiomed.2015.06.005,other,facial image analysis,low
10.1016/j.comppsych.2013.04.015,other,none,high
10.1016/j.comppsych.2016.02.006,other,none,high
10.1016/j.compbiomed.2025.110632,other,unspecified,low
10.1016/j.coviro.2024.101437,other,unspecified,high
10.1016/j.comppsych.2015.06.010,other,unspecified,high
10.1016/j.comppsych.2017.07.006,other,none,high
10.1016/j.coviro.2012.06.009,other,xmrv (xenotropic murine leukemia virus-related virus),low
10.1016/j.comppsych.2016.02.002,rehabilitation,graded-activity program with cognitive training,high
10.1016/j.cpr.2007.01.010,other,none,high
10.1016/j.cpcardiol.2024.102554,other,lactate monitoring,low
10.1016/j.cpr.2007.07.002,psychological,cognitive behavioural therapy,high
10.1016/j.cryobiol.2023.05.003,other,whole-body cryotherapy and static stretching,high
10.1016/j.cpr.2014.02.002,other,not applicable,high
10.1016/j.cpr.2007.10.004,psychological,cognitive behavioral therapy,high
10.1016/j.ctim.2014.06.004,other,traditional chinese medicine,high
10.1016/j.csbj.2023.08.002,other,unspecified,low
10.1016/j.ctcp.2020.101210,other,cupping therapy,high
10.1016/j.ctim.2026.103353,exercise,prolong life with nine turn method (qigong),high
10.1016/j.diagmicrobio.2011.06.003,other,none - observational study,high
10.1016/j.cyto.2014.11.019,other,unspecified,high
10.1016/j.dscb.2026.100318,other,unspecified,high
10.1016/j.eclinm.2020.100392,other,not applicable,high
10.1016/j.cyto.2015.11.018,other,unspecified,high
10.1016/j.eclinm.2025.103073,other,unspecified,low
10.1016/j.ejim.2007.08.003,other,not applicable,high
10.1016/j.eclinm.2023.102146,other,observational study (no intervention),high
10.1016/j.ctim.2025.103184,other,acupuncture and moxibustion,high
10.1016/j.ejpain.2006.02.001,other,none,high
10.1016/j.ejpain.2006.06.005,other,unspecified,high
10.1016/j.endinu.2018.07.009,other,unspecified,high
10.1016/j.ejpn.2018.10.006,other,none,high
10.1016/j.eprac.2025.12.020,other,vasopressin,low
10.1016/j.eujim.2025.102550,other,unspecified,low
10.1016/j.envres.2026.123874,other,polyhexamethyleneguanidine phosphate,high
10.1016/j.eurpsy.2017.01.1532,other,activity measurement scale,high
10.1016/j.eurpsy.2017.01.2245,other,unspecified,high
10.1016/j.ensci.2024.100537,anti-inflammatory,minocycline,high
10.1016/j.exger.2025.112860,other,unspecified,high
10.1016/j.ensci.2025.100557,anti-inflammatory,minocycline,high
10.1016/j.explore.2026.103374,rehabilitation,kanshoho (low-pressure muscle relaxation technique),high
10.1016/j.eujim.2025.102556,other,moxibustion,high
10.1016/j.explore.2025.103231,other,acupressure,high
10.1016/j.euroneuro.2010.10.008,other,amisulpride,high
10.1016/j.freeradbiomed.2005.04.020,other,unspecified,high
10.1016/j.gene.2023.147568,other,circrna biomarker profiling,high
10.1016/j.gaitpost.2009.09.002,other,sedentary behavior measurement technique,low
10.1016/j.genhosppsych.2005.12.001,other,fibrofatigue scale,high
10.1016/j.genhosppsych.2024.07.013,other,not applicable,high
10.1016/j.genhosppsych.2026.05.015,other,unspecified,high
10.1016/j.heliyon.2021.e08501,supplement,citric acid,high
10.1016/j.euroneuro.2014.02.010,other,agomelatine,high
10.1016/j.heliyon.2023.e18250,other,none,high
10.1016/j.heliyon.2023.e15595,other,unspecified,high
10.1016/j.heliyon.2024.e27031,other,none,high
10.1016/j.heliyon.2021.e07665,other,unspecified,high
10.1016/j.heliyon.2023.e19605,other,unspecified,high
10.1016/j.heliyon.2025.e43478,other,unspecified,low
10.1016/j.heliyon.2025.e43903,other,none,high
10.1016/j.homp.2006.11.013,other,homeopathy,low
10.1016/j.homp.2008.06.005,other,homeopathy,high
10.1016/j.humic.2018.05.003,other,unspecified,high
10.1016/j.humimm.2015.09.028,other,unspecified,high
10.1016/j.humic.2019.100061,probiotic,faecal microbiome transplantation,high
10.1016/j.ibneur.2023.04.005,other,not applicable,high
10.1016/j.humimm.2015.06.014,other,unspecified,high
10.1016/j.idc.2011.07.012,other,unspecified,high
10.1016/j.ibneur.2023.10.008,neurostimulation,repetitive transcranial magnetic stimulation (rtms),high
10.1016/j.ijbiomac.2024.133968,supplement,honey-processed licorice polysaccharides,high
10.1016/j.ijbiomac.2016.08.042,supplement,schisandra chinensis polysaccharide,high
10.1016/j.ijcard.2008.04.051,other,unspecified,high
10.1016/j.ijchp.2019.11.003,psychological,cognitive behavioural therapy,high
10.1016/j.ijchp.2023.100420,other,unspecified,high
10.1016/j.ijnurstu.2006.01.003,other,none,high
10.1016/j.ijpsycho.2004.03.004,other,none,high
10.1016/j.ijchy.2020.100032,other,not applicable,high
10.1016/j.ijpsycho.2017.09.009,psychological,psychosocial intervention,medium
10.1016/j.ijpsycho.2021.10.004,other,none,high
10.1016/j.imbio.2008.04.003,supplement,curcumin,high
10.1016/j.imr.2013.01.002,other,"traditional korean medicine (herbal medicine, acupuncture, moxibustion)",high
10.1016/j.imr.2019.04.005,other,none,high
10.1016/j.imr.2020.100664,supplement,sipjeondaebo-tang,high
10.1016/j.invent.2018.12.003,psychological,videoconferencing-delivered therapy,high
10.1016/j.imr.2024.101085,supplement,"cervus elaphus, angelica gigas, and astragalus membranaceus herbal complex (caa)",high
10.1016/j.isci.2025.114178,exercise,graded exercise therapy,high
10.1016/j.it.2025.10.010,other,none,high
10.1016/j.invent.2019.100290,psychological,internet-based cognitive behavioural therapy (icbt),high
10.1016/j.isci.2025.114316,other,none,high
10.1016/j.jacc.2021.06.045,other,unspecified,high
10.1016/j.jad.2005.11.002,supplement,zinc,high
10.1016/j.jad.2005.03.013,other,none,high
10.1016/j.jad.2008.05.001,other,dexamethasone,high
10.1016/j.jad.2006.08.021,other,unspecified,high
10.1016/j.jad.2010.01.073,psychological,multi-component cognitive-behavioral treatment,high
10.1016/j.jad.2008.08.010,other,none,high
10.1016/j.jad.2008.09.013,psychological,cognitive behavioural therapy,high
10.1016/j.jad.2011.09.004,other,none,high
10.1016/j.jad.2010.11.028,other,none,high
10.1016/j.jad.2012.04.004,other,not applicable,high
10.1016/j.jad.2011.09.010,other,unspecified,high
10.1016/j.jad.2014.03.013,other,not applicable,high
10.1016/j.jad.2013.03.029,other,unspecified,high
10.1016/j.jad.2019.03.011,other,unspecified,high
10.1016/j.jad.2020.01.146,other,none,high
10.1016/j.jadohealth.2003.09.007,other,none,high
10.1016/j.jad.2020.05.113,other,none,high
10.1016/j.jadohealth.2004.02.012,other,none,high
10.1016/j.jadohealth.2009.08.001,other,none,high
10.1016/j.jad.2012.03.037,other,none,high
10.1016/j.jadohealth.2013.03.009,other,unspecified,high
10.1016/j.jaim.2017.06.011,supplement,coelogyne cristata extract,high
10.1016/j.jaim.2017.08.008,supplement,spilanthes oleracea extract,high
10.1016/j.jare.2024.11.011,other,unspecified,high
10.1016/j.jare.2021.11.013,other,unspecified,high
10.1016/j.jaut.2006.09.004,other,unspecified,high
10.1016/j.java.2015.10.016,other,unspecified,low
10.1016/j.jaut.2024.103267,other,unspecified,high
10.1016/j.jbmt.2019.03.006,other,none,high
10.1016/j.jbmt.2017.07.003,rehabilitation,osteopathic manipulative treatment with shoulder exercises,high
10.1016/j.jbmt.2014.04.003,psychological,body awareness intervention,high
10.1016/j.jbmt.2025.05.048,rehabilitation,pacing therapy,high
10.1016/j.jbspin.2010.02.003,other,none,high
10.1016/j.jbspin.2008.01.021,other,unspecified,low
10.1016/j.jbtep.2011.09.014,other,none,high
10.1016/j.jchf.2021.10.002,other,cardiopulmonary exercise testing,high
10.1016/j.jchromb.2026.125179,other,sijunzi decoction,high
10.1016/j.jcv.2020.104334,antiviral,pleconaril,high
10.1016/j.jebo.2022.09.023,other,not applicable,low
10.1016/j.jcv.2014.11.021,immunomodulator,intravenous immunoglobulin,high
10.1016/j.jep.2003.10.006,other,kuibitang,medium
10.1016/j.jchromb.2004.09.056,other,unspecified,high
10.1016/j.jep.2011.08.030,supplement,kai xin san,high
10.1016/j.jep.2008.11.025,supplement,astragalus membranaceus flavonoids,high
10.1016/j.jelectrocard.2005.10.014,other,none,high
10.1016/j.jep.2012.06.002,supplement,shilajit,high
10.1016/j.jep.2017.03.041,supplement,herba epimedii polysaccharide (hep2-a),high
10.1016/j.jep.2024.119241,supplement,jingfang granule,medium
10.1016/j.jep.2026.121604,supplement,shengyang sanhuo decoction,medium
10.1016/j.jim.2021.113049,other,not applicable,high
10.1016/j.jcte.2021.100284,other,unspecified,high
10.1016/j.jiph.2024.102495,other,unspecified,high
10.1016/j.jinf.2024.106297,other,none,high
10.1016/j.jiph.2024.102559,other,not applicable,high
10.1016/j.jfma.2011.09.006,other,unspecified,high
10.1016/j.jjcc.2009.02.008,other,none,high
10.1016/j.jneuroim.2010.05.021,supplement,olive extract,high
10.1016/j.jjcc.2018.02.010,other,none,high
10.1016/j.jmpt.2005.11.004,other,none,high
10.1016/j.jmwh.2007.12.001,other,unspecified,low
10.1016/j.jneuroim.2016.12.008,other,unspecified,high
10.1016/j.jns.2010.11.018,other,unspecified,high
10.1016/j.jneuroim.2023.578142,other,none,high
10.1016/j.jns.2021.117326,other,cognitive exertion,high
10.1016/j.jns.2017.02.046,other,not applicable,high
10.1016/j.jpain.2009.06.003,rehabilitation,moderate exercise,high
10.1016/j.jpain.2012.11.012,other,central sensitization inventory (csi),low
10.1016/j.jjcc.2016.06.003,other,desmopressin,high
10.1016/j.jpain.2016.10.016,other,none,high
10.1016/j.jpain.2022.03.180,other,unspecified,high
10.1016/j.jpainsymman.2006.10.014,other,none,high
10.1016/j.jpba.2026.117604,supplement,ginseng stem-leaf saponins,high
10.1016/j.jpeds.2010.03.025,other,exercise tolerance testing,high
10.1016/j.jpsychires.2013.01.021,other,none,high
10.1016/j.jpeds.2019.01.035,other,unspecified,high
10.1016/j.jpeds.2021.09.014,other,not applicable,high
10.1016/j.jpsychires.2021.07.033,other,none,high
10.1016/j.jpeds.2014.04.051,other,none - observational study,high
10.1016/j.jpeds.2018.05.012,rehabilitation,multimodal therapy,medium
10.1016/j.jpsychires.2025.01.056,other,not applicable,high
10.1016/j.jpsychires.2021.12.044,other,none,high
10.1016/j.jpsychires.2025.12.024,other,not applicable,high
10.1016/j.jpeds.2007.03.012,other,propranolol,high
10.1016/j.jpsychires.2026.02.026,other,unspecified,low
10.1016/j.jpsychores.2004.03.015,other,none,high
10.1016/j.jpsychores.2004.03.005,other,none,high
10.1016/j.jpsychores.2004.04.374,other,not applicable,high
10.1016/j.jpsychores.2004.04.002,exercise,aerobic exercise,high
10.1016/j.jpsychores.2004.11.005,device,far-infrared ray dry sauna,high
10.1016/j.jpsychores.2005.02.002,other,none,high
10.1016/j.jpsychores.2005.08.015,other,unspecified,high
10.1016/j.jpsychores.2005.04.003,exercise,maximal exercise test,high
10.1016/j.jpsychores.2005.05.008,other,not applicable,high
10.1016/j.jpsychores.2005.07.008,other,none,high
10.1016/j.jpsychores.2005.12.006,rehabilitation,cognitive behaviour therapy and graded exercise therapy,high
10.1016/j.jpsychores.2006.03.001,other,none,high
10.1016/j.jpsychores.2005.08.018,psychological,illness-management counseling,high
10.1016/j.jpsychores.2006.04.001,other,none,high
10.1016/j.jpsychores.2006.04.002,other,none,high
10.1016/j.jpsychores.2006.04.015,psychological,acceptance-based intervention,high
10.1016/j.jpsychores.2007.07.009,other,none,high
10.1016/j.jpsychores.2007.12.006,other,none,high
10.1016/j.jpsychores.2008.08.002,other,unspecified,high
10.1016/j.jpsychores.2008.03.015,other,none,high
10.1016/j.jpsychores.2007.03.003,other,not applicable,high
10.1016/j.jpsychores.2008.08.004,other,none,high
10.1016/j.jpsychores.2008.03.008,psychological,cognitive behavior therapy,high
10.1016/j.jpsychores.2008.07.001,other,none,high
10.1016/j.jpsychores.2009.02.004,other,not applicable,high
10.1016/j.jpsychores.2009.09.014,psychological,cognitive behavior therapy,high
10.1016/j.jpsychores.2010.01.008,other,none,high
10.1016/j.jpsychores.2010.01.022,psychological,cognitive behavioral intervention,high
10.1016/j.jpsychores.2011.02.002,other,none,high
10.1016/j.jpsychores.2010.09.016,psychological,metacognitive therapy,high
10.1016/j.jpsychores.2010.12.011,psychological,cognitive behavior therapy,high
10.1016/j.jpsychores.2011.02.009,other,work and social adjustment scale,high
10.1016/j.jpsychores.2010.11.010,psychological,cognitive behavioral stress management,high
10.1016/j.jpsychores.2010.02.004,other,bodily distress syndrome diagnostic classification,low
10.1016/j.jpsychores.2011.04.004,other,none,high
10.1016/j.jpsychores.2011.05.005,psychological,cognitive behavior therapy,high
10.1016/j.jpsychores.2011.11.004,other,none,high
10.1016/j.jpsychores.2011.08.001,psychological,cognitive behavioural therapy,high
10.1016/j.jpsychores.2012.01.018,psychological,cognitive behavioral intervention,high
10.1016/j.jpsychores.2012.09.010,psychological,mindfulness therapy,high
10.1016/j.jpsychores.2013.01.007,psychological,guided self-instruction,high
10.1016/j.jpsychores.2012.09.002,other,unspecified,high
10.1016/j.jpsychores.2012.09.006,psychological,mindfulness-based stress reduction,high
10.1016/j.jpsychores.2013.05.001,psychological,cognitive behavioral therapy,high
10.1016/j.jpsychores.2013.02.011,psychological,cognitive behavior therapy,high
10.1016/j.jpsychores.2013.06.034,psychological,cognitive behaviour therapy,high
10.1016/j.jpsychores.2013.07.010,other,none,high
10.1016/j.jpsychores.2014.04.002,rehabilitation,adaptive pacing therapy,high
10.1016/j.jpsychores.2014.02.002,other,not applicable,high
10.1016/j.jpsychores.2013.07.011,psychological,cognitive behavior therapy,high
10.1016/j.jpsychores.2014.08.018,psychological,cognitive behavioural guided self-help treatment,high
10.1016/j.jpsychores.2015.05.004,other,unspecified,high
10.1016/j.jpsychores.2014.11.022,psychological,acceptance and commitment therapy,high
10.1016/j.jpsychores.2015.02.013,other,none,high
10.1016/j.jpsychores.2015.08.008,other,fatigue and energy scale (measurement instrument),high
10.1016/j.jpsychores.2015.07.005,other,none,high
10.1016/j.jpsychores.2015.10.005,other,not applicable,high
10.1016/j.jpsychores.2015.12.006,other,not applicable,high
10.1016/j.jpsychores.2016.06.006,psychological,cognitive behaviour therapy,high
10.1016/j.jpsychores.2016.06.005,other,complementary and alternative medicine (unspecified),high
10.1016/j.jpsychores.2016.02.004,rehabilitation,multidisciplinary rehabilitation treatment,high
10.1016/j.jpsychores.2016.11.002,other,none,high
10.1016/j.jpsychores.2016.07.009,psychological,interdisciplinary group treatment,high
10.1016/j.jpsychores.2016.11.014,rehabilitation,heart rate variability biofeedback therapy,high
10.1016/j.jpsychores.2016.12.004,psychological,cognitive behavioral stress management,high
10.1016/j.jpsychores.2017.01.005,psychological,cognitive-behavioural group treatment (stress),high
10.1016/j.jpsychores.2017.03.016,psychological,cognitive behaviour therapy,high
10.1016/j.jpsychores.2017.02.009,psychological,cognitive-behavioural intervention (unspecified),medium
10.1016/j.jpsychores.2017.09.005,other,none,high
10.1016/j.jpsychores.2017.05.007,other,checklist individual strength (cis),high
10.1016/j.jpsychores.2017.11.007,other,unspecified,high
10.1016/j.jpsychores.2018.01.007,other,none,high
10.1016/j.jpsychores.2017.11.011,other,unspecified,high
10.1016/j.jpsychores.2019.03.017,psychological,cognitive behavioral therapy,high
10.1016/j.jpsychores.2019.04.001,other,research interview for functional somatic disorders (rifd),low
10.1016/j.jpsychores.2017.10.010,other,physical and cognitive challenge,high
10.1016/j.jpsychores.2016.07.008,other,not applicable,high
10.1016/j.jpsychores.2019.04.008,other,none,high
10.1016/j.jpsychores.2019.109893,other,not applicable,high
10.1016/j.jpsychores.2020.110154,other,none,high
10.1016/j.jpsychores.2020.110133,psychological,cognitive behavioural therapy,high
10.1016/j.jpsychores.2020.110296,psychological,cognitive behaviour therapy,high
10.1016/j.jpsychores.2020.110322,psychological,unspecified,high
10.1016/j.jpsychores.2021.110417,other,none,high
10.1016/j.jpsychores.2021.110486,psychological,cognitive behavior therapy,high
10.1016/j.jpsychores.2021.110533,exercise,graded exercise therapy,high
10.1016/j.jpsychores.2021.110484,exercise,guided graded exercise self-help,high
10.1016/j.jpsychores.2021.110556,other,not applicable,high
10.1016/j.jpsychores.2021.110624,other,none,high
10.1016/j.jpsychores.2021.110655,other,none,high
10.1016/j.jpsychores.2021.110595,psychological,cognitive behaviour therapy,high
10.1016/j.jpsychores.2022.111130,other,unspecified,high
10.1016/j.jpsychores.2023.111491,other,identity-affirming therapeutic interventions,low
10.1016/j.jpsychores.2022.111063,other,none,high
10.1016/j.jpsychores.2021.110715,other,none,high
10.1016/j.jpsychores.2024.111673,other,not applicable,high
10.1016/j.jpsychores.2024.111693,other,unspecified,high
10.1016/j.jpsychores.2024.111954,psychological,cognitive behavioral therapy,high
10.1016/j.jpsychores.2024.111932,other,not applicable,high
10.1016/j.jpsychores.2024.112025,other,none,high
10.1016/j.jpsychores.2024.111850,psychological,cognitive behaviour therapy,high
10.1016/j.jpsychores.2025.112401,other,none,high
10.1016/j.jpsychores.2025.112370,other,not applicable,high
10.1016/j.jpsychores.2026.112609,other,not applicable,high
10.1016/j.jpsychores.2026.112618,exercise,combined exercise,high
10.1016/j.jpsychores.2026.112677,exercise,exercise training,high
10.1016/j.jtherbio.2024.103813,other,water-filtered infrared-a (wira) irradiation,high
10.1016/j.juro.2012.11.019,other,unspecified,high
10.1016/j.jtos.2020.04.005,other,unspecified,high
10.1016/j.jtumed.2022.12.019,other,unspecified,high
10.1016/j.jviromet.2011.10.010,other,unspecified,high
10.1016/j.lana.2023.100460,other,none,high
10.1016/j.lfs.2012.11.016,other,none,high
10.1016/j.lfs.2010.03.007,other,unspecified,high
10.1016/j.lanepe.2024.101161,immunomodulator,immunoadsorption,high
10.1016/j.math.2006.03.008,rehabilitation,manual physiotherapy with pacing and pain neurophysiology education,medium
10.1016/j.lfs.2021.119749,other,not applicable,high
10.1016/j.mayocp.2012.08.015,other,not applicable,high
10.1016/j.math.2011.04.005,psychological,pain physiology education,high
10.1016/j.mayocp.2023.07.032,other,not applicable,high
10.1016/j.mayocp.2021.07.004,other,clinical management guidance,low
10.1016/j.mayocpiqo.2020.08.002,other,unspecified,high
10.1016/j.mcn.2022.103731,other,not applicable,high
10.1016/j.mcpro.2025.101467,other,none,high
10.1016/j.medcli.2009.04.044,other,none,high
10.1016/j.medcli.2013.06.030,other,none,high
10.1016/j.medmal.2019.01.006,other,unspecified,low
10.1016/j.mehy.2004.01.010,other,unspecified,low
10.1016/j.medcli.2010.07.022,other,none,high
10.1016/j.mehy.2003.11.030,other,unspecified,high
10.1016/j.mehy.2004.01.012,other,unspecified,high
10.1016/j.mehy.2004.01.025,device,whole body periodic acceleration,high
10.1016/j.mce.2013.03.012,other,bromocriptine,high
10.1016/j.mehy.2004.07.037,other,none,high
10.1016/j.mehy.2004.08.013,other,unspecified,low
10.1016/j.mehy.2005.02.014,other,unspecified,low
10.1016/j.mehy.2005.02.013,other,unspecified,high
10.1016/j.mehy.2005.02.031,supplement,corticosteroid,high
10.1016/j.mehy.2005.02.036,other,pyridostigmine bromide,medium
10.1016/j.mehy.2005.03.007,other,unspecified,low
10.1016/j.mehy.2008.03.014,other,unspecified,low
10.1016/j.mehy.2007.01.070,other,unspecified,low
10.1016/j.mehy.2008.02.022,other,angiotensin mimetics or adrenergic agonists (proposed),low
10.1016/j.mehy.2008.11.044,other,unspecified,high
10.1016/j.mehy.2008.05.023,other,unspecified,low
10.1016/j.mehy.2008.09.040,other,aluminium-containing vaccine adjuvants,low
10.1016/j.mehy.2008.11.045,antiviral,unspecified,low
10.1016/j.mehy.2005.05.034,immunomodulator,chloroquine,medium
10.1016/j.mehy.2009.03.058,other,sauna therapy,high
10.1016/j.mehy.2009.04.043,antiviral,antiherpes agents,low
10.1016/j.mehy.2011.03.030,other,unspecified,low
10.1016/j.mehy.2010.02.032,other,none,high
10.1016/j.mehy.2010.09.032,supplement,vitamin d,high
10.1016/j.mehy.2012.02.023,other,unspecified,high
10.1016/j.mehy.2012.06.007,supplement,magnesium and zinc,medium
10.1016/j.mehy.2012.07.034,other,unspecified,high
10.1016/j.mehy.2013.06.023,other,unspecified,high
10.1016/j.mehy.2013.05.034,other,none,high
10.1016/j.mehy.2015.11.024,other,unspecified,high
10.1016/j.mehy.2015.10.011,other,none,high
10.1016/j.mehy.2015.12.011,immunomodulator,pooled immunoglobulin,medium
10.1016/j.mehy.2017.02.011,cell_therapy,autologous ebv-specific t-lymphocytes,high
10.1016/j.mehy.2017.06.014,other,none,high
10.1016/j.mehy.2015.08.013,supplement,ketogenic diet,medium
10.1016/j.mehy.2012.04.043,other,pyridostigmine bromide,high
10.1016/j.mehy.2018.06.017,other,spinal fluid evacuation,high
10.1016/j.mehy.2019.109260,other,unspecified,high
10.1016/j.mehy.2019.109444,other,metformin,medium
10.1016/j.mehy.2020.109648,other,unspecified,low
10.1016/j.mehy.2020.110469,other,unspecified,high
10.1016/j.mehy.2020.109731,psychological,contextual optimization in care,medium
10.1016/j.mehy.2021.110543,supplement,vitamin b12,medium
10.1016/j.mehy.2021.110647,other,unspecified,high
10.1016/j.mehy.2018.08.014,other,sodium dichloroacetate,high
10.1016/j.mehy.2023.111243,other,unspecified,high
10.1016/j.mehy.2018.07.007,device,lumboperitoneal shunting,high
10.1016/j.mehy.2018.03.002,supplement,sodium dichloroacetate,high
10.1016/j.metabol.2009.12.019,other,none,high
10.1016/j.mehy.2025.111812,other,unspecified,high
10.1016/j.mito.2011.05.005,other,unspecified,high
10.1016/j.metabol.2019.153951,other,unspecified,high
10.1016/j.micinf.2003.07.002,other,unspecified,high
10.1016/j.mito.2015.04.005,other,none,high
10.1016/j.mito.2016.10.007,other,unspecified,high
10.1016/j.molmed.2024.02.003,other,unspecified,low
10.1016/j.molmed.2021.06.002,other,unspecified,high
10.1016/j.mri.2015.12.008,other,none,high
10.1016/j.neucli.2017.01.012,other,unspecified,low
10.1016/j.neucli.2017.02.002,other,unspecified,low
10.1016/j.neucli.2017.03.003,neurostimulation,transcranial magnetic stimulation and transcranial direct current stimulation,high
10.1016/j.neubiorev.2019.08.011,other,unspecified,high
10.1016/j.neures.2026.105021,other,not applicable,low
10.1016/j.neures.2020.04.005,other,none,high
10.1016/j.neuroimage.2005.02.037,other,not applicable,high
10.1016/j.neuroimage.2005.02.011,other,none,high
10.1016/j.neuroimage.2006.11.007,other,loreta,low
10.1016/j.molmed.2024.10.001,other,salubrinal,high
10.1016/j.neuroimage.2007.02.033,other,none,high
10.1016/j.nicl.2015.09.001,other,none - observational study,high
10.1016/j.nicl.2012.12.006,other,none,high
10.1016/j.nicl.2016.03.017,other,not applicable,high
10.1016/j.neuroscience.2017.06.048,other,unspecified,high
10.1016/j.nicl.2016.09.016,other,none,high
10.1016/j.nicl.2018.04.025,other,unspecified,high
10.1016/j.nicl.2017.09.024,other,none,high
10.1016/j.nicl.2020.102366,other,mri imaging study,low
10.1016/j.nmd.2012.10.003,neurostimulation,transcranial magnetic stimulation,high
10.1016/j.nmd.2012.10.018,other,none,high
10.1016/j.nicl.2018.07.011,other,none,high
10.1016/j.numecd.2014.10.007,supplement,vitamin d3,high
10.1016/j.nrl.2015.11.019,other,unspecified,low
10.1016/j.nut.2025.112718,supplement,vitamin d,high
10.1016/j.pain.2008.05.018,other,none,high
10.1016/j.pain.2004.02.029,exercise,graded exercise,high
10.1016/j.pec.2007.04.002,psychological,cognitive behavioral therapy,high
10.1016/j.pec.2009.05.015,psychological,multi-component coping programme,high
10.1016/j.pec.2009.02.015,rehabilitation,energy envelope therapy,high
10.1016/j.pec.2008.04.001,other,none,high
10.1016/j.pec.2007.06.008,other,none,high
10.1016/j.pec.2010.05.027,rehabilitation,paced physical activity,high
10.1016/j.nicl.2019.102045,other,not applicable,high
10.1016/j.pec.2010.05.023,psychological,self-confrontation method,high
10.1016/j.pec.2018.10.011,other,none,high
10.1016/j.pec.2011.04.016,other,unspecified,high
10.1016/j.phymed.2021.153602,supplement,young yum pill,high
10.1016/j.pec.2017.12.002,other,self-management intervention (unspecified),low
10.1016/j.phrs.2019.104450,supplement,"coenzyme q10, melatonin, curcumin, molecular hydrogen, n-acetylcysteine",medium
10.1016/j.phymed.2024.155636,supplement,sijunzi decoction,high
10.1016/j.phymed.2025.156459,supplement,ginseng stem and leaf saponins,high
10.1016/j.phrs.2021.105465,other,unspecified,low
10.1016/j.physbeh.2004.07.005,other,none,high
10.1016/j.physio.2017.07.005,rehabilitation,activity pacing,high
10.1016/j.physio.2015.08.001,rehabilitation,activity pacing,high
10.1016/j.physio.2012.12.003,rehabilitation,activity pacing,high
10.1016/j.plefa.2003.12.016,other,unspecified,low
10.1016/j.physbeh.2007.07.001,exercise,maximal exercise test,high
10.1016/j.plefa.2003.12.015,supplement,eicosapentaenoic acid,high
10.1016/j.plefa.2004.03.009,other,magnetic resonance spectroscopy,low
10.1016/j.plefa.2003.12.010,other,unspecified,low
10.1016/j.physio.2019.01.006,psychological,cognitive behavioral intervention,high
10.1016/j.plefa.2009.10.002,other,glutathione,medium
10.1016/j.plefa.2018.11.006,supplement,omega-3 fatty acids,medium
10.1016/j.pmn.2025.10.006,other,unspecified,high
10.1016/j.pmrj.2010.04.003,other,none,high
10.1016/j.pmrj.2010.04.010,other,none,high
10.1016/j.pmrj.2013.08.117,antiviral,clarithromycin,high
10.1016/j.pmrj.2009.04.007,other,aerobic exercise,high
10.1016/j.pnpbp.2010.06.023,other,none,high
10.1016/j.pnpbp.2020.109976,other,unspecified,high
10.1016/j.prmcm.2022.100139,supplement,bu zhong yi qi decoction,high
10.1016/j.procs.2022.10.011,psychological,cognitive behavioral therapy,high
10.1016/j.pnpbp.2010.07.030,other,unspecified,low
10.1016/j.pscychresns.2009.10.007,other,none,high
10.1016/j.psychres.2005.01.002,other,unspecified,high
10.1016/j.pscychresns.2015.10.014,other,none,high
10.1016/j.psychres.2010.02.010,other,unspecified,high
10.1016/j.pnpbp.2007.07.019,other,s-citalopram,high
10.1016/j.psychres.2010.07.022,other,none,high
10.1016/j.psychres.2010.09.016,psychological,cognitive-behavioral treatment,medium
10.1016/j.psychres.2010.12.005,other,none,high
10.1016/j.psychres.2011.07.015,other,none - observational study,high
10.1016/j.psychres.2011.04.012,other,none,high
10.1016/j.psychres.2012.03.031,other,not applicable,high
10.1016/j.psychres.2012.06.027,other,none,high
10.1016/j.psychres.2012.04.041,other,not applicable,high
10.1016/j.psychres.2014.02.031,other,none,high
10.1016/j.psym.2011.04.001,other,none,high
10.1016/j.psychres.2017.08.035,psychological,cognitive remediation training,high
10.1016/j.psym.2011.08.007,other,not applicable,high
10.1016/j.psychres.2012.09.007,other,lisdexamfetamine dimesylate,high
10.1016/j.psyneuen.2004.06.008,other,unspecified,high
10.1016/j.psym.2017.04.010,other,none,high
10.1016/j.pec.2019.04.016,psychological,patient education,high
10.1016/j.psyneuen.2005.04.006,other,unspecified,high
10.1016/j.psyneuen.2007.11.001,other,unspecified,high
10.1016/j.psym.2014.12.003,other,duloxetine,high
10.1016/j.psyneuen.2006.12.003,other,none,high
10.1016/j.psyneuen.2013.07.004,other,cortisol assessment,high
10.1016/j.psyneuen.2007.12.005,other,dexamethasone,medium
10.1016/j.psyneuen.2007.11.007,other,unspecified,low
10.1016/j.psyneuen.2008.10.022,other,none,high
10.1016/j.psyneuen.2013.08.008,other,unspecified,high
10.1016/j.psyneuen.2014.01.017,other,unspecified,high
10.1016/j.psyneuen.2014.06.021,psychological,stress management skills,high
10.1016/j.psyneuen.2006.12.005,anti-inflammatory,prednisolone,high
10.1016/j.psyneuen.2014.10.027,other,none,high
10.1016/j.psyneuen.2018.11.032,other,interferon-alpha,high
10.1016/j.psyneuen.2019.104578,other,not applicable,high
10.1016/j.psyneuen.2024.107117,other,lifestyle and dietary self-management strategies,high
10.1016/j.pt.2017.08.001,other,unspecified,low
10.1016/j.puhip.2020.100067,rehabilitation,allied health professions interventions,low
10.1016/j.pvr.2017.03.001,other,unspecified,high
10.1016/j.psyneuen.2021.105287,other,unspecified,high
10.1016/j.redox.2023.102796,other,unspecified,high
10.1016/j.rce.2009.09.015,supplement,nicotinamide adenine dinucleotide (nadh),high
10.1016/j.rce.2011.02.013,other,unspecified,low
10.1016/j.reuma.2015.05.007,other,none,high
10.1016/j.resp.2024.104360,respiratory_therapy,inspiratory muscle training,high
10.1016/j.pmrj.2010.04.008,other,unspecified,high
10.1016/j.revmed.2016.05.003,other,none,high
10.1016/j.revmed.2023.05.007,rehabilitation,adapted physical activity,high
10.1016/j.revmed.2016.12.005,psychological,doctor-patient relationship,high
10.1016/j.sbspro.2014.01.723,other,not applicable,high
10.1016/j.semarthrit.2006.12.009,other,unspecified,high
10.1016/j.semarthrit.2007.04.003,other,unspecified,high
10.1016/j.semarthrit.2013.03.004,other,not applicable,low
10.1016/j.semarthrit.2024.152455,other,unspecified,low
10.1016/j.semerg.2021.03.006,other,unspecified,low
10.1016/j.semerg.2020.05.018,other,unspecified,high
10.1016/j.shpsa.2024.08.001,other,unspecified,low
10.1016/j.sleep.2006.03.016,other,none,high
10.1016/j.shpsc.2018.05.009,other,unspecified,high
10.1016/j.shaw.2014.07.002,other,fatigue management training,high
10.1016/j.sleep.2018.01.005,other,unspecified,high
10.1016/j.sleep.2016.11.016,other,unspecified,high
10.1016/j.sleep.2025.03.003,device,bright light therapy,high
10.1016/j.smrv.2012.06.003,other,not applicable,high
10.1016/j.slsci.2015.10.001,antiviral,erythromycin,high
10.1016/j.smrv.2016.05.001,psychological,cognitive behavioural therapy and graded exercise therapy,high
10.1016/j.smrv.2018.03.007,supplement,melatonin and molecular hydrogen,low
10.1016/j.socscimed.2003.08.031,other,none,high
10.1016/j.socscimed.2005.06.018,other,none,high
10.1016/j.socscimed.2007.09.003,other,unspecified,high
10.1016/j.socscimed.2016.06.029,other,not applicable,low
10.1016/j.socscimed.2019.112392,psychological,stress management intervention,medium
10.1016/j.socscimed.2023.115951,other,not applicable,high
10.1016/j.socscimed.2005.09.008,other,none,high
10.1016/j.socscimed.2020.113369,other,not applicable,high
10.1016/j.socscimed.2025.118766,other,unspecified,high
10.1016/j.ssaho.2024.101206,other,not applicable,high
10.1016/j.tem.2003.12.002,other,unspecified,low
10.1016/j.smrv.2023.101771,other,objective sleep measures,high
10.1016/j.transm.2025.100193,neurostimulation,repetitive transcranial magnetic stimulation (rtms),high
10.1016/j.tox.2008.01.022,other,none,high
10.1016/j.urology.2010.08.059,other,unspecified,high
10.1016/j.vaccine.2017.06.031,other,hpv vaccine,high
10.1016/j.vaccine.2013.08.024,other,cervarix (human papillomavirus vaccine),high
10.1016/j.vaccine.2008.10.043,other,meningococcal group b vaccine,high
10.1016/j.vaccine.2015.10.018,other,pandemic influenza a (h1n1) vaccine,high
10.1016/j.virol.2009.12.028,other,unspecified,high
10.1016/j.urology.2008.06.031,other,none,high
10.1016/j.virol.2011.08.018,other,none,high
10.1016/j.vph.2022.106953,other,unspecified,high
10.1016/j.virusres.2012.04.004,other,unspecified,high
10.1016/j.vph.2023.107250,other,none,high
10.1016/j.wjam.2023.03.002,psychological,acupuncture,high
10.1016/j.xcrm.2023.101373,other,unspecified,high
10.1016/j.xcrm.2025.102259,other,unspecified,high
10.1016/j.xcrm.2025.102449,other,unspecified,low
10.1016/j.xcrm.2025.102514,other,none,high
10.1016/j.xcrm.2026.102647,other,none,high
10.1016/j.yexmp.2005.01.003,other,unspecified,high
10.1016/j.yexmp.2006.09.008,other,unspecified,low
10.1016/j.yfrne.2022.100995,other,none,high
10.1016/j.yfrne.2026.101268,other,unspecified,high
10.1016/j.ygeno.2008.08.008,other,none,high
10.1016/j.ygeno.2008.06.006,other,unspecified,high
10.1016/j.ygeno.2009.06.002,other,not applicable,high
10.1016/j.yhbeh.2018.05.016,immunomodulator,anakinra,high
10.1016/j.ymthe.2025.01.007,immunomodulator,immunoadsorption,high
10.1016/j.zefq.2025.01.006,other,none,high
10.1016/s0002-9343(96)00017-4,other,not applicable,high
10.1016/s0002-9343(96)00041-1,exercise,incremental treadmill exercise test,high
10.1016/s0002-9343(01)00922-6,other,decompression surgery,low
10.1016/s0002-9343(96)00174-x,other,none,high
10.1016/s0002-9343(96)00234-3,other,unspecified,high
10.1016/s0002-9343(97)90045-0,immunomodulator,intravenous immunoglobulin,high
10.1016/s0002-9343(96)90012-1,other,none,high
10.1016/s0002-9343(98)00155-7,other,none,high
10.1016/s0002-9343(03)00182-7,anti-inflammatory,hydrocortisone and fludrocortisone,high
10.1016/s0002-9343(98)00158-2,other,none,high
10.1016/s0002-9343(98)00159-4,other,none,high
10.1016/s0002-9343(98)00162-4,other,unspecified,high
10.1016/s0002-9343(98)00167-3,other,unspecified,low
10.1016/s0002-9343(98)00165-x,other,unspecified,high
10.1016/s0002-9343(98)00168-5,other,none,high
10.1016/s0002-9343(98)00171-5,exercise,exhaustive treadmill exercise,high
10.1016/s0002-9343(98)00170-3,psychological,cognitive behavior therapy,high
10.1016/s0002-9343(98)00161-2,other,dopamine,low
10.1016/s0002-9343(98)00172-7,other,light therapy,medium
10.1016/s0002-9343(98)00157-0,other,none,high
10.1016/s0002-9343(98)00160-0,other,unspecified,low
10.1016/s0002-9343(98)00174-0,psychological,cognitive-behavioral therapy,high
10.1016/s0002-9343(98)00175-2,other,neuroimaging,low
10.1016/s0002-9343(98)00173-9,other,none,high
10.1016/s0002-9343(98)00179-x,other,none,high
10.1016/s0002-9343(97)00087-9,other,none,high
10.1016/s0002-9343(98)00181-8,other,unspecified,low
10.1016/s0002-9343(99)00300-9,other,none,high
10.1016/s0005-7916(02)00038-1,rehabilitation,graded activity therapy,high
10.1016/s0003-9993(99)90066-7,other,none,high
10.1016/s0002-9343(99)80403-3,other,none,high
10.1016/s0005-7967(00)00116-9,other,none,high
10.1016/s0005-7916(99)00032-4,psychological,cognitive behavior therapy,high
10.1016/s0006-3223(97)83214-3,other,none,high
10.1016/s0006-3223(96)00074-1,other,none,high
10.1016/s0007-0785(89)80123-1,other,unspecified,low
10.1016/s0022-3476(99)70025-9,other,none,high
10.1016/s0022-3476(99)70173-3,other,none,high
10.1016/s0006-3223(97)00404-6,other,not applicable,high
10.1016/s0021-9258(19)31562-5,other,unspecified,low
10.1016/s0022-3956(96)00047-7,immunomodulator,intravenous immunoglobulin,high
10.1016/s0022-3956(96)00046-5,other,unspecified,high
10.1016/s0022-3956(96)00049-0,other,none,high
10.1016/s0022-3956(96)00048-9,other,none,low
10.1016/s0022-3956(96)00050-7,other,none,high
10.1016/s0006-3223(98)00232-7,other,desmopressin,high
10.1016/s0022-3956(96)00052-0,other,none,high
10.1016/s0022-3956(96)00054-4,other,none,high
10.1016/s0022-3956(96)00056-8,other,unspecified,high
10.1016/s0022-3956(96)00059-3,other,unspecified,high
10.1016/s0022-3956(96)00058-1,other,none,high
10.1016/s0022-3956(96)00063-5,other,unspecified,high
10.1016/s0022-3956(97)00039-3,exercise,physical activity assessment,high
10.1016/s0022-3999(00)00088-x,other,none,high
10.1016/s0022-3999(00)00087-8,other,none,high
10.1016/s0022-3999(00)00204-x,psychological,illness perception intervention,low
10.1016/s0022-3999(00)00197-5,other,actigraphic assessment,high
10.1016/s0022-3999(00)00093-3,psychological,coping strategies,high
10.1016/s0022-3999(00)00220-8,exercise,walking program,high
10.1016/s0022-3956(96)00053-2,other,none,high
10.1016/s0022-3999(01)00193-3,other,not applicable,high
10.1016/s0022-3999(01)00220-3,other,none,high
10.1016/s0022-3999(00)00211-7,other,none,high
10.1016/s0022-3999(01)00247-1,other,none,high
10.1016/s0022-3999(01)00284-7,other,none,high
10.1016/s0022-3999(01)00267-7,psychological,defensive coping style intervention,medium
10.1016/s0022-3999(01)00315-4,other,staphylococcus toxoid,high
10.1016/s0022-3999(01)00298-7,psychological,cognitive-behavioral assessment,high
10.1016/s0022-3999(02)00300-8,psychological,cognitive behaviour therapy,high
10.1016/s0022-3999(02)00324-0,other,none,high
10.1016/s0022-3999(02)00290-8,other,none,high
10.1016/s0022-3999(02)00318-5,other,none,high
10.1016/s0022-3999(02)00329-x,other,none,high
10.1016/s0022-3999(02)00429-4,other,unspecified,low
10.1016/s0022-3999(02)00332-x,psychological,illness worry assessment,high
10.1016/s0022-3999(02)00458-0,other,none,high
10.1016/s0022-3999(02)00525-1,other,none,high
10.1016/s0022-3999(03)00039-4,other,none,high
10.1016/s0022-3999(02)00515-9,other,not applicable,high
10.1016/s0022-3999(02)00566-4,other,none,high
10.1016/s0022-3999(03)00013-8,psychological,cognitive behavioural therapy,medium
10.1016/s0022-3999(03)00065-5,other,none,high
10.1016/s0022-3999(03)00543-9,other,none,high
10.1016/s0022-3999(03)00077-1,other,alcohol,high
10.1016/s0022-3999(03)00546-4,other,none,high
10.1016/s0022-3999(03)00598-1,other,none,high
10.1016/s0022-3999(03)00571-3,other,none,high
10.1016/s0022-3999(03)00625-1,other,none,high
10.1016/s0022-3999(03)00629-9,other,none,high
10.1016/s0022-3999(96)00190-0,other,none,high
10.1016/s0022-3999(96)00234-6,other,general health questionnaire,low
10.1016/s0022-3999(96)00297-8,other,none,high
10.1016/s0022-3999(97)00169-4,other,unspecified,high
10.1016/s0022-3999(97)00087-1,other,none,high
10.1016/s0022-3999(97)00265-1,psychological,illness cognitions intervention,high
10.1016/s0022-3999(97)00111-6,other,none,high
10.1016/s0022-3999(97)00297-3,other,unspecified,high
10.1016/s0022-3999(98)00021-x,psychological,cognitive-behavior therapy,high
10.1016/s0022-3999(97)89895-9,other,none,high
10.1016/s0022-3999(98)00022-1,other,unspecified,high
10.1016/s0022-3999(98)00024-5,other,none,high
10.1016/s0022-3999(99)00013-6,other,none,high
10.1016/s0022-3999(98)00120-2,other,none,high
10.1016/s0022-3999(98)00023-3,psychological,cognitive behavioral therapy,medium
10.1016/s0022-3999(99)00025-2,other,none,high
10.1016/s0022-3999(99)00063-x,other,none,high
10.1016/s0022-3999(99)00077-x,other,not applicable,high
10.1016/s0022-510x(97)00200-1,other,none,high
10.1016/s0022-510x(99)00243-9,other,none,high
10.1016/s0024-3205(01)01001-3,other,unspecified,high
10.1016/s0031-9384(02)00808-9,other,none,high
10.1016/s0033-3182(90)72185-8,other,none,high
10.1016/s0031-9384(97)00539-8,other,brucella abortus (killed bacterial antigen),high
10.1016/s0033-3182(97)71443-9,psychological,cognitive behavior therapy,high
10.1016/s0048-9697(00)00777-4,other,none,high
10.1016/s0140-6736(01)06961-6,other,none,high
10.1016/s0140-6736(00)04198-2,psychological,cognitive behaviour therapy,high
10.1016/s0091-6749(98)70090-9,other,none,high
10.1016/s0140-6736(04)15794-2,other,unspecified,high
10.1016/s0140-6736(11)60096-2,psychological,cognitive behaviour therapy,high
10.1016/s0140-6736(12)60025-7,psychological,internet-based cognitive behavioural therapy,high
10.1016/s0140-6736(15)01223-4,other,none,high
10.1016/s0140-6736(16)00270-1,other,not applicable,high
10.1016/s0091-6749(96)70290-7,other,terfenadine,high
10.1016/s0140-6736(16)32589-2,exercise,graded exercise therapy,high
10.1016/s0140-6736(80)92552-0,other,none,high
10.1016/s0140-6736(17)30577-9,exercise,graded exercise therapy,high
10.1016/s0140-6736(95)92537-6,other,none,high
10.1016/s0140-6736(98)08320-2,other,unspecified,high
10.1016/s0163-8343(01)00154-2,psychological,cognitive behavioral therapy,high
10.1016/s0162-3109(96)00125-7,supplement,echinacea purpurea and panax ginseng,high
10.1016/s0140-6736(95)90525-1,other,atenolol or disopyramide,high
10.1016/s0163-4453(89)91150-x,other,unspecified,high
10.1016/s0163-8343(97)80315-5,psychological,cognitive behavioral therapy,high
10.1016/s0163-4453(98)94099-3,other,none,high
10.1016/s0163-8343(98)00036-x,other,none,high
10.1016/s0140-6736(96)91345-8,other,fluoxetine,high
10.1016/s0140-6736(98)04074-4,anti-inflammatory,low-dose hydrocortisone,high
10.1016/s0147-9571(01)00012-1,other,potassium arsenite 0.5%,high
10.1016/s0165-0327(97)00101-8,other,none - observational study,high
10.1016/s0165-0327(98)00163-3,other,unspecified,low
10.1016/s0165-0327(98)00218-3,other,unspecified,high
10.1016/s0165-0327(98)00118-9,other,not applicable,high
10.1016/s0165-1781(00)00148-7,other,none,high
10.1016/s0165-0327(97)00134-1,other,none,high
10.1016/s0165-0327(98)00169-4,other,unspecified,low
10.1016/s0165-1781(03)00185-9,other,none,high
10.1016/s0165-1781(00)00219-5,other,acth (adrenocorticotropin),high
10.1016/s0165-1781(97)00141-8,other,none,high
10.1016/s0165-5728(01)00400-3,other,unspecified,high
10.1016/s0165-1838(98)00177-5,other,unspecified,high
10.1016/s0193-953x(05)70031-9,other,unspecified,high
10.1016/s0165-5728(97)00032-5,other,live oral polio virus vaccine,high
10.1016/s0165-5876(02)00039-3,rehabilitation,balance rehabilitation exercises,high
10.1016/s0254-6272(09)60007-8,other,bo's abdominal acupuncture,high
10.1016/s0254-6272(09)60026-1,other,intelligent-turtle massage,high
10.1016/s0254-6272(15)30152-7,other,lixujieyu recipe with five elements music therapy,high
10.1016/s0272-7358(99)00031-8,psychological,coping interventions,medium
10.1016/s0277-9536(00)00302-6,other,none,high
10.1016/s0277-9536(02)00420-3,other,not applicable,high
10.1016/s0277-9536(00)00117-9,other,none,high
10.1016/s0277-9536(02)00515-4,other,unspecified,high
10.1016/s0277-9536(03)00157-6,other,unspecified,high
10.1016/s0300-2977(00)00030-9,other,carnitine,medium
10.1016/s0193-953x(05)70292-6,psychological,antidepressants (multiple classes),medium
10.1016/s0301-0511(01)00092-8,other,unspecified,high
10.1016/s0301-0511(01)00120-x,other,none,high
10.1016/s0304-3940(02)01058-3,supplement,vitamin e,low
10.1016/s0306-4530(00)00044-5,other,arginine vasopressin,high
10.1016/s0304-3959(98)00134-1,other,none,high
10.1016/s0306-4530(03)00026-x,other,unspecified,high
10.1016/s0306-4530(99)00028-1,other,diagnostic imaging,low
10.1016/s0306-4530(99)00035-9,other,none,high
10.1016/s0306-9877(02)00321-3,other,none,high
10.1016/s0306-9877(03)00016-1,other,none,high
10.1016/s0306-9877(02)00332-8,other,none,high
10.1016/s0306-9877(02)00353-5,other,unspecified,low
10.1016/s0306-9877(03)00062-8,other,none,high
10.1016/s0306-9877(03)00103-8,other,none,high
10.1016/s0306-9877(03)00096-3,probiotic,lactic acid bacteria,high
10.1016/s0306-9877(02)00294-3,other,thyroid hormone,medium
10.1016/s0306-4530(97)00002-4,other,ipsapirone,high
10.1016/s0306-4530(03)00104-5,other,hydrocortisone,high
10.1016/s0306-9877(03)00185-3,other,not applicable,high
10.1016/s0306-9877(96)90001-8,other,unspecified,high
10.1016/s0344-0338(89)80299-7,other,unspecified,high
10.1016/s0361-9230(01)00478-6,other,unspecified,high
10.1016/s0387-7604(99)00111-4,other,none,high
10.1016/s0399-8320(09)71521-0,other,unspecified,low
10.1016/s0889-857x(05)70272-6,other,unspecified,high
10.1016/s0889-857x(05)70270-2,other,unspecified,low
10.1016/s0889-857x(05)70180-0,other,unspecified,high
10.1016/s0891-5849(00)00419-6,other,unspecified,high
10.1016/s0924-9338(00)94661-3,other,unspecified,low
10.1016/s0924-9338(00)94855-7,other,unspecified,low
10.1016/s0924-9338(10)71019-1,psychological,mindfulness-based cognitive therapy,high
10.1016/s0306-9877(03)00331-1,other,midodrine,high
10.1016/s0924-9338(11)73278-3,other,not applicable,high
10.1016/s0924-9338(10)71020-8,psychological,cognitive-behavioral therapy with mindfulness,high
10.1016/s0924-9338(13)76145-5,rehabilitation,multidisciplinary rehabilitation program with cbt and get,high
10.1016/s0924-9338(13)76148-0,psychological,cognitive behavioral therapy with graded exercise therapy,high
10.1016/s0924-9338(12)74396-1,psychological,cognitive behavioural therapy,medium
10.1016/s0924-9338(99)80035-2,other,unspecified,low
10.1016/s0924-9338(99)80033-9,other,unspecified,low
10.1016/s0924-9338(99)80036-4,other,unspecified,low
10.1016/s0924-9338(14)78232-x,other,none,high
10.1016/s0924-9338(99)80037-6,psychological,cognitive behaviour therapy,high
10.1016/s0924-9338(99)80040-6,psychological,cognitive behaviour therapy,high
10.1016/s0960-8966(03)00042-7,other,unspecified,high
10.1016/s0924-9338(99)80455-6,other,unspecified,low
10.1016/s0960-8966(98)00021-2,other,none,high
10.1016/s1047-2797(00)00083-1,other,unspecified,high
10.1016/s0966-6362(00)00105-3,exercise,light exercise test,high
10.1016/s1047-2797(00)00119-8,other,none,high
10.1016/s1047-2797(97)00203-2,other,unspecified,high
10.1016/s1079-2104(98)90366-3,other,temporomandibular disorder management (unspecified),low
10.1016/s1081-1206(10)62229-6,other,none,high
10.1016/s1081-1206(10)63129-8,other,none,high
10.1016/s1087-0792(99)90020-5,psychological,cognitive-behavioural therapy,high
10.1016/s1081-1206(10)62595-1,supplement,nadh,high
10.1016/s1090-3801(98)90006-4,immunomodulator,staphylococcus toxoid vaccine,high
10.1016/s1096-2190(99)00017-7,other,unspecified,low
10.1016/s1090-3801(02)00044-7,immunomodulator,staphylococcus toxoid (staphypan berna),high
10.1016/s1240-1307(00)88835-4,psychological,patient-centered therapeutic relationship,low
10.1016/s1096-6374(98)80036-1,other,unspecified,high
10.1016/s1365-6937(15)30071-x,other,unspecified,high
10.1016/s1386-6532(06)70011-7,other,unspecified,high
10.1016/s1386-6532(06)70010-5,other,unspecified,high
10.1016/s1386-6532(99)00079-7,other,none,high
10.1016/s0928-4680(03)00007-5,other,pyridostigmine,high
10.1016/s1388-2457(99)00144-3,other,none,high
10.1016/s1697-2600(14)70041-9,other,none,high
10.1016/s1388-2457(00)00444-2,other,transcranial magnetic stimulation,high
10.1016/s1521-6942(03)00033-0,other,unspecified,low
10.1016/s2215-0366(14)00069-8,rehabilitation,cognitive behaviour therapy (cbt) and graded exercise therapy (get),high
10.1016/s1389-9457(00)00028-9,other,unspecified,high
10.1016/s1566-0702(03)00155-3,other,none,high
10.1016/s2215-0366(15)00317-x,rehabilitation,cognitive behavioural therapy and graded exercise therapy,high
10.1017/cbo9780511543845.022,other,unspecified,high
10.1017/cbo9780511549700.003,antiviral,acyclovir,high
10.1017/cts.2023.488,other,unspecified,high
10.1017/cbo9780511722240.004,other,none,high
10.1017/ipm.2020.40,other,none,low
10.1017/neu.2024.10,other,unspecified,high
10.1016/s2215-0366(17)30126-8,other,imipramine,high
10.1017/s0029665122001057,supplement,"dietary supplements (vitamin c, herbal supplements, evening primrose oil)",high
10.1017/s0022172400064718,other,unspecified,high
10.1017/s003329170002225x,other,none,high
10.1017/s0033291700020456,psychological,psychometric assessment,high
10.1017/s0033291700025629,other,unspecified,low
10.1016/s1096-6374(98)80037-3,other,growth hormone,high
10.1017/s0033291700013210,other,none,high
10.1017/s0033291700026453,other,none,high
10.1017/s0033291700027811,psychological,psychosocial factors,medium
10.1017/s0033291700035923,other,none,high
10.1017/neu.2017.35,other,(-)-osu6162,high
10.1017/s0033291700037417,other,none,high
10.1017/s0033291700037818,other,none,high
10.1017/s0033291700038277,other,unspecified,low
10.1017/s0033291701003610,other,cognitive behavioral therapy,high
10.1017/s0033291701003580,other,m-chlorophenylpiperazine (mcpp),high
10.1017/s0033291700037429,psychological,coping strategies,high
10.1017/s0033291701004664,other,unspecified,high
10.1017/s0033291702006086,other,interleukin-6,medium
10.1017/s0033291702006529,other,none,high
10.1017/s0033291702005834,other,none,high
10.1017/s0033291704213204,other,unspecified,low
10.1017/s0033291703008274,other,none,high
10.1017/s0033291703001302,other,none,high
10.1017/s0033291703008791,supplement,siberian ginseng,high
10.1017/s0033291705005210,other,none,high
10.1017/s0033291705005052,other,not_applicable,high
10.1017/s0033291702006980,other,not applicable,high
10.1017/s0033291705006975,other,not applicable,high
10.1017/s0033291705006926,other,none,high
10.1017/s0033291706007975,other,not applicable,high
10.1017/s0033291706008099,other,no intervention studied,high
10.1017/s0033291707001444,other,dexamethasone,medium
10.1017/s0033291708003450,other,not applicable,high
10.1017/s0033291707001560,other,none,high
10.1017/s0033291707001602,other,not applicable,high
10.1017/s0033291708004960,other,none,high
10.1017/s0033291707001900,other,none,high
10.1017/s0033291709990390,psychological,cognitive behavioural therapy,high
10.1017/s0033291709005601,other,none,high
10.1017/s003329170999153x,psychological,family-focused cognitive behaviour therapy,high
10.1017/s0033291709992212,psychological,cognitive behaviour therapy,high
10.1017/s0033291709992054,other,none,high
10.1017/s003329171000139x,psychological,cognitive behavioral therapy,high
10.1017/s0033291710000504,other,none,high
10.1017/s0033291713000020,rehabilitation,cognitive behaviour therapy (cbt) and graded exercise therapy (get),high
10.1017/s0033291713001268,other,unspecified,low
10.1017/s0033291712001936,other,unspecified,high
10.1017/s0033291712000979,psychological,cognitive behavioural therapy,high
10.1017/s0033291712000232,psychological,guided self-instruction (cbt-based),high
10.1017/s003329171300127x,other,unspecified,low
10.1017/s003329171300130x,other,unspecified,low
10.1017/s0033291713001281,other,unspecified,low
10.1017/s0033291713002006,psychological,cognitive behaviour therapy,high
10.1017/s0033291715002366,other,unspecified,low
10.1017/s0033291715000288,psychological,cognitive behaviour therapy,high
10.1017/s0033291713002468,other,unspecified,high
10.1017/s0033291713002201,rehabilitation,graded exercise therapy,high
10.1017/s0033291716002890,psychological,cognitive bias modification,high
10.1017/s0033291716003615,other,unspecified,high
10.1017/s0033291720002470,other,not applicable,high
10.1017/s0033291720001774,other,not applicable,high
10.1017/s0033291722000526,other,none,high
10.1017/s0033291722002471,psychological,cognitive behavioral therapy and graded exercise therapy,high
10.1017/s0033291723001885,other,not applicable,high
10.1017/s0033291723003355,other,unspecified,low
10.1017/s0033291723003148,psychological,cognitive behavior therapy,high
10.1017/s0033291723003690,psychological,cognitive behavioral therapy,high
10.1017/s0033291725100603,other,unspecified,high
10.1017/s003329172500100x,other,not_applicable,high
10.1017/s0033291796004035,other,none,high
10.1017/s0033291796004357,other,none,high
10.1017/s0033291797004893,other,not applicable,low
10.1017/s0033291797005370,other,unspecified,high
10.1017/s003329179800748x,other,none,high
10.1017/s0033291798008265,exercise,graded exercise,high
10.1017/s0033291799001816,other,none,high
10.1017/s0033291799003001,other,none,high
10.1017/s0033291799003189,other,maximal exercise test,high
10.1017/s0033291797006260,other,naloxone,high
10.1017/s0790966700005218,other,unspecified,low
10.1017/s0266462311000213,other,none,high
10.1017/s0924270800035870,other,unspecified,low
10.1017/s0033291799002500,other,fatigue rating scales (not a drug),high
10.1017/s1037291100001515,other,none,high
10.1017/s081651220002722x,other,educational support program,high
10.1017/s096719942000057x,other,unspecified,high
10.1017/s1092852900014358,other,unspecified,high
10.1017/s1092852900014383,psychological,cognitive-behavioral therapy,high
10.1017/s1121189x00007089,other,unspecified,low
10.1017/s1092852900022604,other,not applicable,high
10.1017/s1352465801004052,psychological,cognitive behaviour therapy,high
10.1017/s1352465804001109,psychological,cognitive behaviour therapy,high
10.1017/s1352465800015241,psychological,cognitive behaviour therapy,high
10.1017/s1092852900014395,other,unspecified,high
10.1017/s1352465805002092,psychological,group cognitive behavioural therapy,high
10.1017/s1041610223003733,other,vortioxetine,high
10.1017/s0033291713001311,rehabilitation,cognitive behavioral therapy and graded exercise therapy,low
10.1017/s1352465810000792,psychological,cognitive behavioral therapy,high
10.1017/s1352465811000373,psychological,cognitive behavioural therapy,high
10.1017/s135246581500017x,psychological,cognitive behavioural therapy (cbt) and graded exercise therapy (get),high
10.1017/s135246581700025x,psychological,guided self-help,high
10.1017/s1352465816000631,psychological,cognitive-behavioral therapy,high
10.1017/s1352465817000108,psychological,cognitive behavioural therapy,high
10.1017/s1352465817000261,psychological,cognitive behavioural therapy,high
10.1017/s1352465819000110,psychological,cognitive behavioural therapy,high
10.1017/s1352465814000290,psychological,cognitive behavioural intervention,high
10.1017/s1352465811000543,psychological,cognitive behaviour therapy,high
10.1017/s1352465819000390,psychological,cognitive and behavioural responses questionnaire (cbrq),high
10.1017/s1352465820000193,other,none,high
10.1017/s135246580400181x,psychological,mindfulness-based stress reduction / mindfulness-based cognitive therapy,high
10.1017/s1355617701733024,other,none,high
10.1017/s1352465899273067,rehabilitation,cognitive-behaviour therapy,high
10.1017/s1355617704101124,other,not applicable,high
10.1017/s1352465825100945,psychological,cognitive behavioural therapy,high
10.1017/s1355617721000643,psychological,cognitive behavior therapy,high
10.1017/s135561779845505x,other,none,high
10.1017/s1355617704102178,other,unspecified,high
10.1017/s1360641700272481,other,unspecified,low
10.1017/s146239949700001x,other,unspecified,low
10.1017/s1360641798291763,other,unspecified,low
10.1017/s1463423613000145,other,not applicable,high
10.1017/s1463423613000121,other,specialist service referral,high
10.1017/s1754470x20000525,other,short health anxiety inventory (shai),low
10.1017/s146342361000037x,rehabilitation,pragmatic rehabilitation,high
10.1021/acs.biochem.3c00433,immunomodulator,glatiramer acetate,high
10.1021/cen-09436-notw3,other,unspecified,low
10.1021/acschemneuro.4c00444,other,unspecified,high
10.1021/cen-09718-scicon10,other,unspecified,high
10.1023/a:1005577823045,other,none,high
10.1021/cen-10233-reactions,other,ampligen,low
10.1021/cen-10230-cover,other,unspecified,low
10.1017/s1754470x2400045x,other,health anxiety inventory (adapted version),low
10.1017/upo9780987073051.020,supplement,magnesium,high
10.1023/a:1014248301721,other,none,high
10.1023/a:1014328319297,other,none,high
10.1023/a:1018788427100,other,none,low
10.1023/a:1015635113159,other,none,high
10.1021/acsptsci.5c00229,other,metformin,high
10.1023/a:1020510718013,exercise,graded exercise test,high
10.1023/a:1018726713470,psychological,self-efficacy intervention,medium
10.1023/a:1020423124675,other,unspecified,high
10.1023/a:1020475108745,other,multidisciplinary treatment,low
10.1023/a:1020558917955,other,none,high
10.1023/a:1020595709352,other,unspecified,low
10.1023/a:1027314713231,other,unspecified,high
10.1023/a:1027330616073,other,unspecified,high
10.1023/a:1026459027453,other,none,high
10.1023/b:apbi.0000026635.03016.ef,psychological,biofeedback,high
10.1023/a:1024176016962,other,none,high
10.1023/b:boli.0000016637.43041.a3,other,unspecified,high
10.1024//1422-4917.30.2.135,other,unspecified,low
10.1024/0040-5930/a001092,psychological,eye-movement desensitization and reprocessing (emdr),high
10.1024/0040-5930.64.10.567,other,unspecified,low
10.1023/a:1027389907780,other,none,high
10.1024/0300-9831.79.4.250,supplement,vitamin d,medium
10.1024/86282-000,other,unspecified,high
10.1024/86371-000,other,unspecified,high
10.1027/1015-5759.13.3.164,other,whoqol-100 quality of life assessment,low
10.1026/0942-5403/a000456,other,not applicable,high
10.1027/0269-8803/a000088,psychological,comprehensive cognitive behavior therapy,high
10.1027/2698-1866/a000076,other,unspecified,high
10.1034/j.1600-0447.2001.00017.x,other,unspecified,high
10.1034/j.1600-0447.2002.01300.x,other,none,high
10.1034/j.1600-0463.2003.1110504.x,other,unspecified,high
10.1034/j.1601-5215.2002.140207.x,psychological,family cognitive-behavioural therapy,high
10.1034/j.1601-5215.2003.00033.x,other,unspecified,low
10.1034/j.1601-5215.2002.140306.x,other,cognitive behaviour therapy and graded exercise,low
10.1037//1076-8998.4.1.63,other,none,high
10.1037/0022-006x.76.1.163,psychological,cognitive behavioral therapy,high
10.1037/0278-6133.27.3.369,other,none,high
10.1037//0003-066x.52.9.973,other,none,high
10.1034/j.1601-5215.2003.00045.x,other,unspecified,high
10.1027/1015-5759/a000281,other,not applicable,high
10.1037/10300-000,other,unspecified,low
10.1037/0894-4105.18.2.232,other,none,high
10.1034/j.1601-5215.2003.00029.x,supplement,hypericum extracts,high
10.1037/a0020052,psychological,cognitive behavior therapy,high
10.1037/0894-4105.21.4.507,other,none,high
10.1037/a0024118,psychological,nonpharmacological interventions (unspecified),high
10.1037/a0033561,rehabilitation,pragmatic rehabilitation,high
10.1037/a0022595,other,none,high
10.1037/a0032084,other,none,high
10.1037/ccp0000085,psychological,guided self-instruction with therapist contact,high
10.1037/bul0000473,other,not applicable,high
10.1037/h0085818,psychological,psychological intervention,high
10.1037/hea0000299,other,none,high
10.1037/hea0000086,other,expressed emotion intervention,low
10.1037/hea0000341,other,none,high
10.1037/hea0000621,psychological,none (observational study),high
10.1037/neu0000025,other,none,high
10.1037/hea0000422,other,experience sampling methodology,low
10.1037/met0000154,psychological,cognitive behavioral therapy,high
10.1037/hea0001346,rehabilitation,fatiguewalk (online multicomponent program),high
10.1037/neu0000550,other,none,high
10.1037/men0000220,other,none,high
10.1037/neu0000982,other,none,high
10.1037/str0000324,psychological,cognitive behavioral stress management,high
10.1038/362458a0,other,none,high
10.1037/rep0000285,other,unspecified,high
10.1038/npre.2012.6847.1,other,unspecified,high
10.1038/ajg.2010.159,other,none,high
10.1038/nrendo.2011.153,psychological,cognitive behavioral therapy,high
10.1038/mp.2015.29,other,unspecified,high
10.1038/nrn3087,other,unspecified,low
10.1038/nrurol.2010.77,antiviral,antiretroviral drugs,medium
10.1038/s41380-021-01148-4,other,extracorporeal apheresis,high
10.1038/s41380-025-03108-8,other,none,high
10.1038/s41380-026-03608-1,other,unspecified,high
10.1038/s41398-022-02046-1,other,none,high
10.1038/s41419-025-08162-2,other,none,high
10.1038/s41467-022-32507-6,other,none,high
10.1038/s41467-024-45107-3,other,unspecified,high
10.1038/s41467-022-33784-x,other,unspecified,low
10.1038/s41467-025-56427-3,exercise,exercise,high
10.1038/npre.2010.4669.1,other,unspecified,high
10.1038/s41467-025-64538-0,other,not applicable,high
10.1038/s41467-025-56428-2,other,exercise therapy,low
10.1038/s41598-017-15383-9,exercise,submaximal bicycle exercise,high
10.1038/s41591-022-01810-6,other,unspecified,high
10.1038/s41591-025-03788-3,other,unspecified,high
10.1038/s41598-018-20941-w,other,cytokine profiling,low
10.1038/s41598-017-18585-3,other,not applicable,low
10.1038/s41598-018-23238-0,exercise,exercise,high
10.1038/s41598-018-28477-9,other,unspecified,high
10.1038/s41598-019-39060-1,other,unspecified,high
10.1038/s41598-019-46249-x,other,gut microbiome analysis,low
10.1038/s41598-019-55473-4,other,unspecified,high
10.1038/s41598-020-62771-9,other,unspecified,high
10.1038/s41598-019-47966-z,other,mitochondrial energy score (mes) protocol,high
10.1038/s41598-020-62157-x,other,unspecified,high
10.1038/s41598-020-77105-y,other,none,high
10.1038/s41598-020-75406-w,other,unspecified,high
10.1038/s41598-021-04764-w,other,not applicable,high
10.1038/s41598-020-76438-y,other,unspecified,high
10.1038/s41598-021-83660-9,other,unspecified,high
10.1038/s41598-021-86425-6,other,microbiome analysis,low
10.1038/s41598-020-58506-5,other,microrna profiling,high
10.1038/s41598-021-87018-z,other,unspecified,high
10.1038/s41598-023-28955-9,other,unspecified,high
10.1038/s41598-021-95087-3,other,unspecified,low
10.1038/s41598-021-89834-9,other,none,high
10.1038/s41598-023-32581-w,exercise,six-minute walk test,high
10.1038/s41598-023-40364-6,other,synthetic data generation system,high
10.1038/s41598-023-49402-9,other,none,high
10.1038/s41598-023-29329-x,other,none,high
10.1038/s41598-024-52368-x,other,none,high
10.1038/s41598-025-16438-y,other,unspecified,high
10.1038/s41598-024-75651-3,other,stroop task,high
10.1038/s41598-025-09379-z,other,unspecified,high
10.1038/s41598-025-85217-6,other,unspecified,high
10.1038/s41598-025-27564-y,other,unspecified,high
10.1038/s41598-025-91324-1,other,cerebrospinal fluid metabolomics analysis,high
10.1038/s41598-025-21230-z,other,not applicable,high
10.1038/s41598-025-86609-4,other,not applicable,high
10.1038/s41598-026-40848-1,other,not applicable,high
10.1038/s41598-025-93313-w,other,unspecified,high
10.1038/s41746-025-01939-x,other,unspecified,high
10.1038/s41598-026-46965-1,other,unspecified,high
10.1038/s41598-026-49131-9,other,unspecified,high
10.1038/s44294-025-00120-9,other,unspecified,high
10.1038/s44321-025-00258-8,other,unspecified,high
10.1038/s44324-025-00079-w,other,unspecified,high
10.1038/s41598-026-51666-w,other,hand grip strength assessment,high
10.1038/s43856-025-00827-5,other,not applicable,high
10.1038/sj.jhh.1001517,other,not applicable,high
10.1038/s43856-024-00669-7,other,not applicable,high
10.1038/sj.npp.1301005,other,none,high
10.1038/srep34990,other,none,high
10.1038/srep19171,other,unspecified,high
10.1038/srep37846,other,acupuncture and moxibustion,high
10.1038/tp.2015.208,other,unspecified,high
10.1038/tp.2017.44,other,not applicable,high
10.1038/tp.2016.184,other,unspecified,high
10.1039/c8an01437j,other,single-cell raman microspectroscopy,high
10.1039/c6mb00600k,other,none - observational study,high
10.1039/d4fo04195j,supplement,sweet corn cob polysaccharide selenium nanoparticles,high
10.1039/d2mo00124a,other,unspecified,high
10.1038/tpj.2016.53,other,clonidine,high
10.1042/bio03902010,other,unspecified,high
10.1042/bcj20220154,other,unspecified,low
10.1042/bst20170503,other,not applicable,high
10.1042/cs084046p,other,unspecified,low
10.1042/cs078034p,other,unspecified,low
10.1042/bcj20220016,other,anticoagulant therapy (unspecified),medium
10.1042/cs088025pb,other,unspecified,high
10.1042/cs0870655,other,none,high
10.1042/bsr20180242,other,metformin and compound 991,high
10.1042/cs0900295,other,none,high
10.1042/cs20020354,other,unspecified,high
10.1042/cs20020279,other,none,high
10.1042/cs20090055,other,none,high
10.1042/cs20090327,other,none,high
10.1042/cs20030246,other,unspecified,high
10.1042/cs20110241,other,none,high
10.1042/cs20110200,other,none,high
10.1042/cs20160200,other,exercise,high
10.1046/j.1360-0443.2001.9611159.x,other,unspecified,low
10.1046/j.1365-2222.2003.01745.x,other,none,high
10.1046/j.1365-2249.2002.01912.x,other,not applicable,high
10.1042/cs20171330,other,unspecified,high
10.1042/cs20070274,other,none,high
10.1046/j.1365-2249.2003.02149.x,other,none,high
10.1046/j.1365-2265.1998.00418.x,other,unspecified,high
10.1046/j.1365-2265.2000.01049.x,other,unspecified,high
10.1046/j.1365-2265.1999.00856.x,other,synacthen,high
10.1046/j.1365-2281.2001.00321.x,other,none,high
10.1046/j.1365-2281.1999.00154.x,other,none,high
10.1046/j.1365-2362.1997.1120664.x,other,unspecified,high
10.1046/j.1365-2362.1998.00373.x,supplement,l-arginine,high
10.1046/j.1365-2370.2001.00235.x,other,none,high
10.1046/j.1365-2648.2001.00628.x,other,not applicable,high
10.1046/j.1365-2648.2001.01767.x,other,none,high
10.1046/j.1365-2648.2003.02934.x,other,not applicable,high
10.1046/j.1365-2265.2001.01341.x,anti-inflammatory,hydrocortisone,high
10.1046/j.1365-2796.1999.00513.x,other,unspecified,low
10.1046/j.1365-2362.2002.01058.x,supplement,melatonin,high
10.1046/j.1365-2796.2001.00890.x,other,none,high
10.1046/j.1440-0979.1999.00145.x,other,not applicable,high
10.1046/j.1440-1614.2000.0716b.x,other,unspecified,low
10.1046/j.1365-2796.1999.00478.x,anti-inflammatory,hydrocortisone and fludrocortisone,high
10.1046/j.1365-2796.2000.00695.x,other,hydrocortisone and fludrocortisone,high
10.1046/j.1440-1614.2002.01017.x,other,unspecified,high
10.1046/j.1440-1665.2003.00569.x,other,none,high
10.1046/j.1440-1614.2001.00888.x,other,none,high
10.1046/j.1440-1630.2003.00336.x,other,occupational therapy,low
10.1046/j.1440-1614.1999.00532.x,other,nefazodone,high
10.1046/j.1365-2796.1999.00479.x,anti-inflammatory,hydrocortisone and fludrocortisone,medium
10.1046/j.1440-1754.2002.00786.x,rehabilitation,multidisciplinary inpatient programme,high
10.1046/j.1440-1665.2003.00559.x,rehabilitation,multidisciplinary inpatient rehabilitation programme,high
10.1046/j.1440-1819.2003.01132.x,other,none,high
10.1046/j.1468-1331.1999.610063.x,other,none,high
10.1046/j.1475-097x.2003.00511.x,other,acetylcholine,high
10.1046/j.1467-0658.2000.00065.x,rehabilitation,rehabilitation programme,high
10.1046/j.1533-2500.2002.02003.x,other,none,high
10.1051/medsci/2026036,other,unspecified,low
10.1053/berh.1999.0032,other,unspecified,high
10.1053/berh.2000.0113,other,biopsychosocial model,low
10.1053/gast.2002.32392,other,none,high
10.1053/berh.2001.0191,other,unspecified,low
10.1053/sarh.2000.9201,device,capnography head-up tilt test (chutt),high
10.1053/sarh.2002.34608,other,none,high
10.1053/sarh.2001.27738,other,none,high
10.1054/mehy.1998.0780,other,unspecified,high
10.1054/homp.2002.0009,other,"homeopathic phosphate salts (cobaltum phosphoricum, calcium phosphoricum, cadmium phosphoricum)",high
10.1046/j.1601-5215.2003.00050.x,anti-inflammatory,glucocorticoids,high
10.1054/mehy.1998.0825,other,unspecified,low
10.1054/mehy.1998.0822,other,unspecified,high
10.1054/mehy.2001.1306,other,unspecified,low
10.1054/mehy.1999.0964,other,unspecified,low
10.1054/mehy.2001.1325,other,unspecified,high
10.1054/mehy.2001.1507,supplement,omega-3 fatty acids,high
10.1055/a-1849-8953,other,unspecified,high
10.1055/a-1767-7695,other,unspecified,low
10.1055/a-0802-9175,other,unspecified,high
10.1055/a-1935-6399,other,unspecified,low
10.1055/a-1935-6658,other,unspecified,low
10.1055/a-1972-9450,other,homeopathy,low
10.1055/a-1956-0321,other,unspecified,low
10.1055/a-0596-7981,other,gabapentin and pregabalin,high
10.1055/a-2231-5381,respiratory_therapy,breathing exercises,medium
10.1055/a-2230-6195,other,unspecified,low
10.1055/a-2212-2344,other,unspecified,low
10.1055/a-2323-9507,other,none,high
10.1055/a-2323-4108,psychological,multimodal treatment (telemedicine and home visits),medium
10.1055/a-2445-8593,device,therapeutic apheresis,high
10.1055/a-2678-7739,device,double filtration plasmapheresis,high
10.1055/a-2701-7947,other,unspecified,low
10.1055/a-2628-2844,other,unspecified,low
10.1055/a-2773-9655,psychological,online patient education program,high
10.1055/a-2823-6976,rehabilitation,outpatient post-covid rehabilitation,high
10.1055/a-2818-3438,rehabilitation,pacing,high
10.1055/a-2866-9127,other,none,high
10.1055/s-0029-1234284,supplement,rhodiola shr-5 extract,high
10.1055/s-0031-1287654,other,unspecified,low
10.1055/s-0031-1296741,supplement,folinic acid,high
10.1055/s-0032-1327706,other,unspecified,high
10.1055/s-0034-1395804,supplement,rhodiola rosea (rhodiolan® 200),high
10.1055/a-2197-6479,other,none,high
10.1055/s-0042-121259,psychological,psychotherapy,medium
10.1055/s-0035-1564060,device,venous sinus stenting,high
10.1055/s-0042-120962,other,unspecified,low
10.1055/s-0035-1557385,other,unspecified,high
10.1055/s-0043-100651,psychological,psychosocial intervention,low
10.1055/s-0035-1557320,psychological,cognitive behavioral therapy with biofeedback,high
10.1055/s-0044-1778972,other,unspecified,high
10.1055/s-2000-9429,other,unspecified,low
10.1055/s-2005-865120,other,none,high
10.1055/s-2001-12681,other,unspecified,high
10.1055/s-2006-945639,other,unspecified,low
10.1055/s-2005-872939,other,pc (homeopathic remedy for cfs),low
10.1055/s-2007-1015121,other,none,high
10.1055/s-2007-996379,other,unspecified,high
10.1055/s-2007-978690,other,unspecified,low
10.1055/s-2008-1040876,other,unspecified,low
10.1055/s-2007-964888,other,exercise testing,high
10.1056/id200012210000013,other,unspecified,low
10.1056/id200910210000002,other,unspecified,low
10.1056/jn200309050000008,other,none,high
10.1056/jn200410210000007,other,unspecified,high
10.1055/s-2006-946706,other,bupropion,high
10.1056/jn200610310000006,other,none,low
10.1056/jp199509010000017,other,unspecified,low
10.1056/id199811010000020,anti-inflammatory,hydrocortisone,high
10.1056/jp199511010000004,other,none,high
10.1056/jn200412300000004,other,unspecified,high
10.1056/jp199601010000020,other,unspecified,low
10.1056/jp199709010000016,exercise,graded aerobic exercise,medium
10.1056/jp199604010000010,other,unspecified,low
10.1056/jp200004010000019,other,unspecified,low
10.1056/jp200106210000013,other,unspecified,low
10.1056/jp200912140000004,other,unspecified,low
10.1056/jp200107260000004,other,unspecified,high
10.1056/jp201103210000005,psychological,cognitive-behavior therapy,high
10.1056/jp200305070000005,other,none,high
10.1056/jw198808230000005,other,unspecified,low
10.1056/jp199606010000006,psychological,fluoxetine,high
10.1056/jw199102120000005,other,none,high
10.1056/jw199205120000006,other,unspecified,low
10.1056/jw199304130000001,other,unspecified,low
10.1056/jw199511070000003,other,unspecified,high
10.1056/jw199410120000003,other,unspecified,low
10.1056/jw199511070000004,other,unspecified,high
10.1056/jw199602090000002,psychological,cognitive behavioral therapy,high
10.1056/jp200111150000002,other,hydrocortisone,high
10.1056/jw199708120000007,immunomodulator,immunoglobulin,high
10.1056/jw199810060000006,anti-inflammatory,low-dose hydrocortisone,high
10.1056/jw201103010000004,rehabilitation,cognitive-behavioral therapy,high
10.1056/jw200910220000001,other,unspecified,low
10.1056/nejm-jw.na37816,other,unspecified,low
10.1056/nejm-jw.na37817,other,unspecified,high
10.1056/jw200002220000002,other,unspecified,high
10.1056/nejm-jw.na44320,other,unspecified,high
10.1056/nejm-jw.na40492,other,none,low
10.1056/nejm-jw.na43613,immunomodulator,interleukin-1 blocker,high
10.1056/nejm-jw.na46472,psychological,cognitive behavioral therapy,high
10.1056/nejm-jw.na48830,immunomodulator,rituximab,high
10.1056/nejm-jw.na49222,other,unspecified,low
10.1056/nejm195708222570801,other,unspecified,low
10.1056/nejm195708222570802,other,unspecified,low
10.1056/nejm198812293192602,antiviral,acyclovir,high
10.1056/pa200211120000004,other,unspecified,low
10.1056/nejm198812293192608,other,unspecified,low
10.1056/nejm198907203210310,antiviral,acyclovir,high
10.1056/pa200806250000003,other,not_applicable,high
10.1056/pa201201250000003,other,not_applicable,high
10.1056/pa201205090000002,psychological,internet intervention,high
10.1057/9781137467324_11,other,none,high
10.1057/9781137467324_14,other,unspecified,low
10.1057/9781137467324_3,psychological,cognitive behaviour therapy,high
10.1057/9781137467324_15,other,not applicable,high
10.1057/9781137467324_13,other,none,high
10.1057/9781137467324_10,other,not applicable,high
10.1057/9781137467324_7,other,not applicable,high
10.1057/9781137467324_4,other,none,high
10.1057/9781137467324_5,other,none,high
10.1057/9781137467324_8,other,not applicable,high
10.1057/9781137467324_9,other,not applicable,high
10.1057/9781137467324_12,other,none,high
10.1063/1.2759765,other,none,high
10.1067/mai.2003.1615,other,exercise challenge,high
10.1063/5.0026633,other,none,high
10.1057/9781137467324,other,not applicable,high
10.1067/mpd.2002.127496,other,none - observational study,high
10.1067/moe.2000.107363,other,none,high
10.1071/ah23106,other,none,high
10.1071/hc19041,other,none,high
10.1067/mpd.2002.122725,other,none,high
10.1067/mhn.2002.129038,other,none,high
10.1071/py02030,other,unspecified,low
10.1071/py09063,psychological,mindfulness-based stress reduction,high
10.1071/py09023,other,none,high
10.1071/py99020,other,none,high
10.1073/pnas.1007944107,other,unspecified,high
10.1073/pnas.0913650107,other,unspecified,high
10.1073/pnas.1012441107,other,unspecified,high
10.1073/pnas.1012930107,other,none,high
10.1073/pnas.1012780107,other,not applicable,high
10.1073/pnas.1119641109,other,unspecified,high
10.1073/pnas.1607571113,other,unspecified,high
10.1073/pnas.1616261113,other,unspecified,low
10.1073/pnas.1615143113,other,unspecified,high
10.1073/pnas.1618447114,other,unspecified,high
10.1073/pnas.1618984114,other,unspecified,high
10.1073/pnas.1710519114,other,unspecified,high
10.1073/pnas.1703858114,other,unspecified,low
10.1073/pnas.1712475114,other,unspecified,low
10.1073/pnas.1901274116,other,nanoelectronics assay,high
10.1073/pnas.1714011114,other,none,high
10.1073/pnas.2302738120,other,unspecified,high
10.1073/pnas.1006901107,other,none,high
10.1073/pnas.2415119121,other,unspecified,low
10.1073/pnas.2426874122,other,unspecified,low
10.1073/pnas.2507345122,other,circulating cell-free rna analysis,high
10.1073/pnas.88.7.2922,other,none - diagnostic study,high
10.1074/jbc.m201263200,other,unspecified,high
10.1075/ni.13.1.03bul,other,unspecified,low
10.1076/clin.15.2.210.1896,other,unspecified,high
10.1073/pnas.2426564122,other,metformin,high
10.1076/jcen.20.2.144.1160,other,none,high
10.1076/clin.12.4.503.7237,other,unspecified,high
10.1080/00029157.2003.10403556,other,unspecified,high
10.1076/jcen.21.5.709.875,other,unspecified,high
10.1073/pnas.2024358118,other,unspecified,high
10.1078/1438-4639-00103,psychological,"interdisciplinary therapeutic approach (self-help, acupuncture, psychosomatic group interventions)",high
10.1080/00039890209601419,other,none,high
10.1080/00039899909602493,other,none,high
10.1080/00207411.1990.11449173,other,unspecified,low
10.1080/00050069908257428,other,not applicable,high
10.1080/00048670802534432,other,none,high
10.1080/00140138808966801,rehabilitation,enhanced habitual activity,medium
10.1080/00207450390200026,other,unspecified,low
10.1080/00325481.1994.11945923,other,unspecified,low
10.1080/00207454.2019.1663189,neurostimulation,repetitive transcranial magnetic stimulation (rtms),high
10.1080/00325481.1992.11701326,other,unspecified,low
10.1080/00365520701580397,other,unspecified,high
10.1080/00335630.2023.2291895,other,none,high
10.1080/00365521.2023.2173533,other,rituximab,low
10.1080/00913847.1989.11709812,other,unspecified,low
10.1080/00913847.1989.11709813,other,unspecified,low
10.1080/00926230701866232,other,not applicable,high
10.1080/00926230903065179,other,unspecified,low
10.1080/01421590801946970,other,none,high
10.1080/00325481.1991.11700814,anti-inflammatory,nonsteroidal anti-inflammatory drugs,medium
10.1080/01443619965174,other,none,high
10.1080/0092623x.2013.864370,other,none,high
10.1080/01459740.2001.9966180,other,none,high
10.1080/01621459.2013.830071,other,unspecified,high
10.1080/016128400247979,other,none,high
10.1080/01688639708403744,other,none,high
10.1080/01688639608408290,other,none - observational study,high
10.1080/01926187.2011.642651,psychological,family and partner support,medium
10.1080/02667363.2011.629461,psychological,self-management psychology education,high
10.1080/02668734.2012.678644,psychological,cognitive behavioural therapy,high
10.1080/02691728.2023.2171748,other,not applicable,high
10.1080/0266736990150305,other,not_applicable,high
10.1080/028134300453377,other,none,high
10.1080/02699052.2025.2575479,other,unspecified,high
10.1080/02813430500254034,other,not applicable,high
10.1080/02813432.2023.2235609,psychological,cognitive behavioral therapy,medium
10.1080/030097400750001798,other,unspecified,high
10.1080/02813432.2026.2637743,other,unspecified,high
10.1080/0306988031000147884,psychological,professional support group facilitation,high
10.1080/03007995.2023.2242244,other,unspecified,high
10.1080/03630240802131965,other,unspecified,high
10.1080/03069885.2014.987725,psychological,group-based education programme,high
10.1080/07315724.2000.10718934,supplement,magnesium,high
10.1080/073993300245249,other,none,high
10.1080/07399330600803741,other,unspecified,high
10.1080/07399330600803766,other,unspecified,high
10.1080/073993300245258,other,none,high
10.1080/07399332.2012.684816,other,none,high
10.1080/07399332.2014.962139,other,unspecified,high
10.1080/07399330050082263,other,unspecified,high
10.1080/07399332.2019.1663195,other,unspecified,low
10.1080/07399332.2021.1925900,other,none,high
10.1080/07399332.2018.1521811,other,not applicable,high
10.1080/07399332.2022.2043862,other,unspecified,high
10.1080/07481187.2020.1776789,other,none,high
10.1080/07407709908571322,other,none,high
10.1080/07481187.2022.2132551,other,not applicable,high
10.1080/07420528.2024.2380020,other,not applicable,high
10.1080/07853890.2019.1683601,other,none,high
10.1080/07853890.2023.2208372,other,not applicable,high
10.1080/08039488.2018.1493747,other,unspecified,high
10.1080/08854726.2010.492713,psychological,forgiveness enhancement,high
10.1080/08039488.2024.2332442,other,not applicable,high
10.1080/08870440290029575,other,unspecified,high
10.1080/08870440701619957,other,not applicable,high
10.1080/08870440701757393,psychological,qualitative interview and analysis,low
10.1080/08870440802403863,other,none,high
10.1080/08870440903494191,other,not applicable,high
10.1080/08870446.2012.721882,other,none,high
10.1080/08870446.2010.519769,other,not applicable,high
10.1080/08870446.2016.1167209,other,none,high
10.1080/08870446.2013.863885,other,unspecified,high
10.1080/08870440108405506,other,unspecified,high
10.1080/08870446.2023.2220009,other,none,high
10.1080/08870446.2019.1579331,other,none,high
10.1080/08870449208404293,other,unspecified,high
10.1080/08870448908400373,other,unspecified,high
10.1080/08916930701197273,other,unspecified,high
10.1080/08870449908407340,other,no intervention studied,high
10.1080/08870449808407452,other,none,high
10.1080/08870449808406134,other,none,high
10.1080/08916930902736663,other,unspecified,high
10.1080/08923970802391525,immunomodulator,hochu-ekki-to (tj-41) combined with interferon-gamma,high
10.1080/08964280903521370,other,not applicable,high
10.1080/08964289.1995.9933737,other,unspecified,low
10.1080/08995601003638892,other,none,high
10.1080/08989575.2016.1138359,other,none,high
10.1080/08964289.1996.9933767,neurostimulation,eeg neurofeedback,high
10.1080/09540261.2016.1191448,psychological,yoga,high
10.1080/09084282.2011.595448,rehabilitation,cognitive rehabilitation,high
10.1080/09540260600583015,supplement,eicosapentaenoic acid (epa),high
10.1080/09540260600581852,other,membrane phospholipid and fatty acid intervention,low
10.1080/09084282.2013.771264,other,none,high
10.1080/09593980490424950,other,questionnaire validation study,high
10.1080/09553002.2018.1422871,other,unspecified,high
10.1080/09638230021000058346,psychological,coping and optimism intervention,high
10.1080/09638230124091,other,none,high
10.1080/09593980701429406,rehabilitation,breathing retraining,high
10.1080/09593985.2017.1331481,psychological,pain neuroscience education,high
10.1080/09638230500136548,psychological,cognitive behavioural therapy,high
10.1080/09638239917274,other,none,high
10.1080/09638230500076165,other,none,high
10.1080/09638230500136621,other,unspecified,high
10.1080/09638280802652015,other,n/a,high
10.1080/09638230500136571,rehabilitation,employment-focused rehabilitation,high
10.1080/09638288.2018.1481149,other,not applicable,high
10.1080/09638288.2017.1383518,other,not applicable,high
10.1080/09638280701654518,psychological,art-making (leisure-based arts and crafts),high
10.1080/09638288.2018.1499822,rehabilitation,guided graded exercise self-help,high
10.1080/09638288.2021.1949049,exercise,graded exercise therapy,high
10.1080/09687599.2012.669107,other,none,high
10.1080/09638288.2022.2059112,exercise,graded exercise therapy,high
10.1080/09638288.2022.2043462,other,not applicable,high
10.1080/09687599.2025.2492653,other,none,high
10.1080/09638288.2022.2135776,rehabilitation,activity pacing,high
10.1080/09687599.2013.796876,other,not applicable,high
10.1080/10284150310001640356,other,unspecified,high
10.1080/10253890601130823,other,not applicable,high
10.1080/09638230500136308,exercise,graded exercise therapy,high
10.1080/10284150400004148,supplement,essential fatty acids,medium
10.1080/10304312.2013.794190,other,virtual reality support intervention,low
10.1080/10573320802092039,other,nurse-delivered nonpharmacologic intervention,high
10.1080/10550887.2025.2541133,other,unspecified,high
10.1080/10503307.2010.535571,psychological,cognitive behaviour therapy (cbt),high
10.1080/10582450802161838,other,none,high
10.1080/10582450801960255,other,unspecified,low
10.1080/10833196.2017.1300624,other,physical activity measurement,high
10.1080/10582450802479784,other,unspecified,low
10.1080/10810730.2024.2369810,other,none,high
10.1080/10615806.2014.888060,other,none,high
10.1080/10833196.2025.2459537,exercise,"powerlifting exercises (back squat, bench press, deadlift)",high
10.1080/10833196.2017.1327131,rehabilitation,gravitational deconditioning rehabilitation,medium
10.1080/10852352.2014.973233,other,none,high
10.1080/10852352.2014.973235,other,none,high
10.1080/10852352.2014.973238,other,none,high
10.1080/10852352.2014.973237,other,not applicable,high
10.1080/10852352.2014.973239,other,none,high
10.1080/10911359.2012.707896,other,activity logs,low
10.1080/10852352.2014.973242,other,not applicable,high
10.1080/109158199225116,other,unspecified,low
10.1080/10852352.2014.973240,other,none,high
10.1080/10911359.2015.1011256,other,not applicable,low
10.1080/10926771.2011.566035,other,none,high
10.1080/11038128.2018.1455895,other,none,high
10.1080/11038128.2023.2200580,other,none,high
10.1080/13543784.2023.2242773,other,"multiple drugs (rintatolimod, lty-100, treamid, metformin)",low
10.1080/13548506.2011.582124,other,none,high
10.1080/13548500701335698,other,none,high
10.1080/1354850310001604568,other,none,high
10.1080/135468098396099,other,none,high
10.1080/13548506.2014.951370,psychological,acceptance and commitment therapy,high
10.1080/13548506.2023.2195670,other,none,high
10.1080/13548506.2025.2495891,other,none,high
10.1080/13548506.2025.2606183,other,not applicable,high
10.1080/13590840050000852,other,none,high
10.1080/13557850500138613,psychological,coping strategy intervention,high
10.1080/13590840120103085,immunomodulator,thymic protein a,high
10.1080/13590849961690,other,unspecified,low
10.1080/13590840400010284,other,none,high
10.1080/13590840600681751,supplement,vitamin and mineral supplementation,medium
10.1080/13590840310001642003,supplement,"fish oil, vitamin b2, pantothenate, molybdenum, epsom salt, vitamin b6, zinc, magnesium, n-acetyl cysteine, vitamin c",medium
10.1080/13590849961492,other,none,high
10.1080/13603110903045996,other,none,high
10.1080/13590849961834,other,"multitherapeutic approach (wheat-free diet, nutritional supplementation, homoeopathic treatment, psychotherapy)",medium
10.1080/13623699808409384,other,unspecified,low
10.1080/13648470.1998.9964567,other,unspecified,low
10.1080/13648470.1999.9964583,other,not applicable,high
10.1080/13803390490510095,other,none,high
10.1080/1369118x.2012.656139,other,none - not a drug/treatment study,high
10.1080/13803395.2016.1230180,other,none,high
10.1080/13803395.2012.668176,other,validity indicator profile,low
10.1080/13854040802441135,other,unspecified,high
10.1080/14427591.2013.804619,other,none,high
10.1080/1464936042000317730,other,unspecified,high
10.1080/14680777.2019.1595694,other,not applicable,high
10.1080/14733140600711955,psychological,multi convergent therapy,high
10.1080/14737159.2020.1681976,other,diagnostic blood test,low
10.1080/14733140701526294,rehabilitation,counselling and residential rehabilitation courses,high
10.1080/14768320600774595,other,none,high
10.1080/14768320600976224,other,none,high
10.1080/14737175.2025.2516097,other,unspecified,low
10.1080/14780887.2011.616621,other,not applicable,high
10.1080/14768320701246469,other,none,high
10.1080/15438620500222562,other,none,high
10.1080/15438620601184331,other,none,high
10.1080/15438629609512057,other,none,high
10.1080/15502783.2025.2517278,supplement,creatine,high
10.1080/15592294.2018.1549769,other,unspecified,high
10.1080/17402520600568252,other,unspecified,high
10.1080/16506070410025823,psychological,cognitive behaviour therapy,high
10.1080/17468840701680413,other,none,high
10.1080/17405904.2013.829114,other,none,high
10.1080/17482631.2020.1764830,psychological,cognitive behavioural therapy,high
10.1080/15622970701310971,other,cognitive behavioural therapy,low
10.1080/1744666x.2022.2116002,other,unspecified,high
10.1080/17482631.2022.2146244,other,none,high
10.1080/17482631.2023.2223420,other,unspecified,high
10.1080/17482631.2025.2595829,psychological,cognitive behavioural therapy,high
10.1080/17513758.2012.704083,other,none,high
10.1080/17843286.1994.11718404,other,unspecified,high
10.1080/17533010903495306,other,art-making intervention,high
10.1080/17843286.2016.1165396,other,none,high
10.1080/17843286.2016.1196862,other,unspecified,high
10.1080/19404159909546606,other,none,low
10.1080/19371910802053232,other,none,high
10.1080/20013078.2018.1453730,other,unspecified,high
10.1080/21548331.1997.11443513,other,unspecified,low
10.1080/19490976.2016.1256524,other,unspecified,low
10.1080/21641846.2012.733602,rehabilitation,energy envelope intervention,high
10.1080/21507740.2013.796325,other,unspecified,low
10.1080/21507740.2013.806376,psychological,person-centered care / self-management,medium
10.1080/21635781.2016.1175980,other,none,high
10.1080/17843286.2016.1200816,other,methylphenidate,high
10.1080/21641846.2013.774556,other,not applicable,high
10.1080/21641846.2013.795085,other,unspecified,high
10.1080/21641846.2013.812831,other,none,high
10.1080/21641846.2013.838444,other,none,high
10.1080/21641846.2013.860779,other,not applicable,high
10.1080/21641846.2013.828960,other,none,high
10.1080/21641846.2014.892755,other,none,high
10.1080/21641846.2014.906066,other,not applicable,high
10.1080/21641846.2013.862993,other,not applicable,high
10.1080/21641846.2013.843255,psychological,stress management skills,high
10.1080/21641846.2014.928014,other,not applicable,high
10.1080/21641846.2014.904066,rehabilitation,home-based self-management program,high
10.1080/21641846.2014.935607,other,none,high
10.1080/21641846.2014.978110,other,depual symptom questionnaire,low
10.1080/21641846.2014.993873,psychological,cognitive behavioural therapy with graded exercise therapy and pacing,high
10.1080/21641846.2014.978109,other,unspecified,high
10.1080/21641846.2015.1004831,other,not applicable,high
10.1080/21641846.2015.1017344,other,not applicable,high
10.1080/21641846.2015.1023652,other,not applicable,high
10.1080/21641846.2015.1024003,other,not applicable,high
10.1080/21641846.2015.1024004,other,unspecified,high
10.1080/21641846.2015.1033271,other,none,high
10.1080/21641846.2015.1035519,other,coping strategies and psychological interventions,high
10.1080/21641846.2015.1041336,other,not_applicable,high
10.1080/21641846.2015.1090816,other,unspecified,high
10.1080/21641846.2015.1051291,other,not applicable,high
10.1080/21641846.2015.1091152,other,unspecified,high
10.1080/21641846.2015.1039289,other,none,high
10.1080/21641846.2015.1106176,other,none,high
10.1080/21641846.2015.1097102,other,complementary and alternative medicine (unspecified),low
10.1080/21641846.2015.1124520,other,n/a,high
10.1080/21641846.2015.1126026,other,not applicable,high
10.1080/21641846.2015.1126025,other,"citalopram, fentanyl, low-dose stimulants, bupropion",low
10.1080/21641846.2016.1167470,other,none,high
10.1080/21641846.2016.1160598,other,unspecified,high
10.1080/21641846.2016.1206176,other,unspecified,high
10.1080/21641846.2016.1205876,psychological,fatigue self-management,high
10.1080/21641846.2016.1200884,psychological,cognitive-behavior therapy,high
10.1080/21641846.2016.1207400,other,none,high
10.1080/21641846.2016.1217666,psychological,self-management,medium
10.1080/21641846.2016.1236588,other,none,high
10.1080/21641846.2016.1222699,psychological,cognitive behavioural therapy for insomnia (cbt-i),high
10.1080/21641846.2016.1247971,other,unspecified,low
10.1080/21641846.2017.1259724,rehabilitation,graded exercise therapy,high
10.1080/21641846.2016.1250862,other,none,high
10.1080/21641846.2017.1273863,other,none,high
10.1080/21641846.2017.1287546,other,unspecified,high
10.1080/21641846.2017.1280114,other,none,high
10.1080/21641846.2017.1278634,psychological,self-management intervention,high
10.1080/21641846.2017.1297280,other,none,high
10.1080/21641846.2017.1288629,psychological,cognitive behaviour therapy,high
10.1080/21641846.2017.1299077,other,none,high
10.1080/21641846.2017.1321166,other,acute exercise,high
10.1080/21641846.2017.1299079,other,not applicable,high
10.1080/21641846.2017.1299358,rehabilitation,graded exercise therapy,high
10.1080/21641846.2017.1311824,other,none,high
10.1080/21641846.2017.1322236,other,none,high
10.1080/21641846.2017.1322235,other,unspecified,high
10.1080/21641846.2017.1323576,other,not applicable,high
10.1080/21641846.2017.1333185,other,not applicable,high
10.1080/21641846.2017.1335237,other,none,high
10.1080/21641846.2017.1362750,other,unspecified,high
10.1080/21641846.2017.1353578,other,n/a,high
10.1080/21641846.2017.1362780,other,not applicable,low
10.1080/21641846.2018.1384095,other,none,high
10.1080/21641846.2018.1389336,other,none,high
10.1080/21641846.2018.1426086,other,not applicable,high
10.1080/21641846.2018.1419553,other,not_applicable,high
10.1080/21641846.2017.1343171,psychological,cognitive behavioral self-management,high
10.1080/21641846.2018.1426371,other,none (observational study),high
10.1080/21641846.2018.1453265,other,not applicable,low
10.1080/21641846.2018.1494530,other,n/a,high
10.1080/21641846.2018.1453919,other,none,high
10.1080/21641846.2018.1503125,other,unspecified,high
10.1080/21641846.2018.1515583,other,none,high
10.1080/21641846.2018.1488525,other,none,high
10.1080/21641846.2019.1580855,other,unspecified,high
10.1080/21641846.2018.1524216,other,not applicable,high
10.1080/21641846.2019.1600825,other,none,high
10.1080/21641846.2019.1629760,psychological,acceptance-based coping,high
10.1080/21641846.2019.1652417,other,none,high
10.1080/21641846.2019.1653471,other,not applicable,high
10.1080/21641846.2019.1675856,rehabilitation,post-exercise autonomic assessment,low
10.1080/21641846.2019.1687117,other,not applicable,high
10.1080/21641846.2020.1751455,exercise,group aquatic exercise,high
10.1080/21641846.2020.1718292,other,none,high
10.1080/21641846.2020.1757809,other,not applicable,high
10.1080/21641846.2020.1793058,other,none,high
10.1080/21641846.2020.1816879,other,not applicable,high
10.1080/21641846.2020.1827503,other,none,high
10.1080/21641846.2019.1692770,other,low-dose naltrexone,high
10.1080/21641846.2020.1845287,other,none,high
10.1080/21641846.2021.1876613,other,unspecified,high
10.1080/21641846.2021.1878716,other,none,high
10.1080/21641846.2020.1848262,exercise,graded exercise therapy,high
10.1080/21641846.2021.1890347,other,unspecified,low
10.1080/21641846.2021.1905415,other,not applicable,high
10.1080/21641846.2021.1915131,other,none,high
10.1080/21641846.2021.1935373,psychological,lightning process,high
10.1080/21641846.2021.1922140,other,none,high
10.1080/21641846.2021.1950406,psychological,online support groups,high
10.1080/21641846.2020.1834295,other,none,high
10.1080/21641846.2021.1976560,other,unspecified,low
10.1080/21641846.2021.1956223,other,none,high
10.1080/21641846.2021.1994222,other,saliva fatigue biomarker index,high
10.1080/21641846.2021.1969800,other,none,high
10.1080/21641846.2022.2038519,supplement,molecular hydrogen (hydrogen-enriched water),high
10.1080/21641846.2022.2062169,other,not applicable,high
10.1080/21641846.2022.2124064,other,none,high
10.1080/21641846.2022.2108628,other,repeated maximal exercise testing,high
10.1080/21641846.2022.2124775,other,unspecified,high
10.1080/21641846.2022.2128576,psychological,mental health support,high
10.1080/21641846.2022.2150487,other,none,high
10.1080/21641846.2023.2175521,psychological,cognitive behavioural therapy,high
10.1080/21641846.2023.2175579,other,not applicable,high
10.1080/21641846.2023.2239977,other,not applicable,high
10.1080/21641846.2023.2245584,other,home-based physiological testing protocol,high
10.1080/21641846.2023.2252613,other,unspecified,high
10.1080/21641846.2024.2303887,other,not applicable,high
10.1080/21641846.2024.2306801,psychological,cognitive behavioral stress management,high
10.1080/21641846.2023.2286029,neurostimulation,transcutaneous auricular vagus nerve stimulation,high
10.1080/21641846.2024.2314409,other,not applicable,high
10.1080/21641846.2024.2322915,other,unspecified,high
10.1080/21641846.2024.2350301,other,unspecified,high
10.1080/21641846.2024.2335861,other,not applicable,high
10.1080/21641846.2024.2433390,rehabilitation,pacing,high
10.1080/21641846.2024.2367921,other,"synergistic off-label treatment (spironolactone, colchicine, low-dose naltrexone, multivitamins)",high
10.1080/21641846.2024.2444826,other,not applicable,high
10.1080/21641846.2025.2513807,neurostimulation,transcranial magnetic stimulation,high
10.1080/21641846.2026.2688051,other,none,high
10.1080/21641846.2026.2684907,other,not applicable,high
10.1080/21642850.2013.869176,other,none,high
10.1080/21641846.2025.2556941,other,not applicable,high
10.1080/21641846.2026.2671625,other,not applicable,high
10.1080/21642850.2014.1000908,other,unspecified,low
10.1080/21642850.2015.1027706,other,none,high
10.1080/22201173.2014.936754,device,paravertebral block,high
10.1080/23311908.2025.2517870,other,self-management,high
10.1080/23279095.2024.2434557,other,cognitive reserve enhancement,high
10.1080/25785826.2024.2445399,supplement,5-aminolevulinic acid with sodium ferrous citrate (5-ala/sfc),high
10.1080/23311908.2015.1079945,other,none,high
10.1080/27707571.2024.2359958,other,none,high
10.1080/21642850.2015.1014489,other,none,high
10.1080/j.1440-1614.2000.00810.x,other,none,high
10.1080/23279095.2018.1519509,psychological,feedback intervention,high
10.1080/j003v17n02_04,other,not applicable,high
10.1080/j003v17n02_05,rehabilitation,occupational therapy,high
10.1080/j003v18n03_03,psychological,occupational therapy,high
10.1080/j003v19n04_02,rehabilitation,goal-setting rehabilitation program,high
10.1080/j354v18n01_09,other,unspecified,low
10.1080/j354v16n04_15,other,not applicable,low
10.1081/cbi-100101035,other,none,high
10.1080/j354v20n03_19,other,unspecified,low
10.1081/erc-200035599,other,unspecified,high
10.1081/iph-120026435,supplement,bojungikki-tang,high
10.1081/cbi-100103194,other,none,high
10.1086/313908,other,none,high
10.1081/txr-120026913,other,none,high
10.1086/341774,other,none,high
10.1086/319362,other,none,high
10.1086/324357,other,none,high
10.1086/367666,other,unspecified,low
10.1086/339194,other,none,high
10.1086/374666,immunomodulator,intravenous immunoglobulin (ivig),high
10.1086/513627,immunomodulator,intravenous immunoglobulin,high
10.1086/533453,other,none,high
10.1086/533471,other,unspecified,high
10.1086/657168,other,unspecified,high
10.1088/0967-3334/33/2/231,other,photoplethysmography (diagnostic),low
10.1088/1758-5090/adf66c,other,unspecified,high
10.1086/736031,other,not applicable,high
10.1086/730432,other,unspecified,high
10.1089/10799900252952235,other,unspecified,high
10.1086/517373,anti-inflammatory,dexamethasone,high
10.1089/109662002763003366,supplement,"antioxidants (carvedilol, melatonin, withania somnifera, quercetin, st. john's wort)",high
10.1089/acm.2006.12.857,supplement,d-ribose,high
10.1089/acm.2008.0376,other,unspecified,low
10.1086/657167,other,unspecified,high
10.1089/acm.2010.0258,rehabilitation,structural integration,high
10.1089/acm.2008.0496,other,pet ownership,high
10.1089/acu.2007.0601,other,acupuncture,high
10.1089/aid.2012.0014,other,unspecified,high
10.1089/acu.2013.1009,other,acupuncture,high
10.1089/ars.2013.5346,other,unspecified,high
10.1089/ars.2014.6181,supplement,coenzyme q10 plus nadh,high
10.1089/aid.2011.0149,other,not applicable,high
10.1089/ars.2020.8230,other,unspecified,high
10.1089/ars.2022.0018,supplement,coenzyme q10 plus selenium,high
10.1089/acm.2014.0055,psychological,yoga-based lifestyle intervention,high
10.1089/brain.2017.0549,other,none,high
10.1089/brain.2015.0366,other,not applicable,high
10.1089/cmb.2007.0041,other,unspecified,high
10.1089/cpb.2009.0002,other,none,high
10.1089/jir.2016.29001.rjs,other,unspecified,low
10.1089/brain.2022.0049,other,none,high
10.1089/jwh.1998.7.1135,other,none,high
10.1089/jir.1997.17.377,other,none,high
10.1089/jmf.2005.8.47,supplement,green tea extract and catechin,high
10.1089/jmf.2014.7000,probiotic,probiotics,medium
10.1089/jwh.2009.1507,other,exercise challenge,high
10.1089/nsm.2019.0009,exercise,submaximal exercise,high
10.1089/jwh.2009.1900,other,none,high
10.1089/whr.2022.0052,other,not applicable,high
10.1089/jwh.2009.1697,other,l-tryptophan,medium
10.1089/jwh.2008.1255,other,none,high
10.1093/abm/16.3.228,other,none,high
10.1093/aje/153.6.604,other,none,high
10.1093/bioinformatics/btz686,other,unspecified,low
10.1093/arclin/10.4.376,other,none,high
10.1093/aje/kwx029,other,unspecified,low
10.1093/annhyg/meg042,other,organophosphate pesticides,high
10.1093/arclin/10.4.348,other,unspecified,high
10.1093/aje/kwf187,other,none,high
10.1093/bjsopen/zrab032,other,unspecified,high
10.1093/bja/aen242,other,unspecified,high
10.1093/bmb/ldr010,other,unspecified,high
10.1093/bmb/ldv057,other,unspecified,high
10.1093/braincomms/fcaa070,exercise,exercise,high
10.1093/brain/awag016,other,unspecified,low
10.1093/brain/awh225,other,none,high
10.1093/brain/awn207,psychological,cognitive behavioural therapy,high
10.1093/brain/awn140,psychological,cognitive behavioural therapy,high
10.1093/brain/awn358,psychological,cognitive behavioural therapy,high
10.1093/brain/awn208,psychological,cognitive behavioral therapy,high
10.1093/braincomms/fcag101,other,none,high
10.1093/braincomms/fcag173,other,unspecified,high
10.1093/cdj/bsm043,other,unspecified,low
10.1093/cdn/nzac062.014,other,unspecified,high
10.1093/cid/ciab075,other,unspecified,low
10.1093/cid/ciaa1886,other,none,high
10.1093/cid/ciae632,other,not applicable,high
10.1093/cid/cit086,other,none,high
10.1093/cid/ciaf624,other,unspecified,high
10.1093/cid/civ470,other,not applicable,high
10.1093/cid/ciag240,other,unspecified,high
10.1093/cid/ciw767,other,none,high
10.1093/cid/civ699,other,none,high
10.1093/clind/15.6.1049,other,none,high
10.1093/clinids/13.supplement_1.s119,other,unspecified,high
10.1093/clinids/13.supplement_1.s123,other,unspecified,high
10.1093/clinids/13.supplement_1.s112,other,unspecified,low
10.1093/clinids/13.supplement_1.s114,other,unspecified,low
10.1093/clinids/13.supplement_1.s12,other,none,high
10.1093/clinids/13.supplement_1.s19,other,none,high
10.1093/clinids/13.supplement_1.s138,other,unspecified,low
10.1093/clinids/13.supplement_1.s26,other,none,high
10.1093/clinids/13.supplement_1.s45,other,none,high
10.1093/clinids/13.supplement_1.s32,other,none,high
10.1093/clinids/13.supplement_1.s56,other,unspecified,high
10.1093/clinids/13.supplement_1.s109,other,vestibular function testing,high
10.1093/clinids/13.supplement_1.s68,other,none,high
10.1093/clinids/13.supplement_1.s60,other,none,high
10.1093/clinids/13.supplement_1.s87,other,unspecified,low
10.1093/clinids/13.supplement_1.s8,other,none,high
10.1093/clinids/13.supplement_1.s73,other,none,high
10.1093/clinids/13.supplement_1.s98,other,exercise,high
10.1093/clinids/13.supplement_1.s90,other,unspecified,high
10.1093/clinids/13.supplement_1.s39,other,unspecified,high
10.1093/clinids/17.6.1074,other,not applicable,high
10.1093/clinids/13.supplement_1.s94,other,unspecified,high
10.1093/clinids/18.supplement_1.s105,psychological,cognitive behavioral therapy,high
10.1093/clinids/18.supplement_1.s112-a,psychological,cognitive-behavioral therapy,high
10.1093/clinids/18.supplement_1.s115,other,unspecified,low
10.1093/clinids/18.supplement_1.s11,other,none,high
10.1093/clinids/18.supplement_1.s114,supplement,porcine liver extract,high
10.1093/clinids/18.supplement_1.s121,other,unspecified,high
10.1093/clinids/18.supplement_1.s130,other,unspecified,low
10.1093/clinids/18.supplement_1.s136,other,none,high
10.1093/clinids/18.supplement_1.s126,other,none,high
10.1093/clinids/18.supplement_1.s111,psychological,sertraline,high
10.1093/clinids/18.supplement_1.s142,exercise,isometric hand-grip exercise,high
10.1093/clinids/18.supplement_1.s147,other,none,high
10.1093/clinids/18.supplement_1.s157,other,unspecified,high
10.1093/clinids/18.supplement_1.s160,other,unspecified,low
10.1093/clinids/18.supplement_1.s28,other,none,high
10.1093/clinids/14.2.623,other,unspecified,high
10.1093/clinids/18.supplement_1.s21,other,unspecified,high
10.1093/clinids/18.supplement_1.s16,other,none,high
10.1093/clinids/18.supplement_1.s32,other,none,high
10.1093/clinids/18.supplement_1.s166,other,unspecified,low
10.1093/clinids/18.supplement_1.s43,other,none,high
10.1093/clinids/18.supplement_1.s49,other,none,high
10.1093/clinids/18.supplement_1.s3,other,none,high
10.1093/clinids/18.supplement_1.s54-b,other,not applicable,high
10.1093/clinids/18.supplement_1.s54,other,unspecified,low
10.1093/clinids/18.supplement_1.s57,other,n/a,high
10.1093/clinids/18.supplement_1.s55,other,unspecified,low
10.1093/clinids/18.supplement_1.s54-a,other,none,high
10.1093/clinids/18.supplement_1.s62,other,acylcarnitine,low
10.1093/clinids/18.supplement_1.s73,psychological,cognitive behavioral intervention,high
10.1093/clinids/18.supplement_1.s68,other,unspecified,high
10.1093/clinids/18.supplement_1.s84,other,unspecified,high
10.1093/clinids/18.supplement_1.s7,other,none,high
10.1093/clinids/18.supplement_1.s86-a,other,not applicable,high
10.1093/clinids/18.supplement_1.s86,other,unspecified,high
10.1093/clinids/18.supplement_1.s88,immunomodulator,poly(i).poly(c12u),high
10.1093/clinids/19.4.804,other,unspecified,high
10.1093/clinids/19.3.448,other,none,high
10.1093/clinids/18.supplement_1.s96,immunomodulator,poly(i).poly(c12u),high
10.1093/clinids/20.5.1390,other,none,high
10.1093/clinids/19.5.860,other,none,high
10.1093/clinids/20.2.467,other,none,high
10.1093/clinids/21.3.708-a,other,unspecified,low
10.1093/clinids/21.6.1386,other,not applicable,high
10.1093/clinids/21.5.1204,other,none,high
10.1093/ecam/neh020,supplement,hochu-ekki-to (tj-41),high
10.1093/clinids/23.2.385,other,none,high
10.1093/ecco-jcc/jjad212.0067,other,unspecified,high
10.1093/ecam/nep208,supplement,polysaccharide of radix pseudostellariae,high
10.1093/ecam/nek012,supplement,brewers' yeast extract,high
10.1093/ecam/nen017,other,traditional chinese medicine,medium
10.1093/eurheartj/ehz746.0311,other,not applicable,high
10.1093/eurheartj/eht310.p5066,other,none,high
10.1093/eurheartj/suab133.018,other,oxygen-ozone insufflations and probiotics,medium
10.1093/ehjcr/ytaf425,other,smartwatch ecg monitoring,high
10.1093/eurheartj/suac012.408,other,none - case report of cardiac findings,high
10.1093/eurpub/ckaf161.1581,other,pacing strategy,low
10.1093/eurpub/ckae144.1317,rehabilitation,rehabilitation sport and functional training,high
10.1093/fampra/10.1.14,other,service delivery model,low
10.1093/fampra/13.1.106,other,none,high
10.1093/fampra/16.6.602,other,unspecified,high
10.1093/eurpub/ckp113,other,none,high
10.1093/fampra/cmi019,other,not applicable,high
10.1093/europace/eum235,other,ivabradine,high
10.1093/fampra/cmn064,other,unspecified,high
10.1093/fampra/cmr016,other,not applicable,high
10.1093/fampra/cmt081,other,none,high
10.1093/fampra/cmi021,other,none,high
10.1093/hmg/ddaa169,other,none,high
10.1093/hmg/4.4.751,other,unspecified,high
10.1093/humrep/17.10.2715,other,not applicable,high
10.1093/hsw/hlx029,other,unspecified,low
10.1093/fampra/cmac060,other,modafinil,high
10.1093/ije/dyp147,other,not applicable,high
10.1093/infdis/160.4.722-a,other,unspecified,low
10.1093/infdis/165.1.184,other,none,high
10.1093/infdis/165.6.994,other,none,high
10.1093/infdis/159.2.362,other,unspecified,high
10.1093/infdis/170.1.1,other,none,high
10.1093/infdis/172.5.1364,other,none,high
10.1093/infdis/173.2.460,other,none,high
10.1093/infdis/jir612,other,none,high
10.1093/intimm/dxt068,other,none,high
10.1093/jimmun/vkaf283.149,other,fecal microbiota transplantation,high
10.1093/ijnp/pyae059.104,other,unspecified,high
10.1093/jimmun/vkaf087,other,none,high
10.1093/jimmun/vkaf283.2111,other,unspecified,high
10.1093/infdis/175.1.136,other,none,high
10.1093/jimmun/vkaf283.2434,other,none,high
10.1093/jpepsy/jsaf048,other,not applicable,high
10.1093/jpepsy/jsag007,other,not applicable,high
10.1093/jpepsy/jsl032,other,none,high
10.1093/med/9780197575390.003.0007,other,unspecified,low
10.1093/jpepsy/jsr042,other,none,high
10.1093/med/9780198962137.001.0001,other,unspecified,low
10.1093/jpepsy/jsq104,other,unspecified,low
10.1093/med/9780198713005.003.0131,other,not applicable,low
10.1093/occmed/47.4.217,rehabilitation,occupational rehabilitation,medium
10.1093/occmed/kqi012,other,not applicable,high
10.1093/fampra/7.2.152,,,
10.1093/occmed/kqi014,other,unspecified,low
10.1093/occmed/kqz108,other,none,high
10.1093/occmed/kqq091,other,not applicable,high
10.1093/occmed/kqi013,other,unspecified,high
10.1093/occmed/kqi015,other,"multiple interventions (cognitive behaviour therapy, graded exercise therapy, antidepressants, corticosteroids, immunological interventions, nutritional supplements)",low
10.1093/ofid/ofae080,other,unspecified,high
10.1093/ofid/ofae631.2132,other,not applicable - biomarker study,high
10.1093/ofid/ofae631.2514,antiviral,remdesivir and nirmaltrelvir/ritonavir,high
10.1093/ofid/ofag209,other,none,high
10.1093/oso/9780198801740.003.0051,other,unspecified,high
10.1093/ofid/ofaf695.1837,other,unspecified,high
10.1093/oxfimm/iqaf010,other,unspecified,low
10.1093/oxfordhb/9780198817338.013.72,other,psychotherapy,high
10.1093/oxfimm/iqad003,device,intranasal mechanical stimulation,high
10.1093/oxfordjournals.aje.a009562,other,none,high
10.1093/oxfordjournals.aje.a009911,other,unspecified,high
10.1093/oxfimm/iqag007,other,not applicable,high
10.1093/oxfordjournals.bmb.a072520,psychological,psychological intervention,high
10.1093/oxfordjournals.bjsw.a011264,other,unspecified,low
10.1093/oxfordjournals.bmb.a072511,other,unspecified,high
10.1093/oxfordjournals.bmb.a072523,other,none,high
10.1093/pm/pnaa410,other,none,high
10.1093/oxfordjournals.epirev.a017977,other,none,high
10.1093/pm/pnab308,other,unspecified,high
10.1093/oxfordjournals.pubmed.a024516,other,no specific intervention,high
10.1093/pm/pnaa068,other,none,high
10.1093/qjmed/91.7.475,other,unspecified,high
10.1093/qjmed/90.3.223,other,no intervention studied,high
10.1093/qjmed/91.7.465,exercise,maximal treadmill exercise,high
10.1093/oxfordjournals.bmb.a072522,other,unspecified,low
10.1093/qjmed/95.10.677,supplement,polynutrient supplement,high
10.1093/qjmed/95.8.527,other,none,high
10.1093/qjmed/95.8.539,other,none,high
10.1093/qjmed/hch032,other,not applicable,high
10.1093/qjmed/hcg018,device,head-up tilt test,high
10.1093/qjmed/hch067,psychological,cognitive behaviour therapy,high
10.1093/qjmed/hcg057,other,head-up tilt test,high
10.1093/qjmed/hcn123,other,none,high
10.1093/qjmed/hcl063,supplement,biobran mgn-3,high
10.1093/qjmed/hcm057,other,unspecified,high
10.1093/qjmed/hcq094,other,not applicable,high
10.1093/qjmed/hcq113,other,unspecified,high
10.1093/qjmed/hcq140,supplement,unspecified,medium
10.1093/qjmed/hcs003,other,unspecified,low
10.1093/qjmed/hcs156,other,none,high
10.1093/qjmed/hcr029,other,physical activity,high
10.1093/qjmed/hcu037,other,none,high
10.1093/rheumatology/35.5.471,other,unspecified,low
10.1093/rheumatology/40.7.806,other,unspecified,high
10.1093/qjmed/hcs085,other,none,high
10.1093/qjmed/hct169,other,unspecified,low
10.1093/sleep/19.3.200,other,none,high
10.1093/sleep/30.5.657,other,none,high
10.1093/sleep/26.3.324,other,none,high
10.1093/sleep/27.5.973,other,unspecified,high
10.1093/rheumatology/keu106.010,exercise,graded exercise therapy,high
10.1093/sleep/zsad077.0948,device,cardiopulmonary coupling spectrogram (sleepimage ring),high
10.1093/sleep/zsae243,other,none,high
10.1093/sleep/34.5.671,other,none,high
10.1093/sleep/zsag090,other,polysomnography,low
10.1093/sleep/zsy061.279,other,none - observational study,high
10.1093/sleep/zsad077.0025,other,nls-4 (lauflumide),high
10.1096/fasebj.20.5.a1102,other,unspecified,high
10.1096/fasebj.11.13.9367343,supplement,cysteine,medium
10.1096/fasebj.2021.35.s1.03298,other,unspecified,high
10.1096/fasebj.20.5.lb124-a,other,not applicable,high
10.1096/fasebj.2020.34.s1.09487,other,unspecified,high
10.1096/fasebj.21.5.a377-c,other,hydrogen peroxide,high
10.1093/toxsci/kfr009,other,thimerosal,high
10.1096/fasebj.21.6.a767-c,other,unspecified,high
10.1093/sleepj/zsx050.657,other,clarithromycin and flumazenil,medium
10.1096/fasebj.22.1_supplement.897.13,other,acute phase phospholipids,medium
10.1096/fasebj.23.1_supplement.lb202,other,none,high
10.1096/fasebj.26.1_supplement.1035.20,other,none,high
10.1096/fasebj.28.1_supplement.628.16,other,none,high
10.1096/fasebj.29.1_supplement.1055.34,other,unspecified,high
10.1096/fasebj.30.1_supplement.lb459,other,none,high
10.1096/fasebj.31.1_supplement.lb789,other,unspecified,high
10.1097/00000441-199201000-00007,other,unspecified,low
10.1097/00000441-199902000-00006,other,unspecified,low
10.1097/00000441-200002000-00004,other,isoproterenol,medium
10.1097/00000441-200308000-00001,other,unspecified,high
10.1097/00000441-200007000-00001,device,military antishock trousers (mast),high
10.1096/fasebj.26.1_supplement.678.10,other,"apocynin, allopurinol, tempol, ebselen",medium
10.1097/00000441-200103000-00001,device,military antishock trousers (mast),medium
10.1097/00000441-200606000-00001,other,none,high
10.1097/00000441-200702000-00003,other,none,high
10.1097/00000446-199805000-00010,other,unspecified,low
10.1097/00001432-199210000-00004,psychological,cognitive behavioral therapy,high
10.1097/00001504-199503000-00005,other,unspecified,high
10.1097/00000446-200001000-00004,other,unspecified,low
10.1097/00001504-199104000-00006,other,unspecified,low
10.1097/00001504-199611000-00013,psychological,cognitive-behavioural therapy,high
10.1097/00001504-199204000-00005,rehabilitation,rehabilitative approach,medium
10.1097/00001504-200301000-00005,rehabilitation,cognitive behavioural therapy and graded exercise therapy,high
10.1097/00001574-199212000-00010,other,unspecified,low
10.1097/00001504-199911000-00024,psychological,cognitive-behavioural therapy,high
10.1097/00001721-199910000-00006,other,unspecified,low
10.1097/00001721-200010000-00013,other,anticoagulant therapy,low
10.1097/00001756-199804200-00036,other,none,high
10.1097/00001756-200412030-00002,other,unspecified,high
10.1097/00001756-200302100-00013,other,unspecified,high
10.1097/00002281-199002020-00007,other,unspecified,low
10.1097/00002060-200211001-00011,other,unspecified,high
10.1097/00002281-199110000-00018,other,unspecified,low
10.1097/00002281-199603000-00013,rehabilitation,behavioral-rehabilitative approach,high
10.1097/00001504-200303000-00014,psychological,family-based cognitive behavioural therapy,high
10.1097/00002281-199803000-00002,other,unspecified,low
10.1097/00002508-200207000-00008,other,unspecified,high
10.1097/00002371-199311000-00031,immunomodulator,β-glucan sizofiran,high
10.1097/00003072-199408000-00005,other,unspecified,high
10.1097/00002281-200103000-00005,other,unspecified,low
10.1097/00002800-200309000-00008,exercise,aerobic exercise and resistance training,high
10.1097/00003072-199904000-00036,other,none,high
10.1097/00004583-199912000-00012,other,none,high
10.1097/00004583-200502000-00007,other,not applicable,high
10.1097/00004691-199503000-00009,other,none,high
10.1097/00004703-200010000-00003,psychological,parental reinforcement of illness behavior,high
10.1097/00004650-199804000-00010,other,unspecified,low
10.1097/00004703-199908000-00010,other,unspecified,high
10.1097/00004703-200108000-00004,psychological,psychological assessment and comparison,low
10.1097/00005053-199701000-00010,other,noise stress intervention,low
10.1097/00005053-200009000-00002,other,none,high
10.1097/00005053-199706000-00001,other,none,high
10.1097/00005053-199710000-00003,other,none,high
10.1097/00002060-199803000-00018,other,none,high
10.1097/00005053-199909000-00006,other,none,high
10.1097/00005053-200110000-00008,other,none,high
10.1097/00004850-199701000-00007,other,moclobemide,high
10.1097/00005650-199609000-00005,other,none,high
10.1097/00005768-199705001-01190,exercise,acute exercise,high
10.1097/00005768-199805001-00912,other,head-up tilt table test,high
10.1097/00005768-199805001-00913,other,treadmill exercise test,high
10.1097/00005768-199805001-00436,exercise,maximal exercise test,high
10.1097/00005768-199711000-00034,exercise,physical activity and training,high
10.1097/00005768-199809000-00001,other,none,high
10.1097/00005768-199905001-02055,other,exercise (treadmill walking test),high
10.1097/00005768-199805001-00914,other,transcranial magnetic stimulation,low
10.1097/00005768-200105001-00486,other,none,high
10.1097/00005768-200105001-00739,other,none,high
10.1097/00005053-200305000-00008,other,not applicable,high
10.1097/00005768-200201000-00009,other,none,high
10.1097/00005768-200205001-00409,other,exercise testing,high
10.1097/00005768-200109000-00007,exercise,incremental treadmill exercise test,high
10.1097/00005768-200205001-01189,exercise,aerobic exercise,high
10.1097/00005768-200207000-00027,rehabilitation,exercise training,high
10.1097/00005768-200210000-00023,exercise,graded exercise therapy,high
10.1097/00005768-200207000-00026,other,exercise rehabilitation,low
10.1097/00005768-200305001-01301,other,none,high
10.1097/00005768-200305001-01302,other,none,high
10.1097/00005768-200305001-00665,other,none,high
10.1097/00005768-200305001-01299,exercise,submaximal cycle ergometry,high
10.1097/00005768-200305001-01607,other,exercise testing,high
10.1097/00005768-200305001-01606,other,none,high
10.1097/00005768-200305001-01303,exercise,aerobic exercise,high
10.1097/00006199-199705000-00004,other,no intervention studied,high
10.1097/00005768-200405001-00765,exercise,increased physical activity,high
10.1097/00005768-200505001-01200,other,none,high
10.1097/00006231-199811000-00006,other,none,high
10.1097/00006231-200108000-00054,other,unspecified,high
10.1097/00006324-199210000-00011,other,none,high
10.1097/00006324-199708000-00027,other,phenylephrine,medium
10.1097/00006454-198910000-00022,other,unspecified,low
10.1097/00006416-200411000-00005,other,unspecified,high
10.1097/00006842-199209000-00003,other,none,high
10.1097/00006842-199409000-00001,other,none,high
10.1097/00006842-199411000-00006,other,none,high
10.1097/00006842-199507000-00002,other,none,high
10.1097/00006842-199601000-00007,other,none,high
10.1097/00006842-199601000-00008,other,unspecified,high
10.1097/00006842-199701000-00008,other,none,high
10.1097/00006842-199807000-00003,other,none,high
10.1097/00006842-199711000-00006,other,none,high
10.1097/00006842-199811000-00017,other,not applicable,high
10.1097/00006842-199805000-00022,other,unspecified,high
10.1097/00006842-200109000-00009,other,exercise,high
10.1097/00006842-200009000-00009,other,unspecified,high
10.1097/00006842-199905000-00009,other,none,high
10.1097/00006842-200111000-00012,other,not applicable,high
10.1097/00007611-199107000-00005,other,unspecified,high
10.1097/00007611-199404000-00008,other,none,high
10.1097/00007611-199510000-00001,other,unspecified,low
10.1097/00013542-199701000-00003,other,unspecified,high
10.1097/00006842-200203000-00016,other,unspecified,high
10.1097/00019048-199705000-00005,other,unspecified,low
10.1097/00019048-199702000-00010,antiviral,ganciclovir,high
10.1097/00006842-200203000-00015,anti-inflammatory,dexamethasone,high
10.1097/00019048-199706050-00010,other,none,high
10.1097/00019048-200203000-00001,other,not applicable,low
10.1097/00020840-200006000-00024,other,unspecified,low
10.1097/00006842-200005000-00018,other,not applicable,high
10.1097/00041444-200109000-00003,other,none,high
10.1097/00019616-200211000-00008,other,unspecified,high
10.1097/00043764-199601000-00003,antiviral,doxycycline,high
10.1097/00043764-200006000-00012,other,none,high
10.1097/00043764-200112000-00005,other,unspecified,high
10.1097/00043764-199906000-00010,other,unspecified,low
10.1097/00045415-199805000-00008,other,unspecified,low
10.1097/00124743-199904000-00004,supplement,dehydroepiandrosterone (dhea),high
10.1097/00019616-199905000-00003,other,naloxone,high
10.1097/00135124-200511000-00008,exercise,exercise,high
10.1097/01.jcp.0000253315.66210.22,other,unspecified,low
10.1097/01.cnj.0000306004.27747.ce,other,unspecified,low
10.1097/01.mpg.0000215310.71040.c0,other,transluminal balloon angioplasty,high
10.1097/01.ju.0001008584.88541.ff.01,other,unspecified,high
10.1097/01.mbc.0000214705.80997.73,other,unspecified,high
10.1097/01.naj.0000737248.67484.2e,other,unspecified,low
10.1097/00075197-200004000-00010,anti-inflammatory,hydrocortisone,high
10.1097/01.nrl.0000038586.58012.4c,other,unspecified,high
10.1097/01.nmd.0000066155.65473.26,other,none,high
10.1097/01.psy.0000038937.67401.61,other,none,high
10.1097/01.nrl.0000106921.76055.24,psychological,collaborative doctor-patient approaches,low
10.1097/01.nurse.0000657068.67389.47,other,unspecified,high
10.1097/01.psy.0000033125.08272.a9,other,none,high
10.1097/01.psy.0000038942.33335.9b,other,none,high
10.1097/01.psy.0000075977.90337.e7,other,unspecified,high
10.1097/01.psy.0000079408.62277.3d,other,none,high
10.1097/01.jcp.0000193483.89260.a7,other,tricyclic antidepressants,high
10.1097/01.psy.0000116249.60477.e9,supplement,acetylcarnitine and propionylcarnitine,high
10.1097/01.psy.0000088587.29901.69,other,unspecified,high
10.1097/01.psy.0000161206.55324.8a,other,not applicable,high
10.1097/01.psy.0000124757.10167.b1,other,none,high
10.1097/01.psy.0000156969.76986.e0,other,placebo,high
10.1097/01.psy.0000161207.73744.4e,other,none,high
10.1097/01.psy.0000242770.50979.5f,other,none,high
10.1097/01.psy.0000138116.12495.a2,other,unspecified,high
10.1097/01.psy.0000222358.01096.54,other,unspecified,high
10.1097/01.psy.0000221384.07521.05,other,none,high
10.1097/01.yco.0000194370.40062.b0,other,unspecified,high
10.1097/01.wox.0000412067.14667.ab,other,none,high
10.1097/01.wox.0000412075.90903.e1,other,unspecified,high
10.1097/01720610-200803000-00006,other,unspecified,high
10.1097/01.ten.0000157885.71463.43,other,unspecified,high
10.1097/01253086-199317030-00020,other,unspecified,low
10.1097/01823246-201122040-00008,other,none (diagnostic test),high
10.1097/01.yco.0000245753.83502.d9,other,none,high
10.1097/01823246-201122040-00036,other,unspecified,low
10.1097/01823246-201412000-00021,other,clinical prediction rule (non-drug),high
10.1097/ajp.0000000000000099,exercise,exercise therapy,high
10.1097/ajp.0000000000000191,psychological,cognitive-behavior therapy,high
10.1097/ajp.0000000000000401,rehabilitation,activity pacing,high
10.1097/ajp.0000000000001384,other,unspecified,high
10.1097/cpt.0000000000000136,other,none,high
10.1097/ajp.0000000000000769,other,not_applicable,high
10.1097/cpt.0000000000000100,other,cardiopulmonary exercise testing,low
10.1097/cpt.0000000000000291,other,not applicable,high
10.1097/cpt.0000000000000308,other,in-ear photoplethysmography device (lumia health),high
10.1097/cpt.0000000000000317,other,unspecified,low
10.1097/ebp.0000000000000082,exercise,exercise,high
10.1097/hm9.0000000000000180,other,traditional chinese medicine,medium
10.1097/gme.0000000000000411,other,none,high
10.1097/cm9.0000000000001387,other,methylphenidate hydrochloride,high
10.1097/hnp.0000000000000744,other,traditional chinese medicine nursing technology,high
10.1097/hnp.0000000000000671,other,unspecified,low
10.1097/inf.0000000000003477,other,not applicable,high
10.1097/in9.0000000000000068,other,unspecified,high
10.1097/j.pain.0000000000002711,other,unspecified,high
10.1097/hnp.0000000000000727,other,acupuncture,high
10.1097/jcp.0b013e318225848c,other,unspecified,low
10.1097/hm9.0000000000000098,supplement,qingjin yiqi granules,high
10.1097/jom.0b013e3181a2feeb,other,not applicable,high
10.1097/mao.0000000000002020,other,otolith repositioning maneuvers,high
10.1097/jwh.0000000000000121,other,unspecified,high
10.1097/md.0000000000001211,other,unspecified,high
10.1097/mbc.0000000000001439,other,anticoagulants (apixaban) and fibrinolytics (lumbrokinase),low
10.1097/md.0000000000016720,psychological,group cognitive behavioral therapy,high
10.1097/md.0000000000009716,other,unspecified,low
10.1097/j.pain.0000000000000110,other,none,high
10.1097/md.0000000000017600,other,none,high
10.1097/jcp.0b013e3181611240,other,duloxetine and triiodothyronine,high
10.1097/md.0000000000023946,other,acupoint catgut embedding,high
10.1097/ipc.0b013e31822949c8,antiviral,antiretroviral drugs (unspecified),low
10.1097/md.0000000000007027,exercise,aerobic exercise therapy,high
10.1097/md.0000000000024572,other,acupuncture,high
10.1097/md.0000000000025742,other,moxibustion,high
10.1097/md.0000000000031819,other,unspecified,high
10.1097/md.0000000000029310,other,acupuncture and moxibustion,high
10.1097/md.0000000000035767,exercise,traditional chinese exercise (tai chi and qigong),high
10.1097/md.0000000000035754,other,unspecified,low
10.1097/md.0000000000027700,other,tuina (traditional chinese manual therapy),high
10.1097/md.0000000000033637,other,"multicomponent intervention (nutrition, chronobiology, physical exercise)",high
10.1097/md.0000000000042111,psychological,acupuncture,high
10.1097/mlr.0000000000000314,other,unspecified,high
10.1097/mop.0000000000000777,psychological,cognitive behavioural therapy,medium
10.1097/mog.0b013e3283505a3b,supplement,acetyl-l-carnitine (alc) and propionyl-l-carnitine (plc),high
10.1097/md9.0000000000000193,other,ma's bamboo-based medicinal moxibustion,high
10.1097/mop.0b013e32835c1108,other,unspecified,high
10.1097/nmd.0b013e3181a2081f,other,none,high
10.1097/nnr.0b013e3181ac156f,other,not applicable,high
10.1097/md.0000000000037973,rehabilitation,massage therapy,high
10.1097/nmd.0b013e3181e4ce0b,other,none,high
10.1097/ms9.0000000000000929,rehabilitation,supervised physical activity and moderate-intensity exercises,medium
10.1097/psy.0000000000000010,other,not applicable,high
10.1097/opx.0b013e318294c232,other,none,high
10.1097/psy.0000000000000061,other,none,high
10.1097/psy.0000000000000161,other,unspecified,high
10.1097/psy.0000000000000821,other,none,high
10.1097/psy.0000000000000536,psychological,cognitive and behavioral responses questionnaire (cbrq),high
10.1097/psy.0000000000000224,other,none,high
10.1097/psy.0000000000000527,other,negative affective picture induction,high
10.1097/psy.0000000000000692,other,none,high
10.1097/psy.0000000000000874,other,not applicable,high
10.1097/psy.0000000000001038,other,interoceptive sensitivity and attention questionnaire (isaq),low
10.1097/psy.0000000000001082,other,none,high
10.1097/psy.0000000000001117,other,not applicable,high
10.1097/psy.0b013e31817b9793,other,none,high
10.1097/psy.0b013e31816a8dbc,other,not applicable,high
10.1097/psy.0b013e31819ea179,other,none,high
10.1097/psy.0b013e3181651025,other,unspecified,high
10.1097/psy.0000000000001237,other,none,high
10.1097/psy.0b013e31802b873e,other,none,high
10.1097/psy.0b013e3181a4fea8,other,none,high
10.1097/psy.0b013e3181e21e43,other,unspecified,low
10.1097/psy.0b013e31824152ed,exercise,moderate exercise,high
10.1097/psy.0b013e31827264aa,other,none,high
10.1097/psy.0b013e31829dbed4,psychological,fatigue self-management,high
10.1097/qad.0b013e32833b76fb,other,unspecified,low
10.1097/tp.0b013e31820cfd7b,other,unspecified,high
10.1097/rhu.0000000000000089,other,none,high
10.1097/psy.0b013e31819ccd2a,other,midodrine,medium
10.1097/wnr.0000000000000797,other,unspecified,high
10.1097/xce.0000000000000271,psychological,cognitive behavioural therapy,high
10.1097/wnp.0b013e3181a1841b,other,none,high
10.1097/yco.0b013e32831a4728,other,unspecified,low
10.1099/0022-1317-71-6-1399,other,unspecified,high
10.1097/qai.0b013e318238b596,other,unspecified,high
10.1099/0022-1317-76-6-1393,other,unspecified,high
10.1099/0022-1317-76-7-1701,other,unspecified,high
10.1099/0022-1317-78-2-307,other,none,low
10.1099/vir.0.017590-0,other,none,high
10.1099/vir.0.041038-0,other,unspecified,high
10.1099/jmm.0.05316-0,other,none,high
10.1101/2019.12.20.19015438,other,obinutuzumab,low
10.1101/2020.02.20.958249,device,intranasal mechanical stimulation (inmest),high
10.1101/133926,other,unspecified,high
10.1101/2019.12.23.887505,other,not applicable,high
10.1101/2021.01.28.428686,other,unspecified,high
10.1101/2020.08.17.20164715,other,unspecified,high
10.1101/2021.01.29.21250755,other,unspecified,high
10.1101/2021.02.06.21249256,other,none,high
10.1101/2021.03.08.21252807,other,unspecified,high
10.1101/2021.03.19.21253905,other,unspecified,high
10.1101/2021.03.23.21254175,other,unspecified,high
10.1101/2021.04.20.21255804,psychological,acceptance and commitment therapy,high
10.1101/2021.06.14.21258895,other,not applicable,high
10.1101/2021.10.27.21265575,other,unspecified,high
10.1101/2022.06.08.22276100,other,not applicable,high
10.1101/2021.12.20.473375,other,not applicable,high
10.1101/2022.04.25.22274251,other,none,high
10.1101/2022.08.03.22278363,other,none,high
10.1101/2022.10.11.511846,other,unspecified,high
10.1101/2023.04.15.23288582,other,none,high
10.1101/2023.05.16.23290031,other,not applicable,high
10.1101/2023.04.24.23288821,other,unspecified,high
10.1101/2023.06.29.23291738,other,unspecified,high
10.1101/2023.05.21.23290299,other,none,high
10.1101/2023.08.28.555033,exercise,maximal cardiopulmonary exercise test,high
10.1101/2023.11.06.23298171,other,none,high
10.1101/2023.11.07.23297764,immunomodulator,intravenous immunoglobulin (ivig),high
10.1101/2023.06.23.23291827,other,unspecified,high
10.1101/2024.01.25.24301776,other,handgrip strength assessment,high
10.1101/2024.05.16.24307437,other,not applicable,high
10.1101/2024.04.23.24306162,other,unspecified,high
10.1101/2024.05.15.24307344,other,unspecified,high
10.1101/2024.05.25.24307912,other,unspecified,high
10.1101/2024.06.24.600378,other,unspecified,high
10.1101/2024.08.02.24311436,other,unspecified,high
10.1101/2024.07.29.605643,other,unspecified,high
10.1101/2024.09.25.24314345,immunomodulator,immunoadsorption,high
10.1101/2024.05.17.24307333,other,none,high
10.1101/2024.10.07.24315052,other,unspecified,high
10.1101/2024.08.04.24311483,other,none,high
10.1101/2024.11.07.24316777,other,unspecified,high
10.1101/2024.11.08.24316976,other,none,high
10.1101/2024.11.11.24317084,other,unspecified,high
10.1101/2024.12.04.24318508,other,not applicable,high
10.1101/2025.01.02.24319359,other,unspecified,high
10.1101/2024.12.30.24319800,other,unspecified,high
10.1101/2025.01.09.25320264,other,unspecified,high
10.1101/2025.04.02.646883,other,unspecified,high
10.1101/2025.02.06.25321788,other,unspecified,high
10.1101/2025.04.15.25325899,other,unspecified,high
10.1101/2025.05.02.25326885,other,none,high
10.1101/2025.04.13.25325733,other,not applicable,high
10.1101/2025.06.03.657595,other,serum exposure,low
10.1101/2025.05.28.25328245,other,unspecified,high
10.1101/2025.08.06.25333109,other,not applicable,high
10.1101/2025.01.24.25321092,other,combined hormonal contraception,high
10.1101/2025.08.06.25332978,other,unspecified,high
10.1101/2025.08.20.671358,other,not applicable,high
10.1101/2025.10.22.25338573,other,none,high
10.1101/2025.10.27.25338891,other,not applicable,high
10.1101/2025.11.06.25339689,other,not applicable,high
10.1101/2025.10.29.25339096,oxygen_therapy,hyperbaric oxygen therapy,high
10.1101/2025.10.23.25338705,other,unspecified,high
10.1108/01443339810788470,other,none,high
10.1108/qaoa-05-2022-0029,other,not applicable,high
10.1108/ijot-08-2022-0032,other,none,high
10.1108/s0163-2396(2013)0000040005,other,not applicable,high
10.1109/apcit65661.2025.11411515,other,unspecified,high
10.1108/s1479-354720190000011028,other,unspecified,high
10.1109/biosmart66413.2025.11046171,other,unspecified,high
10.1109/ccece49351.2022.9918211,device,assistive robots,high
10.1109/cbms.2006.96,other,unspecified,low
10.1109/compsac61105.2024.00115,device,cfscare (activity monitoring system),high
10.1109/embc.2019.8857427,other,unspecified,high
10.1109/crmico.2003.158751,other,mm wave therapy (reflex therapy and uhf-acupuncture),medium
10.1109/icbbe.2008.816,other,unspecified,high
10.1109/iceca66444.2025.11383011,other,unspecified,high
10.1109/hhbe.2011.6027994,antiviral,baicalin,high
10.1109/icicnis66685.2025.11315511,other,unspecified,high
10.1109/icmla55696.2022.00091,other,none,high
10.1109/icnn.1996.548995,other,unspecified,high
10.1109/iembs.2004.1403306,other,unspecified,high
10.1109/iembs.2010.5626478,other,none,high
10.1109/itme.2015.31,other,acupuncture,high
10.1109/nebc.1993.404437,other,none,high
10.1109/nebc.1997.594946,other,activity monitoring instrumentation,low
10.1109/nebc.2004.1300005,other,none,high
10.1109/ner.2019.8717037,other,none,high
10.1109/tbme.2020.2978801,other,none,high
10.1111/1348-0421.12966,antiviral,artesunate,high
10.1111/1467-9515.00250,other,disability living allowance,high
10.1111/1467-8330.00110,other,not applicable,high
10.1111/1467-9450.00284,other,unspecified,low
10.1111/1467-9566.12546,other,unspecified,high
10.1111/1467-9566.13301,other,not applicable,high
10.1111/1467-9566.13545,other,none,high
10.1111/1467-9566.70153,other,none,high
10.1111/1467-9566.13732,other,none,high
10.1111/1467-9566.ep10934730,other,not applicable,high
10.1111/1467-9566.ep10934404,other,none,high
10.1111/1469-7610.00010,rehabilitation,graded activity rehabilitation,high
10.1111/acps.12182,other,not applicable,high
10.1111/1753-6405.12670,supplement,"dietary modifications (d-ribose, omega-3 fatty acids, polyphenols)",high
10.1111/apa.12950,other,not applicable,high
10.1111/apa.13476,other,milk protein elimination diet,medium
10.1111/1467-9604.00229,other,not applicable,high
10.1111/andr.12052,other,none,high
10.1111/apa.15054,psychological,self-management lifestyle plan,medium
10.1111/apa.15084,other,none,high
10.1111/apt.12783,probiotic,faecal microbiota transplantation,high
10.1111/apha.14122,other,unspecified,high
10.1111/bioe.12559,other,not applicable,high
10.1111/apha.12756,other,unspecified,high
10.1111/bjhp.12202,other,not applicable,high
10.1111/bjhp.12179,other,not applicable,high
10.1111/bjhp.12207,other,not applicable,high
10.1111/bjhp.12136,other,none,high
10.1111/bjhp.12214,other,cognitive bias modification,low
10.1111/bjhp.12235,psychological,cognitive behavioural therapy,high
10.1111/bjhp.12717,other,none,high
10.1111/bjhp.12644,psychological,cognitive-behavioural responses questionnaire (cbrq),high
10.1111/cch.12626,other,not applicable,high
10.1111/cch.12135,other,unspecified,high
10.1111/bph.13702,other,"multiple interventions (rintatolimod, rituximab, counselling, behavioural therapy, rehabilitation, adaptive pacing, nutritional supplements)",low
10.1111/cei.12749,immunomodulator,rituximab (anti-cd20),high
10.1111/cei.12043,immunomodulator,rituximab,medium
10.1111/cei.12882,other,unspecified,high
10.1111/cei.13023,exercise,aerobic exercise,high
10.1111/cpf.12393,other,none,high
10.1111/ceo.14313,other,none,high
10.1111/cns.12522,other,orosomucoid,high
10.1111/cpf.12460,other,repeated exercise test,high
10.1111/eci.12046,other,none,high
10.1111/crj.12667,other,polysomnography,low
10.1111/cpsp.12042,psychological,cognitive behavioral therapy / graded exercise therapy,high
10.1111/eci.12256,other,none,high
10.1111/eci.12201,other,none,high
10.1111/eci.14318,other,none,high
10.1111/ejn.15413,other,none,high
10.1111/cpsp.12093,other,unspecified,high
10.1111/ene.70016,other,diagnostic assessment (not a treatment study),high
10.1111/ejn.15828,other,unspecified,high
10.1111/hex.12857,other,none,high
10.1111/ene.70511,other,n/a,high
10.1111/ejn.12668,anti-inflammatory,minocycline,high
10.1111/hex.12922,other,not applicable,high
10.1111/ene.70509,other,none,high
10.1111/ene.70273,other,handgrip strength testing,high
10.1111/hex.13326,psychological,cognitive behavioural therapy,high
10.1111/hex.13833,psychological,health psychological group intervention,high
10.1111/hex.70214,other,none,high
10.1111/hex.13900,other,none,high
10.1111/hsc.13029,other,none,high
10.1111/hsc.13942,other,acceptance and commitment therapy,medium
10.1111/hsc.13376,other,none,high
10.1111/ijcp.12139,other,n/a,high
10.1111/ijcp.14886,other,unspecified,high
10.1111/ijcp.12967,other,none,high
10.1111/imj.13251,psychological,cognitive behavioural therapy and graded exercise therapy,high
10.1111/imj.23_15766,anti-inflammatory,colchicine and spironolactone,high
10.1111/j.0021-9029.2006.00004.x,psychological,psychological adjustment counseling,low
10.1111/j.1348-0421.1993.tb01705.x,other,none,high
10.1111/j.0021-8774.2005.00520.x,psychological,psychoanalytic therapy,high
10.1111/j.1348-0421.1994.tb01827.x,other,none,high
10.1111/j.1348-0421.1996.tb01094.x,other,unspecified,low
10.1111/j.1348-0421.1999.tb02456.x,other,unspecified,high
10.1111/j.1365-2141.1995.tb05579.x,other,unspecified,high
10.1111/j.1365-2214.2004.00474.x,psychological,psycho-educational intervention,high
10.1111/j.1365-2214.2005.00517_2.x,psychological,cognitive behaviour therapy,high
10.1111/j.1365-2214.2011.01298.x,other,no intervention studied,high
10.1111/j.1365-2249.1991.tb05658.x,other,none,high
10.1111/j.1365-2214.2012.01397.x,psychological,psychosocial interventions,low
10.1111/j.1365-2249.1992.tb06416.x,other,none,high
10.1111/j.1365-2249.2005.02935.x,other,none,high
10.1111/j.1365-2265.2005.02220.x,other,naloxone,medium
10.1111/j.1365-2249.2005.02833.x,other,no intervention,high
10.1111/j.1365-2249.2004.02354.x,other,unspecified,high
10.1111/j.1365-2362.2003.01272.x,other,unspecified,low
10.1111/j.1365-2362.2009.02225.x,rehabilitation,home orthostatic training,high
10.1111/j.1365-2362.2011.02575.x,other,unspecified,high
10.1111/j.1365-2362.2010.02310.x,other,none,high
10.1111/j.1365-2362.2011.02567.x,other,exercise intervention,low
10.1111/j.1365-2753.2010.01512.x,other,not applicable,high
10.1111/j.1365-2524.2004.00485.x,rehabilitation,rehabilitation,high
10.1111/j.1365-277x.2008.00933.x,other,lifestyle modification,high
10.1111/j.1365-2362.2012.02701.x,exercise,graded exercise therapy,high
10.1111/j.1365-277x.2008.00857.x,other,low sugar low yeast diet,high
10.1111/j.1365-2796.2005.01452.x,other,incremental cycling exercise,high
10.1111/j.1365-2796.2005.01526.x,exercise,graded exercise,high
10.1111/j.1365-2796.2005.01548.x,other,none,high
10.1111/j.1365-2796.2004.01378.x,other,none,high
10.1111/j.1365-2796.2010.02228.x,other,exercise,high
10.1111/j.1365-2796.2009.02178.x,other,exercise,high
10.1111/j.1365-2796.2009.02079.x,other,none,high
10.1111/j.1365-2796.1997.tb00019.x,other,2-aminopurine,high
10.1111/j.1365-2796.2009.02160.x,other,none,high
10.1111/j.1365-2796.2010.02240.x,exercise,paced exercise therapy,high
10.1111/j.1365-2796.2010.02306.x,other,none,high
10.1111/j.1365-2796.2011.02405.x,exercise,moderate exercise,high
10.1111/j.1365-2796.2011.02468.x,other,unspecified,low
10.1111/j.1365-2796.2011.02429.x,other,none,high
10.1111/j.1365-2796.2011.02499.x,other,not applicable,high
10.1111/j.1365-2796.2010.02341.x,supplement,l-carnitine with omega-3 fatty acids,medium
10.1111/j.1365-2796.2011.02488.x,exercise,maximal cycling exercise test,high
10.1111/j.1365-2982.2011.01861.x,probiotic,lactobacillus acidophilus,high
10.1111/j.1365-2850.2009.01464.x,other,none,high
10.1111/j.1365-2982.2012.01993.x,other,no intervention studied,high
10.1111/j.1368-5031.2004.00073.x,supplement,eicosapentaenoic acid (epa)-rich essential fatty acid supplement,high
10.1111/j.1365-3083.1994.tb03511.x,other,unspecified,high
10.1111/j.1365-3083.1991.tb01777.x,other,unspecified,high
10.1111/j.1440-1630.1998.tb00780.x,other,unspecified,low
10.1111/j.1440-1754.2009.01493.x,exercise,graded exercise programme,high
10.1111/j.1365-2869.2008.00679.x,other,none,high
10.1111/j.1369-7625.2010.00590.x,other,unspecified,high
10.1111/j.1439-0450.2005.00859.x,other,unspecified,high
10.1111/j.1440-1754.2011.02264.x,other,unspecified,low
10.1111/j.1442-200x.2011.03514.x,other,unspecified,high
10.1111/j.1445-5994.1985.tb04042.x,other,unspecified,high
10.1111/j.1465-5922.1997.00237.x,other,unspecified,high
10.1111/j.1465-5922.1997.00217.x,psychological,analytical psychotherapy,high
10.1111/j.1465-5922.1997.00191.x,other,unspecified,high
10.1111/j.1465-5922.1997.00201.x,psychological,psychoanalytic therapy,high
10.1111/j.1467-9566.2009.1168_1.x,other,not applicable,high
10.1111/j.1468-1331.1995.tb00151.x,supplement,carnitine,high
10.1111/j.1468-2850.2011.01262.x,psychological,cognitive behavioral therapy,high
10.1111/j.1440-1819.2009.01954.x,other,unspecified,high
10.1111/j.1365-3083.1989.tb01183.x,immunomodulator,naloxone,high
10.1111/j.1469-7610.2005.01424.x,psychological,cognitive behavior therapy,high
10.1111/j.1469-7610.2004.00244.x,other,none,high
10.1111/j.1468-2850.2011.01263.x,psychological,cognitive behavior therapy,high
10.1111/j.1469-8986.2010.00978.x,other,exercise,high
10.1111/j.1472-8206.2009.00675.x,supplement,naringin,high
10.1111/j.1468-1331.2006.01132.x,supplement,melatonin,high
10.1111/j.1475-097x.2008.00822.x,other,near-infrared spectrophotometry,low
10.1111/j.1475-097x.1996.tb00722.x,other,none,high
10.1111/j.1475-097x.2006.00649.x,other,unspecified,high
10.1111/j.1475-3588.2004.00101.x,psychological,cognitive-behavioural therapy,high
10.1111/j.1475-3588.2005.00383.x,rehabilitation,active rehabilitation programme,high
10.1111/j.1472-8206.2008.00638.x,other,imipramine,high
10.1111/j.1475-097x.2007.00743.x,other,none,high
10.1111/j.1475-3588.2006.00409.x,other,unspecified,low
10.1111/j.1526-4610.2009.01558.x,other,not applicable,high
10.1111/j.1526-4637.2006.00277.x,other,none,high
10.1111/j.1526-4637.2007.00368.x,other,none,high
10.1111/j.1526-4637.2009.00690.x,other,unspecified,low
10.1111/j.1526-4637.2009.00688.x,other,none,high
10.1111/j.1533-2500.2009.00352.x,other,none,high
10.1111/j.1537-2995.2011.03070.x,other,not applicable,high
10.1111/j.1574-695x.1998.tb01226.x,other,unspecified,high
10.1111/j.1542-474x.2007.00202.x,other,none,high
10.1111/j.1552-6909.1995.tb02467.x,other,unspecified,high
10.1111/j.1574-695x.2002.tb00626.x,other,unspecified,high
10.1111/j.1600-0404.1999.tb00667.x,supplement,efamol marine,high
10.1111/j.1600-0404.1990.tb04490.x,supplement,"essential fatty acids (linoleic, gamma-linolenic, eicosapentaenoic, docosahexaenoic acids)",high
10.1111/j.1600-0404.2007.00840.x,psychological,cognitive behavioural therapy,high
10.1111/j.1533-2500.2009.00334.x,other,sodium oxybate,high
10.1111/j.1600-0447.1997.tb09653.x,other,none,high
10.1111/j.1600-0838.2006.00520.x,exercise,exercise therapy,high
10.1111/j.1600-0447.1998.tb10030.x,other,corticotropin-releasing hormone (crh),high
10.1111/j.1600-0447.2008.01200.x,other,none,high
10.1111/j.1601-183x.2006.00244.x,other,unspecified,high
10.1111/j.1600-0838.2009.00895.x,other,none,high
10.1111/j.1651-2227.2010.01701.x,other,unspecified,high
10.1111/j.1651-2227.2010.02073.x,other,unspecified,high
10.1111/j.1651-2227.2010.02121.x,other,unspecified,low
10.1111/j.1651-2227.2010.02072.x,other,unspecified,high
10.1111/j.1600-0447.1995.tb05923.x,other,moclobemide,high
10.1111/j.1742-7843.2009.00525.x,supplement,epigallocatechin gallate,high
10.1111/j.1651-2227.2011.02223.x,psychological,anxiety screening and intervention,low
10.1111/j.1749-6632.1995.tb44723.x,other,unspecified,low
10.1111/j.1745-7599.1994.tb00911.x,other,unspecified,low
10.1111/j.1749-6632.1998.tb09607.x,other,unspecified,high
10.1111/j.1749-6632.2000.tb05453.x,other,unspecified,low
10.1111/j.1749-6632.2001.tb05824.x,other,unspecified,high
10.1111/j.1749-6632.2001.tb05825.x,immunomodulator,clozapine,medium
10.1111/j.1749-6632.2001.tb05836.x,other,unspecified,low
10.1111/j.1749-6632.2001.tb05819.x,other,unspecified,high
10.1111/j.1749-6632.2009.04799.x,other,none,high
10.1111/j.1749-6632.2009.04802.x,other,unspecified,high
10.1111/j.1751-2824.2011.01538.x,other,xmrv,low
10.1111/j.1751-9861.1998.tb00041.x,other,none,high
10.1111/j.1749-6632.2009.04875.x,supplement,vitamin d,high
10.1111/j.1751-9861.2005.tb00004.x,other,none,high
10.1111/j.1751-9861.2008.00033.x,other,none,high
10.1111/j.1756-5391.2012.01173.x,other,unspecified,low
10.1111/j.1751-9861.2010.00053.x,other,none,high
10.1111/j.2044-8260.1992.tb00975.x,other,none,high
10.1111/j.2044-8287.1996.tb00488.x,other,none,high
10.1111/j.2044-8260.1993.tb01070.x,other,mental fatigue questionnaire,low
10.1111/j.2044-8260.1993.tb01068.x,other,none,high
10.1111/j.2044-8287.1998.tb00560.x,other,none,high
10.1111/j.2044-8295.1993.tb02492.x,other,no intervention,high
10.1111/j.2044-8287.2012.02093.x,rehabilitation,lightning process,high
10.1111/j.2044-8341.1995.tb01839.x,other,none,high
10.1111/jan.14312,other,not applicable,high
10.1111/jcap.12125,psychological,cognitive behavioral therapy,high
10.1111/jcmm.15260,other,unspecified,high
10.1111/jan.13244,other,advanced nurse practitioner care coordination,high
10.1111/jep.12584,immunomodulator,rituximab,high
10.1111/jep.13938,other,unspecified,high
10.1111/jcpp.12711,other,none,high
10.1111/j.1749-6632.2001.tb05828.x,other,none,high
10.1111/jep.13240,other,not applicable,high
10.1111/jep.14047,other,none,high
10.1111/joim.12022,other,none,high
10.1111/jnp.12030,other,attention network task,high
10.1111/joim.12402,rehabilitation,multidisciplinary rehabilitation treatment,high
10.1111/joim.12034,other,orthostatic tilt training,low
10.1111/joim.12431,rehabilitation,rehabilitation,high
10.1111/joim.12161,other,none,high
10.1111/joim.12564,psychological,cognitive behavioural therapy,high
10.1111/joim.13792,other,unspecified,high
10.1111/jhn.12435,supplement,nadh,high
10.1111/jon.12751,other,none,high
10.1111/jon.13128,other,unspecified,high
10.1111/josh.12580,other,none,high
10.1111/jpc.12653,rehabilitation,multidisciplinary intervention,high
10.1111/joor.12367,other,not applicable,low
10.1111/jpc.12425,other,none,high
10.1111/jpc.12677,other,unspecified,high
10.1111/jocn.12522,other,none,high
10.1111/jpc.12721,other,unspecified,low
10.1111/jsr.12547,other,none,high
10.1111/jsr.12689,other,unspecified,high
10.1111/jsr.12703,other,unspecified,high
10.1111/maq.70040,other,not applicable,high
10.1111/nin.12625,other,none,high
10.1111/maq.12701,other,none,high
10.1111/ncn3.12524,other,unspecified,low
10.1111/papr.12440,other,central sensitization inventory,low
10.1111/papr.12817,other,unspecified,high
10.1111/sji.12388,other,none,high
10.1111/papt.12118,psychological,health anxiety screening and assessment,high
10.1111/sjop.12332,other,none,high
10.1111/pme.12181,rehabilitation,internet-based cognitive behavioral therapy (fitnet),medium
10.1111/sjop.12451,other,unspecified,high
10.1111/papr.12181,anti-inflammatory,paracetamol,high
10.1111/sjop.13060,other,not applicable,high
10.1111/papr.12613,other,morphine,high
10.1111/tbed.14224,other,none,high
10.1113/ep085328,other,not applicable,high
10.1111/trf.18099,immunomodulator,therapeutic plasma exchange,high
10.1113/eph8602244,other,transcranial magnetic stimulation,high
10.1124/jpet.118.250845,other,unspecified,high
10.11124/jbies-20-00125,other,unspecified,high
10.1126/sciadv.1400121,other,none,high
10.1126/science.1179052,other,unspecified,high
10.1126/science.1181349,other,unspecified,low
10.1126/sciadv.abq2422,other,unspecified,high
10.1126/science.1184548,other,unspecified,high
10.1126/science.1204963,other,not applicable,high
10.1126/science.287.5452.427a,other,not applicable,high
10.1126/science.1208542,other,not applicable,high
10.1126/science.1213841,other,unspecified,high
10.1126/science.312.5774.669,other,unspecified,high
10.1126/science.326_215a,other,unspecified,low
10.1126/science.329.5987.18,other,unspecified,low
10.1126/science.327.5963.254,other,unspecified,low
10.1126/science.329.5995.1000,other,unspecified,low
10.1126/science.329.5988.129,other,unspecified,low
10.1126/science.333.6050.1694,other,unspecified,low
10.1126/science.332.6031.774-a,other,unspecified,high
10.1126/science.331.6013.17,other,unspecified,high
10.1126/science.333.6051.1810,other,unspecified,low
10.1126/science.334.6063.1636-a,other,unspecified,low
10.1128/9781555815486.ch26,other,unspecified,low
10.1128/cdli.1.2.222-226.1994,exercise,mild exercise (walking),high
10.1126/science.abo1261,other,unspecified,low
10.1128/9781555818326.ch16,other,unspecified,high
10.1126/science.337.6101.1441,other,unspecified,low
10.1128/cdli.2.2.238-240.1995,other,unspecified,high
10.1128/cdli.12.1.52-55.2005,other,none,high
10.1128/cdli.12.2.366.2005,other,none,high
10.1128/cdli.10.2.315-316.2003,other,rnase l isoform ratio biomarker,high
10.1128/cdli.6.1.6-13.1999,other,none,high
10.1128/cdli.9.4.747-752.2002,other,none,high
10.1128/cdli.6.2.216-223.1999,other,none,high
10.1128/cmr.00086-15,other,not applicable,high
10.1128/cdli.8.3.658-662.2001,other,unspecified,high
10.1128/cvi.00379-09,other,unspecified,high
10.1128/jcm.33.6.1660-1661.1995,other,none,high
10.1128/cvi.00391-12,other,not applicable,high
10.1128/jcm.38.6.2457-2457.2000,other,none,high
10.1128/cvi.00527-13,other,exercise and sleep deprivation,high
10.1128/jcm.28.6.1403-1410.1990,other,unspecified,high
10.1128/jvi.00046-11,other,unspecified,high
10.1126/science.1183545,other,unspecified,low
10.1128/jvi.00134-10,antiviral,tenofovir,high
10.1128/jvi.00693-11,other,unspecified,high
10.1128/jvi.00827-11,other,unspecified,high
10.1128/jvi.02411-10,other,unspecified,high
10.1128/jvi.02333-10,other,unspecified,high
10.1128/mbio.00266-12,other,unspecified,high
10.1128/jvi.05205-11,other,not applicable,high
10.1128/jvi.06073-11,other,unspecified,high
10.1128/jvi.00886-10,other,unspecified,high
10.1134/s0362119722030021,rehabilitation,stabilometric biofeedback training,high
10.1136/acupmed-2017-011582,other,acupuncture,high
10.1136/adc.2003.033019,other,unspecified,low
10.1136/adc.2003.035154,rehabilitation,graded activities/exercise programme with family sessions,high
10.1136/adc.2006.094623,other,none,high
10.1136/adc.2005.080085,other,unspecified,low
10.1136/adc.2003.046649,rehabilitation,graded exercise therapy and cognitive behavioural therapy,medium
10.1136/adc.2005.074583,other,not applicable,high
10.1136/adc.2008.143032,other,none,high
10.1136/adc.2007.126649,other,none,high
10.1136/adc.2008.143537,other,none,high
10.1136/adc.2009.158162,other,not applicable,high
10.1136/adc.88.10.894,other,unspecified,high
10.1136/adc.2009.173161,other,none,high
10.1136/adc.2006.110502,other,unspecified,high
10.1136/adc.68.3.384,other,none,high
10.1136/adc.2009.172072,psychological,educational video film,high
10.1136/adc.86.2.95,psychological,family cognitive behaviour therapy,high
10.1136/archdischild-2012-301863,other,unspecified,high
10.1136/archdischild-2012-301885.248,other,not applicable,high
10.1136/archdischild-2012-301885.261,other,specialist service (non-pharmacological),low
10.1136/aim.23.3.141,other,electroacupuncture,high
10.1136/archdischild-2012-302156,other,none,high
10.1136/archdischild-2012-302582,psychological,cognitive behavioural therapy,high
10.1136/archdischild-2012-303396,other,none,high
10.1136/archdischild-2013-304306,other,none,high
10.1136/archdischild-2013-304307,psychological,behavioural treatment,high
10.1136/archdischild-2012-302484,psychological,internet-based cognitive behavioural therapy (fitnet),high
10.1136/archdischild-2015-308831,other,not applicable,high
10.1136/archdischild-2015-308599.314,other,not applicable,high
10.1136/archdischild-2014-306237.168,other,none,high
10.1136/archdischild-2016-310863.70,exercise,graded exercise therapy,high
10.1136/archdischild-2016-310622,other,unspecified,low
10.1136/archdischild-2016-311293,other,none,high
10.1136/archdischild-2017-313087.123,other,not applicable,high
10.1136/archdischild-2016-311198,other,none,high
10.1136/archdischild-2018-316450,other,none,high
10.1136/archdischild-2018-316720,other,none,high
10.1136/archdischild-2017-313375,psychological,lightning process,high
10.1136/archdischild-2019-rcpch.138,other,occupational therapy,low
10.1136/archdischild-2018-rcpch.17,other,not applicable,high
10.1136/archdischild-2019-rcpch.330,other,not applicable,high
10.1136/archdischild-2017-313375ednote,psychological,lightning process,high
10.1136/archdischild-2018-rcpch.13,other,none,high
10.1136/archdischild-2019-rcpch.580,other,none,high
10.1136/archdischild-2019-rcpch.592,rehabilitation,multidisciplinary rehabilitation,high
10.1136/archdischild-2019-rcpch.594,other,peer support group,low
10.1136/archdischild-2019-rcpch.595,rehabilitation,multi-disciplinary rehabilitation program,high
10.1136/archdischild-2020-rcpch.133,psychological,cognitive behavioural therapy (cbt),high
10.1136/archdischild-2020-320196,other,no intervention studied,high
10.1136/archdischild-2021-rcpch.170,other,not applicable,high
10.1136/archdischild-2021-rcpch.469,psychological,acceptance and commitment therapy,high
10.1136/archdischild-2020-rcpch.449,other,not applicable,high
10.1136/archdischild-2021-rcpch.460,psychological,acceptance and commitment therapy,high
10.1136/archdischild-2021-rcpch.471,psychological,acceptance and commitment therapy,high
10.1136/archdischild-2021-rcpch.844,other,standardized first outpatient visit protocol,high
10.1136/archdischild-2022-324319,other,unspecified,high
10.1136/archdischild-2024-rcpch.160,other,multidisciplinary team service,low
10.1136/archdischild-2019-rcpch.596,other,low-dose naltrexone,medium
10.1136/bcr-2020-238605,rehabilitation,physiotherapy,medium
10.1136/archdischild-2020-rcpch.453,other,low dose clonidine,high
10.1136/archdischild-2024-rcpch.669,other,unspecified,high
10.1136/bcr.01.2011.3716,rehabilitation,pragmatic rehabilitation,high
10.1136/bjsports-2017-098407,exercise,exercise therapy,high
10.1136/bcr.08.2008.0819,other,none,high
10.1136/bjsm.33.5.352,rehabilitation,exercise testing and prescription,high
10.1136/bjophthalmol-2013-304439,other,not applicable,high
10.1136/bcr-2019-232502,immunomodulator,low-dose naltrexone,high
10.1136/bmj.1.5122.616,other,unspecified,high
10.1136/bcr-2020-240283,other,modafinil,high
10.1136/bjsports-2018-099553,other,unspecified,high
10.1136/bmj.1.5687.11,other,none,high
10.1136/bmj.1.5903.301,other,none,high
10.1136/bmj.2.5918.559-a,other,unspecified,low
10.1136/bmj.301.6755.816,other,unspecified,low
10.1136/bmj.296.6623.696,other,none,high
10.1136/bmj.306.6886.1161,other,none,high
10.1136/bmj.307.6898.264-d,other,not applicable,low
10.1136/bmj.301.6758.953,other,none,high
10.1136/bmj.308.6929.659b,other,unspecified,low
10.1136/bmj.307.6906.735,other,none identified,low
10.1136/bmj.308.6931.797,other,unspecified,high
10.1136/bmj.308.6931.732,other,not applicable,high
10.1136/bmj.308.6931.756,other,none,high
10.1136/bmj.308.6931.776,other,none,high
10.1136/bmj.287.6406.1675-a,immunomodulator,low-dose naltrexone (ldn),high
10.1136/bmj.309.6962.1160d,psychological,unspecified,low
10.1136/bmj.311.6996.15,other,none,high
10.1136/bmj.308.6931.798,other,none,high
10.1136/bmj.311.7004.544,exercise,incremental exercise testing,high
10.1136/bmj.311.7011.1021,other,unspecified,low
10.1136/bmj.312.7022.22,psychological,cognitive behaviour therapy,high
10.1136/bmj.310.6978.508,other,none,high
10.1136/bmj.311.7012.1092b,other,unspecified,low
10.1136/bmj.311.7012.1093,other,unspecified,low
10.1136/bmj.312.7038.1096b,supplement,evening primrose oil,high
10.1136/bmj.312.7038.1096,supplement,evening primrose oil,high
10.1136/bmj.312.7038.1097,psychological,cognitive behaviour therapy,high
10.1136/bmj.312.7038.1097b,psychological,cognitive behaviour therapy,high
10.1136/bmj.312.7038.1097a,psychological,cognitive behaviour therapy,high
10.1136/bmj.313.7061.885a,other,none,high
10.1136/bmj.312.7038.1097c,psychological,cognitive behaviour therapy,medium
10.1136/bmj.314.7074.146,other,unspecified,low
10.1136/bmj.314.7095.1647,exercise,graded aerobic exercise,high
10.1136/bmj.314.7095.1635,psychological,family and teacher liaison,low
10.1136/bmj.312.7038.1098b,psychological,cognitive behavioral therapy,medium
10.1136/bmj.314.7095.1663,exercise,graded aerobic exercise,high
10.1136/bmj.314.7095.1700,other,not applicable,high
10.1136/bmj.315.7101.0d,other,unspecified,low
10.1136/bmj.315.7116.1111e,other,pirimiphos-methyl,low
10.1136/bmj.316.7134.796,rehabilitation,rest cure,high
10.1136/bmj.315.7103.269d,other,organophosphates,low
10.1136/bmj.314.7095.0a,exercise,graded exercise,high
10.1136/bmj.320.7230.292,other,unspecified,low
10.1136/bmj.317.7164.966b,other,unspecified,low
10.1136/bmj.322.7283.0/b,exercise,graded exercise,high
10.1136/bmj.324.7330.124,other,unspecified,low
10.1136/bmj.322.7283.387,exercise,graded exercise,high
10.1136/bmj.324.7342.912,other,not applicable,low
10.1136/bmj.324.7330.131,other,unspecified,low
10.1136/bmj.324.7348.1284,other,unspecified,low
10.1136/bmj.324.7342.914,other,unspecified,low
10.1136/bmj.322.7291.934,other,unspecified,low
10.1136/bmj.324.7349.1298/a,psychological,cognitive behaviour therapy,high
10.1136/bmj.326.7397.1005,other,none,high
10.1136/bmj.325.7372.0/e,psychological,cognitive behaviour therapy,medium
10.1136/bmj.328.7452.0-e,other,unspecified,low
10.1136/bmj.327.7416.654,other,none,high
10.1136/bmj.325.7372.1082,psychological,cognitive behaviour therapy,high
10.1136/bmj.329.7472.0,other,none,high
10.1136/bmj.329.7467.s118,rehabilitation,work rehabilitation,medium
10.1136/bmj.329.7472.928,other,unspecified,high
10.1136/bmj.330.7492.648,other,none,high
10.1136/bmj.330.7481.0-a,psychological,cognitive behaviour therapy,high
10.1136/bmj.330.7492.0-b,other,unspecified,low
10.1136/bmj.319.7225.1645,other,unspecified,high
10.1136/bmj.330.7494.789-b,psychological,cognitive behaviour therapy,high
10.1136/bmj.330.7494.790,psychological,cognitive behaviour therapy,high
10.1136/bmj.38258.507928.55,other,unspecified,high
10.1136/bmj.330.7501.0-c,other,unspecified,low
10.1136/bmj.38078.503819.ee,other,no specific drug studied,high
10.1136/bmj.38301.587106.63,psychological,cognitive behaviour therapy,high
10.1136/bmj.38933.585764.ae,other,none,high
10.1136/bmj.b1371,other,unspecified,low
10.1136/bmj.39302.509005.ae,other,unspecified,high
10.1136/bmj.39332.455706.3a,psychological,cognitive behaviour therapy,high
10.1136/bmj.b1110,psychological,cognitive behavioural therapy,high
10.1136/bmj.c1018,other,none,high
10.1136/bmj.c1099,other,unspecified,high
10.1136/bmj.c1033,other,unspecified,high
10.1136/bmj.c1181,other,unspecified,low
10.1136/bmj.c1266,other,unspecified,low
10.1136/bmj.c1179,psychological,cognitive behaviour therapy,high
10.1136/bmj.c1777,rehabilitation,pragmatic rehabilitation,high
10.1136/bmj.c1799,rehabilitation,pragmatic rehabilitation,high
10.1136/bmj.c2988,rehabilitation,pragmatic rehabilitation,high
10.1136/bmj.c7358,other,unspecified,high
10.1136/bmj.d3505,other,unspecified,low
10.1136/bmj.d6541,other,unspecified,low
10.1136/bmj.d3836,other,unspecified,high
10.1136/bmj.d3774,immunomodulator,rituximab,high
10.1136/bmj.d6097,antiviral,antiretroviral drugs (unspecified),low
10.1136/bmj.d5905,other,none,high
10.1136/bmj.f2630,other,unspecified,low
10.1136/bmj.d8281,other,unspecified,low
10.1136/bmj.f5731,psychological,cognitive behaviour therapy,high
10.1136/bmj.h932,other,unspecified,high
10.1136/bmj.h2087,other,not applicable,low
10.1136/bmj.i4614,psychological,cognitive behavioural therapy,high
10.1136/bmj.h227,psychological,cognitive behavioural therapy,high
10.1136/bmj.h5771,psychological,cognitive behavioural therapy,high
10.1136/bmj.i5230,rehabilitation,cognitive behavioural therapy,high
10.1136/bmj.i5053,other,unspecified,low
10.1136/bmj.i5860,psychological,cognitive behavioural therapy,high
10.1136/bmj.j3057,exercise,graded exercise therapy,high
10.1136/bmj.j4372,rehabilitation,lightning process,high
10.1136/bmj.m2922,other,unspecified,low
10.1136/bmj.l639,psychological,cognitive behavioural therapy,high
10.1136/bmj.m2930,other,quadrivalent human papillomavirus vaccine,high
10.1136/bmj.k3621,psychological,cognitive behavioural therapy,high
10.1136/bmj.n1559,other,unspecified,low
10.1136/bmj.m3981,other,unspecified,high
10.1136/bmj.n1854,other,unspecified,low
10.1136/bmj.n1863,other,unspecified,low
10.1136/bmj.n2046,other,unspecified,low
10.1136/bmj.n1937,other,unspecified,low
10.1136/bmj.m4356,psychological,cognitive behavioural therapy,high
10.1136/bmj.n1995,other,unspecified,low
10.1136/bmj.n2643,rehabilitation,person-centered energy management,high
10.1136/bmj.r977,rehabilitation,specialist rehabilitation,high
10.1136/bmj.n2647,exercise,graded exercise therapy,high
10.1136/bmj.o1691,other,none,high
10.1136/bmjno-2023-000529,other,not applicable,high
10.1136/bmjopen-2011-000252,other,unspecified,high
10.1136/bmjopen-2013-002999,other,not applicable,high
10.1136/bmjopen-2012-001079,psychological,cognitive behavioral therapy,high
10.1136/bmjopen-2012-001417,other,not applicable,high
10.1136/bmjopen-2013-003973,other,not applicable,high
10.1136/bmjopen-2014-005798,rehabilitation,self-management programme,high
10.1136/bmjopen-2015-008830,other,unspecified,high
10.1136/bmjopen-2014-005083,other,unspecified,high
10.1136/bmjopen-2015-010277,other,healthcare services assessment,high
10.1136/bmjopen-2016-012633,other,not applicable,high
10.1136/bmjopen-2016-014133,psychological,online education programme,high
10.1136/bmjopen-2016-012271,other,unspecified,low
10.1136/bmjopen-2014-005920,other,none,high
10.1136/bmjopen-2016-015296,supplement,vitamin d,high
10.1136/bmjopen-2016-015481,immunomodulator,gammaglobulin,medium
10.1136/bmjopen-2017-020775,other,none,high
10.1136/bmjopen-2017-017521,other,physical assessment techniques,high
10.1136/bmjopen-2018-023955,other,not applicable,high
10.1136/bmjopen-2018-025436,other,not applicable - systematic review protocol,high
10.1136/bmjopen-2017-020817,other,not applicable,high
10.1136/bmjopen-2019-031672,other,neuroimaging (structural and functional mri),high
10.1136/bmjopen-2020-041947,other,none,high
10.1136/bmjopen-2020-045398,rehabilitation,activity pacing framework,high
10.1136/bmjopen-2021-051094,other,none,high
10.1136/bmjopen-2021-058128,other,not applicable,high
10.1136/bmjopen-2021-051358,psychological,cognitive-behavioural therapy,medium
10.1136/bmjopen-2022-069110,other,none,high
10.1136/bmjopen-2023-073275,probiotic,faecal microbiota transplantation,high
10.1136/bmjopen-2022-070366,other,unspecified,high
10.1136/bmjopen-2016-011255,exercise,graded exercise therapy,high
10.1136/bmjopen-2024-089038,other,unspecified,high
10.1136/bmjopen-2024-094658,other,not applicable,high
10.1136/bmjopen-2023-076904,other,not applicable,high
10.1136/bmjopen-2025-099557,other,unspecified,high
10.1136/bmjopen-2025-113095,other,none,high
10.1136/bmjpo-2017-000233,other,none,high
10.1136/bmjpo-2018-000281,other,unspecified,high
10.1136/bmjpo-2019-000525,other,not applicable,high
10.1136/bmjpo-2018-000425,exercise,graded exercise therapy,high
10.1136/bmjpo-2018-000299,other,not applicable,high
10.1136/bmjpo-2019-000617,other,unspecified,high
10.1136/bmjpo-2019-rcpch-sahm.21,other,not applicable,high
10.1136/bmjpo-2019-rcpch-sahm.32,rehabilitation,multi-disciplinary rehabilitation program,high
10.1136/bmjpo-2019-000620,psychological,cognitive-behavioural therapy combined with music therapy,high
10.1136/bmjpo-2019-rcpch-sahm.81,rehabilitation,multidisciplinary rehabilitation,high
10.1136/bmjpo-2021-001201,other,unspecified,high
10.1136/bmjpo-2021-001139,psychological,acceptance and commitment therapy,high
10.1136/bmjpo-2023-002436,other,unspecified,high
10.1136/bmjpo-2024-epac.102,other,unspecified,high
10.1136/eb-2013-101652,other,behavioral intervention,low
10.1136/eb-2015-102300,other,unspecified,low
10.1136/bmjpo-2019-rcpch-sahm.77,other,low-dose naltrexone and ketamine infusions,high
10.1136/ebm-2025-pod.25,psychological,physician-patient communication intervention,low
10.1136/eb-2014-101961,other,none (commentary),low
10.1136/ebm.6.5.156,exercise,graded exercise,high
10.1136/ebm.8.3.88,psychological,cognitive behaviour therapy,high
10.1136/ebm.6.5.157,psychological,cognitive behaviour therapy,high
10.1136/ebmh.1.1.14,psychological,cognitive behaviour therapy,high
10.1136/ebmental-2012-100818,psychological,internet-based cognitive behavioral therapy,high
10.1136/ebmh.5.2.54,psychological,cognitive behavioural therapy,high
10.1136/ebmh.5.4.127,other,none,high
10.1136/ebn.5.2.46,psychological,behavioural interventions,high
10.1136/ewjm.172.2.128,other,unspecified,low
10.1136/ebmh.6.2.55,psychological,cognitive behavioural therapy,high
10.1136/ewjm.173.6.416,exercise,graded aerobic exercise,high
10.1136/gutjnl-2017-313713,other,none,high
10.1136/ebn1086,rehabilitation,nurse-delivered home-based rehabilitation,high
10.1136/gutjnl-2018-316133,other,unspecified,high
10.1136/ewjm.174.4.241,other,not applicable,high
10.1136/jcp.2003.015511,other,none,high
10.1136/jcp.2004.020255,antiviral,unspecified,medium
10.1136/jcp.2004.022681,other,none,high
10.1136/jcp.2005.035956,other,unspecified,high
10.1136/jcp.2006.042374,immunomodulator,interferon-beta,high
10.1136/jclinpath-2014-202597,other,unspecified,high
10.1136/jcp.2005.025718,other,unspecified,high
10.1136/jcp.2006.042408,other,unspecified,low
10.1136/jclinpath-2019-205822,other,unspecified,low
10.1136/jcp.2006.042424,supplement,evening primrose oil and eicosapentaenoic acid,high
10.1136/jcp.2006.042432,other,unspecified,low
10.1136/jcp.2006.042754,other,none,high
10.1136/jcp.2006.042606,other,none,high
10.1136/jcp.2007.051342,other,unspecified,high
10.1136/jcp.2009.071944,other,unspecified,high
10.1136/jcp.2007.050054,other,none,high
10.1136/jcp.2007.050633,other,unspecified,high
10.1136/jcp.2009.070466,other,none,high
10.1136/jcp.45.12.1058,other,none,high
10.1136/jcp.2010.082032,other,none,high
10.1136/jcp.2009.072561,other,none,high
10.1136/jcp.46.8.722,other,none,high
10.1136/jcp.54.4.335-a,other,unspecified,low
10.1136/jech.2011.142976i.19,other,unspecified,high
10.1136/jech.2003.017939,other,not applicable,high
10.1136/jech-2022-ssmabstracts.71,other,not applicable,high
10.1136/jech.2006.047308,other,not applicable,high
10.1136/jcp.2007.053553,other,unspecified,high
10.1136/jim-2016-000390,other,none,high
10.1136/jme-2023-109627,psychological,psychotherapy (talking therapy),high
10.1136/jnnp-2012-303208,other,unspecified,high
10.1136/jnnp-2012-304824,other,unspecified,low
10.1136/jnnp-2011-301216,other,none,high
10.1136/jnnp-2015-311750.4,psychological,cognitive behavioural therapy,high
10.1136/jme.2003.007153,other,not applicable,high
10.1136/jnnp-2017-317823,other,not applicable,high
10.1136/jnnp-2019-bnpa.13,other,unspecified,low
10.1136/jnnp-2021-327899,psychological,psychometric evaluation,low
10.1136/jnnp-2021-bnpa.10,other,unspecified,high
10.1136/jnnp-2023-332731,other,not applicable,high
10.1136/jnnp.53.3.247,other,none,high
10.1136/jnnp.54.2.153,psychological,cognitive behaviour therapy,high
10.1136/jnnp-2022-330463,other,graded exercise therapy,high
10.1136/jnnp.48.7.691,other,unspecified,high
10.1136/jnnp.55.1.85-b,other,not applicable,low
10.1136/jnnp.2006.100974,psychological,cognitive behaviour therapy,high
10.1136/jnnp.56.6.684,other,none,high
10.1136/jnnp.56.9.993,other,none,high
10.1136/jnnp.56.6.679,other,none,high
10.1136/jnnp-2025-abn.76,other,topiramate,high
10.1136/jnnp.57.9.1157-a,other,none,high
10.1136/jnnp.57.5.617,other,unspecified,low
10.1136/jnnp.57.5.662-a,other,unspecified,low
10.1136/jnnp.60.5.495,other,none,high
10.1136/jnnp.60.5.489,other,none,high
10.1136/jnnp.58.1.38,other,unspecified,high
10.1136/jnnp.60.5.504,other,none,high
10.1136/jnnp.64.3.362,other,none,high
10.1136/jnnp.62.2.151,other,none,high
10.1136/jnnp.64.4.431,other,none,high
10.1136/jnnp.64.4.430,other,unspecified,low
10.1136/jnnp.69.3.302,exercise,graded exercise therapy,high
10.1136/jnnp.65.4.541,exercise,treadmill exercise test,high
10.1136/jnnp.74.10.1382,other,none,high
10.1136/jnnp.74.7.922,other,none,high
10.1136/jrnms-70-91,other,nicotine chewing gum,low
10.1136/medethics-2016-103691,other,not applicable,high
10.1136/medhum-2019-011743,other,none,high
10.1136/medhum-2019-011807,other,not applicable,high
10.1136/medhum-2019-011756,other,none,high
10.1136/medhum-2018-011598,psychological,psychological or behavioural treatment,low
10.1136/medhum-2020-011873,other,not applicable,high
10.1136/oem.2005.023176,other,none,high
10.1136/oem.2003.008912,other,none,high
10.1136/oem.60.suppl_1.i26,other,none,high
10.1136/openhrt-2015-000381,other,unspecified,high
10.1136/oemed-2018-icohabstracts.1120,other,organophosphate exposure,low
10.1136/openhrt-2017-000697,other,unspecified,high
10.1136/pgmj.54.637.711,other,none,high
10.1136/pgmj.54.637.718,other,unspecified,high
10.1136/pgmj.54.637.725,other,none,high
10.1136/pgmj.54.637.731,other,none,high
10.1136/pgmj.54.637.737,other,unspecified,high
10.1136/pgmj.54.637.752,other,none,high
10.1136/pgmj.54.637.747,other,unspecified,low
10.1136/pgmj.54.637.768,other,unspecified,high
10.1136/pgmj.55.650.856,other,unspecified,high
10.1136/pgmj.2003.011429,other,midodrine,high
10.1136/pgmj.66.777.526,other,unspecified,high
10.1136/pgmj.54.637.755,other,none,high
10.1136/pgmj.68.795.66,other,unspecified,low
10.1136/pgmj.74.870.229,supplement,vitamin d and oral phosphate supplements,low
10.1136/qhc.11.3.284,other,unspecified,low
10.1136/pmj.79.929.185-a,other,none,low
10.1136/qhc.11.4.e2,other,unspecified,low
10.1136/sti.8.1.56,other,none,high
10.1136/qshc.2004.013227,other,unspecified,low
10.1142/s0192415x05002734,other,qi therapy (external qigong),high
10.1136/spcare-2023-004595,supplement,astragalus root extract,high
10.1145/3357236.3395490,other,unspecified,low
10.1145/3290605.3300452,other,smartphone apps for symptom management,low
10.1145/3322276.3322319,device,social robot,high
10.1142/s0192415x08005540,other,acupuncture and moxibustion,high
10.1145/3588967.3588976,other,none,high
10.1136/pgmj.64.753.559,other,unspecified,high
10.1145/3613904.3642553,other,none,high
10.1145/3377929.3389947,other,not applicable,high
10.1145/3706598.3713990,other,pacing technology,low
10.1145/3715336.3735419,device,wearable pacing technology,high
10.11477/mf.1416200943,other,unspecified,high
10.11477/mf.1416200944,other,unspecified,low
10.1146/annurev-virology-111821-125122,other,unspecified,high
10.11477/mf.1416200946,other,unspecified,high
10.11477/mf.1416200947,immunomodulator,rituximab,high
10.11477/mf.1416200948,other,none,high
10.11477/mf.1416200945,other,unspecified,high
10.11477/mf.1416201164,other,not applicable,high
10.11477/mf.1416202094,other,unspecified,low
10.11477/mf.1416202093,other,unspecified,low
10.11477/mf.1416202311,other,unspecified,low
10.1152/ajpendo.00242.2023,supplement,nadh,high
10.1148/radiol.14141079,other,none,high
10.1148/radiology.219.3.r01jn18766,other,none,high
10.1152/ajpheart.00994.2011,other,none,high
10.1152/ajpheart.2002.282.1.h66,other,none,high
10.1152/ajpregu.00925.2007,other,none,high
10.1155/1993/414602,other,none,high
10.1152/physiol.2024.39.s1.2025,other,unspecified,high
10.1152/japplphysiol.00141.2003,other,blood flow restriction (cuff occlusion),high
10.1152/physiol.00056.2024,other,unspecified,high
10.1155/2000/602862,immunomodulator,influenza vaccine,high
10.1152/japplphysiol.00821.2012,other,"apocynin, allopurinol, tempol, ebselen",medium
10.1155/2002/892374,other,none,high
10.1152/ajpregu.00071.2024,other,phenylephrine,high
10.1155/2008/263751,psychological,prayer and spiritual support,high
10.1152/japplphysiol.00527.2014,other,phenylephrine,high
10.1155/2009/701019,other,not applicable,high
10.1155/2011/281425,other,xmrv detection assays,low
10.1155/2011/854540,other,none,high
10.1155/2011/787394,other,unspecified,high
10.1155/2012/427869,other,unspecified,high
10.1155/2011/341294,other,unspecified,low
10.1155/2013/485341,exercise,qigong,high
10.1155/2012/205085,other,none,high
10.1155/2012/584573,other,unspecified,low
10.1155/2013/784520,other,unspecified,low
10.1155/2013/270373,other,none,high
10.1155/2013/831969,other,none,high
10.1155/2015/191489,other,brucella abortus antigen,high
10.1155/2014/106048,exercise,baduanjin qigong,high
10.1155/2015/245308,other,unspecified,high
10.1155/2015/380615,other,unspecified,high
10.1155/2015/631410,exercise,qigong,high
10.1155/2015/929720,other,unspecified,high
10.1155/2016/9064529,other,none,high
10.1155/2016/2497348,other,unspecified,high
10.1155/2015/945901,supplement,cistanches herba and schisandrae fructus,high
10.1155/2015/528487,other,unspecified,low
10.1155/2017/8182020,other,unspecified,high
10.1155/2018/3972104,other,dexamethasone,low
10.1155/2018/5801510,other,physical activity and sleep duration,high
10.1155/2018/9140896,supplement,sarcodon imbricatus,high
10.1155/2018/9014232,other,not applicable,high
10.1155/2019/1684198,probiotic,unspecified,high
10.1155/2019/3849692,supplement,astaxanthin,high
10.1155/2020/2974268,supplement,radix astragali,medium
10.1155/2020/4708374,supplement,sipjeondaebo-tang (shi-quan-da-bu-tang),high
10.1155/2020/4715679,other,traditional chinese medicine,low
10.1155/2024/3256273,other,unspecified,high
10.1155/2021/6418217,other,moxibustion,high
10.1155/2021/8867098,exercise,baduanjin exercise,high
10.1155/2024/6475425,other,none,high
10.1155/jpas/5014500,other,unspecified,high
10.1157/13070608,other,not applicable,high
10.1157/13107370,other,unspecified,high
10.1157/13073217,other,insecticide exposure,low
10.1157/13089106,other,none,high
10.1158/1538-7445.am2022-34,other,unspecified,high
10.1157/13108085,rehabilitation,cognitive behavioral therapy with graded activity increase,high
10.11575/jah.v0i0.53334,other,none,high
10.1158/1538-7445.am2026-6275,other,unspecified,high
10.1159/000026469,other,none,high
10.1159/000026511,other,none,high
10.1159/000054863,exercise,graded maximal treadmill exercise,high
10.1159/000026543,other,not applicable,high
10.1159/000063646,other,none,high
10.1159/000056234,psychological,group therapy,high
10.1159/000067176,other,none,high
10.1159/000065185,other,none,high
10.1159/000027996,other,unspecified,high
10.1159/000064267,other,distant healing,high
10.1159/000071894,psychological,cognitive-behavior therapy,high
10.1159/000026494,other,selegiline,high
10.1159/000075315,other,unspecified,low
10.1159/000076455,psychological,cognitive behaviour therapy,high
10.1159/000080144,other,unspecified,high
10.1159/000085145,psychological,cognitive behaviour group therapy,high
10.1159/000097332,other,unspecified,high
10.1159/000101498,psychological,cognitive-behavioral therapy,high
10.1159/000104468,other,unspecified,high
10.1159/000099844,psychological,cognitive behavioural therapy,high
10.1159/000110727,other,none,high
10.1159/000104864,other,unspecified,high
10.1159/000116426,other,none,high
10.1159/000119226,supplement,carnitine,high
10.1159/000116609,other,distant healing,high
10.1159/000116723,other,none,high
10.1159/000119278,other,infectious mononucleosis,high
10.1159/000119233,other,none,high
10.1159/000119331,other,none,high
10.1159/000119307,other,unspecified,high
10.1159/000163942,other,unspecified,low
10.1159/000150450,other,unspecified,high
10.1159/000164000,other,unspecified,high
10.1159/000152375,other,none,high
10.1159/000163999,other,none,high
10.1159/000119325,supplement,l-carnitine,high
10.1159/000164010,other,unspecified,high
10.1159/000164104,other,unspecified,high
10.1159/000288016,other,unspecified,high
10.1159/000247075,other,unspecified,low
10.1159/000288612,other,unspecified,low
10.1159/000315130,psychological,cognitive behaviour therapy,high
10.1159/000319312,other,none,high
10.1159/000326465,other,none,high
10.1159/000320778,psychological,cognitive behaviour therapy,high
10.1159/000324349,supplement,eicosapentaenoic acid,high
10.1159/000320974,psychological,unspecified,medium
10.1159/000327582,psychological,cognitive behaviour therapy,high
10.1159/000326692,other,not applicable,high
10.1159/000289050,other,none,high
10.1159/000329996,psychological,cognitive-behavioral therapy and graded exercise therapy,high
10.1159/000336803,other,none,high
10.1159/000339011,supplement,"herbal adaptogens (ginseng, ashwagandha, cat's claw, caterpillar fungus, tulsi, jiaogulan)",high
10.1159/000343982,other,unspecified,low
10.1159/000369087,other,unspecified,low
10.1159/000365174,psychological,maladaptive coping styles intervention,low
10.1159/000369085,other,unspecified,high
10.1159/000431258,psychological,narrative self-confrontation therapy,medium
10.1159/000438867,psychological,cognitive behaviour therapy,high
10.1159/000493531,other,unspecified,low
10.1159/000528827,rehabilitation,yijinjing qigong,high
10.1159/000448957,other,unspecified,low
10.1159/000517930,other,unspecified,high
10.1163/156856901753421007,other,none,high
10.1163/156856900750232506,other,unspecified,low
10.1159/000547484,rehabilitation,activity and rehabilitation strategies,medium
10.1161/jaha.124.036752,other,unspecified,high
10.1163/ej.9789004124011.i-226.46,other,unspecified,low
10.11603/2411-1597.2015.2.5158,other,unspecified,low
10.1164/ajrccm.2025.211.abstracts.a7881,other,none,high
10.1164/rccm.200403-357oc,other,hypertonic saline,high
10.1172/jci.insight.157621,other,maximal cardiopulmonary exercise test (cpet),low
10.1172/jci.insight.183810,other,unspecified,high
10.1172/jci.insight.158193,other,unspecified,high
10.1172/jci.insight.89376,other,none,high
10.1172/jci.insight.149217,other,none,high
10.1172/jci118990,other,unspecified,high
10.1172/jci132185,other,none,high
10.1172/jci134985,other,unspecified,high
10.1176/ajp.153.8.1050,other,none,high
10.1176/ajp.148.12.1638,other,none,high
10.1176/ajp.154.3.408,psychological,cognitive behavior therapy,high
10.1176/appi.ajp.158.4.641,other,none,high
10.1176/appi.pn.2014.12b5,other,none,high
10.1176/appi.neuropsych.14060132,other,not applicable,low
10.1176/appi.ajp.158.12.2038,psychological,cognitive behavior therapy,high
10.1176/appi.neuropsych.15.2.254,other,none,high
10.1176/appi.pn.2015.3b17,other,unspecified,high
10.1176/appi.pn.2020.3a3,other,unspecified,low
10.1176/appi.psy.42.1.21,other,not applicable,high
10.1176/appi.psy.49.3.235,other,none,high
10.1176/ajp.155.6.824,psychological,selective serotonin reuptake inhibitors or tricyclic antidepressants,high
10.1176/appi.psy.49.6.470,other,"cognitive-behavioral therapy, graded-exercise therapy",low
10.1176/jnp.5.2.200,other,none,high
10.1176/jnp.6.2.189,psychological,cognitive-behavioral therapy,high
10.1176/appi.psy.50.2.147,psychological,psychotherapy,medium
10.1176/appi.psy.44.1.38,other,dexamphetamine,high
10.1176/pn.2001.36.1.20,other,unspecified,high
10.1176/pn.38.14.0027a,other,unspecified,low
10.1177/000456329403100506,supplement,magnesium,high
10.1176/pn.36.24.0023,psychological,cognitive-behavior therapy,high
10.1177/0003065118798043,psychological,emotional regulation therapy,low
10.1177/000456329403100507,other,none,high
10.1176/appi.psy.44.2.113,other,adrenocorticotropic hormone (acth),high
10.1177/000456329703400416,other,unspecified,high
10.1177/00048674211043788,other,antimicrobials (unspecified),low
10.1177/0011392101049003003,other,none,high
10.1177/0009922812455094,other,none,high
10.1177/008124630503500208,other,none,high
10.1177/008124639402400103,other,not applicable,high
10.1177/000331979804901105,other,inopamil,high
10.1177/008124639602600108,other,unspecified,high
10.1177/014107680009300608,other,none,high
10.1177/014107680209500904,other,none,high
10.1177/014107680409701204,other,none,high
10.1177/0141076820951545,psychological,cognitive behavioural therapy,high
10.1177/014107680009300306,other,none,high
10.1177/014107680609901012,other,mixed interventions (systematic review),high
10.1177/0141076817702530,other,not applicable,high
10.1177/014107688808100609,other,unspecified,high
10.1177/014107689208500909,other,unspecified,high
10.1177/014107688808100608,other,not applicable,high
10.1177/014107689008301204,rehabilitation,conventional rehabilitation for chronic habitual hyperventilation,medium
10.1177/014107689909200405,supplement,"b vitamins (pyridoxine, riboflavin, thiamine)",high
10.1177/014107689709000505,other,unspecified,low
10.1177/014107689809100706,other,screening instruments,low
10.1177/01632780022034598,other,none,high
10.1177/0163278702250071,other,no intervention studied,high
10.1177/01632780122034993,other,none,high
10.1177/0163278709338558,psychological,fennell phase inventory,low
10.1177/0163278711424281,other,none,high
10.1177/016327879301600403,other,not applicable,high
10.1177/016327879601900204,rehabilitation,comprehensive rehabilitation program,medium
10.1177/0269215507080769,rehabilitation,rehabilitation strategies,medium
10.1177/02610183241229050,other,none,high
10.1177/0163278713497014,other,not applicable,high
10.1177/01632789922034400,other,chronic fatigue syndrome attitudes test,low
10.1177/0269215510371429,exercise,aerobic exercise training and progressive resistance training,high
10.1177/0269215510380831,other,physical activity assessment,high
10.1177/0269215514542635,psychological,guided imagery,high
10.1177/0269215515621362,psychological,group-based self-management program,high
10.1177/026921559400800110,psychological,cognitive behaviour therapy with graded activity,high
10.1177/0271678x241270528,other,none,high
10.1177/0269881105053293,other,unspecified,high
10.1177/0300060516671622,other,unspecified,high
10.1177/030802260006300404,other,not applicable,high
10.1177/02698811251368371,other,solriamfetol,high
10.1177/0301006615614467,other,none,high
10.1177/030802260206500103,other,none,high
10.1177/030802260206501005,rehabilitation,occupational therapy inpatient programme,high
10.1177/030802260406700606,rehabilitation,lifestyle management programme,high
10.1177/0269881105056531,other,modafinil,high
10.1177/030802260907200102,rehabilitation,occupational therapy,high
10.1177/030802260707000803,rehabilitation,occupational therapy,high
10.1177/03080226211020656,other,occupational therapy,low
10.1177/0308022620966254,other,occupational therapy,high
10.1177/03080226241249279,rehabilitation,occupational therapy,high
10.1177/03080226241254720,other,not applicable,high
10.1177/030802269405701003,rehabilitation,rehabilitation programme,high
10.1177/030802269806100907,rehabilitation,inpatient rehabilitation programme,high
10.1177/036012931998023003025,other,red cell fatty acid analysis,low
10.1177/03601293251408245,other,yang-supporting cupping combined with wheat-grain moxibustion,high
10.1177/039463200101400103,other,none,high
10.1177/03946320040170s210,other,none,high
10.1177/039463200902200320,other,unspecified,high
10.1177/039463200902200219,other,none,high
10.1177/039463200902200326,other,none,high
10.1177/039463201002300402,other,unspecified,high
10.1177/039463201102400419,other,none,high
10.1177/039463201102400313,other,none,high
10.1177/039463201202500224,other,none - diagnostic study,high
10.1177/070674370505000402,other,none,high
10.1177/0394632015572074,other,none,high
10.1177/0886260519888515,other,not applicable,high
10.1177/070674379003500714,other,unspecified,low
10.1177/089801019301100206,other,amma therapy,high
10.1177/0907568203104004,other,not applicable,high
10.1177/0957154x08097199,other,unspecified,high
10.1177/09593535261421588,other,none,high
10.1177/0962280217713347,other,unspecified,high
10.1177/0962280216666111,rehabilitation,rehabilitative treatment,high
10.1177/0957926504038943,other,none,high
10.1177/10442073040140040401,other,none,high
10.1177/1044207308325995,other,not applicable,high
10.1177/1044207309359515,other,none,high
10.1177/1044207309346310,other,not applicable,high
10.1177/104973230201200202,other,none,high
10.1177/10442073231154027,other,none,high
10.1177/1049732314562893,other,none,high
10.1177/1049732311421914,other,distant healing (prayers),high
10.1177/1049732303260682,other,none,high
10.1177/1049732320969395,psychological,guided self-help intervention,low
10.1177/1054773819838679,other,none,high
10.1177/1049732315573954,other,unspecified,high
10.1177/10598405221144259,other,school-based active surveillance,low
10.1177/1066480714533652,other,none,high
10.1177/11786469231220781,other,urine metabolite analysis,high
10.1177/1179557320941478,other,none,high
10.1177/11795735241271675,other,unspecified,high
10.1177/107839039500100104,psychological,milieu therapy,medium
10.1177/1359104500005001005,rehabilitation,gradual activity increase,high
10.1177/1066480711429426,psychological,family counseling,high
10.1177/1359104506059133,other,unspecified,high
10.1177/1359104509340940,other,not applicable,high
10.1177/1359104511403585,psychological,neuropsychological strategies,medium
10.1177/1359104511403680,rehabilitation,rehabilitation,high
10.1177/1206331213512235,other,virtual social support (second life),low
10.1177/1359104512460862,psychological,qualitative psychological support,high
10.1177/1359104512455814,other,none,high
10.1177/1359104515602373,other,not applicable,high
10.1177/1359104516646813,other,unspecified,high
10.1177/1359104516672507,psychological,cognitive behavioural therapy,high
10.1177/1359104518794764,rehabilitation,home-based family focused rehabilitation,high
10.1177/1359104517736357,other,unspecified,high
10.1177/1359104519829796,other,psychological intervention,low
10.1177/1359104519835583,other,none,high
10.1177/1359104519838584,other,none,high
10.1177/1359104520964528,other,not applicable,high
10.1177/1359104520918364,other,none,high
10.1177/1359104521994880,other,unspecified,high
10.1177/1359105302007001649,other,unspecified,low
10.1177/13591045211005515,other,none,high
10.1177/135910530100600210,other,not applicable,high
10.1177/135910530100600105,other,not applicable,high
10.1177/13591053030084005,other,unspecified,high
10.1177/1359105305049774,exercise,graded exercise therapy,high
10.1177/1359105306066628,psychological,therapeutic intervention (caring),low
10.1177/1359105307071747,other,none,high
10.1177/1359105308088525,other,unspecified,high
10.1177/1359105308100205,other,not applicable,high
10.1177/1359105309349453,other,none,high
10.1177/1359105309350515,other,unspecified,high
10.1177/1359105309355336,other,none,high
10.1177/1359105307076233,other,unspecified,high
10.1177/1359105309344895,other,none,high
10.1177/1359105311424470,other,not applicable,high
10.1177/1359105312464670,other,none,high
10.1177/1359105313501534,other,not applicable,high
10.1177/1359105313520335,other,not applicable,high
10.1177/1359105314535458,rehabilitation,behavioral intervention,high
10.1177/1359105315583367,other,none,high
10.1177/1359105315587137,other,unspecified,high
10.1177/1359105316675213,psychological,cognitive behavioural therapy,high
10.1177/1359105316667798,psychological,cognitive behavioural therapy,high
10.1177/1359105316664139,other,unspecified,high
10.1177/1359105316688953,psychological,cognitive behaviour therapy,high
10.1177/1359105317695803,other,not applicable,low
10.1177/1359105317700885,psychological,cognitive behavioural therapy,high
10.1177/1359105316643376,other,none,high
10.1177/1359105317697323,exercise,graded activity therapy,high
10.1177/1359105317700886,other,cognitive behavioural therapy and graded exercise therapy,high
10.1177/1359105317703785,rehabilitation,cognitive behavior therapy and graded exercise therapy,high
10.1177/1359105317703787,other,graded exercise therapy and cognitive behavioural therapy,high
10.1177/1359105317703789,other,unspecified,low
10.1177/1359105317703786,psychological,cognitive behaviour therapy,high
10.1177/1359105317707216,psychological,cognitive behavioural therapy,high
10.1177/1359105317707215,psychological,cognitive behaviour therapy,high
10.1177/1359105317707259,psychological,cognitive coping intervention,high
10.1177/1359105317707531,exercise,graded exercise therapy,high
10.1177/1359105317710246,psychological,cognitive behavioural therapy,high
10.1177/1359105317726152,psychological,cognitive behavioural therapy,high
10.1177/1359105318784161,other,unspecified,high
10.1177/1359105317742195,other,not applicable,high
10.1177/1359105317715476,other,unspecified,high
10.1177/1359105318796906,other,none,high
10.1177/1359105318785450,other,none,high
10.1177/1359105318805819,other,questionnaire assessment tool,high
10.1177/13591053221084494,other,unspecified,low
10.1177/13591053211008203,psychological,cognitive behavioural therapy,high
10.1177/13591053211027631,other,not applicable,high
10.1177/1359105319847261,psychological,cognitive behavioural therapy,high
10.1177/1359105321990810,other,unspecified,high
10.1177/1359105319854532,rehabilitation,graded exercise therapy,high
10.1177/13591053231169191,other,unspecified,high
10.1177/13591053211038042,psychological,cognitive-behavioural therapy,high
10.1177/13591053251325690,other,unspecified,high
10.1177/13591053231186385,other,none,high
10.1177/13591053261420598,other,none,high
10.1177/135910539800300406,other,not applicable,high
10.1177/135910539800300107,other,none,high
10.1177/1363459303007002876,other,patient education school,high
10.1177/13591053231223882,other,unspecified,high
10.1177/1363459307070806,other,not applicable,high
10.1177/1359105319834678,other,none,high
10.1177/1363459308094420,other,unspecified,high
10.1177/1363459309103919,other,unspecified,high
10.1177/1363459315583158,other,none,high
10.1177/136345939800200204,other,not applicable,high
10.1177/1363459315628044,other,none,high
10.1177/1363459315622041,other,none,high
10.1177/136346159403100302,other,unspecified,low
10.1177/136346159403100206,other,unspecified,low
10.1177/1367493505049644,other,functional ability scale,high
10.1177/1367493519864747,other,scoping review (no single intervention studied),high
10.1177/1403494819868592,other,not applicable,high
10.1177/14034948211056752,other,not applicable,high
10.1177/136749359900300207,other,unspecified,high
10.1177/146642400212200113,other,not applicable,high
10.1177/147323000803600501,other,unspecified,low
10.1177/13634615030403006,psychological,psychosocial intervention,low
10.1177/147323001103900122,other,none,high
10.1177/14782715241255977,other,unspecified,high
10.1177/1478271520023202013,other,unspecified,low
10.1177/15350102001003001,psychological,peer-facilitated group therapy,high
10.1177/14782715241257968,other,none,high
10.1177/1524838007303196,other,unspecified,low
10.1177/153537020322800206,other,none,high
10.1177/153944920502500205,psychological,coping strategies,high
10.1177/1740774518760300,other,pragmatic rehabilitation,low
10.1177/153944929701700303,other,energy conservation training,low
10.1177/17423953060020020901,psychological,cognitive-behavioural therapy,high
10.1177/1742395316644770,other,none,high
10.1177/1742395313478220,other,none,high
10.1177/1742395317703175,other,unspecified,high
10.1177/1742395312474478,other,not applicable,high
10.1177/1742395317746470,other,energy envelope maintenance,high
10.1177/1742395319836472,other,none,high
10.1177/1742395320949613,other,activity measurement (actigraphy),low
10.1177/17423953211064989,other,unspecified,high
10.1177/17423953211043106,other,unspecified,high
10.1177/17423953221121696,other,none,high
10.1177/17423953221101606,other,none,high
10.1177/17423953231178185,other,service-based intervention,low
10.1177/17423953251347108,other,none,high
10.1177/17448069241275097,other,unspecified,low
10.1177/19714009980110s220,other,unspecified,high
10.1177/1742395318815965,other,none,high
10.1177/20420986251395925,other,unspecified,high
10.1177/2049463719875164,other,unspecified,high
10.1177/2042533313507920,other,lumbar puncture,high
10.1177/20499361211009385,other,unspecified,high
10.1177/2055102918792648,rehabilitation,multidisciplinary rehabilitation treatment,high
10.1177/2055102918805187,exercise,graded exercise therapy,high
10.1177/2055102919838907,psychological,cognitive behavioural therapy,high
10.1177/2058738418812342,other,none,high
10.1177/2055102919840614,psychological,cognitive behavioural therapy,high
10.1177/2058738418820402,other,none,high
10.1177/2150131910385843,other,unspecified,low
10.1177/2156587213485436,other,complementary and alternative therapies,low
10.1177/2156587217712763,other,traditional persian medicine remedies,low
10.1177/21925682231217706,other,not applicable,high
10.1177/2156587216659400,psychological,whee (wholistic hybrid derived from emdr and eft),high
10.1177/2164957x221079790,supplement,ginseng,high
10.1177/23743735261442541,supplement,ketogenic metabolic therapy,medium
10.1177/2324709615607908,supplement,riboflavin and thiamine,high
10.1177/23743735241272158,rehabilitation,adaptive pacing (paceme app),high
10.1177/1942602x18795299,other,none,high
10.1177/23743735261449971,other,structured observation,high
10.1177/2380084419872135,other,none,high
10.1177/26331055221114817,other,not applicable,low
10.1177/27536130241275607,psychological,qigong,high
10.1179/135100000101535519,other,unspecified,low
10.1179/174328808x252064,rehabilitation,thoracic rotational movement (physiotherapy),high
10.1179/174592006x111012,psychological,cognitive-behavioural therapy,high
10.1179/rer.2000.5.1.35,other,none,high
10.1179/2295333714y.0000000056,psychological,cognitive behavioural therapy,high
10.1179/2295333714y.0000000075,other,unspecified,low
10.1177/27536130241311594,other,unspecified,high
10.1179/2295333714y.0000000076,other,unspecified,low
10.1182/blood-2018-99-117260,other,none,high
10.1183/13993003.congress-2023.pa2960,other,not applicable,high
10.1183/13993003.congress-2023.pa4574,other,unspecified,high
10.1185/03007995.2015.1045472,other,not applicable,high
10.1183/13993003.congress-2025.pa4128,other,icpet,low
10.1186/1471-2172-13-71,other,influenza vaccine,high
10.1186/1471-2180-11-2,other,unspecified,high
10.1186/1471-2180-2-39,other,none,high
10.1186/1471-2296-11-16,other,none,high
10.1186/1471-2172-14-29,other,none,high
10.1177/216507991306100705,other,not applicable,high
10.1183/13993003.congress-2023.pa4639,other,pyridostigmine,high
10.1186/1471-2296-11-28,other,not applicable,high
10.1186/1471-2296-11-89,other,none,high
10.1186/1471-2296-13-93,other,not applicable,high
10.1186/1471-230x-12-13,other,none,high
10.1186/1471-2296-14-12,rehabilitation,pragmatic rehabilitation,high
10.1186/1471-2296-6-33,other,none,high
10.1186/1471-230x-4-32,other,none,high
10.1186/1471-2296-6-49,other,not applicable,high
10.1186/1471-230x-13-28,other,no intervention studied,high
10.1186/1471-2296-15-44,other,not applicable,high
10.1186/1471-2334-12-258,other,none,high
10.1186/1471-2377-10-73,other,unspecified,high
10.1186/1471-2334-5-78,other,none,high
10.1186/1471-2377-11-30,other,sumatriptan,medium
10.1186/1471-2377-4-14,other,unspecified,high
10.1186/1471-2377-11-23,psychological,web-based cognitive behavioural therapy (fitnet),high
10.1186/1471-2377-4-6,other,none,high
10.1186/1471-2377-11-62,other,not applicable,high
10.1186/1471-2377-11-82,other,none,high
10.1186/1471-2377-5-22,other,unspecified,high
10.1186/1471-2377-6-41,other,none,high
10.1186/1471-2377-7-6,rehabilitation,graded exercise therapy,high
10.1186/1471-2377-6-9,other,none,high
10.1186/1471-2377-7-40,other,none,high
10.1186/1471-244x-6-53,other,none,high
10.1186/1471-2377-9-28,immunomodulator,rituximab,high
10.1186/1471-244x-13-281,other,actigraphy (observational),low
10.1186/1471-2458-11-402,other,none,high
10.1186/1471-244x-9-s1-s1,other,unspecified,high
10.1186/1471-2458-12-202,exercise,self-regulation based physical activity program (4-steps),high
10.1186/1471-2474-5-47,other,none,high
10.1186/1471-2458-9-458,other,not applicable,high
10.1186/1472-6793-5-5,other,exercise challenge,high
10.1186/1471-2458-13-414,other,none,high
10.1186/1472-6882-11-47,other,unspecified,high
10.1186/1472-6882-12-s1-p123,device,nucca atlas correction,medium
10.1186/1472-6882-11-87,supplement,nadh and magnesium,medium
10.1186/1472-6882-7-12,other,complementary and alternative medicine (cam) therapies,high
10.1186/1472-6920-8-49,other,educational intervention,high
10.1186/1472-6920-9-70,other,unspecified,high
10.1186/1472-6955-8-2,other,unspecified,high
10.1186/1472-6963-11-217,other,none,high
10.1186/1472-6963-5-37,other,none,high
10.1186/1472-6963-11-308,other,none,high
10.1186/1475-2891-9-55,supplement,high cocoa polyphenol rich chocolate,high
10.1186/1472-6963-9-13,other,not applicable,high
10.1186/1472-6963-8-175,psychological,cognitive behavior therapy,high
10.1186/1475-2891-8-4,probiotic,"lactobacillus paracasei f19, lactobacillus acidophilus ncfb 1748, and bifidobacterium lactis bb12",high
10.1186/1475-9276-10-46,other,none,high
10.1186/1476-5918-4-10,exercise,daily walking program,high
10.1186/1476-5918-4-3,exercise,aerobic exercise,high
10.1186/1476-5918-5-1,other,unspecified,high
10.1186/1476-5918-6-6,other,none,high
10.1186/1476-5918-7-6,other,n/a,high
10.1186/1477-7525-1-48,other,none,high
10.1186/1477-7525-1-49,other,unspecified,high
10.1186/1477-7525-1-52,other,not applicable,high
10.1186/1476-5918-6-2,other,none,high
10.1186/1477-7525-1-74,other,unspecified,low
10.1186/1477-7525-12-64,other,none,high
10.1186/1477-7525-7-29,psychological,cognitive behavioural therapy,high
10.1186/1477-7525-7-67,other,unspecified,low
10.1186/1478-7954-2-1,other,none,high
10.1186/1478-7547-2-4,other,not applicable,high
10.1186/1478-7547-9-1,other,none,high
10.1186/1478-7954-3-8,other,not applicable,high
10.1186/1478-7954-5-5,other,not applicable,high
10.1186/1478-7954-4-12,other,unspecified,high
10.1186/1478-7954-7-18,other,unspecified,high
10.1186/1478-7954-7-17,other,none,high
10.1186/1478-7954-5-6,other,unspecified,high
10.1186/1479-5876-1-10,other,unspecified,high
10.1186/1479-5876-10-88,other,none,high
10.1186/1479-5876-11-68,other,none,high
10.1186/1479-5876-11-243,other,none,high
10.1186/1479-5876-11-93,other,none (observational study),high
10.1186/1479-5876-10-191,other,unspecified,high
10.1186/1479-5876-12-20,other,none,high
10.1186/1479-5876-12-104,other,cardiopulmonary exercise testing,high
10.1186/1479-5876-7-96,other,unspecified,high
10.1186/1479-5876-7-81,other,unspecified,high
10.1186/1479-5876-4-34,immunomodulator,azithromycin,high
10.1186/1479-5876-8-1,other,none,high
10.1186/1479-5876-8-93,other,none,high
10.1186/1479-5876-9-81,other,unspecified,high
10.1186/1740-2557-2-5,other,unspecified,high
10.1186/1741-7015-11-205,other,none,high
10.1186/1741-7007-8-124,other,unspecified,low
10.1186/1741-7015-11-64,other,none,high
10.1186/1741-7015-7-57,other,not applicable,high
10.1186/1741-7015-7-58,other,unspecified,high
10.1186/1741-7015-8-35,psychological,cognitive behaviour therapy,high
10.1186/1741-7015-9-26,other,no intervention studied,high
10.1186/1741-7015-9-91,other,none,high
10.1186/1742-4682-4-8,other,not applicable,high
10.1186/1741-7015-3-19,other,not applicable,high
10.1186/1742-4682-9-22,other,none - methodology paper,high
10.1186/1742-4690-7-110,other,not applicable - methodological study,high
10.1186/1742-4690-7-109,other,not applicable,high
10.1186/1742-4690-7-113,other,unspecified,high
10.1186/1742-4690-7-16,other,unspecified,high
10.1186/1742-4690-7-10,other,none,high
10.1186/1742-4690-7-57,other,not applicable,high
10.1186/1741-7015-4-9,rehabilitation,pragmatic rehabilitation,high
10.1186/1742-4690-7-63,other,not applicable,high
10.1186/1742-4690-8-12,other,not applicable,high
10.1186/1742-4690-7-68,other,xmrv,high
10.1186/1742-4690-8-20,other,not applicable,high
10.1186/1742-4690-8-13,other,unspecified,high
10.1186/1742-4690-8-s1-a219,other,unspecified,high
10.1186/1742-4690-8-s1-a230,other,unspecified,high
10.1186/1742-4690-8-s1-a238,other,unspecified,high
10.1186/1742-4690-8-s1-a222,other,unspecified,high
10.1186/1742-4690-8-s1-a241,other,unspecified,high
10.1186/1743-0003-5-16,other,none,high
10.1186/1742-4690-8-s1-a225,other,unspecified,high
10.1186/1743-422x-7-224,other,none,high
10.1186/1742-4690-8-s2-o11,other,unspecified,high
10.1186/1743-7075-7-79,probiotic,probiotics,medium
10.1186/1743-422x-8-450,other,none,high
10.1186/1744-859x-9-s1-s25,supplement,epa,high
10.1186/1743-422x-8-423,other,unspecified,high
10.1186/1743-422x-10-332,other,none,high
10.1186/1744-9081-4-44,other,none,high
10.1186/1744-9081-3-55,other,cold stress (cold showers),high
10.1186/1744-9081-5-43,other,none,high
10.1186/1744-9081-5-10,other,none,high
10.1186/1745-6215-12-s1-a144,rehabilitation,adaptive pacing therapy (apt),high
10.1186/1744-9081-6-76,other,unspecified,high
10.1186/1745-6215-13-71,psychological,cognitive behavioural therapy,high
10.1186/1745-6215-14-415,psychological,lightning process,high
10.1186/1745-6215-14-386,other,"adaptive pacing therapy, cognitive behaviour therapy, graded exercise",high
10.1186/1745-6215-14-444,psychological,lightning process,high
10.1186/1745-6215-16-s2-o43,rehabilitation,"pacing, graded activity, and cognitive behaviour therapy",high
10.1186/1745-6215-16-s1-p21,other,unspecified,high
10.1186/1748-5908-6-132,psychological,pragmatic rehabilitation and supportive listening,high
10.1186/1751-0759-3-7,other,none,high
10.1186/1745-6215-14-147,other,acupuncture,high
10.1186/1751-0759-4-22,other,none,high
10.1186/1751-0759-6-10,other,unspecified,high
10.1186/1751-0759-7-7,other,none,high
10.1186/1752-0509-2-95,other,unspecified,high
10.1186/1751-0759-7-5,other,none,high
10.1186/1751-0759-8-22,other,none,high
10.1186/1755-8794-2-38,other,none,high
10.1186/1756-0500-4-139,other,not applicable,high
10.1186/1756-0500-6-309,other,none,high
10.1186/1878-5085-5-s1-a149,rehabilitation,personalized rehabilitation program,medium
10.1186/1756-0500-7-461,other,none - diagnostic study,high
10.1186/1757-4749-1-6,probiotic,lactobacillus casei strain shirota,high
10.1186/2052-1847-5-16,exercise,graded and intermittent exercise,high
10.1186/ar1163,other,unspecified,high
10.1186/1756-0500-7-370,other,not applicable,high
10.1186/1756-0500-5-418,other,clonidine,high
10.1186/ar2690,other,none,high
10.1186/ar2691,other,unspecified,high
10.1186/ar2425,other,none,high
10.1186/s10020-018-0046-1,other,unspecified,high
10.1186/s10020-019-0083-4,other,unspecified,low
10.1186/s10020-022-00528-y,other,unspecified,high
10.1186/s12865-015-0101-4,other,none,high
10.1186/s12865-016-0142-3,other,none,high
10.1186/s10020-023-00766-8,other,unspecified,high
10.1186/1756-0500-7-650,other,acute tryptophan depletion,high
10.1186/s12865-017-0190-3,other,unspecified,high
10.1186/s12865-026-00849-1,other,unspecified,high
10.1186/s12865-024-00657-5,other,none,high
10.1186/s12866-025-04650-9,other,none,high
10.1186/s12874-019-0730-z,other,none,high
10.1186/s12874-020-01131-7,other,unspecified,low
10.1186/s12875-016-0453-8,other,no treatment studied,high
10.1186/s12875-016-0527-7,other,none,high
10.1186/s12875-016-0493-0,other,none,high
10.1186/s12875-017-0635-z,other,not applicable,high
10.1186/s12879-025-11754-0,psychological,cognitive behavior therapy,high
10.1186/s12879-024-10238-x,other,none,high
10.1186/s12881-016-0342-y,other,none,high
10.1186/s12881-017-0387-6,other,unspecified,high
10.1186/s12883-015-0308-2,other,not applicable,high
10.1186/s12883-015-0392-3,psychological,web-based cognitive behavioural therapy,high
10.1186/s12883-019-1433-0,other,unspecified,high
10.1186/s12883-019-1468-2,other,unspecified,high
10.1186/s12883-017-0896-0,other,unspecified,high
10.1186/s12883-024-03872-0,other,not applicable,high
10.1186/s12875-020-01160-7,other,none,high
10.1186/s12883-022-02763-6,other,unspecified,high
10.1186/s12887-017-0799-7,other,not applicable,high
10.1186/s12888-015-0515-9,psychological,cognitive behavioral therapy,high
10.1186/s12887-016-0596-8,other,not applicable,high
10.1186/s12887-020-02461-7,other,none,high
10.1186/s12888-026-07797-5,other,not applicable,high
10.1186/s12889-022-13929-9,other,not applicable,high
10.1186/s12889-017-4968-2,other,none,high
10.1186/s12889-019-7225-z,other,none,high
10.1186/s12889-024-18757-7,other,none,high
10.1186/s12889-025-22603-9,other,none,high
10.1186/s12889-026-27499-7,other,not applicable,high
10.1186/s12887-015-0428-2,other,clonidine,high
10.1186/s12889-026-27598-5,other,unspecified,high
10.1186/s12891-021-04293-7,rehabilitation,cervical muscle physical therapy,high
10.1186/s12906-017-1647-x,other,acupuncture and moxibustion,high
10.1186/s12906-017-1783-3,rehabilitation,community-based domiciliary therapy intervention,high
10.1186/s12909-024-05990-2,other,virtual reality education,high
10.1186/s12906-025-04882-2,supplement,myelophil,high
10.1186/s12906-025-04800-6,psychological,qigong tuina therapy,high
10.1186/s12912-015-0115-5,other,none,high
10.1186/s12912-026-04749-y,other,energy management and pacing,low
10.1186/s12913-017-2337-6,other,unspecified,high
10.1186/s12913-017-2437-3,rehabilitation,specialist cognitive behavioral therapy and graded exercise therapy,medium
10.1186/s12913-016-1909-1,other,not applicable,high
10.1186/s12902-022-01237-7,anti-inflammatory,oral hydrocortisone,medium
10.1186/s12913-026-14962-9,other,self-management support,high
10.1186/s12916-014-0259-2,other,none,high
10.1186/s12916-014-0167-5,other,not applicable,high
10.1186/s12916-015-0310-y,other,unspecified,high
10.1186/s12916-015-0388-2,other,fluorescent nanodiamonds (alum-labeled),low
10.1186/s12916-023-02893-9,other,not applicable,high
10.1186/s12918-018-0599-1,other,unspecified,low
10.1186/s12916-025-04293-7,other,not applicable,high
10.1186/s12920-017-0248-3,other,unspecified,high
10.1186/s12955-018-1028-2,other,none,high
10.1186/s12955-015-0288-3,other,not applicable,high
10.1186/s12933-024-02315-x,other,none,high
10.1186/s12955-025-02431-6,other,promis physical function short form 12a,high
10.1186/s12955-020-01430-z,other,none,high
10.1186/s12963-016-0077-1,other,not applicable,high
10.1186/s12967-015-0628-4,other,none,high
10.1186/s12967-016-0771-6,other,not applicable,high
10.1186/s12967-015-0527-8,device,near-infrared spectroscopy,high
10.1186/s12967-016-0859-z,other,unspecified,high
10.1186/s12967-015-0653-3,other,unspecified,high
10.1186/s12967-016-0873-1,other,none,high
10.1186/s12967-016-1104-5,other,none,high
10.1186/s12967-017-1229-1,other,unspecified,high
10.1186/s12967-017-1263-z,other,unspecified,high
10.1186/s12967-017-1161-4,other,activin b biomarker test,high
10.1186/s12967-017-1350-1,other,unspecified,high
10.1186/s12967-017-1201-0,other,unspecified,high
10.1186/s12967-017-1371-9,immunomodulator,anakinra,high
10.1186/s12967-018-1392-z,other,erythromycin and probiotic,high
10.1186/s12967-016-1010-x,other,none,high
10.1186/s12967-018-1414-x,other,none,high
10.1186/s12967-018-1600-x,other,unspecified,high
10.1186/s12967-018-1397-7,device,cervical disc replacement surgery,high
10.1186/s12967-018-1696-z,other,unspecified,high
10.1186/s12967-018-1644-y,other,not applicable,low
10.1186/s12967-018-1413-y,other,unspecified,low
10.1186/s12967-018-1473-z,other,unspecified,high
10.1186/s12967-018-1713-2,other,not applicable,high
10.1186/s12967-019-02153-6,other,none - biomarker study,high
10.1186/s12967-019-1888-1,other,unspecified,low
10.1186/s12967-019-02196-9,other,systematic review (multiple interventions),low
10.1186/s12967-019-1836-0,other,cardiopulmonary exercise testing,high
10.1186/s12967-019-02155-4,other,"8-bromoadenosine phosphoribose (8-br-adpr) and n(6)-benzoyladenosine-3',5'-cyclic monophosphate (n(6)-bnz-camp)",high
10.1186/s12967-019-1906-3,other,humanin and mots-c,low
10.1186/s12967-019-02184-z,other,none,high
10.1186/s12967-019-1797-3,other,not applicable,high
10.1186/s12967-019-1935-y,exercise,submaximal exercise,high
10.1186/s12967-019-1948-6,other,cytokines,low
10.1186/s12967-020-02341-9,other,none,high
10.1186/s12967-020-02419-4,other,not applicable,high
10.1186/s12967-020-02356-2,other,none,high
10.1186/s12967-020-02397-7,other,physical activity assessment,high
10.1186/s12967-020-02452-3,other,not applicable,high
10.1186/s12967-020-02269-0,other,not applicable,high
10.1186/s12967-020-02455-0,other,not applicable,high
10.1186/s12967-020-02506-6,other,not applicable,high
10.1186/s12967-020-02533-3,other,none,high
10.1186/s12967-020-02560-0,other,none,high
10.1186/s12967-020-02585-5,other,none,high
10.1186/s12967-020-02481-y,device,nasa lean test,high
10.1186/s12967-020-02583-7,device,shimmer inertial measurement unit (imu),high
10.1186/s12967-020-02575-7,other,none,high
10.1186/s12967-020-02603-6,other,unspecified,low
10.1186/s12967-020-02665-6,other,not applicable,high
10.1186/s12967-020-02683-4,rehabilitation,physiotherapy,high
10.1186/s12967-021-02742-4,supplement,mitochondrial-targeting nutraceuticals,medium
10.1186/s12967-021-02713-9,other,not applicable,high
10.1186/s12967-021-02833-2,other,none,high
10.1186/s12967-021-02774-w,other,none,high
10.1186/s12967-021-02974-4,immunomodulator,interleukin-2 (il-2),high
10.1186/s12967-021-02819-0,other,none,high
10.1186/s12967-021-02721-9,other,aripiprazole,high
10.1186/s12967-021-03127-3,other,not applicable,high
10.1186/s12967-021-03035-6,other,none,high
10.1186/s12967-021-03143-3,other,unspecified,high
10.1186/s12967-021-03170-0,other,none,high
10.1186/s12967-021-03153-1,other,none,high
10.1186/s12967-022-03244-7,other,none,high
10.1186/s12967-021-02875-6,other,aripiprazole,high
10.1186/s12967-022-03289-8,other,none,high
10.1186/s12967-022-03301-1,other,unspecified,high
10.1186/s12967-022-03461-0,other,unspecified,low
10.1186/s12967-022-03616-z,other,unspecified,high
10.1186/s12967-022-03346-2,other,unspecified,high
10.1186/s12967-022-03488-3,supplement,anhydrous enol-oxaloacetate,high
10.1186/s12967-022-03460-1,other,whole body cryotherapy with static stretching,high
10.1186/s12967-022-03638-7,other,none,high
10.1186/s12967-022-03662-7,other,unspecified,high
10.1186/s12967-022-03682-3,other,unspecified,high
10.1186/s12967-022-03297-8,immunomodulator,naltrexone,high
10.1186/s12967-023-03946-6,other,not applicable,high
10.1186/s12967-023-03886-1,other,unspecified,low
10.1186/s12967-022-03815-8,other,none,high
10.1186/s12967-023-03958-2,other,none,high
10.1186/s12967-023-03887-0,other,unspecified,high
10.1186/s12967-022-03764-2,other,none,high
10.1186/s12967-022-03769-x,other,not applicable,high
10.1186/s12967-023-04226-z,other,serum acylcarnitine measurement,high
10.1186/s12967-023-04179-3,other,none,high
10.1186/s12967-023-04227-y,probiotic,faecal microbiota transplantation,high
10.1186/s12967-023-04515-7,other,unspecified,high
10.1186/s12967-023-04412-z,other,none,high
10.1186/s12967-023-04295-0,other,unspecified,high
10.1186/s12967-023-04587-5,rehabilitation,pacing,high
10.1186/s12967-023-04588-4,other,unspecified,low
10.1186/s12967-023-04250-z,other,long-snake-like moxibustion,high
10.1186/s12967-023-04636-z,other,unspecified,low
10.1186/s12967-023-04678-3,other,none,high
10.1186/s12967-023-04635-0,other,none,high
10.1186/s12967-024-04979-1,other,none,high
10.1186/s12967-023-04808-x,other,unspecified,low
10.1186/s12967-024-05148-0,other,none,high
10.1186/s12967-023-04711-5,other,unspecified,high
10.1186/s12967-024-05349-7,other,systematic review (no specific drug),high
10.1186/s12967-024-05410-5,other,none,high
10.1186/s12967-024-05915-z,other,unspecified,high
10.1186/s12967-025-06131-z,other,not applicable,high
10.1186/s12967-025-06137-7,other,none,high
10.1186/s12967-024-05710-w,other,unspecified,high
10.1186/s12967-025-06146-6,other,none,high
10.1186/s12967-025-06220-z,other,unspecified,low
10.1186/s12967-025-06527-x,other,"microbiome interventions (probiotics, prebiotics, diet, supplements, fecal microbiota transplantation)",low
10.1186/s12967-025-06600-5,other,influenza vaccine,high
10.1186/s12967-025-06625-w,other,not applicable,high
10.1186/s12967-025-06841-4,other,none,high
10.1186/s12967-024-05412-3,immunomodulator,low-dose naltrexone,high
10.1186/s12967-025-07203-w,other,unspecified,high
10.1186/s12967-025-06954-w,other,not applicable,high
10.1186/s12967-025-07006-z,other,unspecified,high
10.1186/s12967-025-07433-y,other,unspecified,high
10.1186/s12967-025-07507-x,other,none,high
10.1186/s12967-025-06829-0,immunomodulator,vildagliptin and saxagliptin,medium
10.1186/s12967-025-07506-y,other,unspecified,low
10.1186/s12967-025-07586-w,other,none,high
10.1186/s12967-025-07579-9,other,unspecified,high
10.1186/s12967-025-07620-x,other,unspecified,high
10.1186/s12967-025-07624-7,rehabilitation,tuina,high
10.1186/s12967-026-07740-y,other,none,high
10.1186/s12967-026-07708-y,other,none,high
10.1186/s12967-025-07213-8,immunomodulator,rapamycin,high
10.1186/s12967-026-07889-6,other,unspecified,high
10.1186/s12967-026-07807-w,neurostimulation,electroacupuncture,high
10.1186/s12967-026-08156-4,other,unspecified,high
10.1186/s12967-026-08162-6,other,unspecified,high
10.1186/s12967-026-08157-3,other,unspecified,high
10.1186/s12967-026-08159-1,other,none,high
10.1186/s12967-026-08167-1,other,unspecified,high
10.1186/s12967-026-08319-3,other,not applicable,high
10.1186/s12967-026-08321-9,other,none,high
10.1186/s12967-026-08324-6,oxygen_therapy,hyperbaric oxygen therapy,high
10.1186/s12967-026-08442-1,other,unspecified,high
10.1186/s12974-019-1456-x,other,ankle joint immobilization,medium
10.1186/s12974-016-0539-1,other,unspecified,high
10.1186/s12982-025-00936-5,other,not applicable,high
10.1186/s12974-014-0168-5,supplement,isoflavones,high
10.1186/s12982-025-01036-0,other,none,high
10.1186/s13030-014-0027-8,rehabilitation,isometric yoga,high
10.1186/s13030-017-0090-z,exercise,recumbent isometric yoga,high
10.1186/s13027-023-00485-z,other,none,high
10.1186/s13030-018-0123-2,rehabilitation,sitting isometric yoga,high
10.1186/s13020-016-0092-y,other,qi blood yin yang deficiency questionnaire,high
10.1186/s13030-021-00219-w,psychological,cognitive-behavioral therapy,high
10.1186/s13030-019-0168-x,exercise,seated isometric yoga,high
10.1186/s13030-019-0171-2,rehabilitation,recumbent isometric yoga,high
10.1186/s13030-022-00250-5,other,unspecified,high
10.1186/s13030-025-00339-7,rehabilitation,recumbent isometric yoga,high
10.1186/s13030-024-00305-9,other,not applicable,high
10.1186/s13030-025-00336-w,rehabilitation,recumbent isometric yoga,high
10.1186/s13030-022-00255-0,supplement,wasabi extract containing 6-msitc,high
10.1186/s13063-015-0857-0,other,acupuncture,high
10.1186/s13063-015-0971-z,immunomodulator,anakinra,high
10.1186/s13063-018-2500-3,psychological,cognitive behavioural therapy (cbt),high
10.1186/s13063-018-2763-8,psychological,personalised relaxation practice,high
10.1186/s13063-020-04901-2,rehabilitation,home-delivered pragmatic rehabilitation,high
10.1186/s13063-023-07550-3,other,teleecho multi-disciplinary team-based care model,high
10.1186/s13063-022-06620-2,psychological,cognitive behavioral therapy,high
10.1186/s13063-024-07982-5,immunomodulator,immunoadsorption,high
10.1186/s13030-022-00260-3,other,amitriptyline and hochuekkito,medium
10.1186/s13063-024-08077-x,other,unspecified,high
10.1186/s13063-019-3243-5,other,jin's three-needle acupuncture,high
10.1186/s13063-019-3895-1,psychological,cognitive behavioural therapy (fitnet-nhs),high
10.1186/s13063-026-09769-2,rehabilitation,adapted physical activity and therapeutic exercise,high
10.1186/s13223-020-0417-3,other,not applicable,high
10.1186/s13148-020-00960-z,other,not applicable - observational study,high
10.1186/s13104-023-06616-4,other,none,high
10.1186/s13643-022-01972-x,other,not applicable,high
10.1186/s13317-019-0122-8,other,none,high
10.1186/s13643-018-0909-0,probiotic,probiotic supplementation,medium
10.1186/s40001-024-01747-1,other,microbiome-related interventions (unspecified),low
10.1186/s13643-019-1202-6,other,unspecified,high
10.1186/s40168-016-0171-4,other,microbiome profiling (observational),high
10.1186/s40168-017-0261-y,other,none,high
10.1186/s40168-024-01858-1,other,none,high
10.1186/s40246-015-0030-6,other,unspecified,high
10.1186/s40359-017-0174-3,psychological,control beliefs intervention,high
10.1186/s40359-018-0218-3,rehabilitation,graded exercise therapy (get) and cognitive behavioural therapy (cbt),high
10.1186/s40359-019-0288-x,rehabilitation,graded exercise therapy,high
10.1186/s40359-019-0296-x,psychological,cognitive behavioral therapy,high
10.1186/s40359-020-0380-2,psychological,cognitive behavioral therapy,high
10.1186/s40359-023-01358-1,other,none - psychometric validation study,high
10.1186/s40814-019-0525-3,exercise,graded exercise therapy,high
10.1186/s40360-018-0203-8,immunomodulator,rituximab,high
10.1186/s40659-016-0087-2,other,unspecified,high
10.1186/s40798-026-00995-1,other,cardiopulmonary exercise testing,high
10.1186/s40814-020-00595-0,psychological,cognitive behavioural therapy,high
10.1186/s40900-015-0011-x,other,none,high
10.1186/s41687-019-0156-8,other,patient reported outcome measure (prom),high
10.1191/0269215504cr751oa,other,unspecified,high
10.1191/0269215505cr882oa,other,not applicable,high
10.1191/0269215506cr914oa,exercise,graded exercise therapy,high
10.1191/0269215504cr708oa,other,none,high
10.1191/1478088706qrp061oa,other,none,high
10.1192/apt.12.5.349,other,unspecified,high
10.1191/1478088704qp008oa,other,not applicable,high
10.1192/apt.6.2.145,other,unspecified,low
10.1192/apt.23.5.288,exercise,exercise therapy,high
10.1192/apt.9.1.78,other,unspecified,low
10.1192/bja.2017.34,other,unspecified,low
10.1192/apt.8.5.351,other,none,high
10.1192/apt.bp.116.016261,exercise,exercise therapy,high
10.1192/bjo.2022.209,psychological,acceptance and commitment therapy,high
10.1192/bjp.122.2.141,other,none,high
10.1192/bjp.156.4.534,other,none,high
10.1192/bjp.166.6.793,other,none,high
10.1192/bjp.166.6.798,psychological,counselling,high
10.1192/bjp.167.4.503,other,none,high
10.1192/bjp.113.501.833,other,none,high
10.1192/bjp.168.1.121,other,not applicable,high
10.1192/bjp.167.1.86,other,none,high
10.1192/bjp.171.4.377,other,none,high
10.1192/bjp.168.3.354,other,none,high
10.1192/bjp.173.4.353a,exercise,graded exercise,high
10.1192/bjp.172.6.491,psychological,graded exercise therapy,medium
10.1192/bjp.173.6.475,other,none,high
10.1192/bjp.176.6.550,other,not applicable,high
10.1192/bjp.172.6.485,other,fluoxetine,high
10.1192/bjp.181.3.248,psychological,graded exercise therapy,high
10.1192/bjp.184.2.142,rehabilitation,graded exercise therapy,high
10.1192/bjp.184.6.477,other,not applicable,high
10.1192/bjp.186.4.350,rehabilitation,graded exercise,high
10.1192/bjp.184.3.240,psychological,cognitive-behavioural therapy,high
10.1192/bjp.184.2.136,other,none,high
10.1192/bjp.187.2.184,psychological,cognitive-behavioural therapy,high
10.1192/bjp.195.4.369a,other,unspecified,low
10.1192/bjp.188.4.395-a,other,unspecified,low
10.1192/bjp.200.2.164a,other,unspecified,low
10.1192/bjp.2017.22,psychological,internet-based cognitive-behavioural therapy,high
10.1192/bjp.2024.22,other,unspecified,low
10.1192/bjp.122.6.735,,,
10.1192/bjp.2018.215,psychological,cognitive-behavioural therapy,high
10.1192/bjp.2018.136,psychological,cognitive-behavioural therapy,high
10.1192/bjp.2024.23,other,unspecified,low
10.1192/bjp.bp.108.051292,psychological,guided self-instructions (cognitive-behavioural therapy),high
10.1192/bjp.bp.108.051813,other,none,high
10.1192/bjp.bp.110.082974,other,none,high
10.1192/bjp.bp.110.083956,other,none,high
10.1192/bjp.bp.111.107474,rehabilitation,pragmatic rehabilitation,high
10.1192/j.eurpsy.2021.1163,other,unspecified,low
10.1192/bjp.bp.115.169300,psychological,cognitive-behavioural therapy,high
10.1192/bjpo.bp.115.002808,other,not applicable,high
10.1192/j.eurpsy.2021.382,other,typhoid vaccine (inflammatory challenge),low
10.1192/j.eurpsy.2025.1226,other,none,high
10.1192/bjp.bp.106.031815,psychological,mirtazapine,high
10.1192/j.eurpsy.2025.189,other,not applicable,high
10.1192/pb.22.4.198,rehabilitation,rehabilitative strategies,medium
10.1192/pb.22.4.193,other,unspecified,low
10.1192/pb.22.4.203,other,unspecified,high
10.1192/pb.bp.113.045005,psychological,cognitive-behavioural therapy,high
10.1192/s000712500018211x,other,unspecified,low
10.1196/annals.1320.012,supplement,carnitine,high
10.1192/pb.23.11.691-a,other,unspecified,low
10.1192/j.eurpsy.2025.408,other,none,high
10.1196/annals.1366.020,other,unspecified,high
10.1201/9781003417835,other,latency therapy,low
10.1192/s000712500003703x,other,unspecified,low
10.1201/9781315557366-18,other,unspecified,low
10.1200/jco.2012.30.15_suppl.9070,other,influenza vaccination,high
10.1201/9781315275147,other,unspecified,high
10.1201/9781420001143,immunomodulator,intravenous immunoglobulin,high
10.1201/9781420041002,other,unspecified,low
10.1201/9781482269840,other,unspecified,low
10.1201/9781420048193,other,unspecified,low
10.12047/j.cjap.5633.2018.078,exercise,harvard step exercise,high
10.1201/b20221-10,other,unspecified,low
10.1201/b13956,other,unspecified,low
10.1203/00006450-200008000-00016,other,no intervention studied,high
10.1203/pdr.0b013e31815ed612,other,none,high
10.1207/s15324796abm2402_07,other,none,high
10.1207/s15324826an0403_1,other,none,high
10.1207/s15324826an0801_2,other,none,high
10.1207/s15324826an0801_3,other,none,high
10.1207/s15324826an0801_4,other,not applicable,high
10.1207/s15324826an0801_6,other,none,high
10.1207/s15324826an0801_5,rehabilitation,exercise,high
10.1207/s15327027hc1101_2,other,social support intervention,high
10.1207/s15327558ijbm1303_8,other,not applicable,high
10.1207/s15327558ijbm1002_05,psychological,cognitive attribution modification,medium
10.1207/s15327655jchn0502_2,other,unspecified,low
10.1207/s15324826an0801_7,other,unspecified,high
10.1207/s15327876mp1204_01,other,none,high
10.1210/clinem/dgab429,other,none,high
10.1210/jcem-73-6-1224,other,none,high
10.1210/er.2002-0014,other,unspecified,high
10.1210/endrev/bnag009,immunomodulator,glp-1 receptor agonists,medium
10.1210/jcem.85.10.6857,other,melatonin,medium
10.1210/jcem.81.5.8626849,other,ovine crh,high
10.1210/jc.2007-1747,other,none,high
10.1210/jcem.85.2.6379,other,unspecified,low
10.1210/jcem.86.8.7724,other,none - genetic study,high
10.1210/jendso/bvad114.1370,other,unspecified,high
10.1210/jendso/bvac150.578,other,phentermine,low
10.1211/pj.2016.20201439,other,unspecified,low
10.1211/pj.2020.20208536,exercise,graded exercise therapy,high
10.1210/jcem.85.4.6513,anti-inflammatory,low dose hydrocortisone,high
10.12114/j.issn.1007-9572.2024.0288,other,none,high
10.1211/pj.2022.1.147009,other,unspecified,low
10.1212/nxi.0000000000001113,other,diagnostic imaging study - not a treatment,high
10.1212/nxi.0000000000200244,immunomodulator,ivig,high
10.1212/wnl.0000000000205761,other,unspecified,high
10.1212/wnl.0000000000204829,other,actigraphy,low
10.1212/wnl.0000000000211884,other,unspecified,high
10.1212/wnl.0000000000217681,other,neuroimaging,low
10.1212/wnl.34.6.845-a,other,unspecified,low
10.1212/wnl.42.9.1667,other,none,high
10.1212/wnl.43.12.2645,supplement,folic acid,medium
10.1212/wnl.47.6.1410,neurostimulation,transcranial magnetic stimulation,high
10.1212/wnl.43.1_part_1.125,other,none,high
10.1210/jcem.86.8.7735,anti-inflammatory,hydrocortisone,high
10.1212/wnl.53.6.1340,other,none,high
10.1212/wnl.0000000000217363,other,low-dose naltrexone,high
10.1212/wnl.82.10_supplement.p1.093,other,none,high
10.1214/23-aoas1834,other,none,high
10.1212/wnl.48.6.1717,other,none,high
10.1212/wnl.82.10_supplement.p7.305,psychological,mindfulness-based therapy,high
10.1212/wnl.90.15_supplement.p2.016,other,not applicable,high
10.1214/24-ejs2222,other,unspecified,high
10.1234/jgpt.v3i2.349,supplement,glycyrrhiza glabra,high
10.1248/bpb.b15-00623,other,human placental extract,high
10.1215/9781478021544-004,other,none,high
10.1248/bpb.34.354,supplement,resveratrol,high
10.1248/bpb.b19-00616,supplement,hochuekkito (tj-41) and hachimijiogan (tj-7),high
10.1249/00005768-199205001-00211,exercise,maximal exercise,high
10.1249/00005768-199405001-00269,exercise,submaximal exercise,high
10.1249/00005768-200505001-01743,exercise,incremental cycle ergometer exercise,high
10.1249/00005768-199505001-00177,antiviral,intravenous ganciclovir,high
10.1249/00005768-200405001-01314,exercise,aerobic exercise,high
10.1249/00005768-200605001-00571,other,unspecified,high
10.1249/00005768-199305001-00094,other,none,high
10.1248/bpb.b19-00009,other,sodium dichloroacetate (dca),high
10.1249/00005768-200605001-02399,other,near-infrared spectroscopy,low
10.1249/00005768-200605001-02398,other,intravenous saline,high
10.1249/00005768-200605001-01259,other,none,high
10.1249/01.mss.0000128184.57911.21,other,naloxone,low
10.1249/01.mss.0000062828.48337.44,other,aerobic exercise training,low
10.1249/01.mss.0000069510.58763.e8,other,graded exercise testing,high
10.1249/01.mss.0000058360.61448.6c,other,none,high
10.1249/01.mss.0000142406.79093.90,other,none,high
10.1249/01.mss.0000058438.25278.33,other,none,high
10.1249/01.mss.0000179921.48404.ef,exercise,cycle ergometry,high
10.1249/01.mss.0000274760.28522.df,other,exercise challenge,high
10.1249/01.mss.0000274761.36146.5f,other,none,high
10.1249/01.mss.0000400896.52640.52,exercise,submaximal aerobic exercise (cycling),high
10.1249/01.mss.0000476560.85673.81,other,none,high
10.1249/01.mss.0000476561.62802.88,supplement,guanidinoacetic acid,high
10.1249/01.mss.0000355322.61578.e7,other,cardiopulmonary exercise testing,high
10.1249/01.mss.0000477153.95274.bc,other,exercise (cycling),high
10.1249/01.mss.0000485353.37124.aa,rehabilitation,activity pacing,high
10.1249/01.mss.0000495526.97940.0a,exercise,high-intensity interval training,high
10.1249/01.mss.0000486153.17319.06,other,none,high
10.1249/01.mss.0000517145.84069.44,other,oxygen uptake efficiency slope (oues) measurement,high
10.1249/01.mss.0000519479.78263.d1,other,none,high
10.1249/01.mss.0000535866.44178.11,other,none,high
10.1249/01.mss.0000538712.91111.69,other,unspecified,high
10.1249/01.mss.0000675296.08816.68,other,not applicable,high
10.1249/01.mss.0000181680.35503.ce,other,none,high
10.1249/01.mss.0000679540.68177.0f,other,not applicable,high
10.1249/01.mss.0000878040.35829.4e,other,none - observational study,high
10.1249/01.mss.0000882640.56534.fe,other,none,high
10.1249/01.mss.0000981076.43817.c0,other,none,high
10.1249/01.mss.0000762864.68507.3a,exercise,aerobic exercise,high
10.1249/01.mss.0000981104.11713.e0,other,none,high
10.1249/01.mss.0000981320.13705.b1,exercise,acute submaximal exercise (cycling),high
10.1249/01.mss.0000983844.93238.9d,other,none,high
10.1249/01.mss.0001060360.80310.99,device,stat flow index (in-ear device),high
10.1249/01.mss.0001154540.80808.f0,exercise,submaximal cycle ergometer exercise test,high
10.1249/01.mss.0001161516.33476.0b,other,cognitive testing protocol,high
10.1249/fit.0b013e318201c22d,exercise,exercise training,high
10.1249/fit.0000000000000876,exercise,exercise training,high
10.1249/mss.0000000000000957,exercise,graded exercise,high
10.1249/fit.0b013e318201ca17,exercise,exercise training,high
10.1249/mss.0000000000000983,exercise,high-intensity interval training,high
10.1249/mss.0000000000000990,exercise,acute exercise,high
10.1249/01.mss.0001054112.23253.0a,other,none,high
10.1249/mss.0000000000003891,other,submaximal exercise,high
10.1249/mss.0000000000002421,exercise,aerobic exercise,high
10.1249/mss.0b013e3182417b9a,exercise,submaximal cycling exercise,high
10.1253/circrep.cr-22-0114,other,none,high
10.1249/01.mss.0001155392.02552.12,other,none,high
10.1249/mss.0b013e3181b11bc7,exercise,maximal exercise test,high
10.1258/135763302320939220,other,cognitive assessment (non-pharmacological),high
10.1258/jrsm.2009.09k038,other,colonic lavage,high
10.1258/shorts.2010.010042,other,non-pharmacological treatments,high
10.1258/shorts.2011.011016,other,not applicable,high
10.1258/jicp.2011.011024,other,care pathway,high
10.1258/shorts.2011.011127,other,unspecified,high
10.1258/shorts.2012.012051,other,none,high
10.1259/bjr/85621779,other,none,high
10.1258/shorts.2011.011167,other,none,high
10.1259/bjr/93889091,other,none,high
10.12659/msm.881699,other,unspecified,high
10.1259/bjr.73.875.11144799,other,not applicable,high
10.12659/ajcr.900314,other,none,high
10.12677/acm.2025.1561811,rehabilitation,graded exercise therapy,high
10.12659/msm.889333,supplement,multivitamin mineral supplement,high
10.12677/tcm.2025.147467,other,acupuncture,high
10.12688/f1000research.18660.1,other,unspecified,high
10.12659/msm.890423,supplement,intravenous vitamin c,high
10.12688/hrbopenres.13181.1,other,none,high
10.12731/2658-6649-2023-15-5-951,supplement,"plant pigments (curcumin, crocin, crocetin, epigallocatechin gallate, chlorogenic acid, caffeic acid, roburin, oleuropein, juglone)",medium
10.12775/jehs.2020.10.09.076,other,unspecified,low
10.12775/jehs.2022.12.09.084,other,none,high
10.12659/ajcr.896949,immunomodulator,vasoactive intestinal peptide (vip) replacement therapy,high
10.1272/jnms.66.239,other,none,high
10.12775/jehs.2026.88.69423,other,unspecified,high
10.12783/dtssehs/mess2016/9698,other,none,high
10.1289/ehp.02110s4591,other,unspecified,low
10.12775/qs.2024.17.52946,other,unspecified,low
10.1289/ehp.02110s4597,other,unspecified,low
10.12775/jehs.2025.85.66478,supplement,iron supplementation,high
10.1289/ehp.02110s4641,other,not applicable,high
10.1289/ehp.02110s4673,other,not applicable,high
10.1289/ehp.97105s2417,other,unspecified,high
10.1289/ehp.99107s3469,other,unspecified,low
10.1289/ehp.02110s4607,other,none,high
10.1292/jvms.11-0362,other,unspecified,high
10.12932/ap-200517-0086,other,unspecified,high
10.12932/ap0771,other,none,high
10.12968/bjha.2009.3.5.42368,other,unspecified,low
10.12932/ap0733,other,none,high
10.12968/bjhc.2021.0095,other,none,high
10.12891/ceog3883.2017,other,dextroamphetamine sulfate,high
10.12968/bjnn.2009.5.10.44669,other,unspecified,low
10.12968/bjhc.2023.0034,other,none,high
10.12968/bjom.2012.20.6.389,other,none,high
10.12891/ceog5179.2019,other,dextroamphetamine sulfate,high
10.12968/bjon.2006.15.12.21399,other,unspecified,low
10.12968/bjon.1992.1.9.440,other,unspecified,high
10.12968/bjon.2007.16.16.27071,other,unspecified,low
10.12968/bjon.2010.19.14.49051,antiviral,unspecified,low
10.12968/bjtr.1998.5.2.14101,other,homeopathy,medium
10.12968/bjtr.1997.4.12.14328,other,unspecified,high
10.12968/bjtr.1997.4.12.14327,other,unspecified,low
10.12968/bjsn.2009.4.2.40658,other,unspecified,low
10.12968/bjtr.1997.4.12.14326,psychological,cognitive-behavioural therapy,high
10.12968/hmed.2006.67.sup9.21994,other,unspecified,high
10.12968/bjtr.1998.5.4.14088,other,multidisciplinary management,high
10.12968/ijtr.2013.20.4.180,other,manual-based therapy,high
10.12968/chhe.2023.4.4.165,other,none,high
10.12968/ijtr.2016.0035,exercise,gravity-induced exercise,high
10.12968/npre.2009.7.8.43686,other,unspecified,high
10.12968/opti.2024.270.6986.28,other,unspecified,low
10.12968/pnur.2022.33.1.34,other,unspecified,high
10.12968/pnur.2003.14.6.276,other,unspecified,high
10.12968/pnur.2025.0098,other,unspecified,low
10.12970/2310-9874.2014.02.01.5,supplement,lipid replacement therapy,high
10.12991/201014445,supplement,melatonin,high
10.12988/bmgt.2014.3122,other,unspecified,high
10.1300/10911350802107652,other,none,high
10.1300/j004v19n02_04,other,participatory action research,low
10.1300/j013v37n01_01,other,none,high
10.1300/j010v30n03_05,other,not applicable,high
10.1300/j005v21n02_03,other,unspecified,high
10.1300/j045v18n01_03,other,none,high
10.1300/j079v34n02_04,other,no intervention studied,high
10.1300/j092v01n01_05,other,unspecified,high
10.1300/j015v14n03_16,other,unspecified,low
10.1300/j092v01n01_04,antiviral,ampligen,high
10.1300/j092v01n02_03,other,none,high
10.1300/j092v01n02_04,other,none,high
10.1300/j092v01n01_06,other,unspecified,high
10.1300/j092v01n02_02,other,unspecified,high
10.1300/j092v01n03_05,other,none,high
10.1300/j092v01n03_09,psychological,cognitive-behavioral intervention,high
10.1300/j092v01n03_10,other,unspecified,high
10.1300/j092v01n03_23,psychological,coping technique,medium
10.1300/j092v01n03_17,rehabilitation,vocational rehabilitation,high
10.1300/j092v01n03_24,other,none,high
10.1300/j092v02n01_05,other,none,high
10.1300/j092v02n02_02,other,dopamine 2 receptor agonist,medium
10.1300/j092v02n01_02,other,none,high
10.1300/j092v02n01_03,other,none,high
10.1300/j092v02n04_04,other,unspecified,high
10.1300/j092v02n04_03,other,not applicable,high
10.1300/j092v02n04_02,other,none,high
10.1300/j092v01n02_05,psychological,buspirone,high
10.1300/j092v02n02_04,other,galanthamine hydrobromide,high
10.1300/j092v03n01_04,other,screening instrument,low
10.1300/j092v03n01_02,other,unspecified,low
10.1300/j092v03n01_05,other,neurospect imaging,high
10.1300/j092v03n02_02,other,unspecified,high
10.1300/j092v03n01_07,other,unspecified,low
10.1300/j092v03n01_06,other,pteridines,low
10.1300/j092v03n02_03,other,none,high
10.1300/j092v03n02_04,other,none,high
10.1300/j092v03n01_03,other,none,high
10.1300/j092v03n03_01,other,none,high
10.1300/j092v03n02_08,other,none,high
10.1300/j092v03n03_03,other,massage therapy,high
10.1300/j092v03n03_04,other,none,high
10.1300/j092v03n02_05,other,none,high
10.1300/j092v04n01_02,other,none,high
10.1300/j092v03n04_08,other,not applicable,high
10.1300/j092v03n04_04,other,none - not a treatment study,high
10.1300/j092v03n03_05,other,unspecified,low
10.1300/j092v03n03_07,other,none,high
10.1300/j092v04n01_03,other,none,high
10.1300/j092v04n01_06,other,no intervention studied,high
10.1300/j092v04n01_05,other,splenectomy,low
10.1300/j092v04n01_11,other,unspecified,low
10.1300/j092v03n04_02,other,unspecified,low
10.1300/j092v04n01_09,other,intravenous immunoglobulin,high
10.1300/j092v04n01_13,other,unspecified,high
10.1300/j092v04n01_14,other,unspecified,high
10.1300/j092v04n01_04,other,dexamphetamine or methylphenidate,high
10.1300/j092v04n01_12,other,unspecified,high
10.1300/j092v04n02_03,other,none,high
10.1300/j092v04n02_02,supplement,l-glutamine,high
10.1300/j092v04n01_15,other,unspecified,high
10.1300/j092v04n01_10,other,none,high
10.1300/j092v04n02_05,rehabilitation,multidisciplinary inpatient rehabilitation,high
10.1300/j092v04n02_04,other,walking exercise,high
10.1300/j092v04n03_02,other,none,high
10.1300/j092v04n03_06,other,none,high
10.1300/j092v04n03_05,other,unspecified,low
10.1300/j092v04n03_04,other,buspirone,low
10.1300/j092v04n03_07,other,none,high
10.1300/j092v04n03_03,other,none,high
10.1300/j092v04n04_02,other,none - observational study,high
10.1300/j092v04n04_05,other,none,high
10.1300/j092v04n04_06,other,unspecified,high
10.1300/j092v04n04_03,other,none,high
10.1300/j092v05n01_03,other,none,high
10.1300/j092v05n01_04,other,none,high
10.1300/j092v04n04_07,other,unspecified,high
10.1300/j092v05n01_05,other,unspecified,high
10.1300/j092v05n01_06,other,traditional chinese medicine,low
10.1300/j092v05n01_02,other,none,high
10.1300/j092v05n01_08,supplement,magnesium,high
10.1300/j092v05n02_03,other,none,high
10.1300/j092v05n03_02,other,unspecified,high
10.1300/j092v05n03_03,other,unspecified,high
10.1300/j092v05n02_04,other,none,high
10.1300/j092v05n03_04,other,unspecified,low
10.1300/j092v05n03_08,immunomodulator,intravenous gammaglobulin,high
10.1300/j092v05n03_06,other,none,high
10.1300/j092v05n03_12,other,none,high
10.1300/j092v05n03_05,other,unspecified,high
10.1300/j092v05n03_13,psychological,cognitive-behavioral treatment,high
10.1300/j092v05n03_16,other,unspecified,high
10.1300/j092v05n03_18,other,unspecified,high
10.1300/j092v05n03_17,other,unspecified,high
10.1300/j092v05n03_19,other,unspecified,high
10.1300/j092v06n01_02,other,none,high
10.1300/j092v06n01_05,other,unspecified,high
10.1300/j092v06n01_03,other,unspecified,high
10.1300/j092v06n02_02,other,unspecified,high
10.1300/j092v06n01_04,other,none,high
10.1300/j092v06n02_05,other,not applicable,high
10.1300/j092v06n02_06,other,unspecified,high
10.1300/j092v06n02_07,other,not applicable,high
10.1300/j092v06n02_08,other,not applicable,high
10.1300/j092v06n02_09,other,unspecified,low
10.1300/j092v06n03_04,other,unspecified,low
10.1300/j092v06n03_03,antiviral,"doxycycline, minocycline, ciprofloxacin, azithromycin, clarithromycin",medium
10.1300/j092v06n03_05,other,none,high
10.1300/j092v06n02_04,psychological,imipramine,high
10.1300/j092v06n03_06,other,unspecified,low
10.1300/j092v06n03_08,supplement,cholecalciferol (vitamin d) with multiminerals,high
10.1300/j092v06n03_07,other,none,high
10.1300/j092v06n03_10,antiviral,cyclines and macrolides,medium
10.1300/j092v07n01_03,other,unspecified,high
10.1300/j092v07n01_04,other,unspecified,high
10.1300/j092v07n01_05,other,unspecified,high
10.1300/j092v07n01_06,other,silicone breast implants,low
10.1300/j092v07n01_07,other,unspecified,high
10.1300/j092v07n01_08,psychological,multi-convergent therapy,medium
10.1300/j092v07n03_02,other,none,high
10.1300/j092v07n02_03,other,none,high
10.1300/j092v07n02_02,other,none,high
10.1300/j092v07n03_03,other,none,high
10.1300/j092v07n03_05,psychological,psychosocial intervention,low
10.1300/j092v07n02_08,other,unspecified,low
10.1300/j092v07n03_04,other,unspecified,low
10.1300/j092v07n03_06,immunomodulator,unspecified,medium
10.1300/j092v07n04_02,other,none,high
10.1300/j092v07n03_07,other,unspecified,high
10.1300/j092v07n04_04,other,none,high
10.1300/j092v07n04_03,other,unspecified,high
10.1300/j092v08n01_03,cell_therapy,autologous lymph node cell transplant,high
10.1300/j092v07n04_05,other,none,high
10.1300/j092v08n02_02,other,integrated multi-intervention protocol,low
10.1300/j092v08n01_04,immunomodulator,staphylococcus vaccine,high
10.1300/j092v08n01_02,immunomodulator,unspecified,low
10.1300/j092v08n02_03,other,none,high
10.1300/j092v08n02_04,supplement,cobalamin (hydroxocobalamin or cyanocobalamin),high
10.1300/j092v08n03_05,other,none,high
10.1300/j092v08n03_02,other,none,high
10.1300/j092v08n02_07,other,unspecified,low
10.1300/j092v08n03_03,other,none,high
10.1300/j092v08n03_07,other,unspecified,high
10.1300/j092v08n03_08,other,unspecified,high
10.1300/j092v08n03_09,other,cardiopulmonary exercise testing,high
10.1300/j092v08n02_06,other,modafinil,high
10.1300/j092v09n01_03,other,unspecified,high
10.1300/j092v09n01_04,other,none,high
10.1300/j092v08n03_04,other,ampligen,high
10.1300/j092v09n01_05,other,unspecified,high
10.1300/j092v09n03_02,other,unspecified,high
10.1300/j092v08n03_11,antiviral,ampligen,high
10.1300/j092v08n03_10,other,none,high
10.1300/j092v10n01_02,other,none,high
10.1300/j092v09n03_03,other,unspecified,high
10.1300/j092v10n01_03,other,none,high
10.1300/j092v10n01_04,other,unspecified,high
10.1300/j092v10n02_02,other,unspecified,high
10.1300/j092v10n01_05,psychological,cognitive behavioural therapy,high
10.1300/j092v10n02_03,other,none,high
10.1300/j092v10n02_04,other,unspecified,low
10.1300/j092v10n02_05,rehabilitation,residential rehabilitation course in self-directed illness management,high
10.1300/j092v10n03_02,other,unspecified,high
10.1300/j092v10n03_04,other,unspecified,high
10.1300/j092v10n03_06,other,unspecified,high
10.1300/j092v11n01_02,other,not applicable,low
10.1300/j092v10n03_05,other,unspecified,low
10.1300/j092v11n01_03,other,monitoring/observational study,low
10.1300/j092v11n02_03,other,unspecified,high
10.1300/j092v11n01_04,other,unspecified,low
10.1300/j092v11n02_02,other,unspecified,high
10.1300/j092v11n02_04,other,unspecified,high
10.1300/j092v11n02_05,other,unspecified,high
10.1300/j092v11n02_06,immunomodulator,isoprinosine,high
10.1300/j092v11n02_07,other,unspecified,high
10.1300/j092v11n03_04,oxygen_therapy,hyperbaric oxygen therapy,high
10.1300/j092v11n03_06,other,unspecified,low
10.1300/j092v11n04_02,other,none,high
10.1300/j092v11n04_03,other,aerobic power index test,high
10.1300/j092v11n04_04,other,none,high
10.1300/j092v11n03_05,other,unspecified,high
10.1300/j092v11n04_05,psychological,cognitive behavioural therapy,high
10.1300/j092v12n01_03,other,not applicable,high
10.1300/j092v12n01_02,other,none,high
10.1300/j092v12n01_04,other,none,high
10.1300/j092v12n02_03,other,unspecified,high
10.1300/j092v12n02_02,other,unspecified,high
10.1300/j092v12n02_04,other,none,high
10.1300/j092v12n02_06,exercise,bicycle exercise test,high
10.1300/j092v12n02_05,other,not applicable,high
10.1300/j092v12n03_02,other,none,high
10.1300/j092v12n03_03,other,unspecified,high
10.1300/j092v12n02_08,other,handbook review,low
10.1300/j092v12n03_04,other,none,high
10.1300/j092v12n04_03,other,none,high
10.1300/j092v12n04_02,other,unspecified,high
10.1300/j092v12n04_04,psychological,hypnosis,high
10.1300/j092v13n01_02,other,none,high
10.1300/j092v13n01_04,other,none,high
10.1300/j092v13n01_03,other,none,high
10.1300/j092v13n01_05,rehabilitation,rehabilitation programs,high
10.1300/j092v13n01_06,supplement,ntfactor (lipid replacement therapy with antioxidants),high
10.1300/j092v13n02_01,other,not applicable,high
10.1300/j092v13n02_05,other,none,high
10.1300/j092v13n02_04,other,n/a,high
10.1300/j092v13n02_02,other,unspecified,low
10.1300/j092v13n04_03,other,unspecified,high
10.1300/j092v13n02_06,other,none,high
10.1300/j092v13n04_02,other,unspecified,high
10.1300/j092v13n04_05,other,cfs questionnaire,high
10.1300/j092v13n04_04,immunomodulator,staphylococcus toxoid vaccine,high
10.1300/j092v12n03_05,other,unspecified,high
10.1300/j092v14n01_02,other,not applicable,high
10.1300/j092v14n01_03,other,telemedicine review,low
10.1300/j092v14n01_06,other,none,high
10.1300/j092v14n01_05,exercise,cardiopulmonary exercise testing,high
10.1300/j092v14n01_07,other,none,high
10.1300/j092v14n01_04,other,none,high
10.1300/j092v14n02_02,other,no intervention studied,high
10.1300/j092v14n02_03,other,educational intervention,high
10.1300/j092v14n02_05,other,unspecified,high
10.1300/j092v13n04_07,other,bupropion,high
10.1300/j092v14n02_04,other,not applicable,high
10.1300/j092v14n02_06,other,exercise stress test,high
10.1300/j092v14n03_02,other,none,high
10.1300/j092v14n02_07,other,none,high
10.1300/j092v14n03_04,other,none,high
10.1300/j092v14n03_07,other,none,high
10.1300/j094v03n02_03,other,unspecified,low
10.1300/j094v03n02_05,other,unspecified,high
10.1300/j094v03n02_12,other,unspecified,low
10.1300/j094v07n01_20,other,none,high
10.1300/j094v03n02_24,other,unspecified,high
10.1300/j092v14n03_06,other,cortisol,high
10.1300/j094v06n01_03,other,unspecified,high
10.1300/j094v07n01_31,other,unspecified,high
10.1300/j094v12n01_03,other,not applicable,high
10.1300/j095v09n03_08,other,not applicable,low
10.1300/j094v10n01_16,other,unspecified,low
10.1300/j138v01n04_07,other,unspecified,low
10.1300/j184v02n02_04,other,none,high
10.1300/j354v16n02_12,other,unspecified,low
10.1300/j184v07n01_02,other,unspecified,high
10.13045/jar.2022.00143,other,electroacupuncture,high
10.1300/j425v02n04_06,other,unspecified,low
10.1300/j137v03n01_04,psychological,energy envelope therapy,high
10.13005/bpj/3342,supplement,cucurbita maxima (pumpkin),high
10.13045/acupunct.2017086,other,acupuncture,high
10.13048/jkm.13017,other,traditional korean medicine,low
10.13048/jkm.19043,other,unspecified,high
10.13048/jkm.20007,supplement,bojungikgi-tang,high
10.13109/prkk.2017.66.9.656,other,none - meta-analysis review,high
10.13048/jkm.20036,other,chuna,high
10.13075/ijomeh.1896.01274,other,none,high
10.13109/zptm.2023.69.oa7,other,none,high
10.13128/ijae-14897,supplement,vitamin d binding protein-derived macrophage activating factor (dbp-maf),high
10.13169/intljofdissocjus.5.3.0004,other,none,high
10.13128/ijae-12221,supplement,magnesium and zinc,low
10.13189/ujph.2013.010404,other,not applicable,high
10.13345/j.cjb.210253,probiotic,intestinal microbiota modulation,medium
10.1348/014466503762842057,other,none,high
10.1348/014466505x82379,other,hospital anxiety and depression scale (hads),low
10.13189/ujph.2015.030101,other,none,high
10.1348/135910703321649169,other,none,high
10.1348/135910703770238310,psychological,self-management training,high
10.1348/014466510x519215,other,none,high
10.1348/135910705x26317,psychological,chronic disease self-management course,high
10.1348/135910706x171469,other,none,high
10.1348/135910708x283760,psychological,self-regulation therapy,medium
10.1348/135910799168678,other,none,high
10.1348/135910709x440034,psychological,cognitive behavioural therapy,high
10.1348/135910709x480346,other,not applicable,high
10.1348/147608308x306888,other,none,high
10.1348/135910799168713,other,unspecified,low
10.1353/bhm.2007.0039,other,not applicable,low
10.1353/hub.2002.0044,other,none,high
10.1353/hub.2002.0038,other,none,high
10.1348/147608309x481829,other,mentalization-based therapy,low
10.1353/gia.2021.0002,other,not applicable,high
10.1353/nib.2018.0079,other,unspecified,low
10.1353/jlc.0.0026,other,not applicable,high
10.1353/pbm.1999.0043,other,not applicable,high
10.1353/ppp.2020.0052,other,not applicable,high
10.1360/n972014-00120,probiotic,probiotic bacteria,medium
10.1353/ppp.2020.0053,other,not applicable,high
10.1360/n972019-00270,other,unspecified,low
10.1358/dot.2002.38.8.820095,antiviral,valacyclovir,high
10.1370/afm.240494,other,unspecified,low
10.1370/afm.867,other,not applicable,high
10.1370/afm.250266,other,unspecified,low
10.1353/ppp.2020.0054,other,not applicable,high
10.13702/j.1000-0607.200827,psychological,electroacupuncture,high
10.13702/j.1000-0607.171010,other,electroacupuncture (zusanli st 36),high
10.13702/j.1000-0607.20220628,other,acupuncture,high
10.13702/j.1000-0607.20221032,neurostimulation,transcutaneous electrical acupoint stimulation (teas),high
10.13702/j.1000-0607.200998,other,acupuncture,high
10.13702/j.1000-0607.20230441,other,electroacupuncture,high
10.13702/j.1000-0607.20220017,other,herbal cake-separated moxibustion,high
10.13702/j.1000-0607.20250074,other,warming needle moxibustion,high
10.13703/j.0255-2930.2017.11.013,other,chaihu longgu muli decoction,high
10.13703/j.0255-2930.2019.02.004,other,auricular gold-needle therapy,high
10.13703/j.0255-2930.2017.12.006,neurostimulation,transcutaneous electrical acupoint stimulation (teas),high
10.13703/j.0255-2930.20190801-k0006,other,tuina scraping and stepping technique,high
10.13703/j.0255-2930.20190722-k0001,other,ginger-separated moxibustion,high
10.13703/j.0255-2930.20200210-k0001,other,ginger-separated moxibustion,high
10.13702/j.1000-0607.20230180,neurostimulation,electroacupuncture,high
10.13703/j.0255-2930.20210106-0001,other,chinese herbs combined with acupuncture,medium
10.13703/j.0255-2930.2019.02.003,other,acupuncture,high
10.13703/j.0255-2930.2017.08.004,other,acupoint catgut embedding combined with ginger-partitioned moxibustion,high
10.13703/j.0255-2930.20220124-k0006,other,electroacupuncture,high
10.13703/j.0255-2930.20210829-k0003,other,acupuncture and moxibustion,high
10.13703/j.0255-2930.20220818-k0001,other,bamboo-based medicinal moxibustion,high
10.13703/j.0255-2930.20230603-k0003,psychological,electroacupuncture,high
10.13703/j.0255-2930.20230307-0002,other,acupoint massage at shenque (cv 8),high
10.1371/journal.pcbi.1000273,other,unspecified,low
10.1371/annotation/913fdc1e-877e-4c70-ac20-761d2d72400d,other,xmrv vaccine (recombinant gag/env vectors and vlp),high
10.1371/journal.pctr.0020019,supplement,acclydine,high
10.1371/journal.pone.0008519,other,not applicable,high
10.1371/journal.pone.0005805,other,none,high
10.1371/journal.pone.0011738,other,unspecified,low
10.1371/journal.pone.0010817,other,none,high
10.1371/journal.pone.0009948,antiviral,raltegravir,high
10.1371/journal.pone.0016872,other,unspecified,high
10.13703/j.0255-2930.20250222-k0003,other,acupuncture and moxibustion,high
10.1371/journal.pone.0017287,other,unspecified,high
10.1371/journal.pone.0015632,other,none,high
10.1371/journal.pone.0017592,other,unspecified,high
10.1371/journal.pone.0018272,other,xmrv vaccine,high
10.1371/journal.pone.0024602,other,not applicable,high
10.1371/journal.pone.0026358,immunomodulator,rituximab,high
10.1371/journal.pone.0019953,other,not applicable,high
10.1371/journal.pone.0027870,other,not applicable,low
10.1371/journal.pone.0031334,immunomodulator,rintatolimod,high
10.1371/journal.pone.0030889,other,not applicable,high
10.1371/journal.pone.0037482,other,not applicable,low
10.1371/journal.pone.0040808,psychological,cognitive behaviour therapy,high
10.1371/journal.pone.0027391,other,unspecified,high
10.1371/journal.pone.0047891,antiviral,valacyclovir,high
10.1371/journal.pone.0049518,other,none,high
10.1371/journal.pone.0051515,other,unspecified,high
10.1371/journal.pone.0081155,other,unspecified,high
10.1371/journal.pone.0074427,other,xmrv,low
10.1371/journal.pone.0071834,psychological,mindfulness-based therapy,high
10.1371/journal.pone.0098156,other,no treatment studied,high
10.1371/journal.pone.0084839,other,unspecified,high
10.1371/journal.pone.0102783,other,unspecified,high
10.1371/journal.pone.0085387,other,none,high
10.1371/journal.pone.0117136,other,none,high
10.1371/journal.pone.0104757,other,unspecified,high
10.1371/journal.pone.0122982,other,unspecified,high
10.1371/journal.pone.0129898,immunomodulator,rituximab,high
10.1371/journal.pone.0124648,supplement,vitamin b12 and folic acid,high
10.1371/journal.pone.0130643,other,unspecified,high
10.1371/journal.pone.0145453,other,exercise challenge,high
10.1371/journal.pone.0140883,other,none,high
10.1371/journal.pone.0144623,rehabilitation,pragmatic rehabilitation,high
10.1371/journal.pone.0132421,other,none,high
10.1371/journal.pone.0157199,psychological,psychotherapy,high
10.1371/journal.pone.0150904,other,unspecified,high
10.1371/journal.pone.0159351,other,not applicable,high
10.1371/journal.pone.0165691,other,none - this is a methodological study,high
10.1371/journal.pone.0176631,supplement,vitamins and minerals (unspecified),medium
10.1371/journal.pone.0159386,other,straight leg raise maneuver,high
10.1371/journal.pone.0177260,rehabilitation,multidisciplinary rehabilitation treatment,high
10.1371/journal.pone.0177037,psychological,cognitive behaviour therapy,high
10.1371/journal.pone.0161226,cell_therapy,rituximab,high
10.1371/journal.pone.0179124,other,unspecified,high
10.1371/journal.pone.0184325,other,none,high
10.1371/journal.pone.0192817,other,none (correction article),high
10.1371/journal.pone.0186885,other,not applicable,high
10.1371/journal.pone.0186802,other,none,high
10.1371/journal.pone.0193672,immunomodulator,immunoadsorption,high
10.1371/journal.pone.0195111,other,none,high
10.1371/journal.pone.0198106,other,none,high
10.1371/journal.pone.0197811,other,none,high
10.1371/journal.pone.0200068,other,not applicable - observational study,high
10.1371/journal.pone.0205278,other,unspecified,high
10.1371/journal.pone.0201066,other,none,high
10.1371/journal.pone.0203503,other,unspecified,high
10.1371/journal.pone.0213724,other,dexamethasone,low
10.1371/journal.pone.0232475,other,none,high
10.1371/journal.pone.0212193,other,cardiopulmonary exercise testing,low
10.1371/journal.pone.0231136,other,none,high
10.1371/journal.pone.0225995,other,unspecified,low
10.1371/journal.pone.0236148,other,unspecified,high
10.1371/journal.pone.0240403,immunomodulator,rintatolimod,high
10.1371/journal.pone.0265315,other,cardiopulmonary exercise testing,high
10.1371/journal.pone.0265765,other,none,high
10.1371/journal.pone.0244116,exercise,submaximal exercise stress test,high
10.1371/journal.pone.0274472,device,fitbit charge 3 activity tracker,high
10.1371/journal.pone.0272703,other,none (observational study),high
10.1371/journal.pone.0276009,other,not applicable,high
10.1371/journal.pone.0210394,other,none,high
10.1371/journal.pone.0280942,immunomodulator,rituximab,high
10.1371/journal.pone.0278415,exercise,tai chi,high
10.1371/journal.pone.0296060,other,unspecified,high
10.1371/journal.pone.0291173,other,unspecified,high
10.1371/journal.pone.0307484,immunomodulator,cyclophosphamide,high
10.1371/journal.pone.0338433,other,none,high
10.1177/0269215507084410,exercise,walking exercise with intensity and duration limits,high
10.1371/journal.pone.0341334,other,none,high
10.1371/journal.pone.0343374,other,none,high
10.1371/journal.ppat.1011523,other,unspecified,low
10.1375/136905299320565870,other,not applicable,high
10.1375/183242706779462417,other,unspecified,high
10.1375/twin.10.5.729,other,not applicable,high
10.1378/chest.102.6.1716,other,none,high
10.1378/chest.104.5.1417,other,none,high
10.1378/chest.123.4.998,other,none,high
10.1378/chest.95.4.779,other,no treatment studied,high
10.1386/sfc.10.1.57/1,other,unspecified,low
10.14264/131286,other,unspecified,high
10.14288/1.0085567,other,none - diagnostic tool,high
10.14288/1.0087225,other,unspecified,high
10.14288/1.0087830,other,not applicable,high
10.14288/1.0091905,psychological,cognitive behavioral therapy (inferred from self-regulatory model approach),low
10.14300/mnnc.2016.11059,other,energotropic therapy,low
10.14309/00000434-200410001-00866,other,not applicable,high
10.14309/00000434-200609001-01276,other,unspecified,low
10.14309/00000434-201010001-01324,other,not applicable,high
10.14309/00000434-201110002-01228,probiotic,bifidobacterium infantis 35624,high
10.14309/00000434-201210001-01481,probiotic,bacteriotherapy (nonpathogenic enteric bacteria),high
10.14309/00000434-201710001-02891,probiotic,lyophilized full-spectrum microbiota,high
10.14309/01.ajg.0000956924.26236.c4,other,unspecified,high
10.14336/ad.2021.0824,supplement,nicotinamide mononucleotide and nicotinamide riboside,high
10.14341/2071-8713-4977,other,unspecified,low
10.14341/omet2014337-41,other,none,high
10.14393/bj-v38n0a2022-65195,other,unspecified,high
10.14412/2074-2711-2018-4-101-110,other,agomelatine,high
10.14412/2074-2711-2021-6-105-110,supplement,chondroitin sulfate,high
10.14428/ebr.v1i4.10353,supplement,vitamin d3,high
10.14457/tru.the.2010.46,other,modafinil,high
10.14601/tutor-19142,rehabilitation,pain neurophysiology education,high
10.14624/nr2404002,other,unspecified,high
10.14670/hh-17.273,other,unspecified,high
10.14744/etd.2020.06767,other,unspecified,low
10.14814/phy2.13091,exercise,graded and intermittent exercise,high
10.14814/phy2.14138,other,no intervention studied,high
10.14814/phy2.14564,other,2-day cardiopulmonary exercise testing protocol,high
10.14814/phy2.15639,other,none,high
10.14814/phy2.70535,other,unspecified,high
10.15005/00000256,other,none,high
10.1503/cmaj.1060097,other,unspecified,low
10.1503/cmaj.1060137,other,unspecified,low
10.1503/cmaj.1095929,other,none,high
10.1504/ijmic.2009.029028,device,intelligent garment,high
10.15123/pub.5378,other,none,high
10.1515/9781478021544-005,other,not applicable,high
10.1515/bams-2015-0029,other,body posture assessment,low
10.1515/cdbme-2021-2094,device,wearable sensors and pedometers,high
10.1515/em-2021-0033,other,none,high
10.1515/ijamh-2017-0197,other,none,high
10.1515/ijamh-2023-0030,psychological,psychological interventions,medium
10.1515/ijamh.2002.14.4.307,other,none,high
10.1515/jcim-2021-0200,other,homoeopathy,high
10.1515/jpem.2005.18.3.295,other,not applicable,high
10.1515/nor-2016-0002,other,not applicable,high
10.1515/reveh-2015-0026,other,unspecified,high
10.1515/sjpain-2018-0075,other,none,high
10.1515/sjpain-2018-0095,other,none,high
10.1515/sjpain-2018-2007,other,unspecified,low
10.1515/sjpain-2019-0072,psychological,cognitive behavior therapy,medium
10.1515/sjpain-2020-0031,other,none,high
10.1515/teb-2025-0017,exercise,active video gaming,high
10.1516/002075702320888684,other,none,high
10.1517/13543776.2.7.1016,other,unspecified,low
10.1517/14656560902988510,other,antidepressants (unspecified),low
10.1517/14656560903487744,other,unspecified,high
10.1517/14728222.12.3.281,other,unspecified,low
10.1517/14728222.2013.818657,other,antioxidants,low
10.1517/17530059.2013.776039,other,not applicable,high
10.15173/nexus.v14i1.170,other,unspecified,low
10.15188/kjopp.2020.06.34.3.117,supplement,soyo-san (xiaoyao-san),medium
10.1519/ssc.0b013e31818eb19a,exercise,strength and conditioning training,high
10.15190/d.2016.1,supplement,membrane lipid replacement,high
10.1521/psyc.2011.74.1.21,psychological,psychodynamic therapy,high
10.15225/pnn.2020.9.2.5,other,none,high
10.15226/2575-6303/2/1/00113,other,none,high
10.1525/abt.2019.81.6.387,other,unspecified,high
10.1525/maq.1992.6.4.02a00030,other,none,high
10.1530/endoabs.32.p119,supplement,vitamin d,high
10.1530/endoabs.37.ep1209,other,unspecified,high
10.1530/endoabs.86.hdi2.2,other,liothyronine (t3),high
10.15406/ijcam.2016.04.00129,other,electroacupuncture plus interferential current therapy,high
10.15406/ijcam.2021.14.00567,supplement,nano-processed cbg/cbd combination,high
10.15406/ijvv.2015.01.00003,other,unspecified,high
10.15406/jhvrv.2014.01.00020,other,unspecified,low
10.15406/jhvrv.2019.07.00211,other,unspecified,high
10.15406/jhvrv.2020.08.00224,other,unspecified,high
10.15406/jhvrv.2022.09.00242,other,unspecified,high
10.15406/jhvrv.2023.10.00255,other,unspecified,high
10.15406/jnsk.2019.09.00337,other,unspecified,high
10.15406/jnsk.2024.14.00582,other,bioresonance therapy,high
10.15406/jpcpy.2017.07.00442,psychological,emdr (eye movement desensitization and reprocessing),high
10.1542/peds.100.2.270,other,not applicable,high
10.1542/peds.103.1.116,other,none,high
10.1542/peds.107.3.e35,psychological,psychological assessment and coping strategy evaluation,high
10.1542/peds.107.5.994,other,no intervention studied,high
10.1542/peds.111.4.e376,other,none,high
10.1542/peds.2004-1515,other,not_applicable,high
10.1542/peds.2005-2307,other,none,high
10.1542/peds.2005-2575,other,none,high
10.1542/peds.2006-2045,other,unspecified,low
10.1542/peds.2006-2231,other,none,high
10.1542/peds.2006-2759,other,none,high
10.1542/peds.2007-0493,other,collaborative care management,low
10.1542/peds.2007-1488,psychological,cognitive behavioral therapy,high
10.1542/peds.2008-1879,other,unspecified,high
10.1542/peds.2009-2644,other,not applicable,high
10.1542/peds.2010-1147,other,unspecified,high
10.1542/peds.2012-2007,psychological,internet-based cognitive behavioral therapy (fitnet),high
10.1542/peds.2015-3434,other,none,high
10.1542/peds.2023-062570,other,unspecified,high
10.15540/nr.3.1.28,other,none,high
10.15540/nr.4.3-4.125,other,unspecified,high
10.15540/nr.8.2.73,other,not applicable,high
10.1556/650.2025.33259,other,unspecified,low
10.1556/oh.2010.28848,antiviral,"ganciclovir, foscarnet, cidofovir",high
10.15584/ejcem.2018.3.11,other,unspecified,high
10.15585/mmwr.mm655051a4,other,none,high
10.15605/jafes.040.s1.016,other,dietary modifications,low
10.15640/ijhs.v3n4a7,other,none,high
10.15714/scandpsychol.4.e1,other,unspecified,high
10.15761/mri.1000118,other,unspecified,low
10.15766/mep_2374-8265.10170,other,unspecified,high
10.15766/mep_2374-8265.10527,other,none,high
10.15766/mep_2374-8265.11507,other,educational intervention,high
10.15789/1563-0625-edo-2315,other,unspecified,low
10.15789/1563-0625-pop-2826,other,unspecified,high
10.15789/2220-7619-2011-3-267-270,other,unspecified,low
10.15789/2220-7619-eot-1928,immunomodulator,arginyl-alpha-aspartyl-lysyl-valyl-tyrosyl-arginine (imunofan),high
10.15829/1728-8800-2023-3517,other,inhaled hydrogen (active hydrogen),high
10.1586/14737175.8.6.917,other,immediate-release methylphenidate,high
10.1586/17512433.2016.1172960,immunomodulator,rintatolimod,high
10.1586/eem.12.20,other,unspecified,high
10.1586/ern.12.41,other,unspecified,high
10.1588/medver.2005.02.00049,other,thimerosal-containing vaccines,low
10.1588/medver.2005.02.00071,other,mercury,low
10.1590/1517-8692202127032021_0085,exercise,sports training,high
10.1590/1517-8692202127082021_0359,exercise,exercise training,high
10.1590/1517-8692202127082021_0376,exercise,gradual exercise,high
10.1590/1517-8692202228022021_0494,exercise,exercise therapy,high
10.1590/s0104-59702010000200002,other,none,high
10.1590/s0120-41572011000400017,other,genetic polymorphism profiling,high
10.1590/s0212-16112012000200046,other,dietary restriction patterns,low
10.1590/s1413-81232011000400012,other,unspecified,low
10.1590/s1516-44462005000300003,other,unspecified,low
10.1590/s1516-44462007000500005,other,unspecified,high
10.16016/j.1000-5404.201901083,other,none,high
10.16016/j.1000-5404.201905187,other,unspecified,low
10.1371/journal.pone.0307086,other,unspecified,low
10.1371/journal.pone.0286410,other,not applicable,high
10.1620/tjem.186.33,other,not applicable,high
10.1371/journal.pone.0291364,other,not applicable,high
10.1371/journal.pone.0287287,exercise,prolong-life-with-nine-turn-method (yan nian jiu zhuan) qigong,high
10.1371/journal.pone.0315385,other,not applicable,high
10.1371/journal.pone.0316625,other,not applicable,high
10.1371/journal.pone.0309810,other,not applicable,high
10.1682/jrrd.2014.03.0086,rehabilitation,timed loaded standing test,high
10.1682/jrrd.2009.01.0007,rehabilitation,pacing self-management,high
10.1682/jrrd.2006.12.0153,exercise,exercise testing protocol comparison,high
10.1371/journal.pone.0316373,other,unspecified,high
10.1682/jrrd.2012.08.0156,other,none,high
10.16966/2379-7150.112,other,unspecified,low
10.1682/jrrd.2014.11.0293,other,unspecified,high
10.16966/2469-6714.103,other,unspecified,high
10.16966/2470-1009.103,immunomodulator,rintatolimod,high
10.16966/2379-7150.114,other,none,high
10.17098/amj.339335,other,none,high
10.16966/2469-6714.110,other,unspecified,high
10.1371/journal.pone.0341278,other,unspecified,high
10.17116/jnevro2021121402113,other,unspecified,low
10.17116/jnevro202112110292,other,unspecified,low
10.17116/jnevro202412409128,other,unspecified,low
10.17116/rosstomat20211403121,other,local anesthesia,low
10.17116/jnevro202512503127,other,unspecified,low
10.17116/rosstomat20191203137,other,unspecified,high
10.17116/jnevro2021121081125,other,cortexin,medium
10.17226/19012,other,unspecified,high
10.17226/27462,other,unspecified,low
10.17116/jnevro20171174140-44,supplement,human placenta extract (laennec),high
10.16966/2469-6714.112,other,none,high
10.17192/z2015.0217,other,unspecified,low
10.17352/2455-2976.000020,other,unspecified,low
10.17352/2455-5363.000063,other,unspecified,high
10.17605/osf.io/cdxn5,other,unspecified,high
10.17554/j.issn.2224-3992.2016.05.603-1,supplement,aloe vera juice with l-arginine,high
10.17605/osf.io/ft5v4,psychological,music therapy,high
10.17795/ajnpp-37281,other,not applicable,high
10.17638/03100418,psychological,psychological therapy,high
10.17795/mejrh-37972,other,unspecified,high
10.17554/j.issn.2313-5611.2015.01.13,other,unspecified,high
10.17816/0869-2106-2021-27-4-407-418,other,unspecified,low
10.17635/lancaster/thesis/50,other,none,high
10.17816/brmma71302,antiviral,ingaron,high
10.17816/cs676890,rehabilitation,medical rehabilitation programs with reduced physical exertion,high
10.17816/maj191s174-76,other,unspecified,low
10.17816/maj104161-174,immunomodulator,"vilon, epitalon, cortagen, derinat",medium
10.17816/maj108690,other,none,high
10.17816/maj634020,immunomodulator,il-1 receptor antagonist,high
10.17816/rjpbr79779,other,therapeutic hyperthermia,high
10.17816/mechnikov201911447-54,other,none,high
10.18041/2215-8944/academia.22.8914,other,none,high
10.18043/ncm.79.3.189,other,none,high
10.18061/dsq.v29i3.938,other,not applicable,high
10.18061/dsq.v23i1.398,other,educational intervention,high
10.17116/jnevro202312305138,supplement,fonturacetam and nicotinoyl-gaba with ginkgo biloba,medium
10.18061/dsq.v31i2.1598,other,unspecified,high
10.18103/mra.v10i6.2858,other,none,high
10.18103/mra.v10i6.2891,other,none,high
10.18103/mra.v11i7.1.4083,other,unspecified,high
10.18103/mra.v10i9.3050,other,unspecified,low
10.18103/mra.v12i9.5644,other,unspecified,high
10.18103/mra.v13i11.7104,other,unspecified,high
10.18103/mra.v5i11.1645,other,next generation dna sequencing (ngs),low
10.18103/mra.v14i3.7255,other,none,high
10.18103/mra.v12i6.5368,immunomodulator,intravenous immunoglobulin,medium
10.18103/mra.v9i6.2494,other,none,high
10.18332/popmed/165669,other,none,high
10.18573/bsdj.308,other,not applicable,high
10.18416/rab.2018.1809024,other,unspecified,low
10.18632/oncotarget.25544,other,none,high
10.18745/th.17472,other,not applicable,high
10.18745/th.17597,other,none,high
10.18745/th.17195,other,not applicable,high
10.1891/0889-8391.11.2.127,psychological,cognitive-behavioral therapy,high
10.1891/1559-4343.18.2.150,psychological,belief and coping strategies,medium
10.1891/emdr-2022-0060,psychological,eye movement desensitization and reprocessing (emdr),high
10.1891/1933-3196.2.3.226,psychological,eye movement desensitization and reprocessing (emdr),high
10.18910/71615,other,unspecified,low
10.18910/71746,other,not applicable,high
10.19540/j.cnki.cjcmm.20240621.401,supplement,jingfang granules,high
10.19852/j.cnki.jtcm.20211214.003,other,ginger-indirect moxibustion,high
10.19852/j.cnki.jtcm.20231018.004,other,moxibustion,high
10.20448/801.51.104.115,other,not applicable,high
10.19116/theory.2022.27.1.195,other,none,high
10.19852/j.cnki.jtcm.2025.03.012,other,moxibustion,high
10.18910/73802,other,none,high
10.19852/j.cnki.jtcm.2026.03.006,psychological,electroacupuncture,high
10.20473/j.djmkg.v38.i4.p169-172,other,periodontal treatment,medium
10.20452/pamw.2973,other,none,high
10.20883/medical.e877,other,unspecified,low
10.20933/100001243,other,none,high
10.20935/acadmolbiogen7314,other,unspecified,high
10.20944/preprints201807.0057.v1,rehabilitation,manual therapy,high
10.20944/preprints201909.0188.v1,other,none,high
10.20944/preprints201902.0029.v1,other,none,high
10.20944/preprints202007.0754.v1,other,none,high
10.20944/preprints202109.0201.v1,other,none,high
10.20944/preprints202009.0744.v1,other,not applicable,high
10.20944/preprints202009.0264.v1,rehabilitation,pressure-controlled manual therapy,high
10.20960/nh.03788,supplement,multiple micronutrients with coenzyme q10,high
10.20944/preprints202111.0478.v1,other,unspecified,high
10.20969/vskm.2025.18(5).93-100,other,unspecified,high
10.21037/apm-19-461,psychological,prolong life with nine turn method (plwnt) qigong,high
10.21037/atm-22-3787,other,waterfall forest environment exposure,low
10.21037/apm-20-1714,supplement,ginsenoside rg1,high
10.21037/atm.2019.09.136,supplement,sijunzi decoction,high
10.2105/ajph.84.2.282,other,none,high
10.2105/ajph.87.9.1449,other,none,high
10.21203/rs.2.12496/v1,psychological,qigong (prolong life with nine turn method),high
10.2119/2007-00059.saiki,other,none,high
10.21203/rs.3.rs-100155/v1,rehabilitation,cervical muscle physical therapy,high
10.21203/rs.2.22444/v1,other,none,high
10.21203/rs.3.rs-154011/v1,other,none,high
10.21203/rs.3.rs-267403/v1,other,long-snake-like moxibustion,high
10.21203/rs.3.rs-408624/v1,other,unspecified,high
10.2119/molmed.2008.00098,other,exercise,high
10.21203/rs.3.rs-384347/v1,other,none,high
10.21203/rs.3.rs-64733/v1,supplement,cistanche and ginkgo extract,high
10.21203/rs.3.rs-925403/v1,other,unspecified,high
10.21203/rs.3.rs-820696/v1,other,mir-au14 inhibitor,low
10.21203/rs.3.rs-7189456/v1,other,unspecified,high
10.21203/rs.3.rs-962672/v1,other,unspecified,low
10.2139/ssrn.4332223,other,unspecified,high
10.21203/rs.3.rs-965010/v1,rehabilitation,prolong life with nine turn method (yan nian jiu zhuan) qigong,high
10.2139/ssrn.4573649,other,none,high
10.21236/ada608724,other,not applicable,high
10.2143/acb.67.1.2062621,other,none,high
10.2143/tvg.73.13.2002371,other,none,high
10.2147/clep.s129335,other,unspecified,high
10.21276/bpr.2016.6.3.3,other,candesartan,high
10.2147/ahmt.s317314,other,symptom management and supportive care,high
10.21203/rs.3.rs-6596158/v1,immunomodulator,rapamycin,high
10.2147/clep.s39876,other,not applicable,high
10.2147/aabc.s3624,other,unspecified,high
10.2147/clep.s96797,other,unspecified,high
10.2147/imcrj.s306641,other,none,high
10.2147/itt.s581262,other,none,high
10.2147/jmdh.s4147,other,multidisciplinary care approach,high
10.2147/imcrj.s476044,device,double-filtration apheresis,high
10.2147/jmdh.s5220,psychological,mindfulness-based stress reduction,high
10.2147/jmdh.s482100,psychological,cognitive-behavioral therapy,high
10.2147/jpr.s186878,other,none,high
10.2147/jpr.s127038,other,not applicable,high
10.2147/jpr.s369470,other,pain drawing,low
10.2147/jpr.s394321,other,unspecified,high
10.2147/jpr.s40014,other,none,high
10.2147/ndt.s379653,psychological,mindfulness meditation,high
10.2147/oaem.s176843,other,none,high
10.2147/ndt.s92911,other,unspecified,high
10.2147/jir.s195165,anti-inflammatory,hydrocortisone,high
10.2147/jpr.s139466,other,lidocaine,high
10.2147/opth.s565596,other,not applicable,high
10.2147/jpr.s439412,other,not applicable,high
10.2147/phmt.s126253,other,unspecified,low
10.2147/prbm.s63193,psychological,online symptom management program,high
10.2147/prbm.s50645,other,none,high
10.2147/prom.s155642,other,unspecified,high
10.2147/tacg.s99405,other,unspecified,high
10.2147/vaat.s36540,other,unspecified,high
10.2147/vaat.s10695,antiviral,valacyclovir and/or valganciclovir,high
10.21474/ijar01/22171,other,"ayurvedic treatment (agnideepan, amapachak, srotoshodhak, vatashamaka, abhyang-swedana, rasayana chikitsa)",low
10.2147/vaat.s15105,antiviral,valacyclovir and valganciclovir,high
10.2147/vaat.s6749,antiviral,valacyclovir,high
10.21508/1027-4065-2018-63-1-22-27,other,unspecified,low
10.2149/tmh.36.23,psychological,cognitive behavior therapy,high
10.21518/2079-701x-2015-2-20-24,supplement,multivitamin complexes,medium
10.21508/1027-4065-2019-64-2-38-46,antiviral,nucleoside analogs,medium
10.21518/2079-701x-2022-16-18-95-99,supplement,unspecified,medium
10.21518/2079-701x-2018-2-156-161,other,gluten-free diet,high
10.21518/ms2026-086,other,unspecified,low
10.21608/bfsa.2023.199974.1690,other,unspecified,low
10.21608/jshp.2020.170915,other,unspecified,high
10.21518/ms2025-510,other,unspecified,high
10.2165/00003495-200262170-00003,psychological,cognitive behavioural therapy,high
10.2165/00007256-199621010-00004,exercise,exercise training,high
10.21518/ms2024-150,other,fonturacetam,high
10.2169/internalmedicine.31.313,other,unspecified,high
10.2165/00007256-200131090-00001,other,none,high
10.2169/internalmedicine.3218-19,supplement,shosaikota,medium
10.21518/ms2023-401,other,phenylpiracetam,high
10.2165/00126839-200405050-00006,immunomodulator,ampligen (polyi:polyc12u),high
10.2165/00003495-199346040-00005,other,antidepressants,medium
10.2165/00003495-200868130-00003,other,modafinil,high
10.2169/internalmedicine.40.1158,other,fasting therapy,high
10.2169/internalmedicine.44.1258,antiviral,minocycline or doxycycline,high
10.2169/internalmedicine.48.2347,other,unspecified,high
10.2169/internalmedicine.6082-20,anti-inflammatory,minocycline,high
10.2169/internalmedicine.55.7354,neurostimulation,high-frequency rtms,high
10.2169/internalmedicine.7182-21,other,minocycline,medium
10.2169/internalmedicine.56.8001,other,waon therapy,high
10.2174/0929867054367202,other,unspecified,low
10.2174/1381612033454234,other,unspecified,low
10.2174/092986710791233689,supplement,melatonin,high
10.2169/internalmedicine.54.3042,other,waon therapy (far-infrared dry sauna),high
10.2174/138161208799316348,other,unspecified,low
10.2174/1381612822666160914182822,other,unspecified,low
10.2174/1381612822666151215102420,other,tryptophan catabolites (trycats),low
10.2174/1568026618666181115100610,other,diagnostic biomarkers,high
10.2174/156720206776875894,other,unspecified,high
10.2174/0109298673398178251117112014,supplement,"placental extract (hpe, laennec, porcine)",high
10.2174/1568026617666181119154247,anti-inflammatory,tetramethoxyluteolin,high
10.2174/1570159x11666131120224653,other,unspecified,high
10.2174/1568026621666210727170147,other,none,high
10.2174/1570159x13666150928105725,other,unspecified,high
10.2174/157339707779815830,other,substance p antagonists (review),low
10.2174/1573397112666151231111104,other,unspecified,high
10.2174/157339707782408937,other,unspecified,high
10.2174/157340011796391184,other,unspecified,high
10.2174/1871527314666150325235247,immunomodulator,unspecified,medium
10.2174/187221407779814561,supplement,melatonin,high
10.2174/1573401319666221221102057,supplement,micronutrients,high
10.2174/1874196700902010020,other,none,high
10.2174/157488409789375311,supplement,"adaptogenic herbal preparations (rhodiola rosea, schisandra chinensis, eleutherococcus senticosus)",high
10.2174/1874620901003010006,other,none,high
10.2174/1874205x00903010013,other,unspecified,high
10.2174/1876386301205010032,supplement,d-ribose,high
10.2174/1874620900902010020,other,unspecified,high
10.2174/2215083810666230626115456,other,indian medicinal herbs (unspecified),low
10.2174/1876386302013010052,supplement,porcine serum polypeptide extract (recovery factors®),high
10.21767/2572-5610.10027,other,none,high
10.21760/jaims.9.4.7,other,n-dopa tablet,low
10.2177/jsci.16.324,other,unspecified,high
10.2177/jsci.16.64,other,none,high
10.2177/jsci.14.313,psychological,psychotherapy,medium
10.2177/jsci.40.306b,immunomodulator,rituximab,high
10.21885/wvmj.2018.8,other,unspecified,high
10.2190/20ap-d23d-ymf5-eltl,other,not applicable,high
10.2190/1af2-3c2r-tyll-qax3,other,not applicable,high
10.2190/8r67-n9er-xr74-9ra7,other,none,high
10.2190/pm.39.3.h,other,none,high
10.2190/t6gx-jj2l-vcvv-t81b,other,none,high
10.21926/obm.neurobiol.2501267,other,unspecified,high
10.2188/jea.6.75,other,unspecified,high
10.2190/pnf9-xfwj-da24-r3pu,other,not applicable,high
10.2196/11215,other,ecological momentary assessment (ema),low
10.2196/17768,psychological,cognitive behavioral therapy,high
10.2196/14037,psychological,internet-based cognitive behavioral therapy (i-cbt),high
10.2196/36798,other,unspecified,high
10.2196/24839,psychological,internet-based cognitive behavior therapy (fitnet),high
10.2196/53347,exercise,prolong life with nine turn (plwnt) qigong,high
10.21926/obm.icm.2504049,other,acupuncture and moxibustion,high
10.2196/11276,psychological,internet-based cognitive behavioral therapy (i-cbt),high
10.2196/54679,psychological,patient education program,high
10.2196/50157,other,digital mhealth solution,high
10.2196/77644,other,unspecified,high
10.2196/65087,other,not applicable,high
10.2196/jmir.6019,other,none,high
10.2196/jmir.1278,other,not applicable,high
10.2196/82633,supplement,lingzhi (cp003),high
10.2196/preprints.104721,other,crispr² gene editing system,high
10.2196/54321,other,modafinil,high
10.2196/preprints.11215,other,ecological momentary assessment (ema),low
10.2196/65958,exercise,tai chi,high
10.2196/jmir.1643,other,amitriptyline and modafinil,medium
10.2196/preprints.11276,psychological,cognitive behavioral therapy,high
10.2196/preprints.14037,psychological,internet-based cognitive behaviour therapy,high
10.2196/preprints.82633,supplement,lingzhi (cp003),high
10.2196/preprints.36798,other,not applicable,high
10.2196/resprot.7242,exercise,active video games,high
10.2196/resprot.5395,exercise,graded exercise therapy,high
10.22054/qccpc.2025.75766.3193,psychological,mindfulness-based training,high
10.22075/jcp.2017.2096,other,unspecified,high
10.2214/ajr.162.4.8141022,other,none,high
10.2214/ajr.162.4.8141020,other,unspecified,high
10.22141/2224-0713.4.106.2019.174046,antiviral,acyclic guanosine analogue,medium
10.22141/2224-0713.21.5.2025.1200,probiotic,bacillus spp. probiotic complex,high
10.2217/14622416.10.1.35,other,unspecified,high
10.2217/14622416.7.3.345,other,unspecified,high
10.2217/14622416.7.3.365,other,none,high
10.2217/14622416.7.3.387,other,unspecified,high
10.2217/14622416.7.3.395,other,unspecified,high
10.2217/14622416.7.3.441,other,none,high
10.2217/14622416.7.3.421,other,not applicable,high
10.2217/14622416.7.2.211,other,unspecified,high
10.2217/14622416.7.3.375,other,unspecified,high
10.2217/14622416.7.3.467,other,unspecified,high
10.2217/14622416.7.3.407,other,unspecified,high
10.2217/14622416.7.3.355,other,none,high
10.2217/14622416.7.3.475,other,none,high
10.2217/14622416.7.3.455,other,none,high
10.2217/14622416.7.3.429,other,none,high
10.2217/14622416.7.3.521,other,unspecified,high
10.2217/pmt.12.84,anti-inflammatory,alpha-1 antitrypsin,high
10.2217/epi-2017-0106,other,unspecified,low
10.2217/epi-2017-0150,other,unspecified,high
10.2217/thy.10.39,other,unspecified,low
10.2218/eor.2023.8125,other,unspecified,high
10.2217/14622416.7.3.485,other,not applicable,high
10.2217/fmb.11.24,other,unspecified,high
10.2217/14622416.7.3.503,other,none,high
10.2224/sbp.2008.36.5.585,other,none,high
10.2224/sbp.2009.37.10.1357,other,unspecified,high
10.22246/jikm.2020.41.3.293,other,questionnaire (seid-q27),high
10.22246/jikm.2020.41.6.1015,other,unspecified,high
10.22270/jddt.v15i8.7295,other,unspecified,low
10.22246/jikm.2024.45.6.1164,supplement,herbal medicine,low
10.22209/ic.v62n2a00,other,unspecified,low
10.22374/cjgim.v10i4.88,other,unspecified,high
10.22359/cswhi_13_6_03,other,unspecified,low
10.22452/jummec.vol5no2.10,other,none,high
10.22452/jummec.vol5no2.4,other,unspecified,low
10.22541/au.176281856.69732818/v1,other,unspecified,high
10.22606/mcmr.2017.11005,other,unspecified,high
10.2298/sarh0310370z,other,unspecified,high
10.2310/6650.2001.34047,other,dexamethasone,medium
10.2307/40111616,other,unspecified,low
10.2298/sarh200628091p,other,unspecified,high
10.2310/neuro.6294,other,unspecified,low
10.2310/7060.1999.00005,other,none,high
10.22533/at.ed.1592462208084,other,unspecified,low
10.22541/au.177067531.10473859/v1,other,spironolactone,high
10.2340/16501977-0185,exercise,graded exercise therapy,high
10.2340/16501977-0595,exercise,submaximal aerobic exercise,high
10.2310/psych.6294,other,unspecified,low
10.2340/16501977-2697,other,icf core set assessment,high
10.23736/s0390-5616.18.04384-9,supplement,robuvit (quercus robur oak extract),high
10.23937/2572-3243.1510090,other,unspecified,low
10.23937/2378-3001/4/1/1066,other,none,high
10.2340/16501977-1976,psychological,computerized working memory training,high
10.23937/2474-3658/1510106,other,unspecified,low
10.23990/sa.100457,other,unspecified,high
10.23937/2378-3001/1410066,other,unspecified,low
10.23990/sa.146273,other,nutrition/dietary intervention,low
10.24061/1727-4338.xiii.1.47.2014.32,other,unspecified,high
10.24061/2413-0737.xvii.1.65.2013.28,other,unspecified,low
10.24087/iam.2017.1.10.347,other,silicone breast implants,high
10.24217/2531-0151.16v1.00002,other,unspecified,high
10.24095/hpcdp.35.1.02,other,none,high
10.2466/pms.2001.93.2.486,other,none,high
10.2466/pms.1996.83.1.51,other,none,high
10.2466/pr0.103.3.682-690,other,chalder fatigue scale (assessment tool),low
10.2466/pms.1996.83.2.508,other,none,high
10.2466/pms.1992.74.3c.1123,other,unspecified,low
10.2466/pr0.106.2.383-393,other,none,high
10.2466/pr0.1992.71.3.977,psychological,social support intervention,high
10.2466/pr0.1997.80.2.643,other,not applicable,high
10.2466/pr0.1997.81.3f.1223,other,none,high
10.2466/pr0.1999.85.1.121,other,no intervention studied,high
10.2478/arsm-2023-0032,other,unspecified,low
10.2466/pr0.2002.91.3.963,other,none,high
10.2478/prolas-2019-0065,other,human parvovirus b19,high
10.24911/ijmdc.51-1764852130,other,none,high
10.24884/1609-2201-2024-103-2-42-50,other,unspecified,high
10.2478/s11536-013-0243-9,other,unspecified,low
10.2492/jsir1981.16.419,supplement,"vitamin c, vitamin e, and eicosapentanoic acid",high
10.2500/105065898780707964,other,nasal lavage analysis,low
10.2500/aap.2010.31.3311,other,unspecified,high
10.25105/pdk.v7i2.14044,other,unspecified,high
10.24966/acim-7562/100002,other,unspecified,high
10.25011/cim.v31i6.4917,other,standardized treadmill exercise,high
10.2519/jospt.2002.32.11.594,other,unspecified,low
10.2519/jospt.2021.0106,rehabilitation,exercise-based rehabilitation,high
10.2522/ptj.20090047,exercise,graded exercise,high
10.2519/josptcases.2026.0194,device,blood flow restriction training,high
10.2522/ptj.20110368,other,cardiopulmonary exercise testing,high
10.25904/1912/4166,other,unspecified,low
10.2522/ptj.20130367,other,none,high
10.2522/ptj.20140405,psychological,activity pacing,high
10.25250/thescbr.brk515,other,stigma reduction intervention,low
10.2478/prolas-2021-0061,other,none,high
10.26021/8464,psychological,health locus of control intervention,high
10.26021/4267,other,none - phenomenological analysis,high
10.26182/j0qh-6m95,other,unspecified,high
10.26181/611484ed44157,other,unspecified,high
10.26021/11754,supplement,selenium,high
10.26226/morressier.5afadd88f314ac000849af0e,other,none,high
10.26180/14967966.v1,other,unspecified,low
10.26442/20751753.2025.11.203497,supplement,citrulline malate,high
10.26481/dis.20240425kv,exercise,physical activity,medium
10.26686/wgtn.17003698,other,no intervention studied,high
10.26442/00403660.2022.03.201408,other,human placenta hydrolysates,high
10.26717/bjstr.2025.61.009536,other,unspecified,low
10.26226/morressier.5b5f2d47b56e9b003813d9f8,other,occupational therapy,high
10.26502/acbr.50170337,neurostimulation,transcutaneous vagus nerve stimulation,high
10.26717/bjstr.2019.21.003602,oxygen_therapy,oxygen-ozone therapy,high
10.2741/4698,other,anti-gpcr antibodies,medium
10.29219/fnr.v65.5730,supplement,unspecified,high
10.29245/2767-5122/2021/1.1129,other,none,high
10.29011/2577-2201.100214,other,acupressure and qigong,high
10.24875/aidsrev.22000025,other,unspecified,high
10.29328/journal.jprr.1001020,oxygen_therapy,hyperbaric oxygen therapy,high
10.2967/jnumed.113.131045,other,11c-(r)-pk11195 pet imaging,high
10.2991/icmmct-17.2017.137,exercise,aerobic exercise,high
10.30574/wjarr.2022.14.3.0612,neurostimulation,exopulse neuromodulation suit,high
10.28951/rbb.v39i1.533,other,unspecified,high
10.30773/pi.2018.10.26,other,none,high
10.31014/aior.1994.02.02.29,rehabilitation,multi-convergent therapy,high
10.30564/jams.v2i2.456,other,warm acupuncture,high
10.30978/utj2019-3-64,other,unspecified,low
10.30820/1664-9583-2021-1-51,psychological,psychotherapy,high
10.30978/utj2019-2-87,other,none,high
10.31031/ggs.2020.06.000628,other,unspecified,low
10.31031/cjmi.2020.03.000593,other,unspecified,low
10.31031/cjmi.2021.04.000599,other,unspecified,low
10.30978/unj2019-4-5,antiviral,ganciclovir,high
10.31038/idt.2025622,other,none,high
10.3109/00016489509133339,other,no intervention studied,high
10.31083/jin25488,neurostimulation,repetitive transcranial magnetic stimulation,high
10.3109/00048679209068310,rehabilitation,rehabilitation approach,high
10.3109/00048679809068326,other,unspecified,high
10.3109/00048679609065052,other,unspecified,low
10.3109/00207450109149754,other,none,high
10.31031/cjmi.2020.03.000567,other,stealth adapted virus,low
10.3109/00365549609027178,other,none,high
10.3109/00207459908994302,other,not applicable,high
10.3109/00313028609059457,other,unspecified,high
10.3109/00365549509047066,other,none,high
10.3109/08820139509066853,other,unspecified,low
10.3109/08820139609059298,immunomodulator,interferon alfa-2a,high
10.3109/08958379409003039,other,mtbe (methyl tertiary butyl ether),low
10.3109/07420529509057266,other,none,high
10.3109/08916934.2011.523277,other,unspecified,high
10.3109/09540269209066328,other,unspecified,high
10.3109/08923979909052757,other,none,high
10.3109/09593985.2010.502554,other,acupuncture and physiotherapy,high
10.3109/09638230903191249,other,activity logs,low
10.3109/09638288.2010.503256,other,none,high
10.3109/09638237.2012.670879,other,activity logs,high
10.3109/09638288.2010.483307,other,unspecified,high
10.3109/03009749709105320,supplement,vitamin b12,medium
10.3109/09638288.2010.546936,other,not applicable,high
10.3109/09513599809012838,other,estrogen,high
10.3109/09638288.2010.541543,other,physical activity assessment,low
10.3109/03091909809009993,other,osteopathic treatment,high
10.3109/09638288.2011.635746,rehabilitation,pacing,high
10.3109/09638288.2011.582925,other,unspecified,high
10.3109/09638288.2011.568663,other,none,high
10.3109/09638288.2013.797508,rehabilitation,graded exercise therapy,high
10.3109/09638288.2011.641661,psychological,kinesiophobia and catastrophizing assessment,high
10.3109/09638288.2014.952453,exercise,exercise therapy,high
10.3109/09638288.2014.978507,other,not applicable,high
10.3109/09638288.2014.952456,rehabilitation,rehabilitative strategies,high
10.3109/09638288.2013.874503,rehabilitation,activity modification rehabilitation,high
10.3109/09638288.2014.993093,other,physical activity monitoring,low
10.3109/10398569809084835,other,unspecified,low
10.3109/10253890.2014.1001975,other,none,high
10.3109/10573320802091809,other,unspecified,high
10.3109/10573320802092112,other,n/a,high
10.3109/10573320802091841,other,none,high
10.3109/10582450903495908,other,dutch neurophysiology of pain test,high
10.3109/10582450903284745,other,unspecified,high
10.3109/10573320802092146,other,none,high
10.3109/11038128.2014.985608,psychological,self-management programme,high
10.3109/13550289909045378,other,none,high
10.3109/13590849009003150,supplement,essential fatty acids (n-3 and n-6),high
10.3109/10253890.2015.1087502,other,metyrapone,high
10.3109/13590849109084139,other,unspecified,high
10.3109/13590849609007262,other,organophosphate insecticides,low
10.3109/13590849009003131,antiviral,unspecified,low
10.3109/10582452.2010.483966,other,none,high
10.31128/ajgp-03-25-7614,exercise,incremental physical activity,high
10.3109/13590849409034536,supplement,vitamins and minerals mixture,high
10.31219/osf.io/ef3n4,other,unspecified,high
10.31128/ajgp-09-25-7845,other,not applicable,high
10.31219/osf.io/7gcnv,other,unspecified,high
10.31146/1682-8658-ecg-188-4-170-177,other,gluten-free diet,high
10.31219/osf.io/qwn5h,other,not applicable,high
10.31219/osf.io/pa75u,other,unspecified,high
10.31219/osf.io/xjbcy_v3,other,unspecified,low
10.31219/osf.io/xjbcy_v1,other,unspecified,high
10.31234/osf.io/9tjer_v2,other,none,high
10.31234/osf.io/wfs8c_v1,other,none,high
10.31234/osf.io/jpzaw,other,not applicable,high
10.31234/osf.io/p28bj_v1,other,n/a,high
10.31254/sportmed.3202,other,ketogenic diet,high
10.3126/ajms.v11i1.26500,probiotic,lactobacillus paracasei hii01,high
10.31146/1682-8658-ecg-170-10-79-89,supplement,human placental hydrolyzates,medium
10.31525/ct1-nct04301609,supplement,immunovita,low
10.31640/jvd.7-8.2018(4),antiviral,ganciclovir,medium
10.31979/etd.qn62-mwjz,other,unspecified,high
10.31651/2076-5835-2018-1-2024-1-7-17,other,none,high
10.3181/0702-rm-44,other,none,high
10.31718/2077-1096.25.3.284,other,unspecified,high
10.31989/ffhd.v5i4.177,supplement,advanced physician's formula with nt factor,high
10.31989/ffhd.v1i4.134,supplement,lipid replacement therapy (nt factor®),high
10.3138/ptc.65.4.rev02,exercise,exercise training,high
10.31989/ffhd.v4i1.26,supplement,lipid replacement therapy (lrt),high
10.3200/bmed.29.4.167-174,other,none,high
10.3200/bmed.34.1.29-38,other,none,high
10.32000/2072-1757-2024-3-37-41,other,microbiome-related interventions,low
10.3233/bmr-210081,other,beighton score assessment,high
10.3201/eid1702.100978,other,unspecified,high
10.32322/jhsm.1689609,other,none,high
10.3201/eid1606.100066,other,unspecified,high
10.3233/ch-180469,other,none,high
10.3233/nib-130068,other,unspecified,low
10.3233/nib-012906,other,fatigue-related problem scale,low
10.3233/nib-130065,other,unspecified,low
10.3233/nib-130070,other,unspecified,low
10.3233/nib-130071,other,unspecified,low
10.3233/nib-130075,other,unspecified,low
10.3233/nib-130072,other,unspecified,low
10.3233/nre-141146,other,unspecified,low
10.3233/shti200130,other,unspecified,high
10.3233/nib-130074,other,unspecified,low
10.3233/nib-130077,other,unspecified,low
10.3233/nre-172245,other,not applicable,high
10.3233/thc-202669,other,none,high
10.3233/wor-203168,other,none,high
10.3233/wor-203169,other,not applicable,high
10.3233/wor-203170,other,cardiopulmonary exercise testing,high
10.3233/jvr-221208,other,not applicable,high
10.3233/wor-203171,other,none,high
10.3233/wor-203174,exercise,graded exercise therapy,high
10.3233/wor-203175,other,unspecified,low
10.3233/wor-203177,other,none,high
10.3233/wor-203176,other,environmental accommodations,high
10.3233/wor-203173,other,not applicable,high
10.3233/wor-220428,other,none,high
10.3233/wor-203178,other,not applicable,high
10.3233/wor-203214,other,intravenous saline,high
10.3233/wor-220484,other,no intervention studied,high
10.3233/wor-220487,other,unspecified,high
10.3233/wor-220512,device,heart rate monitor,high
10.3233/wor-220553,other,unspecified,high
10.3233/wor-220554,other,none (diagnostic study),high
10.3233/wor-220569,rehabilitation,graded exercise therapy,high
10.3233/wor-220581,other,none,high
10.32388/578upd.2,other,5-minute heart rate variability,low
10.32388/803yys,other,none,high
10.32388/fz1y68.2,other,unspecified,low
10.32388/xug3pt,other,cognitive behaviour therapy and graded exercise therapy,high
10.32388/zigiwp,other,none,high
10.32581/jkifm.2023.6.1.7,other,unspecified,low
10.32440/ar.2024.141.03.rev01,other,unspecified,low
10.32581/jkifm.2025.8.1.103,other,functional medicine approach,low
10.32553/jbpr.v9i3.754,supplement,melatonin,high
10.32592/jpsimedilam.2022.1.1.101,other,unspecified,high
10.32388/t9sxeu.2,other,nutritional supplementation,low
10.32388/je31eo.5,other,unspecified,low
10.32739/uha.id.65029,other,unspecified,low
10.32652/tmfvs.2016.4.47-51,rehabilitation,physical rehabilitation,high
10.32739/uha.id.64877,other,dna folding blood test,low
10.32872/cpe.11179,other,not applicable,high
10.3310/btbd8846,other,not applicable,high
10.3310/nihropenres.1115288.1,other,unspecified,low
10.3262/sz2404438,other,none - not a treatment study,high
10.3310/nihropenres.13421.4,other,not applicable,high
10.3310/hta10370,psychological,cognitive behavioural therapy,high
10.32885/2220-0975-2018-1-2-19-27,other,osteopathic diagnosis,low
10.33112/ritid.25.2.7,rehabilitation,activity pacing,high
10.3310/nihropenres.13956.1,other,not applicable,high
10.3310/vlrw6701,psychological,cognitive behaviour therapy,high
10.33140/abbsr.06.01.01,other,cognitive behaviour therapy and graded exercise therapy,high
10.33140/ijp.07.3.01,supplement,vitamin b12,high
10.33140/mcr.08.10.04,supplement,"vitamin b6, magnesium, and vitamin d",high
10.33155/j.ramd.2018.09.002,other,unspecified,low
10.33140/aephr.01.02.06,other,none,high
10.33140/mcr.08.08.05,supplement,methylated b vitamins and vitamin d,medium
10.33140/jcrc.07.02.03,other,long snake moxibustion,high
10.3329/bjms.v15i3.30126,other,unspecified,low
10.33424/futurum436,other,data management tools,low
10.3344/kjp.23130,antiviral,unspecified,low
10.33273/2663-9726-2020-52-1-19-25,other,health-improving diet,high
10.3344/kjp.23326,other,not applicable,high
10.3351/ppp.2021.7537868743,other,unspecified,low
10.3346/jkms.2005.20.4.529,other,unspecified,high
10.33545/ayurveda.2024.v1.i1.a.8,other,naturopathy,low
10.33540/2514,psychological,personalized lifestyle advice,medium
10.33552/acrci.2025.05.000602,other,unspecified,low
10.33545/26164485.2026.v10.i3.c.2530,other,constitutional homoeopathy,high
10.33573/ujoh2005.01.033,other,unspecified,low
10.33552/ojcam.2020.04.000579,other,unspecified,low
10.33573/ujoh2005.01.038,other,unspecified,low
10.33667/2078-5631-2024-29-24-28,other,unspecified,low
10.33696/immunology.7.219,other,unspecified,high
10.3368/aoj.66.1.92,other,convergence exercises,low
10.33696/neurol.1.007,other,none,high
10.33805/2638-8235.112,anti-inflammatory,curcumin,high
10.33847/2712-8149.4.2_3,other,unspecified,high
10.3389/conf.fimmu.2013.02.01009,other,none,low
10.3389/conf.fimmu.2013.02.01010,other,unspecified,high
10.3389/conf.fimmu.2013.02.01039,other,unspecified,low
10.33667/2078-5631-2020-7-15-20,supplement,mildronate,high
10.3389/fcell.2026.1797074,supplement,dendrobium officinale pseudobulb extract,high
10.3389/conf.fimmu.2013.02.01040,other,unspecified,low
10.3389/fendo.2018.00097,supplement,t3 and iodide supplements,low
10.3389/fendo.2024.1373748,other,unspecified,low
10.3389/fdgth.2025.1662255,device,visible mobile application (visible plus),high
10.3389/fimmu.2017.00723,other,none,high
10.3389/fendo.2024.1358404,supplement,l-carnitine,high
10.3389/fimmu.2018.00229,other,unspecified,high
10.3389/fimmu.2018.02421,other,unspecified,high
10.3389/fimmu.2018.01028,other,none,high
10.3389/fimmu.2019.01827,other,none,high
10.3389/fimmu.2019.00350,other,not applicable,high
10.3389/fimmu.2019.02684,other,none,high
10.3389/fimmu.2019.01946,other,unspecified,high
10.3389/fimmu.2019.00796,other,unspecified,high
10.3389/fimmu.2020.00578,other,none,high
10.3389/fimmu.2020.01400,other,none,high
10.3389/fimmu.2020.582330,other,none,high
10.3389/fimmu.2021.628741,probiotic,unspecified,medium
10.3389/fimmu.2019.02545,immunomodulator,naltrexone hydrochloride,high
10.3389/fimmu.2021.656797,other,unspecified,low
10.3389/fimmu.2021.644548,other,unspecified,high
10.3389/fimmu.2021.715102,other,none,high
10.3389/fimmu.2022.841910,other,extracellular vesicles,low
10.3389/fimmu.2022.847106,other,unspecified,high
10.3389/fimmu.2023.1253121,other,none,high
10.3389/fimmu.2023.1294758,other,not applicable,high
10.3389/fimmu.2022.928945,other,none,high
10.3389/fimmu.2022.952987,other,unspecified,low
10.3389/fimmu.2023.1178882,other,not applicable,high
10.3389/fimmu.2022.981532,other,unspecified,high
10.3389/fimmu.2024.1341843,supplement,sarcosine and serine,medium
10.3389/fimmu.2022.949787,other,none,high
10.3389/fimmu.2021.687806,immunomodulator,low dose naltrexone (ldn),high
10.3389/fimmu.2024.1386607,other,none,high
10.3389/fimmu.2024.1369295,other,unspecified,low
10.3389/fimmu.2024.1352744,other,gut microbiota modulation,low
10.3389/fimmu.2024.1440922,other,n-acetyl-l-cysteine,medium
10.3389/fimmu.2024.1443363,other,unspecified,high
10.3389/fimmu.2025.1483764,other,unspecified,high
10.3389/fimmu.2024.1264702,immunomodulator,naltrexone hydrochloride,high
10.3389/fimmu.2025.1489312,other,none,high
10.3389/fimmu.2025.1650948,other,not applicable,high
10.3389/fimmu.2024.1422940,other,unspecified,low
10.3389/fimmu.2026.1774310,other,none,high
10.3389/fimmu.2025.1710571,other,unspecified,high
10.3389/fimmu.2026.1806420,other,unspecified,low
10.3389/fimmu.2026.1745933,other,unspecified,high
10.3389/fimmu.2026.1827700,other,none,high
10.3389/fimmu.2026.1882037,other,not applicable,high
10.3389/fmed.2020.00108,other,not applicable,high
10.3389/fmed.2020.00162,immunomodulator,cyclophosphamide,high
10.3389/fmed.2020.606824,other,none,high
10.3389/fmed.2021.628029,other,unspecified,high
10.3389/fmed.2020.602894,other,none,high
10.3389/fmed.2021.642710,immunomodulator,cyclophosphamide,high
10.3389/fimmu.2024.1440643,other,not applicable,high
10.3389/fmed.2021.656692,other,unspecified,high
10.3389/fmed.2021.668944,other,unspecified,high
10.3389/fmed.2021.672370,other,unspecified,low
10.3389/fmed.2021.684058,exercise,qigong exercise,high
10.3389/fmed.2021.686736,other,none - diagnostic study,high
10.3389/fmed.2021.662513,other,unspecified,high
10.3389/fmed.2021.688486,other,unspecified,high
10.3389/fmed.2022.818728,other,none,high
10.3389/fmed.2021.688159,other,unspecified,low
10.3389/fmed.2022.828414,rehabilitation,qigong exercise (prolong life with nine turn method),high
10.3389/fmed.2022.862953,other,unspecified,high
10.3389/fmed.2022.1065620,other,none,high
10.3389/fmed.2022.917019,other,nasa lean test,high
10.3389/fmed.2022.842991,other,not applicable,high
10.3389/fmed.2023.1187163,other,unspecified,high
10.3389/fmed.2022.921101,other,unspecified,high
10.3389/fmed.2023.1194754,other,unspecified,low
10.3389/fmed.2023.1208181,other,unspecified,high
10.3389/fmed.2025.1543158,other,unspecified,high
10.3389/fmed.2025.1703924,other,unspecified,high
10.3389/fmed.2025.1607353,immunomodulator,daratumumab,high
10.3389/fmed.2025.1677216,immunomodulator,daratumumab,high
10.3389/fmed.2026.1676628,other,none,high
10.3389/fmed.2025.1669036,other,dysfunctional breathing assessment,high
10.3389/fmed.2025.1724290,other,acupuncture and moxibustion,high
10.3389/fmed.2026.1701393,other,not applicable,high
10.3389/fmed.2026.1760210,other,molecular hydrogen (hydrogen-rich water),high
10.3389/fmed.2026.1808646,other,unspecified,high
10.3389/fmed.2026.1842841,other,none,high
10.3389/fmed.2026.1804710,other,"traditional chinese medicine therapies (moxibustion, massage, cupping)",high
10.3389/fmicb.2010.00147,other,unspecified,high
10.3389/fnagi.2022.903455,other,unspecified,high
10.3389/fmolb.2025.1653627,other,unspecified,low
10.3389/fmicb.2023.1190894,other,unspecified,high
10.3389/fmolb.2022.1044964,other,none,high
10.3389/fnagi.2025.1667448,probiotic,probiotics,medium
10.3389/fnbeh.2018.00078,other,unspecified,high
10.3389/fmed.2023.1011936,other,unspecified,high
10.3389/fncel.2025.1512591,other,unspecified,high
10.3389/fncel.2022.888232,other,unspecified,high
10.3389/fneur.2015.00004,other,aluminum oxyhydroxide,high
10.3389/fncel.2021.673217,other,unspecified,low
10.3389/fncom.2020.00002,other,unspecified,high
10.3389/fneur.2018.00992,other,hand grip strength assessment,high
10.3389/fneur.2018.01026,other,not applicable,high
10.3389/fneur.2020.00826,other,none,high
10.3389/fneur.2020.00828,other,none,high
10.3389/fneur.2021.701419,other,unspecified,high
10.3389/fneur.2018.01033,other,none,high
10.3389/fneur.2020.00863,other,none,high
10.3389/fneur.2020.01025,other,none,high
10.3389/fneur.2021.789784,other,unspecified,high
10.3389/fneur.2021.769511,other,unspecified,high
10.3389/fneur.2022.858833,exercise,tai chi chuan,high
10.3389/fneur.2022.866424,psychological,qigong (prolong life with nine turn method),high
10.3389/fneur.2022.877772,other,unspecified,high
10.3389/fneur.2022.890217,other,unspecified,low
10.3389/fneur.2022.841310,other,molecular hydrogen (h2),high
10.3389/fneur.2022.954142,other,unspecified,high
10.3389/fneur.2022.935442,other,none,high
10.3389/fneur.2023.1110717,other,none,high
10.3389/fneur.2023.1090747,other,unspecified,high
10.3389/fneur.2023.1127702,device,surgical venous decompression,high
10.3389/fneur.2023.1082473,other,unspecified,high
10.3389/fneur.2024.1482917,other,unspecified,high
10.3389/fneur.2023.1284062,device,cervical disc replacement implant with decompression and fusion,high
10.3389/fneur.2024.1344862,other,unspecified,high
10.3389/fneur.2024.1324879,other,none,high
10.3389/fneur.2025.1612548,other,none,high
10.3389/fneur.2023.1247698,other,not applicable,high
10.3389/fneur.2025.1601599,other,intravenous saline infusion,high
10.3389/fneur.2025.1618272,other,not applicable,high
10.3389/fneur.2026.1860788,other,acupuncture,high
10.3389/fnhum.2024.1359162,other,unspecified,high
10.3389/fneur.2024.1483876,supplement,oxaloacetate,high
10.3389/fnins.2021.748426,exercise,submaximal bicycle exercise,high
10.3389/fnins.2022.848730,other,not applicable,high
10.3389/fnins.2023.1125208,other,none,high
10.3389/fnins.2023.1202930,psychological,coaching,high
10.3389/fnins.2023.1203514,other,no intervention studied,high
10.3389/fnins.2023.1286340,other,none,high
10.3389/fnins.2023.1318094,other,none,high
10.3389/fnins.2024.1368897,other,unspecified,low
10.3389/fnins.2024.1460157,other,cognitive assessment (not a treatment study),high
10.3389/fnins.2025.1498981,other,unspecified,high
10.3389/fnins.2025.1530652,other,unspecified,high
10.3389/fnins.2025.1535088,other,not applicable,high
10.3389/fnins.2025.1637838,other,pyridostigmine,high
10.3389/fnins.2025.1751667,other,unspecified,low
10.3389/fnins.2026.1814098,other,unspecified,high
10.3389/fnins.2026.1875420,other,unspecified,high
10.3389/fnsys.2021.698240,immunomodulator,ct38s,high
10.3389/fnut.2021.658630,supplement,cistanche and ginkgo extract botanical product,high
10.3389/fped.2017.00121,other,unspecified,high
10.3389/fped.2018.00242,other,cardiopulmonary exercise test,high
10.3389/fped.2018.00302,other,none,high
10.3389/fped.2018.00330,other,not applicable,high
10.3389/fped.2018.00349,other,none,high
10.3389/fped.2018.00352,other,none,high
10.3389/fped.2018.00373,other,unspecified,high
10.3389/fped.2018.00412,other,not applicable,high
10.3389/fped.2018.00415,other,unspecified,low
10.3389/fped.2018.00435,other,unspecified,high
10.3389/fped.2019.00012,other,none,high
10.3389/fped.2019.00021,other,unspecified,high
10.3389/fped.2019.00026,other,none,high
10.3389/fped.2019.00059,other,unspecified,low
10.3389/fped.2019.00082,other,unspecified,high
10.3389/fped.2019.00104,other,unspecified,low
10.3389/fped.2019.00131,other,unspecified,high
10.3389/fped.2019.00185,other,none,high
10.3389/fped.2019.00195,other,none,high
10.3389/fped.2019.00206,other,genetic analysis (no treatment),high
10.3389/fped.2019.00231,other,not applicable,high
10.3389/fped.2019.00370,other,unspecified,low
10.3389/fped.2020.00293,other,not applicable,high
10.3389/fped.2021.590040,other,unspecified,high
10.3389/fped.2021.756963,other,none,high
10.3389/fped.2023.1169447,other,unspecified,high
10.3389/fped.2023.1266738,other,unspecified,high
10.3389/fphar.2019.00991,supplement,myelophil (astragali radix and salviae miltiorrhizae radix extract),high
10.3389/fphar.2019.01102,supplement,vitamin b12 nasal drops,high
10.3389/fphar.2020.00917,supplement,hochuekkito,high
10.3389/fphar.2022.1077249,supplement,red ginseng extract,high
10.3389/fphar.2022.958005,supplement,chinese herbal medicine,high
10.3389/fphar.2023.1163638,supplement,ginsenoside rg1,high
10.3389/fphar.2023.1266803,other,traditional and complementary medicines (tcms),medium
10.3389/fphar.2025.1496774,supplement,xiaoyao san,high
10.3389/fphar.2025.1597672,supplement,xiaoyao san,high
10.3389/fphys.2013.00063,other,none,high
10.3389/fphys.2013.00087,psychological,cognitive behavioral therapy with antidepressant medication,medium
10.3389/fphys.2013.00109,other,unspecified,high
10.3389/fphys.2013.00113,other,unspecified,low
10.3389/fphys.2013.00115,other,unspecified,high
10.3389/fphys.2013.00119,other,none,high
10.3389/fphys.2013.00181,other,unspecified,high
10.3389/fphys.2014.00109,other,unspecified,high
10.3389/fphys.2016.00421,exercise,aerobic exercise,high
10.3389/fphys.2017.00088,other,none,high
10.3389/fphys.2021.771899,other,none,high
10.3389/fphys.2022.947723,other,unspecified,high
10.3389/fphys.2023.1114231,other,unspecified,low
10.3389/fphys.2023.1257557,other,not applicable,high
10.3389/fphys.2024.1441076,rehabilitation,"multicomponent intervention (physical activity, nutrition, chronobiology)",high
10.3389/fphys.2025.1693589,other,unspecified,high
10.3389/fphys.2026.1816082,other,cardiopulmonary exercise test,high
10.3389/fpsyg.2018.00275,other,none,high
10.3389/fpsyg.2018.01468,other,not applicable,high
10.3389/fpsyg.2021.662572,other,unspecified,high
10.3389/fpsyg.2021.716535,psychological,split-second unlearning,high
10.3389/fpsyg.2022.1051910,other,not applicable,high
10.3389/fpsyg.2022.923532,psychological,acceptance and commitment therapy (act),high
10.3389/fpsyg.2023.1127193,other,continuous performance test (cpt3),high
10.3389/fpsyg.2025.1593269,other,none,high
10.3389/fpsyt.2018.00589,other,unspecified,low
10.3389/fpsyt.2018.00720,psychological,mindfulness-based cognitive behavioral therapy,high
10.3389/fpsyt.2020.00222,other,none,high
10.3389/fpsyt.2020.00536,psychological,group cognitive-behavioural therapy,high
10.3389/fpsyt.2020.612084,other,none,high
10.3389/fpsyt.2021.580924,psychological,cognitive behavioral therapy,high
10.3389/fpsyt.2021.716320,other,none,high
10.3389/fpsyt.2021.735784,other,unspecified,high
10.3389/fpsyt.2022.1047014,other,unspecified,high
10.3389/fpsyt.2022.1122220,psychological,cognitive behavioral therapy,high
10.3389/fpsyt.2022.822382,other,unspecified,high
10.3389/fpsyt.2023.1120250,other,none,high
10.3389/fpsyt.2023.1160908,psychological,"mindfulness-based cognitive therapy, mindfulness-based stress reduction, acceptance and commitment therapy",high
10.3389/fpsyt.2023.1267495,other,metreleptin,high
10.3389/fpsyt.2025.1623288,other,unspecified,high
10.3389/fpsyt.2025.1647897,psychological,cognitive behavioural therapy,high
10.3389/fpsyt.2025.1657615,rehabilitation,diet therapy,high
10.3389/fpsyt.2025.1746712,psychological,cognitive behavioural therapy,high
10.3389/fpsyt.2026.1774114,other,observational study (no intervention),high
10.3389/fpsyt.2026.1841951,other,unspecified,high
10.3389/fpubh.2017.00108,other,not applicable,high
10.3389/fpubh.2020.00420,other,not applicable,high
10.3389/fpubh.2023.1275827,other,none,high
10.3389/fpubh.2025.1416273,other,unspecified,high
10.3389/fresc.2023.1122673,other,literature review (no intervention studied),high
10.3389/frhs.2025.1562651,other,not applicable,high
10.3389/frhs.2026.1779647,other,unspecified,low
10.3390/antiox10071010,supplement,melatonin plus zinc,high
10.3390/beverages3030031,supplement,milk whey,high
10.3390/biology3030606,rehabilitation,exercise rehabilitation,medium
10.3390/biom10010071,other,not applicable - animal model study,high
10.3390/biom10111484,other,unspecified,high
10.3390/biom11020185,other,unspecified,low
10.3390/biom11070961,other,none,high
10.3390/biom11081189,other,unspecified,high
10.3390/biom11091359,other,unspecified,high
10.3390/biom13071039,other,unspecified,high
10.3390/biom15010102,other,tetrahydrobiopterin (bh4),medium
10.3390/biom15030357,other,unspecified,high
10.3390/biom15070928,other,unspecified,high
10.3390/biomed3030026,rehabilitation,"multimodal rehabilitation (education, breathing retraining, exercise)",high
10.3390/biomedicines11010180,other,none,high
10.3390/biomedicines11020257,other,unspecified,high
10.3390/biomedicines11051488,other,none,high
10.3390/biomedicines11102594,other,not applicable,high
10.3390/biomedicines12071539,other,plasma neurofilament light chain biomarker,high
10.3390/biomedicines13020356,other,not applicable,high
10.3390/biomedicines13051200,other,unspecified,high
10.3390/biomedicines13112797,psychological,cognitive behaviour therapy,high
10.3390/biomedicines13123001,other,none,high
10.3390/biomedicines14040855,other,virtual reality cognitive assessment,high
10.3390/biomedicines14061183,other,not applicable,high
10.3390/biomedicines9111724,other,unspecified,high
10.3390/books978-3-0365-2438-2,other,not applicable,high
10.3390/books978-3-0365-9361-6,other,intravenous immunoglobulin (ivigg),low
10.3390/brainsci10010004,exercise,structured exercise programme,high
10.3390/brainsci10070456,other,not applicable,high
10.3390/brainsci11060760,other,none,high
10.3390/brainsci12010078,exercise,submaximal exercise,high
10.3390/brainsci12020132,other,none,high
10.3390/brainsci12121693,other,not applicable,high
10.3390/bs7030052,psychological,internet-based cognitive behavioural therapy,high
10.3390/cells11152376,other,none - observational study,high
10.3390/cells13060511,other,unspecified,low
10.3390/challe9010019,other,none,high
10.3390/children10101598,other,unspecified,high
10.3390/children12121603,other,unspecified,low
10.3390/covid4100110,other,online screener tool,low
10.3390/covid5010005,other,not applicable,high
10.3390/diagnostics10020092,other,unspecified,low
10.3390/diagnostics11030460,other,calcium channel blocker,medium
10.3390/diagnostics12051095,other,not applicable,high
10.3390/diagnostics12102540,other,not applicable,high
10.3390/diagnostics13010066,other,unspecified,high
10.3390/diagnostics13010122,other,none,high
10.3390/diagnostics13030531,other,not applicable,high
10.3390/diagnostics13233495,other,unspecified,high
10.3390/diagnostics15040487,other,none - observational study,high
10.3390/diagnostics15121542,other,none,high
10.3390/diagnostics15182332,other,unspecified,high
10.3390/diagnostics15212755,other,unspecified,high
10.3390/diagnostics15222824,other,unspecified,high
10.3390/diagnostics15222828,other,mast cell-targeted treatment,low
10.3390/diagnostics16071019,other,none,high
10.3390/diagnostics5020272,other,not applicable,high
10.3390/diagnostics6010010,other,not applicable,high
10.3390/diagnostics6020016,other,none,high
10.3390/diagnostics8020034,other,none,high
10.3390/diagnostics8030064,other,unspecified,high
10.3390/diagnostics8030066,other,questionnaire assessment,high
10.3390/diagnostics9010001,other,not applicable,high
10.3390/diagnostics9010026,other,unspecified,high
10.3390/diagnostics9020041,other,not applicable,high
10.3390/diagnostics9030070,other,none,high
10.3390/diagnostics9030073,other,unspecified,high
10.3390/diagnostics9030079,other,activin b,low
10.3390/diagnostics9030080,other,unspecified,high
10.3390/diagnostics9030082,other,unspecified,high
10.3390/diagnostics9030091,other,unspecified,high
10.3390/diagnostics9040124,rehabilitation,work rehabilitation and enforced rest,medium
10.3390/diseases11010011,psychological,cognitive behavioral therapy,high
10.3390/dna5040053,other,not applicable,high
10.3390/endocrines3040058,other,unspecified,low
10.3390/foods15111861,supplement,camel milk,high
10.3390/gidisord7010005,probiotic,fecal microbiota transplantation,high
10.3390/healthcare10020392,psychological,cognitive behavioural therapy,high
10.3390/healthcare10050898,psychological,cognitive behavioural therapy,high
10.3390/healthcare10061018,other,unspecified,low
10.3390/healthcare10071278,other,tube feeding,low
10.3390/healthcare10102058,other,none,high
10.3390/healthcare10122438,other,unspecified,high
10.3390/healthcare10122506,other,unspecified,high
10.3390/healthcare11060865,other,unspecified,high
10.3390/healthcare11152186,other,webinar-based education,high
10.3390/healthcare12202020,rehabilitation,"qigong, tai chi, and yoga",high
10.3390/healthcare12242566,other,none,high
10.3390/healthcare13111255,other,none,high
10.3390/healthcare13141654,psychological,forest bathing,high
10.3390/healthcare13151917,other,unspecified,high
10.3390/healthcare13233062,exercise,conscious movement (telerehabilitation),high
10.3390/healthcare8020088,other,unspecified,high
10.3390/healthcare8020169,other,none,high
10.3390/healthcare8030192,other,cardiopulmonary exercise testing,high
10.3390/healthcare8030197,other,not applicable,high
10.3390/healthcare8030211,other,unspecified,high
10.3390/healthcare8030273,other,none,high
10.3390/healthcare8040394,other,unspecified,high
10.3390/healthcare8040406,other,not applicable,high
10.3390/healthcare8040413,other,none,high
10.3390/healthcare8040427,other,unspecified,low
10.3390/healthcare8040552,psychological,cognitive behavioural therapy,high
10.3390/healthcare9020106,other,not applicable,high
10.3390/healthcare9020168,other,none,high
10.3390/healthcare9020215,other,unspecified,high
10.3390/healthcare9040459,other,tube feeding,low
10.3390/healthcare9050504,other,unspecified,high
10.3390/healthcare9050553,other,unspecified,high
10.3390/healthcare9050568,other,not applicable,high
10.3390/healthcare9060627,other,not applicable,high
10.3390/healthcare9060629,psychological,psychiatric/psychological care,medium
10.3390/healthcare9060682,exercise,cardiopulmonary exercise testing,high
10.3390/healthcare9060683,other,two-day cardiopulmonary exercise testing (cpet),high
10.3390/healthcare9070919,other,unspecified,low
10.3390/healthcare9080984,other,unspecified,low
10.3390/healthcare9101290,other,none,high
10.3390/healthcare9101331,other,unspecified,high
10.3390/healthcare9111537,other,unspecified,low
10.3390/healthcare9111546,immunomodulator,intravenous immunoglobulin g,high
10.3390/ijerph17218044,rehabilitation,manual physiotherapy,high
10.3390/ijerph18052366,other,exercise intervention,high
10.3390/ijerph182010614,other,unspecified,high
10.3390/ijerph182010708,other,unspecified,high
10.3390/ijerph182010736,other,network analysis (non-intervention),high
10.3390/ijerph182211879,other,unspecified,low
10.3390/ijerph19042052,other,unspecified,high
10.3390/ijerph19042377,exercise,aerobic exercise,high
10.3390/ijerph191811662,other,none,high
10.3390/ijerph192013608,rehabilitation,multidisciplinary hospital-based rehabilitation program,high
10.3390/ijerph20032437,other,unspecified,high
10.3390/ijerph20054098,psychological,pain neuroscience education,high
10.3390/ijerph21121560,other,none,high
10.3390/ijerph22020275,other,none,high
10.3390/ijerph22020280,other,none,high
10.3390/ijerph23040460,other,diagnostic algorithm,high
10.3390/ijerph8072770,other,unspecified,high
10.3390/ijms19092673,rehabilitation,manual therapy,high
10.3390/ijms20205164,other,unspecified,low
10.3390/ijms21031074,other,none,high
10.3390/ijms21031142,other,unspecified,high
10.3390/ijms21041366,other,none - observational study,high
10.3390/ijms22042046,other,none,high
10.3390/ijms22052580,other,transforming growth factor-beta1 (tgf-beta1),high
10.3390/ijms22073423,other,none,high
10.3390/ijms221910199,supplement,myelophil,high
10.3390/ijms23020691,other,unspecified,high
10.3390/ijms23147906,other,unspecified,high
10.3390/ijms23158574,other,unspecified,high
10.3390/ijms23169205,other,epipharyngeal abrasive therapy (eat),high
10.3390/ijms231911852,other,none,high
10.3390/ijms232113328,other,unspecified,low
10.3390/ijms24032010,other,none,high
10.3390/ijms24032698,other,none,high
10.3390/ijms24043685,other,none,high
10.3390/ijms24054835,other,none (diagnostic study),high
10.3390/ijms24065124,other,unspecified,low
10.3390/ijms24076022,other,unspecified,high
10.3390/ijms24108713,other,unspecified,low
10.3390/ijms241210255,other,exercise challenge,high
10.3390/ijms241310582,other,unspecified,high
10.3390/ijms241511937,other,not applicable,high
10.3390/ijms241512057,other,none,high
10.3390/ijms242015316,other,none - diagnostic/observational study,high
10.3390/ijms242417267,other,none,high
10.3390/ijms25010574,supplement,coenzyme q10,high
10.3390/ijms25031675,other,none,high
10.3390/ijms25147778,other,alpha-methyl-p-tyrosine (metyrosine),high
10.3390/ijms25179551,other,unspecified,high
10.3390/ijms26031282,other,exercise,high
10.3390/ijms26051896,other,unspecified,low
10.3390/ijms26062799,other,none,high
10.3390/ijms26104885,immunomodulator,rituximab,high
10.3390/ijms26115339,other,whole-body hyperthermia,high
10.3390/ijms26136082,supplement,l-ornithine and l-aspartate (lola),high
10.3390/ijms26146631,other,none,high
10.3390/ijms26157284,other,not applicable,high
10.3390/ijms26167670,other,unspecified,high
10.3390/ijms26178563,other,none,high
10.3390/ijms26188882,other,unspecified,high
10.3390/ijms26189044,supplement,coenzyme q10,high
10.3390/ijms26209997,probiotic,probiotics,medium
10.3390/ijms262211161,other,none,low
10.3390/ijms262311524,other,unspecified,low
10.3390/ijms27010268,other,unspecified,high
10.3390/ijms27010425,other,unspecified,low
10.3390/ijms27020826,other,unspecified,high
10.3390/ijms27031574,other,unspecified,high
10.3390/ijms27041997,other,unspecified,low
10.3390/ijms27052314,other,unspecified,high
10.3390/ijms27094041,other,unspecified,high
10.3390/ijms27104309,other,unspecified,low
10.3390/ijms27104436,other,unspecified,high
10.3390/ijms27114770,other,irisin signaling modulation,low
10.3390/ijms27114937,other,raman spectroscopy with machine learning,high
10.3390/jcm10071542,exercise,individualised activity programme,high
10.3390/jcm10112327,other,none,high
10.3390/jcm10112420,immunomodulator,subcutaneous immunoglobulin (s.c. igg),high
10.3390/jcm10112517,other,none,high
10.3390/jcm10132795,rehabilitation,whole-body cryotherapy with static-stretching exercises,high
10.3390/jcm10143017,other,none,high
10.3390/jcm10143105,other,blood tests (diagnostic),low
10.3390/jcm10153204,other,not applicable,high
10.3390/jcm10153374,other,none,high
10.3390/jcm10163603,other,none,high
10.3390/jcm10163675,other,none,high
10.3390/jcm10184171,other,unspecified,high
10.3390/jcm10194527,other,none,high
10.3390/jcm10204786,other,unspecified,high
10.3390/jcm10215077,probiotic,gut microbiota modulation,medium
10.3390/jcm11010029,oxygen_therapy,oxygen-ozone autohemotherapy,high
10.3390/jcm11010173,other,oxygen-ozone autohemotherapy,high
10.3390/jcm11154563,other,unspecified,low
10.3390/jcm11195735,exercise,habitual physical exercise,high
10.3390/jcm11226708,other,none,high
10.3390/jcm12041487,other,no treatment studied,high
10.3390/jcm12062435,other,gdf-15 biomarker,high
10.3390/jcm12134348,other,none,high
10.3390/jcm12144737,other,none,high
10.3390/jcm12175478,other,hypothalamic phospholipid liposomes,medium
10.3390/jcm12196428,immunomodulator,immunoadsorption,high
10.3390/jcm12227157,other,none,high
10.3390/jcm13010275,other,none,high
10.3390/jcm13020325,other,unspecified,low
10.3390/jcm13051369,other,not applicable,high
10.3390/jcm13072153,other,none,high
10.3390/jcm13113168,other,unspecified,high
10.3390/jcm13123486,other,functional capacity questionnaire (funcap),high
10.3390/jcm13226852,other,unspecified,low
10.3390/jcm13247726,other,none,high
10.3390/jcm14030811,other,not applicable,high
10.3390/jcm14041086,other,unspecified,high
10.3390/jcm14113648,other,none,high
10.3390/jcm14113802,immunomodulator,intravenous immunoglobulins (ivig) with plasmapheresis,high
10.3390/jcm14144847,other,none,high
10.3390/jcm14155363,psychological,heart rate variability biofeedback,high
10.3390/jcm14176269,other,not applicable,high
10.3390/jcm15020805,other,unspecified,high
10.3390/jcm15020849,other,unspecified,low
10.3390/jcm15072510,other,dysautonomia management protocol,high
10.3390/jcm15124835,other,unspecified,low
10.3390/jcm5060055,other,unspecified,low
10.3390/jcm9051520,other,not applicable,high
10.3390/jcm9051557,other,not applicable,high
10.3390/jcm9082443,other,immunoadsorption,high
10.3390/jcm9082531,other,unspecified,high
10.3390/jcm9113436,exercise,structured exercise programme,high
10.3390/jcm9113463,other,unspecified,high
10.3390/jcm9124040,device,two-day cardiopulmonary exercise test (cpet),high
10.3390/jcm9124106,supplement,nutritional supplements,medium
10.3390/jpm14030238,other,not applicable,high
10.3390/life15040584,rehabilitation,graded exercise therapy,high
10.3390/life16040571,other,digital health technologies,low
10.3390/medicina57010007,other,not applicable,high
10.3390/medicina57010012,other,not applicable,high
10.3390/medicina57010043,other,none,high
10.3390/medicina57030200,other,unspecified,low
10.3390/medicina57030208,other,none,high
10.3390/medicina57030300,rehabilitation,graded exercise therapy,high
10.3390/medicina57040388,other,prevention programs,low
10.3390/medicina57050418,other,none,high
10.3390/medicina57050510,other,not applicable,high
10.3390/medicina57060542,other,n/a,high
10.3390/medicina57070646,other,none,high
10.3390/medicina57070652,psychological,mind-body interventions,high
10.3390/medicina57090885,other,not applicable,high
10.3390/medicina57090958,other,unspecified,low
10.3390/medicina57101012,other,not applicable,low
10.3390/medicina57101030,other,none,high
10.3390/medicina58010028,other,none,high
10.3390/medicina58010051,device,compression stockings,high
10.3390/medicina58010098,device,compression stockings,high
10.3390/medicina58030419,other,unspecified,high
10.3389/fneur.2024.1455498,other,unspecified,high
10.3389/fneur.2025.1534352,other,exercise,high
10.3389/fneur.2025.1681990,exercise,aerobic exercise,high
10.3390/medicina58070850,other,none,high
10.3389/fneur.2025.1691147,supplement,oxaloacetate,high
10.3390/medicina59030571,other,cardiopulmonary exercise test,high
10.3389/fneur.2026.1793397,other,acupuncture,high
10.3390/medicina58121807,other,unspecified,high
10.3390/medicina59040719,psychological,psychotherapy,high
10.3390/medicina59050978,other,unspecified,high
10.3389/fnhum.2025.1509346,other,unspecified,high
10.3389/fnhum.2025.1495050,exercise,graded exercise therapy,high
10.3390/medicina59122153,other,none,high
10.3389/fnins.2015.00225,supplement,luteolin,high
10.3390/medicina60010161,other,unspecified,high
10.3390/medicina60020194,other,unspecified,high
10.3390/medicina60010083,other,unspecified,high
10.3390/medicina62020331,rehabilitation,pacing intervention,high
10.3390/medicina62061114,other,none,high
10.3390/metabo10050216,other,unspecified,low
10.3390/metabo13090984,other,unspecified,high
10.3390/metabo8040090,other,unspecified,high
10.3390/metabo10010034,other,unspecified,high
10.3389/fnins.2020.00688,other,head-up tilt testing,low
10.3390/medicina62030480,other,none,high
10.3390/medicina60081215,other,not applicable,high
10.3390/microorganisms12020332,supplement,naringin and naringenin,high
10.3390/microorganisms12061081,probiotic,lacticaseibacillus rhamnosus (strains wl11 and wl17),high
10.3390/neuroglia2010004,other,unspecified,high
10.3390/microorganisms13040702,other,none,high
10.3390/nu13051697,supplement,coenzyme q10,high
10.3390/molecules26092539,supplement,rice bran arabinoxylan (modified with shiitake mushroom enzyme),high
10.3390/nu13020503,supplement,creatine,high
10.3390/neurolint15010001,other,unspecified,high
10.3390/nu13082658,supplement,coenzyme q10 plus nadh,high
10.3390/nu15071591,supplement,synbiotic (gasteel plus),high
10.3390/nu15092154,supplement,"vitamins and minerals (coenzyme q10, l-carnitine, zinc, methionine, nad, vitamins c, d, b)",high
10.3390/nu15214504,supplement,yeast beta-glucan with multivitamins,high
10.3390/nu16111545,probiotic,probiotics,high
10.3390/nu16193308,supplement,creatine monohydrate,high
10.3390/nu16020182,other,multidisciplinary intervention (nutrition and chronobiology),high
10.3390/nu17010011,other,synchronize + mediterranean diet intervention,high
10.3390/nu17132232,other,none,high
10.3390/medicina60081370,other,unspecified,high
10.3390/nu18010174,probiotic,cds22,high
10.3390/nu17010095,supplement,creatine monohydrate,high
10.3390/nu8020072,supplement,guanidinoacetic acid,high
10.3390/pathogens13090751,other,unspecified,high
10.3390/nu18030521,supplement,vitamin d,high
10.3390/pathogens15010002,other,unspecified,high
10.3390/nu16081232,supplement,l-carnitine,high
10.3390/nu17030475,supplement,"dietary supplements (l-carnitine, guanidinoacetic acid, oxaloacetate, coq10-selenium, nadh)",high
10.3390/pathogens15010003,other,none,high
10.3390/pathogens6010002,other,unspecified,high
10.3390/pathophysiology29020016,other,unspecified,high
10.3390/pathophysiology29030033,other,unspecified,high
10.3390/pathophysiology31010001,other,not_applicable,high
10.3390/pathophysiology32030046,other,not applicable,high
10.3390/pharmaceutics11030126,other,polypharmacy (unspecified),low
10.3390/ph15010043,supplement,hrg80 red ginseng,high
10.3390/ph15080931,other,unspecified,high
10.3390/polym10111269,supplement,selenium-polysaccharide from ziyang green tea,high
10.3390/ph18050712,other,xue fu zhu yu,medium
10.3390/proteomes10020021,other,unspecified,high
10.3390/proteomes9010006,other,none,high
10.3390/psych5030042,other,unspecified,high
10.3390/s21113746,other,mobile-health heart rate variability monitoring,high
10.3390/psych5040073,other,unspecified,high
10.3390/s23115330,other,not applicable,low
10.3390/tomography7040056,other,none,high
10.3390/s23094358,other,ionomycin,high
10.3390/toxins8110324,other,unspecified,low
10.3390/toxics12070491,other,aluminum oxyhydroxide-adjuvanted vaccine,high
10.3390/toxins8110325,other,unspecified,low
10.3390/toxins5040605,other,unspecified,high
10.3390/v16040572,other,none - review article,high
10.3390/toxins8110323,other,unspecified,low
10.3390/v17111430,other,unspecified,high
10.3390/v17121624,other,none,low
10.3390/v18060660,other,unspecified,high
10.3390/v17030422,other,none,high
10.3390/vaccines12070790,other,none,high
10.3390/v2112404,other,unspecified,high
10.3390/v3081312,other,unspecified,high
10.3390/vision2010002,other,none,high
10.33965/eh2019_201910l019,device,slowbreath cushion,high
10.3390/vaccines11111661,other,prednisolone,low
10.3399/bjgp13x675458,other,unspecified,low
10.3399/bjgp22x720317,other,unspecified,high
10.3399/bjgp23x733689,other,remote consulting,low
10.3399/bjgp25x742149,other,unspecified,high
10.3399/bjgpo.2024.0079,other,none,high
10.34119/bjhrv6n2-057,other,none,high
10.3399/bjgp16x687229,other,unspecified,low
10.34142/hsr.2022.08.02.07,other,none,high
10.34726/hss.2026.130560,other,unspecified,high
10.34172/rdme.2021.025,other,none,high
10.34726/11728,other,unspecified,high
10.35469/ak.2023.425,exercise,graded exercise therapy,high
10.35339/ekm.2019.85.04.02,other,unspecified,high
10.36076/ppj.2015/18/e841,other,not applicable,high
10.36076/ppj.2012/15/e677,psychological,cognitive behavioral therapy,high
10.36740/abal202503114,device,whole-body cryotherapy,high
10.35831/shsr/kh.10-31-2019,other,unspecified,high
10.36315/2021inpact027,psychological,psychological flexibility training,high
10.36401/iddb-23-4,other,digital twin monitoring system,low
10.36922/mi.4783,other,unspecified,high
10.36959/547/653,other,none,high
10.36948/ijfmr.2023.v05i02.2044,other,correct footwear fitting,low
10.37191/mapsci-2582-6549-3(2)-033,other,unspecified,low
10.3727/096368916x694238,exercise,baduanjin qigong exercise,high
10.37349/ei.2025.1003206,other,none,high
10.37349/ent.2025.1004112,other,unspecified,high
10.37349/emed.2024.00215,other,none,high
10.3736/jcim20050506,other,traditional chinese medicine,low
10.37349/ent.2025.1004116,other,unspecified,high
10.3736/jcim20070606,other,acupuncture,high
10.37349/ent.2026.1004152,other,pacing therapy,medium
10.3736/jcim20111008,other,tuina,high
10.37436/2308-5274-2020-3-15,other,none,high
10.3748/wjg.v21.i1.102,probiotic,fecal microbiota transplantation,high
10.37489/2587-7836-2023-4-3-14,other,human placenta extracts,low
10.3760/cma.j.issn.1005-8559.2006.08.008,other,lifestyle intervention,high
10.3760/cma.j.issn.1009-6906.2012.02.017,oxygen_therapy,hyperbaric oxygen,high
10.3760/cma.j.issn.1673-4246.2017.12.008,other,acupoint sticking combined traditional chinese medicine foot bath,high
10.3760/cma.j.issn.1007-1245.2006.22.018,supplement,herbal formula (黄芪、太子参、白术、茯苓、当归、白芍、生地),high
10.3760/cma.j.issn.1009-9158.2009.07.005,other,unspecified,high
10.3760/cma.j.issn.1673-4246.2014.06.006,other,abdominal acupuncture,high
10.3760/cma.j.issn.1672-7088.2010.01.080,rehabilitation,health management,medium
10.37539/230629.2023.26.58.015,immunomodulator,allokin-alpha,high
10.3760/cma.j.issn.1674-2907.2007.09.059,other,unspecified,low
10.3760/cma.j.issn.1674-2907.2006.16.012,other,unspecified,low
10.3760/cma.j.issn.1674-6554.2012.04.018,psychological,psychological and behavioral intervention,high
10.37766/inplasy2020.12.0014,rehabilitation,tuina (manual therapy),high
10.37766/inplasy2021.1.0011,other,unspecified,low
10.37766/inplasy2022.9.0022,exercise,traditional chinese exercise,high
10.37766/inplasy2023.4.0083,other,acupoint massage,high
10.3777/jjsam.44.238,psychological,acupuncture,high
10.3760/cma.j.issn.1674-6554.2017.10.018,other,unspecified,high
10.3810/pgm.1998.01.278,other,unspecified,low
10.3810/psm.2004.02.117,exercise,intermittent exercise therapy,high
10.37766/inplasy2021.4.0031,other,moxibustion,high
10.3844/ajisp.2013.120.129,immunomodulator,gc-macrophage activating factor (gcmaf),high
10.3844/ajbbsp.2010.120.135,other,not applicable,high
10.3822/ijtmb.v19i1.1349,psychological,heartspeak lite for bodywork,high
10.3892/br.2017.1024,other,none,high
10.38140/aa.v35i1.781,psychological,cognitive reframing,high
10.3892/ijmm.2.1.51,other,unspecified,high
10.3892/ijmm.1.1.143,other,unspecified,low
10.3810/pgm.2013.01.2631,other,psychostimulants,medium
10.3892/ijmm.3.2.209,other,none,high
10.3892/ijmm.4.5.493,other,none,high
10.3892/mmr.2011.447,other,none,high
10.3892/mmr.2016.5476,device,visible and near-infrared spectroscopy,high
10.3906/sag-1601-110,other,unspecified,high
10.3928/08910162-20080501-06,rehabilitation,energy envelope theory,high
10.3928/0279-3695-19980201-12,other,unspecified,high
10.3949/ccjm.58.2.116,other,unspecified,high
10.3937/kampomed.66.131,other,"kampo herbal combination (tongy脈四逆湯, dà wū tóu jiān) with acupuncture",high
10.3990/1.9789036535120,rehabilitation,ambulatory feedback monitoring,medium
10.4018/ijpch.20190701.oa2,other,patient-led initiatives,low
10.4014/jmb.2603.03034,probiotic,hh-205m,high
10.4021/jnr86w,other,none,high
10.3920/bm2017.0125,probiotic,lactobacillus casei strain shirota and bifidobacterium infantis 35624,high
10.3949/ccjm.80a.12133,other,antidepressants (unspecified),medium
10.4045/tidsskr.08.0576,other,meningococcus group b vaccine,low
10.4024/41111/11-4-abs11.jbpc.11.04,other,unspecified,low
10.3937/kampomed.65.87,other,"kampo medicine (sanhuang xiexin tang, buzhong yiqi tang)",medium
10.3949/ccjm.65.5.261,other,unspecified,low
10.4045/tidsskr.09.1475,exercise,graded exercise therapy,high
10.4045/tidsskr.15.0229,other,none,high
10.4045/tidsskr.09.35791,other,cognitive behavioural therapy and graded exercise,low
10.4045/tidsskr.15.0501,other,unspecified,low
10.4045/tidsskr.15.1180,other,unspecified,low
10.3899/jrheum.2025-0314.36,other,unspecified,high
10.4045/tidsskr.25.0086,other,unspecified,low
10.4049/immunohorizons.2000006,other,trichostatin-a,medium
10.4049/jimmunol.192.supp.69.36,other,unspecified,high
10.4049/jimmunol.196.supp.137.4,other,unspecified,high
10.4049/jimmunol.194.supp.52.28,other,unspecified,high
10.4049/jimmunol.184.supp.89.49,immunomodulator,poly (i): poly (c12u) (ampligen),high
10.4049/jimmunol.202.supp.126.39,other,unspecified,high
10.4049/jimmunol.200.supp.49.15,other,not applicable,high
10.4049/jimmunol.200.supp.166.62,other,myelin protein biomarkers,low
10.4049/jimmunol.202.supp.182.50,other,none,high
10.4049/jimmunol.190.supp.186.3,other,none,high
10.4049/jimmunol.210.supp.229.05,other,none,high
10.4049/jimmunol.212.supp.1075.5069,other,unspecified,high
10.4049/jimmunol.210.supp.229.01,other,unspecified,high
10.4081/ejtm.2018.7688,exercise,physical exercise and electrical stimulation,medium
10.4067/s0717-92272005000100006,other,unspecified,low
10.4081/ejtm.2025.13690,other,unspecified,low
10.4081/ozone.2019.8176,oxygen_therapy,oxygen-ozone therapy,high
10.4081/ejtm.2018.7814,other,unspecified,low
10.4081/ozone.2018.7812,other,ozone therapy,high
10.4081/reumatismo.2009.285,other,unspecified,low
10.4084/mjhid.2010.022,other,unspecified,high
10.4088/jcp.v66n0513,exercise,yoga,high
10.4088/jcp.10r06580,other,homeopathy,high
10.4102/sajp.v74i1.442,rehabilitation,warm water immersion,high
10.4088/jcp.v61n0909,other,moclobemide,high
10.4088/jcp.08m04719whi,other,ondansetron,high
10.4088/pcc.v10n0511a,other,olanzapine and aripiprazole,high
10.4103/1658-631x.112905,other,unspecified,high
10.4103/0253-7613.96316,supplement,aegle marmelos ethanolic extract,high
10.4103/1673-5374.152369,other,unspecified,high
10.4088/pcc.v10n0206,other,unspecified,high
10.4103/0253-7613.81506,psychological,citalopram and imipramine,high
10.4103/2249-4863.120765,other,not applicable,high
10.4103/0970-9290.104965,other,not applicable,high
10.4103/0974-8490.138251,supplement,triticum aestivum l. (wheat extract),high
10.4103/1673-5374.180746,other,moxibustion,high
10.4103/2045-9912.385441,other,hydrogen gas,high
10.4103/aip.aip_373_25,other,unspecified,high
10.4135/9781526437891,other,none - qualitative study,high
10.4137/cmped.s978,other,not applicable,high
10.4103/hm.hm_49_19,other,unspecified,high
10.4137/cmpsy.s704,other,none,high
10.4137/geg.s10944,other,none,high
10.4137/grsb.s39861,other,not applicable - observational study,high
10.4137/grsb.s40036,other,none,high
10.4137/iii.s25105,other,unspecified,high
10.4137/iii.s25147,other,unspecified,high
10.4137/ijtr.s10085,supplement,tryptophan,medium
10.4137/ijtr.s11193,supplement,nicotinamide,medium
10.4137/ijtr.s7898,other,unspecified,low
10.4161/gmic.25487,probiotic,bifidobacterium infantis 35624,high
10.4137/iii.s37042,other,unspecified,high
10.4161/sysb.28948#.vojbffnf-4g,other,none,high
10.4161/sysb.28948,other,none,high
10.4161/viru.1.5.12486,other,unspecified,high
10.4172/1522-4821.1000274,other,none,high
10.4172/1522-4821.1000370,supplement,human placenta extract laennec,high
10.4172/2155-9562.s12-013,other,unspecified,high
10.4172/2155-9899.1000223,other,unspecified,high
10.4172/2155-9899.1000228,other,none,high
10.4172/2155-9899.1000190,other,none,high
10.4172/2155-9899.1000339,immunomodulator,ampligen,high
10.4172/2155-9899.1000288,other,not applicable,high
10.4172/2161-0673.1000159,other,none - review article,high
10.4172/2155-9929.1000152,other,unspecified,high
10.4172/2165-8048.1000252,supplement,unspecified,low
10.4172/2161-0509.1000103,supplement,acaí (euterpe oleracea),high
10.4172/2155-9899.1000348,other,unspecified,low
10.4172/2167-0870.1000253,immunomodulator,ampligen,high
10.4172/2165-8048.1000225,other,unspecified,low
10.4220/sykepleienf.2012.0132,rehabilitation,lightning process,high
10.4172/2167-1044.1000119,other,none,high
10.4172/2168-9784.1000249,other,none,high
10.4220/sykepleiens.2021.84329,other,unspecified,low
10.4236/ape.2020.102013,rehabilitation,pacing self-management strategy,high
10.4236/ijcm.2012.33034,supplement,phosphoglycolipids with coenzyme q10 and nadh,high
10.4236/ape.2020.101007,other,cardiopulmonary exercise testing,high
10.4225/55/58dc8dc6dc266,other,none,high
10.4236/crcm.2022.118041,other,unspecified,low
10.4236/ijcm.2012.36098,other,influenza vaccine (influvac),high
10.4236/ijcm.2013.43029,immunomodulator,trivalent influenza vaccine (tiv),high
10.4236/health.2010.22015,other,none,high
10.4236/ijcm.2015.610103,other,none,high
10.4236/ijcm.2018.911067,other,blood volume measurement,high
10.4236/ijcm.2018.95032,device,compression stockings,high
10.4236/ijcm.2018.95038,other,unspecified,high
10.4236/ijcm.2018.95040,other,none,high
10.4236/jbbs.2015.511049,other,unspecified,high
10.4236/nm.2016.72008,other,self-efficacy and positive goals intervention,low
10.4236/jbm.2024.1210026,other,intermittent hypoxia exposure,high
10.4236/nm.2011.21003,other,unspecified,high
10.4236/ijcm.2018.95031,anti-inflammatory,curcumin,high
10.4236/nm.2012.31007,other,none,high
10.4236/oalib.1108736,supplement,magnesium,high
10.4236/ojgas.2017.74015,other,fecal microbiota transplantation,high
10.4236/oalib.1109414,other,unspecified,low
10.4236/ojgas.2015.54005,other,unspecified,high
10.4236/ojim.2013.33023,other,none,high
10.4236/psych.2010.11002,other,not applicable,high
10.4236/psych.2010.14033,other,none,high
10.4236/ojpsych.2012.21007,other,none,high
10.4252/wjsc.v13.i8.1134,other,induced pluripotent stem cells (ipscs),high
10.4238/gmr.15038717,other,unspecified,high
10.4306/pi.2008.5.4.209,other,unspecified,low
10.4276/030802210x12892992239233,other,none,high
10.4324/9780203132678-46,exercise,physical activity,high
10.4324/9780203370315-26,rehabilitation,inpatient rehabilitation,high
10.4324/9780203765975,psychological,psychosomatic intervention,low
10.4324/9780203929643,psychological,cognitive-behavioral therapy,high
10.4324/9780429473289,psychological,coping exercises,high
10.4324/9780203890042-27,other,unspecified,low
10.4324/9781003076117,psychological,cognitive behavioural therapy,high
10.4324/9781315827490-7,other,unspecified,low
10.4324/9781003083139-55,other,unspecified,low
10.4324/9781315863818-16,other,none,high
10.4414/sanp.2000.01189,other,unspecified,low
10.4324/9781439809891,other,none,high
10.4414/smw.2004.10213,other,unspecified,low
10.4306/pi.2009.6.3.204,other,galantamine hydrobromide,high
10.46235/1028-7221-13908-peo,immunomodulator,recombinant interferon α2b,high
10.46235/1028-7221-9994-qap,immunomodulator,recombinant interferon beta-2b,medium
10.47184/td.2022.01.06,other,unspecified,low
10.46743/2160-3715/2024.6519,other,not applicable,high
10.47368/ejhc.2023.203,other,unspecified,high
10.47407/kr2022.3.5.00160,supplement,vitamin and mineral complexes,high
10.47671/tvg.54.1.5000003,other,unspecified,low
10.47262/bl/9.2.20230220,other,bioimpedance spectroscopy,high
10.47679/jopp.8214782026,other,unspecified,high
10.47739/2379-9501.neurodegenerativedisorders.1032,supplement,unspecified,low
10.47829/acmcr.2022.8702,anti-inflammatory,minocycline,high
10.47795/qkbu6715,device,adapted autonomic profile (aap),high
10.48165/irjay.2025.80902,psychological,yoga,high
10.4997/jrcpe.2010.404,other,not applicable,high
10.47895/amp.v56i19.3832,other,unspecified,high
10.48547/202511-003,rehabilitation,physiotherapy with activity pacing,high
10.5014/ajot.2015.016287,rehabilitation,activity pacing self-management,high
10.5014/ajot.2019.73s1-po3010,other,occupational therapy intervention,low
10.5005/japi-11001-0090,other,international consensus criteria (hindi version),high
10.48550/arxiv.2404.04345,device,inertial measurement unit (imu),high
10.5014/ajot.58.1.35,rehabilitation,integrative consumer-driven rehabilitation program,high
10.5014/ajot.49.4.327,other,unspecified,high
10.5040/9798216029281,other,unspecified,low
10.5014/ajot.59.5.497,other,rehabilitation program,low
10.5040/9798400662072,other,unspecified,low
10.5014/ajot.58.1.73,other,participatory action research,low
10.5040/9798216428541,other,unspecified,low
10.5040/9798400690044,other,unspecified,low
10.5056/jnm.2010.16.2.113,other,unspecified,high
10.5070/m4102038940,other,unspecified,low
10.5114/aoms.2012.31620,other,unspecified,high
10.46747/cfp.700141,other,medical assistance in dying,low
10.5114/hpr.2017.65469,psychological,mindfulness-based intervention,high
10.5114/hpr.2014.43914,other,unspecified,high
10.5114/hpr.2020.99395,other,none,high
10.5114/pr.2014.46050,other,unspecified,high
10.51470/apr.2025.04.01.53,supplement,caesalpinia bonduc seed coat extract,high
10.5117/nedlet2018.1.geel,other,not applicable,high
10.5167/uzh-291239,psychological,acceptance and commitment therapy,high
10.5172/hesr.1998.8.1.26,other,unspecified,low
10.5114/hpr/195733,other,ncp-q questionnaire,low
10.51793/os.2022.25.4.003,other,unspecified,low
10.51793/os.2023.26.4.005,supplement,unspecified,low
10.51793/os.2025.28.9.009,other,unspecified,high
10.52042/unetjoss020103,other,unspecified,high
10.51987/evidencia.v11i1.5946,psychological,behavioral psychotherapy,medium
10.5152/pcp.2025.251106,other,eszopiclone,high
10.52403/ijhsr.20251107,other,none,high
10.52403/ijshr.20210776,other,unspecified,low
10.52667/2712-9179-2026-6-1-31-36,other,unspecified,high
10.52635/eamr/12.2.227-234,anti-inflammatory,nimesulide and caffeic acid combination,high
10.51793/os.2023.26.10.003,other,nootropic with dopaminergic effect,low
10.52768/2379-1039/1963,other,unspecified,low
10.52692/cfzl2024.38,other,unspecified,low
10.52768/2766-7820/3508,other,unspecified,low
10.5209/rev_anhm.2012.v5.n1.39169,rehabilitation,multidisciplinary rehabilitation with climatotherapy,high
10.52768/2996-3788/1022,psychological,cognitive behavioral therapy,high
10.5281/zenodo.1079977,other,unspecified,high
10.5281/zenodo.1325436,other,unspecified,low
10.5281/zenodo.1307481,supplement,unspecified,low
10.5281/zenodo.1411891,rehabilitation,physical rehabilitation,high
10.5281/zenodo.1470685,rehabilitation,physical rehabilitation,high
10.5281/zenodo.1470655,rehabilitation,rehabilitation,high
10.52768/2766-7820/1681,other,rintatolimid and galantamine,medium
10.5281/zenodo.1411359,psychological,cognitive behavioral therapy,high
10.5281/zenodo.1470739,rehabilitation,physical rehabilitation,high
10.5281/zenodo.17638001,other,unspecified,low
10.5281/zenodo.17684276,other,unspecified,low
10.5281/zenodo.1477530,other,unspecified,high
10.5281/zenodo.17691950,psychological,cognitive behavioral therapy,high
10.5281/zenodo.17798485,other,unspecified,low
10.5281/zenodo.17765199,other,none,high
10.5281/zenodo.17822588,device,handgrip strength measurement,high
10.5281/zenodo.17851260,other,unspecified,high
10.5281/zenodo.17904599,other,unspecified,low
10.5281/zenodo.17965211,exercise,exercise therapy,high
10.5281/zenodo.17819853,other,unspecified,high
10.5281/zenodo.17976612,other,unspecified,low
10.5281/zenodo.17976937,psychological,cognitive behavioral therapy (cbt),high
10.5281/zenodo.18363580,rehabilitation,tai chi and qigong,high
10.5281/zenodo.18147196,supplement,zinc,high
10.5281/zenodo.18174631,other,unspecified,high
10.5281/zenodo.18488449,other,unspecified,low
10.5281/zenodo.18488450,other,unspecified,low
10.5281/zenodo.18383309,other,unspecified,low
10.5281/zenodo.18675287,other,unspecified,low
10.5281/zenodo.17722640,immunomodulator,low-dose naltrexone,high
10.5281/zenodo.18750267,other,unspecified,low
10.5281/zenodo.17691932,other,unspecified,high
10.5281/zenodo.18681879,rehabilitation,guo lin qigong,high
10.5281/zenodo.18902224,psychological,flow state (occupational therapy),high
10.5281/zenodo.18864417,other,unspecified,low
10.5281/zenodo.18908179,other,unspecified,low
10.5281/zenodo.19380758,other,unspecified,high
10.5281/zenodo.19616126,supplement,dhea,high
10.5281/zenodo.19616216,supplement,dhea,high
10.5281/zenodo.19673799,other,unspecified,high
10.5281/zenodo.19615280,other,unspecified,low
10.5281/zenodo.19742087,other,unspecified,high
10.5281/zenodo.20054624,other,unspecified,low
10.5281/zenodo.20328711,other,unspecified,high
10.5281/zenodo.20155958,supplement,agmatine,high
10.5281/zenodo.18809113,rehabilitation,clinical pilates,high
10.5281/zenodo.18929140,other,unspecified,high
10.5281/zenodo.4489960,other,unspecified,low
10.5281/zenodo.20407129,other,none,high
10.5281/zenodo.6759462,other,unspecified,high
10.5281/zenodo.4038961,other,unspecified,high
10.5281/zenodo.7495326,supplement,magnesium,high
10.5281/zenodo.7840606,other,unspecified,high
10.52852/tcncyh.v202i5e18.4657,supplement,nsdvt extract,high
10.5282/edoc.17552,other,none,high
10.52852/tcncyh.v202i5e18.5036,other,nsdvt,medium
10.5287/ora-9o9jqrkr9,other,unspecified,high
10.5298/1081-5937-46.3.06,neurostimulation,low energy neurofeedback system (lens),high
10.5283/epub.78937,other,proprioception-based treatment (multimodal inpatient program),high
10.5298/1081-5937-51.1.03,neurostimulation,lens (neurofeedback),high
10.5281/zenodo.7653460,supplement,melatonin,high
10.5334/ijic.icic23633,other,digital assistance platform,high
10.5334/ijic.icic23628,other,unspecified,low
10.5334/ijic.901,rehabilitation,tele-rehabilitation,high
10.5334/ojb.28,other,biobank resource,low
10.5334/ijic.icic25409,other,unspecified,high
10.5348/ijcri-201499-cr-10410,other,unspecified,high
10.5353/th_b5317014,exercise,qigong exercise,high
10.53555/ccb.v18i02.115,rehabilitation,adapted physical activity and therapeutic exercise program,high
10.5334/ijic.icic25148,other,digital monitoring and wearable devices,high
10.53738/revmed.2024.20.882.1371,other,unspecified,low
10.53680/vertex.v34i162.507,other,unspecified,high
10.53765/20512201.29.9.175,other,none,high
10.53841/bpscpr.2011.26.2.70,psychological,mindfulness-based cognitive therapy,high
10.53841/bpscpr.2012.27.3.29,psychological,cognitive behavioral therapy / schema therapy,high
10.53841/bpscpf.2019.1.320.12,psychological,creative psychological therapy,medium
10.53841/bpscpr.2011.26.1.34,psychological,cognitive behavioural therapy,high
10.53841/bpshpu.2008.17.1.46,rehabilitation,pacing,high
10.53841/bpscpr.2018.33.1.13,psychological,cognitive behavioural therapy (cbt) with schema therapy,high
10.54014/2ter-pjm0,other,not applicable,high
10.53841/bpshpu.2009.18.1.26,other,not applicable,high
10.53841/bpscpf.2016.1.280.15,psychological,group cognitive behavioural therapy,high
10.5402/2013/978250,other,none,high
10.54254/2753-8818/35/20240935,other,none,high
10.5451/unibas-005857511,other,not applicable,high
10.5430/jer.v5n1p1,other,unspecified,high
10.54957/ijhs.v4i6.1139,other,unspecified,high
10.54940/ep60466644,other,none,high
10.5455/jcbpr.197494,psychological,cognitive behavioural therapy,high
10.5502/ijw.v10i5.1501,other,unspecified,high
10.5523/bris.3nfgkcm2ce6eg28rt02u86murj,other,unspecified,high
10.55175/cdk.v49i0.1967,supplement,vitamin d3,high
10.55131/jphd/2025/230221,other,unspecified,high
10.5539/ass.v6n12p167,other,none,high
10.5539/gjhs.v5n2p94,other,none,high
10.5543/tkda.2019.32624,other,not applicable,low
10.55295/psl.2024.ii1,other,unspecified,low
10.55563/clinexprheumatol/1qj9zu,other,none,high
10.55563/clinexprheumatol/ajiygc,rehabilitation,proprioceptive assessment and rehabilitation,medium
10.56011/mind-mri-112-202215,psychological,psychological counseling,low
10.5603/arm.a2020.0196,other,unspecified,low
10.5553/tg/016774542025058004006,psychological,cognitive behavioral therapy (tailored),high
10.5603/mrj.a2021.0049,other,none,low
10.5603/mrj.a2021.0013,other,not applicable,high
10.5603/njo.a2021.0068,other,complementary and alternative medicine (cam),low
10.5604/01.3001.0016.2871,rehabilitation,multidisciplinary rehabilitative approach,high
10.56173/bjcp.2021.1102,psychological,counseling,high
10.56367/oag-042-11308,other,data and specimen-sharing tools,low
10.5620/eaht.2022033,other,none,high
10.56238/medcientifica-040,supplement,nadh,high
10.56334/sei/8.10.32,psychological,cognitive behavioral therapy,high
10.5662/wjm.v5.i2.68,other,none - diagnostic review,high
10.5664/jcsm.4854,other,unspecified,high
10.56508/mhgcj.v8i1.265,other,none,high
10.5664/jcsm.6924,other,not applicable,high
10.56367/oag-046-11332,other,not applicable,high
10.5665/sleep.1396,other,not applicable,high
10.5665/sleep.5658,other,none,high
10.5664/jcsm.2276,other,none,high
10.5664/jcsm.6722,other,none,high
10.5664/jcsm.8114,other,unspecified,high
10.5694/j.1326-5377.1988.tb104513.x,other,none,high
10.5694/j.1326-5377.1990.tb126191.x,other,none,high
10.5694/j.1326-5377.1995.tb124601.x,other,not applicable,high
10.5694/j.1326-5377.1995.tb124589.x,other,none,low
10.5694/j.1326-5377.1989.tb139594.x,other,unspecified,high
10.5694/mja2.50553,other,none,high
10.5694/j.1326-5377.2000.tb124069.x,other,unspecified,high
10.5694/j.1326-5377.1995.tb124593.x,other,unspecified,high
10.5694/j.1326-5377.2004.tb06019.x,exercise,graded exercise with pacing,high
10.5750/ejpch.v5i3.1379,other,not applicable,high
10.5771/9781461647324,other,unspecified,high
10.5772/28427,other,unspecified,low
10.5772/28521,other,unspecified,low
10.5772/29415,other,unspecified,high
10.5772/38572,other,unspecified,low
10.5772/30342,other,unspecified,high
10.5772/intechopen.80714,cell_therapy,adult stem cells,high
10.5772/53440,other,unspecified,low
10.5772/1460,other,unspecified,low
10.5772/intechopen.91413,rehabilitation,intensive self-management program,high
10.5772/intechopen.92570,rehabilitation,activity scheduling,high
10.5812/aapm.113629,other,transcutaneous electrical acupoint stimulation,medium
10.5812/ijpbs.9074,other,not_applicable,high
10.5812/pedinfect.13107,other,none,high
10.5812/jamm.12285,other,unspecified,low
10.58224/2658-3313-2024-7-8-50-61,other,unspecified,high
10.58530/2022/3636,other,not applicable,high
10.5835/jecm.v13i1.648,other,unspecified,low
10.58530/2022/4707,other,none,high
10.58344/jws.v3i11.1231,cell_therapy,mesenchymal stem cell therapy,high
10.58530/2024/2082,other,unspecified,high
10.58530/2023/5325,other,unspecified,high
10.58530/2023/1731,other,unspecified,high
10.58530/2024/2074,other,unspecified,high
10.58530/2024/4225,other,unspecified,high
10.58530/2024/0746,other,unspecified,high
10.58530/2025/3931,other,none,high
10.58530/2025/3606,other,unspecified,high
10.5860/choice.34-1580,other,unspecified,low
10.58680/ccc202332669,other,none,high
10.58962/hsr.970,rehabilitation,"combined rehabilitation therapy (graded exercise therapy, high-intensity interval training, cognitive behavioral therapy)",high
10.5920/mhldrp.2010.7117,other,unspecified,low
10.5897/jmld11.023,other,unspecified,low
10.5897/jgmv.9000015,other,none,high
10.5923/j.ijpbs.20150502.07,other,none,high
10.59249/nhft4839,rehabilitation,cardiopulmonary rehabilitation,high
10.5946/ce.2015.117,other,fecal microbiota transplantation,high
10.5944/rppc.vol.10.num.1.2005.3991,psychological,cognitive-behavioral therapy,high
10.59934/jaiea.v5i1.1431,other,unspecified,low
10.5958/0976-5506.2016.00069.3,exercise,aerobic exercise,high
10.6016/slovmedjour.v72i2.1798,other,unspecified,low
10.6026/97320630006120,other,unspecified,high
10.6000/1927-5951.2011.01.02.02,other,unspecified,high
10.6084/m9.figshare.4321112.v1,other,unspecified,low
10.6084/m9.figshare.4253795.v1,other,unspecified,low
10.58530/2025/3937,other,unspecified,high
10.6084/m9.figshare.4321130.v1,other,unspecified,low
10.6084/m9.figshare.4336976,other,not applicable,high
10.6084/m9.figshare.4359653,other,unspecified,low
10.6084/m9.figshare.4359674.v1,other,none,high
10.6084/m9.figshare.4359635,other,none,high
10.60837/curare.v47i1-2.3841,other,unspecified,low
10.6084/m9.figshare.4359695,other,not applicable,high
10.6084/m9.figshare.4359746.v1,other,none,high
10.6084/m9.figshare.4359707,other,not applicable,low
10.6084/m9.figshare.4359791,other,none,high
10.6084/m9.figshare.4359767.v1,other,none,high
10.6084/m9.figshare.4359737,other,unspecified,low
10.6084/m9.figshare.4359725,other,unspecified,high
10.6084/m9.figshare.4359806.v1,other,none,high
10.6084/m9.figshare.4359815,other,unspecified,high
10.6084/m9.figshare.4361654,other,unspecified,low
10.6084/m9.figshare.4361666,other,unspecified,low
10.6084/m9.figshare.4387487.v1,other,unspecified,low
10.6084/m9.figshare.4398167,other,unspecified,low
10.6084/m9.figshare.4387469.v1,other,unspecified,high
10.6084/m9.figshare.4398200,other,unspecified,low
10.6084/m9.figshare.4398185,other,unspecified,low
10.6084/m9.figshare.4415744,other,unspecified,high
10.6084/m9.figshare.4436153,other,not applicable,low
10.6084/m9.figshare.4361684,other,unspecified,low
10.6084/m9.figshare.4436156.v1,other,unspecified,low
10.6084/m9.figshare.4436150.v1,other,unspecified,high
10.6084/m9.figshare.4793335.v1,other,unspecified,low
10.6084/m9.figshare.4784821,other,acupuncture and moxibustion,high
10.6084/m9.figshare.4981004.v1,other,unspecified,high
10.6084/m9.figshare.4784833.v1,other,acupuncture and moxibustion,high
10.6084/m9.figshare.5091091.v1,other,unspecified,low
10.6084/m9.figshare.5121796.v1,other,unspecified,high
10.6084/m9.figshare.5211760,other,unspecified,low
10.6084/m9.figshare.5071951,other,qualitative study protocol,low
10.6084/m9.figshare.5665417.v1,other,unspecified,high
10.6084/m9.figshare.c.3676606_d1,other,unspecified,low
10.6084/m9.figshare.5665435.v1,other,unspecified,low
10.6084/m9.figshare.c.3603299_d1,other,unspecified,low
10.6084/m9.figshare.8858627,other,unspecified,high
10.61440/oajpsd.2025.v1.13,supplement,micronutrients,medium
10.61409/v07240476,other,electroconvulsive therapy (ect),high
10.61838/ijbmc.v12i4.1119,psychological,"health anxiety intervention (spiritual vitality, social support, lifestyle)",low
10.62202/2075-1761-2024-26-4-48-53,other,unspecified,low
10.62225/2583049x.2025.5.6.5273,other,unspecified,low
10.62607/smt.v93i4.42296,other,unspecified,high
10.62347/ryau2739,other,unspecified,high
10.62607/smt.v93i4.42308,other,not applicable,high
10.62607/smt.v93i4.42314,other,unspecified,low
10.62607/smt.v93i4.42311,other,unspecified,low
10.62607/smt.v93i4.42323,other,none,high
10.62607/smt.v93i4.42335,other,staphypan,high
10.62607/smt.v93i4.42326,other,unspecified,low
10.62607/smt.v93i4.42317,other,unspecified,low
10.62607/smt.v93i4.42344,other,not applicable,high
10.62607/smt.v93i4.42347,other,not applicable,high
10.62607/smt.v94i1.42146,other,unspecified,low
10.62607/smt.v93i4.42350,psychological,cognitive behavioral therapy,high
10.62607/smt.v99i3.37802,other,unspecified,low
10.63282/3050-922x.ijeret-v1i4p102,rehabilitation,physical therapy,high
10.64898/2026.02.16.26346394,other,not applicable,high
10.64898/2026.02.25.26347081,other,not applicable,high
10.64898/2026.04.06.26348924,other,general anesthesia,low
10.64898/2026.04.10.26350613,other,unspecified,high
10.64898/2026.06.08.26355171,other,not applicable,high
10.64898/2026.06.05.26354983,rehabilitation,cognitive-behavioral therapy,high
10.63648/dy8k8x15,other,unspecified,low
10.6722/tes.202010_4(1).0003,other,unspecified,low
10.64898/2026.06.08.26355197,other,unspecified,high
10.70251/hyjr2348.34148155,other,unspecified,low
10.70252/daya4589,exercise,exercise-based rehabilitation,high
10.70537/ppm/210287,other,unspecified,high
10.70609/g-tech.v9i3.7595,other,unspecified,high
10.70492/2664-0554.1022,other,none,high
10.70749/ijbr.v3i8.2230,supplement,b-complex vitamins,high
10.64898/2026.01.22.26344661,other,retinal vessel analysis,high
10.7150/ijms.12399,other,unspecified,high
10.7189/jogh.13.04157,psychological,traditional chinese mind-body exercises (qigong and tai chi),high
10.71152/ajms.v15i11.4239,other,none,high
10.7203/jo3t.3.4.2019.15546,other,ozone,high
10.7202/1023988ar,psychological,mindfulness meditation,high
10.64898/2026.06.17.26355870,other,not applicable,high
10.7176/jhmn/91-01,other,unspecified,high
10.7205/milmed.171.7.577,rehabilitation,rehabilitation therapies,medium
10.7205/milmed-d-13-00419,other,unspecified,low
10.7224/1537-2073.2013-005,exercise,aerobic cycling exercise,high
10.7287/peerj.6500v0.1/reviews/1,other,not applicable,high
10.7326/0003-4819-108-3-387,other,none,high
10.7326/0003-4819-103-6-951,other,unspecified,low
10.7287/peerj.6500v0.1/reviews/2,other,none,high
10.7326/0003-4819-109-12-997_3,other,none,high
10.7326/0003-4819-108-6-906_1,other,unspecified,high
10.7326/0003-4819-109-6-511,other,not applicable,high
10.7326/0003-4819-110-1-92,other,unspecified,low
10.7326/0003-4819-109-7-554,other,none,high
10.7326/0003-4819-116-9-779_3,other,unspecified,low
10.7326/0003-4819-116-4-347_2,other,none,high
10.7326/0003-4819-117-4-325,other,none,high
10.7326/0003-4819-111-10-860_1,other,none,high
10.7326/0003-4819-110-4-321_1,immunomodulator,interleukin-2,high
10.7326/0003-4819-118-4-199302150-00001,other,none,high
10.7326/0003-4819-120-11-199406010-00020,other,unspecified,high
10.64898/2026.05.29.26354333,other,disease risk score (metatranscriptomics-based),low
10.7326/0003-4819-120-11-199406010-00026,other,unspecified,low
10.7326/0003-4819-120-5-199403010-00038,other,unspecified,low
10.7326/0003-4819-121-12-199412150-00009,other,unspecified,high
10.7326/0003-4819-123-1-199507010-00017,other,unspecified,low
10.7326/0003-4819-123-2-199507150-00001,other,none,high
10.7326/0003-4819-130-11-199906010-00016,other,unspecified,high
10.7326/0003-4819-129-2-199807150-00040,other,not applicable,high
10.7326/0003-4819-131-10-199911160-00038,other,unspecified,low
10.7326/0003-4819-134-9_part_2-200105011-00011,other,unspecified,high
10.7326/0003-4819-137-9-200211050-00011,other,fludrocortisone,medium
10.7326/0003-4819-142-11-200506070-00005,other,none,high
10.7326/0003-4819-134-9_part_2-200105011-00007,other,unspecified,high
10.7326/0003-4819-149-4-200808190-00021,other,unspecified,low
10.7326/acpjc-1999-130-2-040,psychological,cognitive behavior therapy,high
10.7326/acpjc-1991-114-2-051,immunomodulator,intravenous immunoglobulin (ivig),high
10.7326/acpjc-2001-135-2-046,rehabilitation,graded exercise,high
10.7326/acpjc-1991-114-2-050,immunomodulator,intravenous immunoglobulin,high
10.7326/acpjc-2001-135-2-047,psychological,cognitive behavior therapy,high
10.7326/acpjc-2016-164-10-055,exercise,exercise therapy,high
10.7326/afed201704180,immunomodulator,anakinra,high
10.7326/l15-5174,immunomodulator,rintatolimod,high
10.7326/awed201905070,immunomodulator,rituximab,high
10.7326/l15-5176,exercise,graded exercise therapy,high
10.7326/l17-0317,immunomodulator,tumor necrosis factor-alpha inhibitor,high
10.7326/m15-0114,immunomodulator,rintatolimod,high
10.7326/m15-0443,other,not applicable,high
10.7326/m15-0338,other,unspecified,high
10.7326/m15-0647,other,not applicable,high
10.7326/m16-2391,immunomodulator,anakinra,high
10.7326/m18-1451,immunomodulator,rituximab,high
10.7326/m15-0357,other,unspecified,low
10.7326/m19-0643,immunomodulator,rituximab,high
10.7453/gahmj.2012.1.1.008,other,lightning process,high
10.7556/jaoa.1996.96.1.34,other,unspecified,high
10.7554/elife.104441,other,not applicable,high
10.7453/gahmj.2013.097cp.p05.07,supplement,"dhea, licorice root, pregnenolone, 5-htp, tyrosine, silymarin",high
10.7417/t.2018.2076,rehabilitation,physiotherapy,high
10.7557/14.6535,other,not applicable,high
10.7556/jaoa.2019.081,other,unspecified,low
10.7705/biomedica.v31i4.425,other,unspecified,high
10.7717/peerj-cs.1857,other,machine learning classifier,high
10.7717/peerj.6500,other,none,high
10.7717/peerj.4282,other,none,high
10.7717/peerj.2421,other,not applicable,high
10.7748/ns.5.49.16.s33,other,unspecified,low
10.7748/ns.21.3.11.s18,rehabilitation,nurse-led services,high
10.7748/ns.19.52.36.s42,psychological,cognitive behavioral therapy,high
10.7748/ns2002.12.17.13.45.c3316,other,unspecified,low
10.7748/ns2005.02.19.21.38.c3796,other,unspecified,low
10.7748/ns2003.05.17.35.33.c3390,other,nursing care coordination,low
10.7748/ns.7.24.46.s62,other,none,high
10.7748/paed.22.8.12.s24,other,unspecified,low
10.7748/phc2007.02.17.1.25.c4384,other,unspecified,low
10.7748/ns2012.02.26.25.48.c8950,other,unspecified,high
10.7759/cureus.109798,other,"multidisciplinary treatment (medical, psychological, rehabilitative)",low
10.7748/phc.21.4.14.s16,other,wellness intervention,medium
10.7759/cureus.33777,neurostimulation,epipharyngeal abrasive therapy,high
10.7759/cureus.54742,device,epipharyngeal abrasive therapy,high
10.7759/cureus.35174,device,stellate ganglion block,high
10.7759/cureus.81030,other,unspecified,high
10.7759/cureus.70616,other,unspecified,low
10.7759/cureus.87178,supplement,"multiple supplements (nadh, coq10, wasabi, probiotics)",medium
10.7759/cureus.90494,device,"thoracic outlet syndrome surgery (rib resection, neurolysis, scalenectomy)",high
10.7759/cureus.90607,other,none,high
10.7763/ijmlc.2014.v4.400,other,not applicable,high
10.7759/cureus.102064,anti-inflammatory,cromolyn sodium,high
10.7759/cureus.92435,other,unspecified,low
10.7812/tpp/23.170,other,not applicable,high
10.7790/ejap.v1i1.6,psychological,counselling,high
10.7861/clinmed.2020-0743,other,none,high
10.7861/clinmedicine.2-5-427,other,unspecified,low
10.9734/air/2023/v24i61007,other,unspecified,high
10.9734/ajrid/2021/v8i430248,other,polio vaccination,high
10.9758/cpn.2016.14.3.231,other,fecal microbiota transplantation,high
10.9734/jamps/2024/v26i6692,supplement,nutritional factors and vitamin supplements,medium
10.9734/jocamr/2023/v22i3457,other,unspecified,low
10.9790/0853-13553033,supplement,natural supplements,low
10.7861/clinmedicine.3-1-78,other,none,high
pmid_10189612,other,unspecified,high
pmid_10150382,other,unspecified,low
pmid_10205371,rehabilitation,envelope theory,medium
pmid_10234084,other,unspecified,low
pmid_10150189,other,unspecified,low
pmid_10423976,other,unspecified,low
pmid_10380143,other,none,high
pmid_10350771,other,unspecified,low
pmid_10360030,other,unspecified,low
pmid_10384764,other,unspecified,low
pmid_10440661,exercise,light-intensity intermittent walking,high
pmid_10451339,other,unspecified,high
pmid_10540873,supplement,carnitine,high
pmid_10507127,psychological,support group,low
pmid_10545311,other,none,high
pmid_10687348,other,unspecified,high
pmid_10606381,supplement,melatonin,high
pmid_10623963,exercise,intermittent walking,high
pmid_10589213,other,none,high
pmid_10749295,other,none,high
pmid_10721550,other,individual counselling,low
pmid_10782836,other,none,high
pmid_10852283,other,none,high
pmid_10853374,other,unspecified,low
pmid_10876679,other,unspecified,low
pmid_10721210,other,unspecified,high
pmid_10910092,other,not applicable,high
pmid_10753161,other,not applicable,low
pmid_11109397,exercise,aerobic exercise,high
pmid_11121511,other,unspecified,low
pmid_11365013,supplement,srl 172,high
pmid_11271868,psychological,cognitive behaviour therapy,high
pmid_11191044,other,unspecified,low
pmid_11196514,other,none,high
pmid_11365017,antiviral,norvir (ritonavir),high
pmid_10990237,anti-inflammatory,hydrocortisone,high
pmid_11366542,supplement,elderberry extract (sambucol),high
pmid_11028837,other,tropisetron and ondansetron,high
pmid_11366544,supplement,dong quai (angelica sinensis),high
pmid_11219326,other,not applicable,high
pmid_11409131,other,none,high
pmid_11434196,other,unspecified,high
pmid_11382899,other,none,high
pmid_11462117,other,amalgam replacement with metal-free restorations,medium
pmid_11462315,other,none,high
pmid_11460087,other,dental metal removal,medium
pmid_11703165,supplement,"antioxidants (glutathione, n-acetylcysteine, alpha-lipoic acid, oligomeric proanthocyanidins, ginkgo biloba, vaccinium myrtillus)",high
pmid_11692551,other,unspecified,high
pmid_11410076,supplement,dehydroepiandrosterone (dhea),high
pmid_11768945,other,unspecified,low
pmid_11761783,other,unspecified,low
pmid_11771626,other,unspecified,high
pmid_11790917,neurostimulation,eeg neurofeedback and self-hypnosis,high
pmid_11510514,other,none,high
pmid_11817247,other,unspecified,low
pmid_11806260,other,unspecified,low
pmid_11877546,other,unspecified,high
pmid_11894732,other,none,high
pmid_11867001,other,none,low
pmid_11925084,other,unspecified,low
pmid_11887330,other,none,high
pmid_11874286,other,systematic review of multiple interventions,high
pmid_11911112,other,none,high
pmid_11974674,other,unspecified,high
pmid_11933752,other,unspecified,high
pmid_11980359,other,unspecified,high
pmid_12030424,supplement,magnesium,high
pmid_12035392,other,unspecified,low
pmid_12073768,other,none,high
pmid_12090385,psychological,cognitive-behavioral therapy,high
pmid_12098910,other,not applicable,high
pmid_12174928,other,unspecified,high
pmid_12125506,other,unspecified,high
pmid_12362846,rehabilitation,multidisciplinary team rehabilitation,medium
pmid_12410623,supplement,myers' cocktail,high
pmid_12388954,other,none,high
pmid_12410625,supplement,enteric-coated peppermint oil,high
pmid_12182109,other,none,high
pmid_12422451,psychological,cognitive behavioural therapy,high
pmid_12593133,other,none,high
pmid_12625098,psychological,medical family therapy,medium
pmid_12412768,other,unspecified,high
pmid_12422467,psychological,cognitive behavioural therapy,high
pmid_12599847,other,unspecified,high
pmid_12661419,immunomodulator,intravenous immunoglobulin (ivig),high
pmid_12635882,supplement,magnesium,high
pmid_12660567,other,aluminum hydroxide adjuvant,medium
pmid_12685490,other,unspecified,high
pmid_12672203,other,no intervention studied,high
pmid_12687153,other,unspecified,low
pmid_12800454,other,none,high
pmid_12851722,other,unspecified,high
pmid_12852720,other,unspecified,high
pmid_1287235,other,none,high
pmid_1287234,other,none,high
pmid_1287236,other,unspecified,high
pmid_12718710,other,not applicable,high
pmid_1287238,other,unspecified,low
pmid_1287242,immunomodulator,sizofirann,high
pmid_1287237,other,unspecified,low
pmid_1287240,other,none,high
pmid_1290417,other,none,low
pmid_12939888,other,none,high
pmid_1287239,other,unspecified,low
pmid_1322077,other,none,high
pmid_1312248,other,unspecified,high
pmid_1323245,other,not applicable,high
pmid_1310844,antiviral,acyclovir sodium,high
pmid_1323246,other,none,high
pmid_1337558,other,unspecified,high
pmid_1329134,other,none,high
pmid_1337559,other,unspecified,high
pmid_1287241,other,unspecified,low
pmid_1337561,supplement,ren-shen-yang-rong-tang,high
pmid_1328633,other,none,high
pmid_1337562,other,none,high
pmid_13677625,supplement,melatonin,high
pmid_1337560,other,unspecified,high
pmid_13678013,other,none,high
pmid_1337563,other,unspecified,low
pmid_1394166,other,none,high
pmid_14527077,anti-inflammatory,topical nasal corticosteroids,high
pmid_1412405,other,unspecified,low
pmid_14529252,other,none,high
pmid_14650107,other,head-up tilt test,high
pmid_14100144,other,unspecified,high
pmid_14650782,other,unspecified,high
pmid_1473316,supplement,l-carnitine,high
pmid_14986443,psychological,cognitive therapy,high
pmid_1491843,other,none,high
pmid_15026831,other,no intervention studied,high
pmid_15119315,other,unspecified,low
pmid_15113035,other,none,high
pmid_14692438,other,granisetron,high
pmid_15168991,other,unspecified,low
pmid_15154366,supplement,nagipol,high
pmid_1492795,supplement,magnesium sulphate,high
pmid_14692441,other,granisetron,high
pmid_15340544,other,none,high
pmid_15174234,other,symptomatic treatment,low
pmid_15369178,other,none,high
pmid_15283620,other,none,high
pmid_15598093,other,unspecified,high
pmid_15377055,supplement,nicotinamide adenine dinucleotide (nadh),high
pmid_15796202,other,none,high
pmid_1581154,other,unspecified,low
pmid_15515404,other,unspecified,low
pmid_15813284,other,unspecified,low
pmid_1624312,other,none,high
pmid_16248250,other,electro-acupuncture,high
pmid_16264414,other,unspecified,high
pmid_16189951,other,ayurvedic herbs and tonics,medium
pmid_16230991,rehabilitation,progressive exercise regimen,high
pmid_15835623,psychological,cognitive behavioural therapy,high
pmid_15932738,supplement,l-carnitine,high
pmid_16277015,other,unspecified,high
pmid_16318125,other,electroacupuncture,high
pmid_16324367,other,none,high
pmid_1642616,immunomodulator,intravenous immunoglobulin,high
pmid_16380690,supplement,omega-3 polyunsaturated fatty acids (epa and dha),high
pmid_16438814,other,unspecified,high
pmid_16372029,other,none,low
pmid_16483010,other,unspecified,low
pmid_16396296,rehabilitation,hydrokinesotherapy,high
pmid_1654146,antiviral,acyclovir,medium
pmid_1654150,other,not applicable,high
pmid_1654151,other,unspecified,high
pmid_16558535,other,unspecified,low
pmid_16541862,other,acupuncture at siguan points,high
pmid_16474312,other,unspecified,low
pmid_16331774,psychological,support group,high
pmid_16642630,exercise,guided exercise programs,high
pmid_1669350,other,unspecified,high
pmid_16594551,other,neurotropin,medium
pmid_16762155,other,unspecified,high
pmid_16767057,rehabilitation,submaximal aerobic exercise with mechanical vibrations (galileo 2000),high
pmid_17078435,other,electrical acupuncture and auricular-plaster therapy,high
pmid_17147913,other,unspecified,low
pmid_17285103,other,unspecified,low
pmid_17159817,other,none,high
pmid_1754973,other,unspecified,low
pmid_17338130,psychological,behavioral therapy and psychotherapy,low
pmid_17561686,other,none,high
pmid_17561689,other,unspecified,low
pmid_17561685,other,none,high
pmid_17561692,other,unspecified,high
pmid_17561691,other,unspecified,high
pmid_16634532,supplement,megadose vitamin c infusion with dehydroepiandrosterone,high
pmid_17561690,other,none,high
pmid_17561693,other,unspecified,high
pmid_17561687,other,unspecified,low
pmid_17561695,other,none,low
pmid_17561688,other,unspecified,low
pmid_17561696,other,visible and near-infrared spectroscopy,high
pmid_17561694,other,acceleration plethysmography,high
pmid_17561697,other,unspecified,high
pmid_17561700,exercise,graded exercise therapy,high
pmid_17561699,other,unspecified,high
pmid_17561703,device,far-infrared ray dry sauna,high
pmid_17561702,psychological,psychosomatic approach,medium
pmid_17561705,other,none,high
pmid_17561706,other,none,high
pmid_17561704,other,unspecified,low
pmid_17561698,other,not applicable,high
pmid_17561707,other,unspecified,low
pmid_17693977,other,none,high
pmid_17599032,antiviral,fluoroquinolones and tetracycline,medium
pmid_17635902,other,manual lymphatic drainage,medium
pmid_17693978,other,unspecified,low
pmid_17693979,other,unspecified,low
pmid_1777276,other,none,high
pmid_17694487,psychological,cognitive behaviour therapy,high
pmid_17955647,other,acupuncture,high
pmid_17710799,psychological,acupuncture and moxibustion combined with psychological approach,high
pmid_18063934,other,unspecified,high
pmid_18019402,antiviral,valacyclovir,high
pmid_18063928,other,"antioxidants, leaky gut diet, intravenous immunoglobulins",low
pmid_1821821,other,unspecified,high
pmid_1822108,other,antidepressant therapy (unspecified),low
pmid_18085145,other,acupressure and massage,high
pmid_18236904,other,none,high
pmid_18300582,other,unspecified,high
pmid_18405228,other,unspecified,low
pmid_18409979,other,unspecified,low
pmid_18396793,other,none,high
pmid_18084366,other,unspecified,high
pmid_18418978,other,unspecified,high
pmid_1846641,other,unspecified,high
pmid_1831558,other,unspecified,low
pmid_18580855,other,none (biomarker study),high
pmid_17561701,psychological,cognitive behavioral therapy,high
pmid_1861659,other,unspecified,high
pmid_1876612,psychological,psychiatric referral,medium
pmid_1876621,psychological,psychiatric support and counseling,medium
pmid_18630535,other,cupping therapy,high
pmid_18625088,other,unspecified,high
pmid_19024900,other,unspecified,low
pmid_1893076,immunomodulator,immunoglobulins,high
pmid_19112401,supplement,"glutamine, n-acetyl cysteine, and zinc",high
pmid_19323439,other,poly i:c,low
pmid_19436827,other,unspecified,low
pmid_1942408,other,unspecified,low
pmid_19181009,other,none,high
pmid_19066412,other,trazodone,high
pmid_19414405,other,unspecified,high
pmid_19602651,device,far-infrared sauna,high
pmid_19623790,psychological,coping intervention,high
pmid_19685727,other,acupuncture,high
pmid_19567398,other,unspecified,high
pmid_19557103,immunomodulator,phosphodiesterase inhibitors,medium
pmid_19768898,other,unspecified,low
pmid_19658073,other,unspecified,high
pmid_19768901,other,none,high
pmid_19702080,supplement,lixu jieyu recipe,high
pmid_19807959,other,not applicable,high
pmid_19768908,other,unspecified,low
pmid_19821248,other,unspecified,low
pmid_19051616,other,assessment protocol,high
pmid_2000430,other,unspecified,low
pmid_19873911,other,acupuncture,high
pmid_19768916,other,cognitive behavioral therapy and graded exercise therapy,low
pmid_20032425,other,unspecified,high
pmid_19855351,rehabilitation,cognitive behavioral therapy and graded exercise therapy,high
pmid_20010505,supplement,coenzyme q10,high
pmid_20034300,rehabilitation,pacing technique (dvd-based education),high
pmid_20035260,other,none,high
pmid_20141043,other,poly i:c,medium
pmid_20154232,other,none,high
pmid_19855350,rehabilitation,graded exercise therapy,high
pmid_20038921,other,none,high
pmid_2020798,other,unspecified,low
pmid_20209981,other,acupuncture,high
pmid_2021024,other,unspecified,low
pmid_2039419,other,none,low
pmid_2029596,other,unspecified,low
pmid_20363992,other,none,high
pmid_20566160,other,unspecified,low
pmid_20568438,other,electroacupuncture at shenshu (bl 23) and zusanli (st 36),high
pmid_2075278,other,unspecified,high
pmid_20529781,other,unspecified,low
pmid_1998892,other,none,high
pmid_20842203,other,unspecified,high
pmid_20949245,other,none,high
pmid_21057412,other,unspecified,low
pmid_21089211,other,"succinic acid electrophoresis, reflexo-segmental peloidotherapy, polyoxidonium injections",medium
pmid_20929047,other,unspecified,low
pmid_2107839,other,patient education and energy management,low
pmid_21164046,other,none,high
pmid_21119582,other,none,high
pmid_21155461,immunomodulator,noni (morinda citrifolia),high
pmid_21221272,supplement,herbal and homeopathic preparations,medium
pmid_21228979,other,unspecified,low
pmid_20862932,other,shenmai injection,high
pmid_21243091,other,not applicable,high
pmid_21234277,other,unspecified,high
pmid_21246855,other,tuina,high
pmid_21249084,other,unspecified,low
pmid_21322184,other,multidisciplinary symptomatic treatment,low
pmid_21253446,other,unspecified,high
pmid_21268918,other,unspecified,low
pmid_21563329,other,unspecified,low
pmid_21576403,other,none,high
pmid_21407167,other,unspecified,low
pmid_21552194,supplement,"glutathione, n-acetyl-l-cysteine, selenium",medium
pmid_21322185,other,nursing care plan,low
pmid_21882454,other,unspecified,high
pmid_21815500,other,lifestyle modification / activity pacing,low
pmid_2188344,other,none,high
pmid_21950132,other,unspecified,low
pmid_21966179,other,none,high
pmid_21888029,other,not applicable,high
pmid_2202912,other,unspecified,low
pmid_22059223,other,unspecified,low
pmid_21585130,other,unspecified,high
pmid_22466523,other,unspecified,low
pmid_22574567,other,acupuncture,high
pmid_22516851,other,none,high
pmid_22837795,other,none,high
pmid_22620017,other,unspecified,high
pmid_22679716,rehabilitation,tuina,high
pmid_22842604,other,unspecified,high
pmid_22021700,other,citalopram,high
pmid_22379791,other,acupuncture,high
pmid_22971428,other,not applicable,high
pmid_2294610,other,biofeedback,low
pmid_22996861,psychological,cognitive behavioral therapy,high
pmid_23145212,other,none,high
pmid_23261014,other,unspecified,low
pmid_22471128,anti-inflammatory,prednisone,high
pmid_23062157,psychological,cognitive behavior therapy,high
pmid_23236553,supplement,nutritional supplements (unspecified),medium
pmid_23422476,other,none - observational study,high
pmid_23373381,immunomodulator,intravenous immunoglobulin,medium
pmid_23682549,oxygen_therapy,hyperbaric oxygen therapy,high
pmid_23550241,rehabilitation,multidisciplinary rehabilitation program,medium
pmid_23685416,other,not applicable,high
pmid_24084413,rehabilitation,multicomponent rehabilitation including exercise and cognitive behavioural therapy,high
pmid_24231834,supplement,french oak wood extract (robuvit),high
pmid_23981369,other,acupuncture,high
pmid_24254550,antiviral,antiviral/immunoglobulin,high
pmid_24340168,other,none,high
pmid_24312923,other,unspecified,high
pmid_24340521,other,unspecified,low
pmid_24425848,supplement,vitamin d3,high
pmid_24445354,other,integrative medicine approach,low
pmid_24445302,antiviral,valacyclovir,high
pmid_24501561,exercise,graded exercise,high
pmid_24509993,exercise,graded exercise therapy,high
pmid_23511692,anti-inflammatory,acetaminophen,high
pmid_24511794,other,unspecified,high
pmid_24531167,other,none,high
pmid_24617226,other,acupuncture,high
pmid_24683425,other,none,high
pmid_24522022,supplement,cinnamon and hydrogen,medium
pmid_23390566,other,unspecified,high
pmid_24741953,supplement,20-hydroxyecdysone,high
pmid_24588031,other,acupuncture,high
pmid_25046951,other,chinese medicine syndrome differentiation,low
pmid_25219128,other,acupuncture and moxibustion,high
pmid_25364305,other,not applicable,low
pmid_25341286,psychological,cognitive behavioral therapy,high
pmid_23171754,psychological,mindfulness-based stress reduction (mbsr),high
pmid_24974723,exercise,exercise,high
pmid_2536690,other,none,high
pmid_24779252,other,dextroamphetamine sulfate,high
pmid_25433843,other,none,high
pmid_2545048,other,none,high
pmid_2545980,other,unspecified,low
pmid_25518113,other,manual acupuncture,high
pmid_25617876,other,dental amalgam removal,low
pmid_25617880,supplement,"nutraceuticals with anti-oxidative and nitrosative stress effects (l-carnitine, coenzyme q10, taurine, lipoic acid, curcumine, quercitine, n-acetyl-cysteine, zinc, glutamine)",high
pmid_25630203,other,"metal removal (dental restorations, orthopedic implants)",medium
pmid_2561291,immunomodulator,interleukin-2,high
pmid_25786052,other,unspecified,low
pmid_25786051,other,unspecified,low
pmid_25789592,exercise,graded exercise therapy,high
pmid_26062210,other,bladder meridian acupuncture/traditional chinese medicine,low
pmid_25812543,other,unspecified,high
pmid_25971144,other,none,low
pmid_26168499,immunomodulator,oral colostrum macrophage-activating factor (maf),high
pmid_26259285,other,aluminium oxyhydroxide (alum adjuvant),high
pmid_26211780,probiotic,fecal microbiota transplantation,high
pmid_2594656,other,unspecified,high
pmid_2607516,other,unspecified,low
pmid_25394351,supplement,robuvit (quercus robur extract),high
pmid_26375519,exercise,aerobic exercise,high
pmid_26431138,other,none,high
pmid_26151991,other,dextroamphetamine sulfate,high
pmid_26454487,other,not applicable,high
pmid_26665393,supplement,unspecified,medium
pmid_2684076,supplement,liver extract-folic acid-cyanocobalamin,high
pmid_26707044,other,none,high
pmid_26939325,other,moxibustion,high
pmid_2691680,other,unspecified,high
pmid_27285346,exercise,physical reconditioning programme,high
pmid_26380022,supplement,dengzhanshengmai capsule,medium
pmid_26379906,other,kpax002 (methylphenidate hydrochloride and mitochondrial support nutrients),high
pmid_2691676,other,unspecified,low
pmid_27747291,other,unspecified,high
pmid_27595126,other,not applicable,high
pmid_28066845,other,none,high
pmid_2797553,other,none,high
pmid_27594717,other,none,high
pmid_27535808,other,none,high
pmid_2824604,other,unspecified,high
pmid_28282079,oxygen_therapy,pure oxygen,high
pmid_28295128,other,not applicable,high
pmid_28339438,exercise,aerobic exercise,high
pmid_28535557,other,not applicable,high
pmid_2840523,other,none,high
pmid_28603794,other,not applicable,high
pmid_2856301,other,unspecified,high
pmid_2830563,other,unspecified,high
pmid_28713879,other,unspecified,high
pmid_28685531,other,unspecified,high
pmid_28717787,other,none,high
pmid_29104961,other,none,high
pmid_28510411,other,low-dose naltrexone,high
pmid_2927808,other,none,high
pmid_29489084,other,unspecified,low
pmid_29261869,psychological,cognitive behavior therapy,high
pmid_29320016,other,multiple interventions reviewed,low
pmid_29357332,other,none,high
pmid_29671545,probiotic,lactobacillus casei,high
pmid_29898928,other,unspecified,low
pmid_29600930,other,not applicable,high
pmid_30079926,other,none,high
pmid_29662969,other,none,high
pmid_29920004,supplement,magnesium,high
pmid_3033338,other,none,high
pmid_2843138,other,unspecified,high
pmid_30220655,other,none,high
pmid_3055363,other,unspecified,low
pmid_32491608,other,unspecified,low
pmid_3261407,other,multitest cmi device,low
pmid_3320358,other,unspecified,low
pmid_30574737,supplement,luteolin with ashwagandha,medium
pmid_30936800,other,unspecified,low
pmid_33332043,other,unspecified,low
pmid_32188192,other,abdominal tuina,high
pmid_29071982,other,acupuncture,high
pmid_31267953,other,unspecified,low
pmid_34043303,other,unspecified,low
pmid_33638965,psychological,emdr,high
pmid_35438859,other,unspecified,low
pmid_35438856,other,unspecified,low
pmid_35438857,other,unspecified,high
pmid_35438858,other,unspecified,low
pmid_33628951,other,psychiatric referral,low
pmid_35438861,other,unspecified,low
pmid_34559786,other,unspecified,low
pmid_35467812,other,unspecified,low
pmid_35656619,other,not applicable,high
pmid_35736359,other,unspecified,low
pmid_35438860,other,unspecified,high
pmid_36170726,other,gam-covid-vac (sputnik v),high
pmid_35438855,other,none,high
pmid_36698380,other,unspecified,high
pmid_36996267,other,unspecified,low
pmid_37043585,psychological,cognitive behavioural therapy,high
pmid_36507470,other,none,high
pmid_36698748,device,jugular venoplasty,high
pmid_37129123,other,none,high
pmid_37440739,other,not_applicable,high
pmid_38085820,other,not applicable,high
pmid_38160303,other,unspecified,high
pmid_38404605,psychological,amygdala and insula retraining (air),high
pmid_38506363,other,unspecified,low
pmid_38911448,psychological,gupta program (neuroplasticity limbic retraining),high
pmid_4042036,other,supportive therapy,high
pmid_38702173,supplement,qiye shen'an pian combined with glutathione and vitamin b1,medium
pmid_38700879,other,unspecified,low
pmid_39440596,other,unspecified,low
pmid_40980765,other,unspecified,high
pmid_5066895,other,none,high
pmid_6310105,other,none,high
pmid_6310104,other,unspecified,high
pmid_7484295,other,unspecified,low
pmid_6319691,other,none,high
pmid_7570537,other,unspecified,high
pmid_7575071,other,none,high
pmid_38630073,other,modafinil,medium
pmid_7648237,other,none,high
pmid_7629762,other,unspecified,high
pmid_7677561,other,unspecified,low
pmid_7778111,other,unspecified,high
pmid_7778113,psychological,psychological assessment,low
pmid_7618502,other,fluoxetine,high
pmid_7570529,other,none,high
pmid_7839497,other,none,high
pmid_7839498,other,unspecified,high
pmid_7674527,other,"fludrocortisone, beta-adrenergic blocking agents, and disopyramide",medium
pmid_7842527,other,none,high
pmid_7843049,other,unspecified,low
pmid_7843055,psychological,cognitive-behavioral therapy,high
pmid_7824153,other,none,low
pmid_7788624,other,dl-fenfluramine,high
pmid_7868552,other,none,high
pmid_7856214,other,unspecified,high
pmid_7893570,other,none,high
pmid_7843056,other,unspecified,low
pmid_7894992,other,hyperventilation retraining,medium
pmid_7893974,other,none,low
pmid_7893988,antiviral,poly(i)-poly(c12u),high
pmid_7960845,other,not applicable,high
pmid_7971614,other,unspecified,high
pmid_8007411,other,unspecified,low
pmid_8035588,other,none,high
pmid_8054029,other,unspecified,low
pmid_8053501,other,unspecified,high
pmid_8092909,other,none,high
pmid_8257251,other,unspecified,high
pmid_8422193,other,unspecified,low
pmid_8289156,rehabilitation,rehabilitation,high
pmid_8007866,other,methylphenidate,high
pmid_8409778,other,none,high
pmid_8459495,other,unspecified,high
pmid_8446093,other,none - diagnostic study,high
pmid_8201170,other,none,high
pmid_7756168,other,none,high
pmid_8474729,other,not applicable,high
pmid_8459513,other,antibiotic therapy (unspecified),low
pmid_8495124,other,unspecified,high
pmid_8553151,other,unspecified,high
pmid_8557833,other,not applicable,high
pmid_8542261,other,none,high
pmid_8643052,other,none,high
pmid_8428892,other,"antidepressants (amitriptyline, clomipramine, maprotiline, bupropion)",high
pmid_8628527,other,unspecified,high
pmid_8659055,other,unspecified,low
pmid_8560138,other,none,high
pmid_8659056,other,unspecified,low
pmid_8694980,rehabilitation,multidisciplinary rehabilitation,medium
pmid_8710408,other,unspecified,high
pmid_8711992,other,auditory brainstem evoked potentials,high
pmid_8730136,other,none,high
pmid_8738520,other,none,high
pmid_8745909,antiviral,acyclovir and interferon-alpha,high
pmid_8909150,other,unspecified,low
pmid_8914350,other,unspecified,high
pmid_8945330,other,unspecified,low
pmid_8961200,other,unspecified,low
pmid_8984770,other,unspecified,high
pmid_8873636,other,unspecified,low
pmid_8986467,supplement,vitamin c infusion with dehydroepiandrosterone,high
pmid_8986468,supplement,vitamin c infusion,high
pmid_9082825,other,none,high
pmid_9034999,other,not applicable,high
pmid_9118194,other,none,high
pmid_8939323,other,nimodipine,medium
pmid_9253014,other,unspecified,low
pmid_9282853,other,not applicable,high
pmid_9326479,other,unspecified,high
pmid_9254324,other,unspecified,low
pmid_9125006,other,none,high
pmid_9392689,other,unspecified,high
pmid_9397874,other,not applicable,high
pmid_9395421,other,none,high
pmid_9453750,other,none,high
pmid_9456063,other,none,high
pmid_9445954,antiviral,unspecified,low
pmid_9487622,psychological,psychotherapy,medium
pmid_9474823,other,unspecified,high
pmid_9507441,other,none,high
pmid_9513929,supplement,magnesium,high
pmid_9396313,other,unspecified,high
pmid_9543734,other,none,high
pmid_9543736,psychological,attribution therapy,medium
pmid_9543739,other,none,high
pmid_9543737,rehabilitation,gradual physical activity increase,medium
pmid_9543738,psychological,cognitive behavioral therapy / activity scheduling,medium
pmid_9553963,other,unspecified,high
pmid_9543740,other,none,high
pmid_9757184,other,unspecified,low
pmid_9748798,other,unspecified,high
pmid_9844768,other,unspecified,high
pmid_9865452,other,none,high
pmid_9623125,other,none,high
pmid_9857114,other,unspecified,high
pmid_9740980,other,unspecified,low
