doi,organism,indication,confidence
10.1001/amaguidesnewsletters.1998.mayjun03,human,not_applicable,high
10.1001/amaguidesnewsletters.2002.janfeb02,human,not_applicable,high
10.1001/amaguidesnewsletters.1999.novdec04,other,not_applicable,high
10.1001/archfami.8.6.495,human,not_applicable,high
10.1001/archinte.152.8.1604,human,not_applicable,high
10.1001/archgenpsychiatry.2008.508,human,not_applicable,high
10.1001/amajethics.2021.537,other,not_applicable,high
10.1001/archfami.2.2.181,human,treatment,high
10.1001/amajethics.2021.590,human,not_applicable,high
10.1001/archinte.157.11.1264,human,treatment,high
10.1001/archinte.155.12.1332,human,not_applicable,high
10.1001/archinte.153.5.661a,human,not_applicable,high
10.1001/archinte.158.8.908,human,treatment,high
10.1001/amajethics.2021.519,unclear,not_applicable,high
10.1001/archinte.159.18.2129,human,not_applicable,high
10.1001/archinte.160.2.221,human,not_applicable,high
10.1001/archinte.159.20.2481,unclear,unclear,low
10.1001/archinte.160.21.3270,human,not_applicable,high
10.1001/archinte.160.22.3461,human,not_applicable,high
10.1001/archinte.163.13.1530,human,not_applicable,high
10.1001/archinte.157.22.2663,unclear,not_applicable,high
10.1001/archinte.163.15.1832,human,not_applicable,high
10.1001/archinte.166.15.1649,human,not_applicable,high
10.1001/archinte.164.20.2241,human,not_applicable,high
10.1001/archinte.164.4.401,human,not_applicable,high
10.1001/archinte.164.10.1098,human,treatment,high
10.1001/archinte.1992.00400200042008,human,not_applicable,high
10.1001/archinte.1990.00390170140036,human,not_applicable,high
10.1001/archneur.1994.00540190089021,human,not_applicable,high
10.1001/archneur.1993.00540030065016,human,not_applicable,high
10.1001/archneur.1996.00550070080014,human,not_applicable,high
10.1001/archpedi.158.3.225,human,not_applicable,high
10.1001/archneur.1997.00550230045015,human,not_applicable,high
10.1001/archpedi.162.12.1196,human,not_applicable,high
10.1001/archpediatrics.2010.145,human,treatment,high
10.1001/archpediatrics.2010.144,human,not_applicable,high
10.1001/archpediatrics.2010.157,human,not_applicable,high
10.1001/archpediatrics.2011.124,human,not_applicable,high
10.1001/archpsyc.63.11.1258,human,prevention,high
10.1001/archpediatrics.2010.149,unclear,unclear,low
10.1001/jama.1989.03420090041019,human,not_applicable,high
10.1001/archpsyc.63.11.1267,human,not_applicable,high
10.1001/jama.1993.03510100027010,unclear,not_applicable,high
10.1001/jama.1991.03460030063028,human,not_applicable,high
10.1001/jama.1991.03460080032011,human,not_applicable,high
10.1001/jama.1996.03530290029024,human,treatment,medium
10.1001/jama.1992.03490070051036,other,not_applicable,high
10.1001/jama.1988.03720060014020,unclear,not_applicable,high
10.1001/jama.1989.03420050044020,human,not_applicable,high
10.1001/jama.1996.03530290029023,unclear,not_applicable,medium
10.1001/jama.1997.03550060098046,unclear,not_applicable,high
10.1001/jama.2015.5731,unclear,not_applicable,high
10.1001/jama.2011.1576,human,not_applicable,high
10.1001/jama.2015.5760,unclear,not_applicable,high
10.1001/jama.2019.8312,other,not_applicable,high
10.1001/jama.2010.1421,unclear,unclear,low
10.1001/jama.2024.3603,unclear,not_applicable,high
10.1001/jama.1997.03550200085043,human,not_applicable,high
10.1001/jama.2019.8890,other,not_applicable,high
10.1001/jama.265.8.964,unclear,not_applicable,high
10.1001/jama.2015.1346,unclear,not_applicable,high
10.1001/jama.268.7.873,other,not_applicable,high
10.1001/jama.280.12.1061,human,treatment,high
10.1001/jama.285.1.52,human,treatment,high
10.1001/jama.280.4.372,human,not_applicable,medium
10.1001/jama.286.11.1360,human,treatment,high
10.1001/jama.289.11.1385-a,unclear,not_applicable,high
10.1001/jama.292.10.1234,unclear,unclear,low
10.1001/jama.292.10.1195,human,treatment,high
10.1001/jama.280.3.264,other,not_applicable,high
10.1001/jama.292.22.2723-a,unclear,unclear,low
10.1001/jama.286.11.1378,human,treatment,high
10.1001/jamanetworkopen.2022.33454,human,not_applicable,high
10.1001/jamanetworkopen.2024.23555,human,not_applicable,high
10.1001/jamapediatrics.2013.3337,human,not_applicable,medium
10.1001/jamaoto.2020.0530,human,not_applicable,high
10.1001/jama.286.24.3078-a,other,not_applicable,high
10.1001/jamapediatrics.2013.4647,human,treatment,high
10.1002/(sici)1096-9071(199609)50:1<25::aid-jmv6>3.0.co;2-v,human,not_applicable,high
10.1002/(sici)1097-4598(199605)19:5<621::aid-mus10>3.0.co;2-q,human,not_applicable,high
10.1002/(sici)1097-4679(199904)55:4<411::aid-jclp6>3.0.co;2-n,human,not_applicable,high
10.1002/(sici)1097-4679(199711)53:7<635::aid-jclp1>3.0.co;2-h,human,not_applicable,high
10.1002/(sici)1099-1077(199605)11:3<161::aid-hup784>3.0.co;2-5,human,not_applicable,high
10.1002/(sici)1099-1077(199901)14:1<7::aid-hup64>3.0.co;2-o,human,not_applicable,high
10.1002/14651858.cd001027,human,treatment,high
10.1002/1097-4679(200012)56:12<1497::aid-2>3.0.co;2-z,human,not_applicable,high
10.1002/14651858.cd001027.pub2,human,treatment,high
10.1002/14651858.cd003200.pub9,human,treatment,high
10.1002/14651858.cd011040.pub2,human,treatment,high
10.1002/14651858.cd006348,unclear,treatment,medium
10.1002/14651858.cd006348.pub3,human,treatment,high
10.1002/14651858.cd006348.pub2,human,treatment,high
10.1002/1520-6629(199310)21:4<339::aid-jcop2290210410>3.0.co;2-1,human,not_applicable,high
10.1002/1520-6629(199504)23:2<143::aid-jcop2290230205>3.0.co;2-7,unclear,not_applicable,high
10.1002/9780470514382.ch13,human,not_applicable,high
10.1002/9780470514382.ch14,human,not_applicable,high
10.1002/9780470514382.ch10,human,not_applicable,high
10.1002/9780470514382.ch15,human,not_applicable,high
10.1002/9780470514382.ch17,human,treatment,high
10.1002/9780470514382.ch18,human,not_applicable,high
10.1002/9780470514382.ch16,human,treatment,high
10.1002/9780470514382.ch11,human,not_applicable,high
10.1002/9780470514382.ch2,other,not_applicable,high
10.1002/9780470514382.ch3,human,not_applicable,high
10.1002/9780470514382.ch5,human,not_applicable,high
10.1002/9780470514382.ch6,human,not_applicable,high
10.1002/9780470514382.ch8,other,not_applicable,high
10.1002/9780470514382.ch7,human,not_applicable,high
10.1002/9781118453940.ch24,unclear,not_applicable,medium
10.1002/acn3.51631,other,not_applicable,high
10.1002/9780470514382.ch4,human,not_applicable,high
10.1002/9780470750902.ch7,unclear,not_applicable,medium
10.1002/9781118663721.ch36,unclear,not_applicable,high
10.1002/acr.22639,human,not_applicable,high
10.1002/acr.25210,human,not_applicable,high
10.1002/adsr.202300178,other,not_applicable,high
10.1002/acr.80090,human,not_applicable,high
10.1002/alz.089661,other,not_applicable,high
10.1002/alz.085905,animal,treatment,high
10.1002/ana.22389,human,not_applicable,high
10.1002/ana.22529,other,not_applicable,high
10.1002/advs.202302146,human,not_applicable,high
10.1002/ar.24953,animal,treatment,high
10.1002/art.1780330311,human,not_applicable,high
10.1002/art.1780380510,human,not_applicable,high
10.1002/ajcp.12181,unclear,not_applicable,high
10.1002/art.1780400215,human,not_applicable,high
10.1002/art.22124,human,not_applicable,high
10.1002/art.20779,human,not_applicable,high
10.1002/bap.17,human,not_applicable,high
10.1002/biof.1293,human,treatment,high
10.1002/art.41405,human,not_applicable,high
10.1002/biof.1726,other,not_applicable,medium
10.1002/bmc.5379,animal,treatment,high
10.1002/brb3.71513,human,treatment,high
10.1002/cbdv.202403506,other,not_applicable,high
10.1002/brb3.71428,human,not_applicable,high
10.1002/ccr3.6930,human,not_applicable,high
10.1002/ccr3.72725,human,treatment,high
10.1002/cbl.30019,human,not_applicable,high
10.1002/brb3.2040,human,treatment,high
10.1002/cdt3.74,human,not_applicable,high
10.1002/chin.199507342,human,not_applicable,medium
10.1002/clc.20227,human,not_applicable,high
10.1002/clc.20962,human,not_applicable,high
10.1002/cncr.27612,human,not_applicable,high
10.1002/cpp.1827,human,treatment,high
10.1002/cph4.70056,other,not_applicable,high
10.1002/cpp.2367,human,not_applicable,high
10.1002/cpp.2042,human,treatment,high
10.1002/cpp.2051,human,not_applicable,high
10.1002/cpp.2417,human,not_applicable,high
10.1002/cph4.70098,human,not_applicable,high
10.1002/cpp.1906,human,not_applicable,high
10.1002/ctm2.70346,human,not_applicable,high
10.1002/cpp.793,human,treatment,high
10.1002/cyto.b.10034,human,not_applicable,high
10.1002/ehf2.12633,human,not_applicable,high
10.1002/cpp.70075,human,treatment,high
10.1002/ejp.701,animal,not_applicable,high
10.1002/fsn3.70424,other,not_applicable,high
10.1002/fsn3.71685,animal,treatment,high
10.1002/hep.22643,human,not_applicable,high
10.1002/hbm.70505,human,not_applicable,high
10.1002/glia.22687,animal,not_applicable,high
10.1002/ejp.1750,human,not_applicable,high
10.1002/hup.554,human,treatment,high
10.1002/hup.805,human,treatment,high
10.1002/iid3.263,human,not_applicable,high
10.1002/ijc.2910420526,other,not_applicable,high
10.1002/iub.572,other,not_applicable,high
10.1002/cpp.757,human,not_applicable,high
10.1002/j.1532-2149.2013.00429.x,human,not_applicable,high
10.1002/jcb.24883,other,not_applicable,high
10.1002/jcla.10079,human,not_applicable,high
10.1002/j.1556-6676.1998.tb02391.x,human,not_applicable,high
10.1002/jcla.1860040617,other,not_applicable,high
10.1002/jcla.20325,human,not_applicable,high
10.1002/jcla.20217,human,not_applicable,high
10.1002/jclp.1040,human,not_applicable,high
10.1002/jclp.20551,human,treatment,high
10.1002/jclp.20648,human,treatment,high
10.1002/jclp.20827,human,not_applicable,high
10.1002/jclp.20744,human,treatment,high
10.1002/jclp.20676,human,not_applicable,high
10.1002/jclp.21880,human,not_applicable,high
10.1002/jclp.22692,human,not_applicable,high
10.1002/jclp.22593,human,not_applicable,high
10.1002/jcsm.12896,human,not_applicable,high
10.1002/jcsm.13669,human,not_applicable,high
10.1002/jcop.21984,human,not_applicable,high
10.1002/jem.35,human,not_applicable,high
10.1002/jev2.12403,human,not_applicable,high
10.1002/jgh3.12724,human,not_applicable,high
10.1002/jmri.26247,human,not_applicable,high
10.1002/jmv.10531,human,not_applicable,high
10.1002/jmri.25283,human,not_applicable,high
10.1002/jmv.1890190302,human,not_applicable,high
10.1002/jmv.1890340209,human,not_applicable,high
10.1002/jmv.1890420109,human,not_applicable,high
10.1002/jmv.1890460404,human,not_applicable,high
10.1002/jmv.21873,human,not_applicable,high
10.1002/jmv.1890330303,human,not_applicable,high
10.1002/jmv.23713,human,treatment,high
10.1002/jmv.23411,human,treatment,high
10.1002/jmv.24810,human,not_applicable,high
10.1002/jmv.25744,human,not_applicable,high
10.1002/jmv.28993,human,not_applicable,high
10.1002/jnr.25223,human,not_applicable,high
10.1002/jnr.25048,human,not_applicable,high
10.1002/jmv.70769,human,not_applicable,high
10.1002/mbo3.70333,human,not_applicable,high
10.1002/jnr.25392,human,not_applicable,high
10.1002/mus.20055,human,not_applicable,high
10.1002/mnfr.200700075,other,not_applicable,high
10.1002/nbm.1512,human,not_applicable,high
10.1002/nbm.1315,human,not_applicable,high
10.1002/nbm.2772,human,not_applicable,high
10.1002/nbm.3261,human,not_applicable,high
10.1002/nbm.1692,human,not_applicable,high
10.1002/nop2.70212,human,not_applicable,high
10.1002/nop2.70391,human,not_applicable,high
10.1002/nbm.3757,human,not_applicable,high
10.1002/oti.19,human,not_applicable,high
10.1002/nep3.70007,other,not_applicable,high
10.1002/oti.88,human,treatment,high
10.1002/pcn5.70111,human,treatment,high
10.1002/pmrj.12867,human,treatment,high
10.1002/pcn5.70222,human,treatment,high
10.1002/phy2.152,human,not_applicable,high
10.1002/pnp.109,human,treatment,high
10.1002/psb.1741,human,treatment,high
10.1002/rmv.2315,other,not_applicable,high
10.1002/pnp.698,human,treatment,medium
10.1002/ptr.3499,animal,treatment,high
10.1002/rmv.673,other,not_applicable,high
10.1002/rmv.70070,human,treatment,high
10.1002/sim.6579,human,not_applicable,high
10.1002/smi.1233,human,not_applicable,high
10.1002/smi.1185,human,not_applicable,high
10.1002/sscp.70137,animal,not_applicable,high
10.1006/bmme.1996.0012,human,not_applicable,high
10.1002/tre.776,human,not_applicable,high
10.1006/clin.1997.4512,other,not_applicable,high
10.1006/bmme.1996.0036,human,not_applicable,high
10.1002/tsm2.133,human,not_applicable,high
10.1006/mcpr.1998.0186,human,not_applicable,high
10.1006/clin.1998.4554,human,not_applicable,high
10.1006/nimg.2002.1260,human,not_applicable,high
10.1006/exmp.1999.2248,other,not_applicable,high
10.1007/0-306-46835-2_21,other,not_applicable,high
10.1007/7854_2024_502,human,treatment,high
10.1006/clin.1996.4284,human,treatment,high
10.1007/7854_2022_368,human,treatment,high
10.1007/978-1-0716-4498-0_10,human,not_applicable,high
10.1007/978-1-0716-4498-0_11,other,not_applicable,high
10.1007/978-1-0716-4498-0_12,other,not_applicable,high
10.1007/978-1-0716-4498-0_14,human,not_applicable,high
10.1006/rtph.1996.0089,both,not_applicable,medium
10.1007/978-1-0716-4498-0_13,human,not_applicable,high
10.1007/978-1-0716-4498-0_15,human,not_applicable,high
10.1007/978-1-0716-4498-0_16,human,not_applicable,high
10.1007/978-1-0716-4498-0_1,human,not_applicable,high
10.1007/978-1-0716-4498-0_2,human,not_applicable,high
10.1007/978-1-0716-4498-0_5,human,not_applicable,high
10.1007/978-1-0716-4498-0_6,other,not_applicable,high
10.1007/978-1-0716-4498-0_8,other,not_applicable,high
10.1007/978-1-0716-4498-0_9,human,not_applicable,high
10.1007/978-1-0716-4498-0_7,human,not_applicable,high
10.1007/978-1-4612-4508-7_60,human,not_applicable,high
10.1007/978-1-4612-4508-7_61,human,not_applicable,high
10.1007/978-1-4612-4508-7_36,other,not_applicable,high
10.1007/978-1-4612-4508-7_62,human,not_applicable,medium
10.1007/978-1-0716-4498-0_4,human,not_applicable,high
10.1007/978-1-4612-4508-7_64,other,not_applicable,high
10.1007/978-1-4615-4709-9_90,human,not_applicable,medium
10.1007/978-1-4899-1016-5_38,human,not_applicable,high
10.1007/978-1-4612-4508-7_68,other,not_applicable,high
10.1007/978-1-60327-343-5_25,human,not_applicable,high
10.1007/978-1-61779-803-0_29,other,not_applicable,high
10.1007/978-1-60327-343-5_8,human,treatment,high
10.1007/978-3-031-55529-9_20,other,not_applicable,high
10.1007/978-1-60327-571-2_21,human,not_applicable,medium
10.1007/978-1-59745-008-9_23,unclear,not_applicable,high
10.1007/978-3-642-86812-2_34,human,not_applicable,high
10.1007/bf00226856,human,treatment,high
10.1007/bf00920633,human,not_applicable,high
10.1007/bf00867358,human,not_applicable,high
10.1007/978-4-431-73464-2_9,other,not_applicable,high
10.1007/bf01776488,human,treatment,high
10.1007/bf01826195,human,not_applicable,high
10.1007/bf01541666,human,not_applicable,high
10.1007/bf01796268,human,not_applicable,high
10.1007/bf01324655,unclear,unclear,low
10.1007/bf01977671,human,not_applicable,high
10.1007/bf01875419,human,not_applicable,high
10.1007/bf02207934,human,not_applicable,high
10.1007/bf02091794,human,treatment,high
10.1007/bf02246661,human,treatment,high
10.1007/bf02195983,other,not_applicable,high
10.1007/bf02267720,human,not_applicable,high
10.1007/bf02267785,human,not_applicable,high
10.1007/bf02267980,human,treatment,high
10.1007/bf02274883,human,not_applicable,high
10.1007/bf02506968,human,not_applicable,high
10.1007/bf02318380,human,not_applicable,high
10.1007/bf02556297,human,not_applicable,high
10.1007/bf02556303,human,not_applicable,high
10.1007/bf02628661,human,treatment,high
10.1007/bf02628662,human,treatment,high
10.1007/bf02597420,human,not_applicable,high
10.1007/bf02628663,human,treatment,high
10.1007/bf02628664,human,treatment,high
10.1007/bf02629522,human,not_applicable,high
10.1007/bf02688676,human,treatment,high
10.1007/bf02884843,human,not_applicable,high
10.1007/bf02691201,unclear,not_applicable,high
10.1007/bf03003071,human,not_applicable,high
10.1007/bf03040485,human,not_applicable,high
10.1007/bf03257157,human,prevention,high
10.1007/bf03041320,human,not_applicable,high
10.1007/bf02688668,other,not_applicable,high
10.1007/s00011-025-02158-6,animal,not_applicable,high
10.1007/s00018-018-2925-6,human,not_applicable,high
10.1007/bf03043262,other,not_applicable,high
10.1007/s00052-023-00083-7,unclear,treatment,medium
10.1007/s00018-022-04380-5,other,not_applicable,high
10.1007/s00103-017-2546-5,unclear,not_applicable,high
10.1007/s00108-022-01369-x,human,not_applicable,high
10.1007/s00109-004-0586-4,other,not_applicable,high
10.1007/s001060050275,human,not_applicable,high
10.1007/s00112-021-01408-1,human,not_applicable,high
10.1007/s00112-025-02222-9,human,not_applicable,high
10.1007/s00112-025-02293-8,human,not_applicable,high
10.1007/s00115-022-01431-x,human,not_applicable,high
10.1007/s00115-011-3446-9,human,treatment,high
10.1007/s00115-026-01944-9,human,treatment,high
10.1007/s00210-026-05263-3,animal,treatment,high
10.1007/s00066-026-02553-w,human,not_applicable,high
10.1007/s001270050266,human,not_applicable,high
10.1007/s00213-002-1129-8,human,not_applicable,high
10.1007/s001150050045,human,not_applicable,high
10.1007/s00213-021-05986-6,human,not_applicable,high
10.1007/s00221-010-2296-1,human,not_applicable,high
10.1007/s00221-018-5301-8,human,not_applicable,high
10.1007/s00296-003-0355-7,human,treatment,high
10.1007/s00296-009-1122-1,human,not_applicable,high
10.1007/s00296-014-3065-4,human,not_applicable,high
10.1007/s00380-014-0510-y,human,not_applicable,high
10.1007/s00380-009-1206-6,human,not_applicable,high
10.1007/s00380-015-0744-3,human,not_applicable,high
10.1007/s00393-011-0825-3,other,not_applicable,medium
10.1007/s003930050239,human,not_applicable,high
10.1007/s00404-008-0795-0,human,not_applicable,high
10.1007/s00406-023-01661-3,human,not_applicable,high
10.1007/s00394-024-03546-0,human,treatment,high
10.1007/s00417-013-2431-3,human,not_applicable,high
10.1007/s00421-014-2910-1,human,not_applicable,high
10.1007/s00421-007-0634-1,human,not_applicable,high
10.1007/s00421-010-1670-9,human,not_applicable,high
10.1007/s00421-018-3913-0,human,treatment,high
10.1007/s00429-023-02682-3,human,not_applicable,high
10.1007/s00431-015-2626-1,human,not_applicable,high
10.1007/s00421-025-05759-5,human,treatment,high
10.1007/s00431-013-2058-8,human,treatment,high
10.1007/s00431-024-05458-x,human,treatment,high
10.1007/s00431-023-05351-z,human,not_applicable,high
10.1007/s00431-026-06995-3,human,not_applicable,high
10.1007/s00431-026-07125-9,human,not_applicable,high
10.1007/s00482-021-00535-8,human,treatment,high
10.1007/s00482-023-00761-2,human,treatment,high
10.1007/s00508-024-02372-y,human,not_applicable,high
10.1007/s00482-026-00937-6,human,treatment,high
10.1007/s00739-026-01152-9,human,treatment,high
10.1007/s00608-022-00989-8,human,not_applicable,high
10.1007/s00761-022-01102-1,human,not_applicable,high
10.1007/s00787-005-0477-4,human,not_applicable,high
10.1007/s00787-005-0493-4,human,not_applicable,high
10.1007/s00787-009-0029-4,human,not_applicable,high
10.1007/s00787-021-01734-5,human,not_applicable,high
10.1007/s00787-020-01646-w,human,not_applicable,high
10.1007/s007870050114,human,not_applicable,high
10.1007/s10067-005-1154-1,human,not_applicable,high
10.1007/s10067-006-0433-9,human,not_applicable,high
10.1007/s10067-010-1677-y,human,treatment,high
10.1007/s10067-009-1339-0,human,not_applicable,high
10.1007/s10067-011-1702-9,human,not_applicable,high
10.1007/s10067-011-1772-8,human,not_applicable,high
10.1007/s10067-012-1946-z,human,not_applicable,high
10.1007/s10067-013-2308-1,human,not_applicable,high
10.1007/s10067-014-2793-x,human,not_applicable,high
10.1007/s10067-018-4009-2,other,not_applicable,high
10.1007/s10067-020-05528-z,other,not_applicable,high
10.1007/s10096-003-1062-8,human,treatment,high
10.1007/s10067-023-06743-0,other,not_applicable,high
10.1007/s10072-021-05786-y,human,not_applicable,high
10.1007/s10096-013-1996-4,human,not_applicable,high
10.1007/s10067-019-04447-y,human,not_applicable,high
10.1007/s10096-014-2095-x,human,not_applicable,high
10.1007/s100960050420,human,not_applicable,high
10.1007/s10286-002-0014-1,human,not_applicable,high
10.1007/s10165-010-0380-9,unclear,not_applicable,high
10.1007/s10165-004-0332-3,human,not_applicable,high
10.1007/s10354-025-01113-8,other,treatment,high
10.1007/s10286-025-01172-2,human,treatment,high
10.1007/s10286-002-0044-8,human,not_applicable,high
10.1007/s10354-026-01155-6,human,not_applicable,high
10.1007/s10286-008-0487-7,human,treatment,high
10.1007/s10464-011-9457-7,unclear,not_applicable,high
10.1007/s10484-022-09573-z,human,not_applicable,high
10.1007/s10566-019-09543-3,human,not_applicable,high
10.1007/s10484-016-9331-3,human,not_applicable,high
10.1007/s10578-009-0147-8,human,not_applicable,high
10.1007/s10865-004-0004-y,human,not_applicable,high
10.1007/s10865-008-9189-9,human,not_applicable,high
10.1007/s10865-009-9234-3,human,not_applicable,high
10.1007/s10865-016-9720-3,human,not_applicable,high
10.1007/s10880-025-10074-4,human,not_applicable,high
10.1007/s10865-019-00010-x,human,not_applicable,high
10.1007/s10912-016-9390-8,other,not_applicable,high
10.1007/s10974-008-9128-y,other,not_applicable,high
10.1007/s11011-013-9435-x,other,not_applicable,high
10.1007/s11011-012-9324-8,human,not_applicable,high
10.1007/s11011-019-0388-6,human,not_applicable,high
10.1007/s11011-012-9316-8,human,not_applicable,high
10.1007/s11019-008-9126-2,unclear,not_applicable,high
10.1007/s11019-013-9501-5,unclear,not_applicable,high
10.1007/s11019-020-09945-4,other,not_applicable,high
10.1007/s11055-010-9250-3,animal,not_applicable,high
10.1007/s11064-008-9620-1,animal,treatment,high
10.1007/s11101-022-09838-9,other,not_applicable,high
10.1007/s11136-011-0048-8,human,not_applicable,high
10.1007/s11055-023-01364-1,human,not_applicable,medium
10.1007/s11065-005-3588-2,other,not_applicable,high
10.1007/s11136-011-9921-8,other,not_applicable,high
10.1007/s11136-014-0705-9,other,not_applicable,high
10.1007/s11136-004-1693-y,human,not_applicable,high
10.1007/s11136-014-0737-1,human,not_applicable,high
10.1007/s11136-014-0819-0,other,not_applicable,high
10.1007/s11136-016-1406-3,human,not_applicable,high
10.1007/s11136-019-02399-z,human,not_applicable,high
10.1007/s11136-015-1160-y,human,not_applicable,high
10.1007/s11136-019-02411-6,human,not_applicable,high
10.1007/s11136-019-02289-4,human,not_applicable,high
10.1007/s11136-022-03199-8,human,not_applicable,high
10.1007/s11136-021-02919-w,human,not_applicable,high
10.1007/s11136-023-03498-8,human,not_applicable,high
10.1007/s11136-024-03794-x,human,not_applicable,high
10.1007/s11136-024-03710-3,human,not_applicable,high
10.1007/s11136-024-03854-2,human,not_applicable,high
10.1007/s11306-017-1264-1,human,not_applicable,high
10.1007/s11553-023-01070-3,human,not_applicable,high
10.1007/s11154-025-09996-z,human,not_applicable,high
10.1007/s11306-019-1620-4,human,not_applicable,high
10.1007/s11325-025-03512-y,human,not_applicable,high
10.1007/s11553-023-01098-5,human,not_applicable,high
10.1007/s11325-009-0305-z,human,not_applicable,high
10.1007/s11606-007-0140-5,human,not_applicable,high
10.1007/s11596-010-0225-y,animal,treatment,high
10.1007/s11655-020-3195-3,human,treatment,high
10.1007/s11682-018-0029-4,human,not_applicable,high
10.1007/s11845-010-0585-0,human,not_applicable,high
10.1007/s11682-018-9897-x,human,not_applicable,high
10.1007/s11682-019-00119-2,human,not_applicable,high
10.1007/s11882-010-0106-2,human,not_applicable,high
10.1007/s11606-024-09290-9,human,not_applicable,high
10.1007/s11916-003-0033-1,human,treatment,high
10.1007/s11916-000-0050-2,human,not_applicable,high
10.1007/s11916-003-0031-3,human,treatment,high
10.1007/s11673-018-9866-5,unclear,not_applicable,high
10.1007/s11920-010-0105-y,human,not_applicable,high
10.1007/s11926-001-0006-5,human,not_applicable,high
10.1007/s11926-006-0036-0,human,not_applicable,high
10.1007/s11926-007-0078-y,human,not_applicable,high
10.1007/s11920-013-0353-8,human,not_applicable,high
10.1007/s11926-008-0079-5,human,not_applicable,high
10.1007/s11926-012-0277-z,human,not_applicable,high
10.1007/s11926-016-0577-9,human,not_applicable,high
10.1007/s12016-020-08824-3,other,not_applicable,high
10.1007/s11926-019-0823-z,human,not_applicable,high
10.1007/s11926-017-0628-x,human,not_applicable,high
10.1007/s12017-010-8138-2,human,not_applicable,high
10.1007/s11926-019-0804-2,human,not_applicable,high
10.1007/s12018-026-09326-0,human,not_applicable,high
10.1007/s12026-010-8165-y,other,not_applicable,high
10.1007/s12026-013-8413-z,human,treatment,high
10.1007/s12026-014-8604-2,human,not_applicable,high
10.1007/s12031-021-01845-3,other,not_applicable,high
10.1007/s12035-013-8477-8,human,treatment,high
10.1007/s12035-014-8705-x,other,not_applicable,high
10.1007/s12035-015-9262-7,human,not_applicable,high
10.1007/s12035-013-8553-0,human,not_applicable,high
10.1007/s12035-015-9090-9,other,not_applicable,high
10.1007/s12026-018-9036-1,human,not_applicable,high
10.1007/s12035-015-9392-y,other,not_applicable,high
10.1007/s12035-016-0170-2,human,not_applicable,high
10.1007/s12035-016-0334-0,human,not_applicable,high
10.1007/s12035-017-0598-z,human,not_applicable,high
10.1007/s12035-016-9975-2,other,not_applicable,high
10.1007/s12035-018-0928-9,other,not_applicable,high
10.1007/s12035-019-1549-7,human,not_applicable,high
10.1007/s12098-011-0463-4,human,not_applicable,high
10.1007/s12160-012-9381-6,human,treatment,high
10.1007/s12035-020-01939-w,human,not_applicable,high
10.1007/s12035-018-1354-8,human,not_applicable,high
10.1007/s12160-012-9463-5,human,not_applicable,high
10.1007/s12192-012-0352-4,other,not_applicable,medium
10.1007/s12272-013-0235-y,animal,prevention,high
10.1007/s12471-016-0885-8,human,not_applicable,high
10.1007/s12529-012-9253-2,human,not_applicable,high
10.1007/s12529-012-9273-y,human,not_applicable,high
10.1007/s12529-017-9679-7,human,treatment,high
10.1007/s12529-017-9682-z,human,not_applicable,high
10.1007/s12529-018-9732-1,human,not_applicable,high
10.1007/s12529-012-9265-y,human,not_applicable,high
10.1007/s12529-022-10111-8,human,treatment,high
10.1007/s12529-023-10254-2,human,treatment,high
10.1007/s12640-020-00231-y,animal,treatment,high
10.1007/s12602-018-9397-8,human,treatment,high
10.1007/s12035-023-03784-z,human,not_applicable,high
10.1007/s12671-018-0945-9,human,not_applicable,high
10.1007/s13142-013-0229-9,other,not_applicable,high
10.1007/s13317-013-0051-x,human,not_applicable,high
10.1007/s13365-021-01002-x,human,not_applicable,high
10.1007/s15006-023-2894-z,human,not_applicable,high
10.1007/s40124-022-00261-4,human,not_applicable,high
10.1007/s15010-024-02386-8,human,not_applicable,high
10.1007/s40258-025-01006-2,other,not_applicable,high
10.1007/s13365-021-00949-1,human,not_applicable,high
10.1007/s40264-017-0593-3,human,prevention,high
10.1007/s40618-024-02334-1,human,not_applicable,high
10.1007/s40271-016-0171-2,human,not_applicable,high
10.1007/s40264-016-0456-3,human,not_applicable,high
10.1007/s41669-018-0071-6,human,not_applicable,high
10.1007/s42087-020-00123-9,human,treatment,high
10.1007/s40271-021-00540-0,human,not_applicable,high
10.1007/s43440-025-00808-4,human,treatment,high
10.1007/s44470-026-00079-7,human,not_applicable,high
10.1007/s43657-022-00060-3,other,not_applicable,high
10.1016/0002-9343(90)90172-a,human,treatment,high
10.1016/0002-9343(90)90173-b,human,treatment,high
10.1007/s44180-025-00227-0,human,not_applicable,high
10.1016/0002-9343(92)90265-d,human,not_applicable,high
10.1016/0002-9343(93)90183-p,human,treatment,high
10.1016/0002-9343(91)90150-v,human,not_applicable,high
10.1016/0002-9343(94)90095-7,human,treatment,high
10.1016/0002-9343(93)90310-l,human,not_applicable,high
10.1016/0003-9993(94)90088-4,human,not_applicable,high
10.1016/0005-7967(94)00077-w,human,treatment,high
10.1007/s44217-024-00282-9,human,not_applicable,high
10.1016/0006-3223(92)90187-5,human,not_applicable,high
10.1016/0006-3223(92)90087-g,human,treatment,high
10.1016/0006-3223(93)90100-r,human,not_applicable,high
10.1016/0006-3223(94)00121-i,human,not_applicable,high
10.1016/0006-3223(95)00131-x,human,treatment,high
10.1007/s40258-021-00635-7,human,not_applicable,high
10.1016/0022-3956(95)00040-2,human,not_applicable,high
10.1016/0022-3999(89)90103-7,human,not_applicable,high
10.1016/0022-3999(92)90089-k,human,not_applicable,high
10.1016/0022-3999(90)90111-g,human,not_applicable,high
10.1016/0022-3956(94)90033-7,human,not_applicable,high
10.1016/0006-3223(95)00422-x,human,not_applicable,high
10.1016/0022-3999(94)00071-c,human,not_applicable,high
10.1016/0014-5793(95)01439-x,human,not_applicable,high
10.1016/0022-3999(94)00125-o,other,not_applicable,high
10.1016/0022-3999(94)90007-8,human,not_applicable,high
10.1016/0022-3999(94)90082-5,human,not_applicable,high
10.1016/0022-3999(94)90099-x,human,not_applicable,high
10.1016/0022-3999(95)00008-9,human,not_applicable,high
10.1016/0022-3999(95)00543-9,human,not_applicable,high
10.1016/0022-3999(96)00036-0,human,not_applicable,high
10.1016/0022-510x(93)90276-5,human,not_applicable,high
10.1016/0022-510x(95)00108-e,human,not_applicable,high
10.1016/0090-1229(92)90194-s,animal,not_applicable,high
10.1016/0140-6736(91)91371-z,human,treatment,high
10.1016/0091-6749(88)90933-5,human,not_applicable,high
10.1016/0022-3999(96)00131-6,human,not_applicable,high
10.1016/0140-6736(91)91440-6,human,not_applicable,high
10.1016/0163-4453(91)92864-2,human,not_applicable,high
10.1016/0163-4453(92)92772-b,human,not_applicable,high
10.1016/0165-0327(95)00026-j,human,not_applicable,high
10.1016/0165-0327(96)00015-8,human,not_applicable,high
10.1016/0165-0327(96)00075-4,human,not_applicable,high
10.1016/0163-8343(94)90018-3,human,treatment,high
10.1016/0166-0934(88)90047-x,human,not_applicable,high
10.1016/0166-0934(88)90050-x,other,not_applicable,high
10.1016/0166-0934(96)02075-7,human,not_applicable,high
10.1016/0192-0561(95)00054-6,human,not_applicable,high
10.1016/0192-0561(95)00056-8,human,not_applicable,high
10.1016/0277-9536(93)90268-9,human,not_applicable,high
10.1016/0304-3940(96)12559-3,human,not_applicable,high
10.1016/0278-5846(96)00057-7,human,not_applicable,high
10.1016/0277-9536(95)00124-p,human,not_applicable,high
10.1016/0277-9536(96)00108-6,other,not_applicable,high
10.1016/0306-9877(85)90053-2,other,not_applicable,high
10.1016/0306-9877(93)90197-x,unclear,not_applicable,high
10.1016/0306-9877(88)90146-6,human,not_applicable,high
10.1016/0306-9877(92)90184-e,human,not_applicable,medium
10.1016/0306-9877(90)90125-x,human,treatment,medium
10.1016/0306-9877(94)90049-3,human,treatment,medium
10.1016/0306-9877(95)90263-5,other,not_applicable,high
10.1016/0306-9877(94)90097-3,human,treatment,high
10.1016/0928-0197(95)00020-9,other,not_applicable,high
10.1016/0924-9338(96)88851-1,unclear,unclear,low
10.1016/1043-4666(91)90497-2,other,not_applicable,high
10.1016/0960-5428(94)00048-s,human,not_applicable,high
10.1016/0887-2333(94)90233-x,other,not_applicable,high
10.1016/0306-9877(95)90515-4,human,treatment,medium
10.1016/b978-0-12-801401-1.00005-0,other,not_applicable,high
10.1016/b978-0-443-29884-4.00007-8,human,not_applicable,high
10.1016/bs.irn.2019.08.002,human,treatment,high
10.1016/j.aca.2021.338678,animal,not_applicable,high
10.1016/j.aap.2009.12.004,human,not_applicable,high
10.1016/j.ailsci.2025.100125,human,not_applicable,high
10.1016/j.acn.2006.07.002,other,not_applicable,high
10.1016/j.ajp.2016.06.003,unclear,not_applicable,high
10.1016/0306-9877(94)90046-9,human,treatment,high
10.1016/j.ajp.2010.12.001,human,not_applicable,high
10.1016/j.ajmo.2024.100085,human,not_applicable,high
10.1016/j.amjcard.2006.10.067,human,not_applicable,high
10.1016/j.amjmed.2005.06.013,human,not_applicable,high
10.1016/j.amjmed.2005.07.047,human,treatment,high
10.1016/j.amjmed.2023.09.013,human,not_applicable,high
10.1016/j.amjmed.2023.06.028,human,not_applicable,high
10.1016/j.amjmed.2024.02.003,human,not_applicable,high
10.1016/j.amjmed.2015.04.041,human,not_applicable,high
10.1016/j.amjmed.2024.04.041,human,not_applicable,high
10.1016/j.amjmed.2021.10.040,human,not_applicable,high
10.1016/j.amjmed.2023.12.006,human,not_applicable,high
10.1016/j.amjmed.2024.04.007,human,not_applicable,high
10.1016/j.amjmed.2024.05.020,human,treatment,high
10.1016/j.amjmed.2025.02.008,human,not_applicable,high
10.1016/j.anai.2013.09.017,other,not_applicable,high
10.1016/j.anai.2023.10.032,other,not_applicable,high
10.1016/j.anaerobe.2013.06.002,human,not_applicable,high
10.1016/j.annepidem.2010.12.003,human,not_applicable,high
10.1016/j.annrmp.2006.03.011,other,not_applicable,high
10.1016/j.annrmp.2007.03.021,human,treatment,high
10.1016/j.annepidem.2003.10.004,human,not_applicable,high
10.1016/j.apmr.2003.12.033,human,not_applicable,high
10.1016/j.apmr.2022.01.008,other,not_applicable,high
10.1016/j.annepidem.2013.04.003,human,not_applicable,high
10.1016/j.apmr.2010.04.020,human,treatment,high
10.1016/j.apmr.2011.06.023,human,not_applicable,high
10.1016/j.aprim.2019.04.004,other,not_applicable,high
10.1016/j.archger.2007.03.012,human,treatment,high
10.1016/j.apunsm.2022.100379,human,not_applicable,high
10.1016/j.arcmed.2006.06.008,human,not_applicable,high
10.1016/j.arcmed.2006.10.009,human,not_applicable,high
10.1016/j.ard.2025.05.351,human,not_applicable,high
10.1016/j.autneu.2004.05.001,human,not_applicable,high
10.1016/j.autneu.2007.08.002,human,not_applicable,high
10.1016/j.autneu.2024.103156,human,treatment,high
10.1016/j.autneu.2024.103198,other,not_applicable,medium
10.1016/j.autneu.2013.02.015,human,not_applicable,high
10.1016/j.autrev.2008.07.026,human,not_applicable,high
10.1016/j.autrev.2008.08.003,human,not_applicable,high
10.1016/j.autneu.2025.103358,human,not_applicable,high
10.1016/j.autrev.2018.01.009,human,not_applicable,high
10.1016/j.autrev.2016.02.011,other,not_applicable,high
10.1016/j.autrev.2019.05.006,animal,prevention,medium
10.1016/j.autrev.2022.103129,human,not_applicable,high
10.1016/j.autrev.2022.103230,human,not_applicable,high
10.1016/j.autrev.2020.102527,human,not_applicable,high
10.1016/j.autrev.2022.103231,unclear,not_applicable,high
10.1016/j.autrev.2023.103452,other,not_applicable,high
10.1016/j.autrev.2024.103606,human,not_applicable,high
10.1016/j.autrev.2025.103855,human,not_applicable,high
10.1016/j.autrev.2023.103484,human,not_applicable,high
10.1016/j.autrev.2026.104043,other,not_applicable,high
10.1016/j.bbi.2004.09.001,animal,not_applicable,high
10.1016/j.bbi.2007.04.007,human,not_applicable,high
10.1016/j.bbi.2003.12.011,human,not_applicable,high
10.1016/j.bbi.2010.04.012,human,not_applicable,high
10.1016/j.bbi.2008.11.005,human,not_applicable,high
10.1016/j.bbi.2011.04.007,human,not_applicable,high
10.1016/j.bbi.2011.01.010,animal,not_applicable,high
10.1016/j.bbi.2012.01.014,other,not_applicable,high
10.1016/j.bbi.2011.06.016,human,not_applicable,high
10.1016/j.bbi.2012.06.002,human,not_applicable,high
10.1016/j.bbi.2012.06.006,other,not_applicable,high
10.1016/j.bbi.2012.02.008,human,not_applicable,high
10.1016/j.bbi.2012.11.007,human,not_applicable,high
10.1016/j.bbi.2011.04.015,human,not_applicable,high
10.1016/j.bbi.2015.07.004,human,not_applicable,high
10.1016/j.bbi.2015.09.013,human,not_applicable,high
10.1016/j.bbi.2017.01.007,other,not_applicable,high
10.1016/j.bbi.2019.06.010,human,not_applicable,high
10.1016/j.bbi.2018.11.008,human,not_applicable,high
10.1016/j.bbi.2018.09.023,human,not_applicable,high
10.1016/j.bbi.2019.11.015,human,not_applicable,high
10.1016/j.bbi.2019.04.040,human,not_applicable,high
10.1016/j.bbi.2017.02.009,human,not_applicable,high
10.1016/j.bbi.2021.03.023,human,not_applicable,high
10.1016/j.bbi.2014.12.025,human,not_applicable,high
10.1016/j.bbi.2021.08.219,human,not_applicable,high
10.1016/j.bbi.2022.03.010,human,not_applicable,high
10.1016/j.bbi.2024.11.032,human,not_applicable,high
10.1016/j.bbi.2024.10.006,human,treatment,high
10.1016/j.bbi.2025.106098,human,not_applicable,high
10.1016/j.bbi.2026.106837,human,not_applicable,high
10.1016/j.bbih.2019.100028,human,not_applicable,high
10.1016/j.bbih.2020.100047,other,not_applicable,high
10.1016/j.bbih.2020.100067,human,not_applicable,high
10.1016/j.bbih.2020.100107,human,not_applicable,high
10.1016/j.bbih.2022.100412,other,not_applicable,high
10.1016/j.bbih.2025.101058,human,not_applicable,high
10.1016/j.bbih.2023.100627,human,not_applicable,high
10.1016/j.bbi.2012.08.009,other,not_applicable,high
10.1016/j.bbih.2026.101187,other,not_applicable,high
10.1016/j.bbih.2026.101222,human,not_applicable,high
10.1016/j.bbii.2023.100022,other,not_applicable,high
10.1016/j.bbih.2023.100720,human,treatment,high
10.1016/j.bbih.2025.101124,human,not_applicable,high
10.1016/j.bbr.2009.04.005,animal,treatment,high
10.1016/j.bbr.2009.07.020,animal,treatment,high
10.1016/j.bbr.2024.114868,other,not_applicable,high
10.1016/j.bbr.2019.111975,other,not_applicable,high
10.1016/j.bbrc.2003.09.207,human,not_applicable,high
10.1016/j.bbrc.2006.05.074,human,not_applicable,high
10.1016/j.bbrc.2016.07.010,human,not_applicable,high
10.1016/j.bbrep.2026.102679,human,not_applicable,high
10.1016/j.bbrc.2008.08.135,human,not_applicable,high
10.1016/j.berh.2004.02.004,other,not_applicable,high
10.1016/j.beth.2022.01.004,human,treatment,high
10.1016/j.biopha.2018.10.076,human,treatment,high
10.1016/j.biopha.2023.114862,animal,treatment,high
10.1016/j.biopha.2023.115723,human,treatment,high
10.1016/j.biopsych.2013.05.001,animal,treatment,medium
10.1016/j.biopsych.2004.10.031,human,not_applicable,high
10.1016/j.biopsych.2016.07.016,human,not_applicable,high
10.1016/j.biopsych.2026.01.004,human,not_applicable,high
10.1016/j.biopsycho.2004.03.015,human,not_applicable,high
10.1016/j.biopsycho.2011.02.002,human,not_applicable,high
10.1016/j.biopsycho.2013.06.002,human,not_applicable,high
10.1016/j.biopsycho.2006.01.003,human,not_applicable,high
10.1016/j.biopsycho.2009.05.002,human,not_applicable,high
10.1016/j.biopsycho.2016.05.005,human,not_applicable,high
10.1016/j.biopsycho.2018.05.016,human,not_applicable,high
10.1016/j.blre.2023.101075,human,not_applicable,high
10.1016/j.biosystems.2017.12.010,human,not_applicable,high
10.1016/j.bpc.2015.03.009,other,not_applicable,high
10.1016/j.bpsc.2018.01.015,human,not_applicable,high
10.1016/j.braindev.2003.10.004,human,not_applicable,high
10.1016/j.braindev.2007.10.004,human,not_applicable,high
10.1016/j.braindev.2010.12.009,human,treatment,high
10.1016/j.brainresbull.2023.110702,other,not_applicable,high
10.1016/j.brainresbull.2016.09.015,animal,treatment,high
10.1016/j.brainresbull.2025.111671,human,not_applicable,high
10.1016/j.brat.2006.08.019,human,treatment,high
10.1016/j.brat.2007.03.002,human,treatment,high
10.1016/j.brat.2007.07.003,human,not_applicable,high
10.1016/j.brat.2011.09.004,human,treatment,high
10.1016/j.brat.2012.02.014,human,treatment,high
10.1016/j.brat.2012.03.002,human,treatment,high
10.1016/j.brat.2012.08.005,human,treatment,high
10.1016/j.brat.2013.02.001,human,treatment,high
10.1016/j.brat.2014.08.013,human,treatment,high
10.1016/j.brat.2022.104243,human,treatment,high
10.1016/j.brat.2025.104917,human,treatment,high
10.1016/j.brainresbull.2011.06.007,animal,treatment,high
10.1016/j.brci.2025.100019,other,not_applicable,high
10.1016/j.brat.2013.10.005,human,not_applicable,high
10.1016/j.carbpol.2014.12.082,animal,treatment,high
10.1016/j.cca.2006.07.004,human,not_applicable,high
10.1016/j.cca.2008.12.020,human,not_applicable,high
10.1016/j.cca.2012.05.004,human,not_applicable,high
10.1016/j.cca.2009.02.010,human,not_applicable,high
10.1016/j.cca.2012.06.022,human,not_applicable,high
10.1016/j.cccn.2005.04.029,human,not_applicable,high
10.1016/j.cca.2012.09.021,other,not_applicable,high
10.1016/j.cccn.2005.05.036,human,not_applicable,high
10.1016/j.chest.2021.01.082,human,not_applicable,high
10.1016/j.cccn.2005.05.023,human,not_applicable,high
10.1016/j.cdtm.2019.05.003,human,not_applicable,high
10.1016/j.chest.2022.04.146,human,treatment,high
10.1016/j.cdtm.2020.11.002,other,not_applicable,high
10.1016/j.chest.2023.03.049,human,not_applicable,high
10.1016/j.chom.2023.01.001,human,not_applicable,high
10.1016/j.chom.2023.01.004,human,not_applicable,high
10.1016/j.chom.2011.04.001,other,not_applicable,high
10.1016/j.chom.2023.01.011,human,not_applicable,high
10.1016/j.cjca.2023.04.003,human,treatment,high
10.1016/j.clim.2020.108384,other,not_applicable,high
10.1016/j.clinbiomech.2023.106055,human,not_applicable,high
10.1016/j.clinbiomech.2016.07.008,human,not_applicable,high
10.1016/j.clinbiomech.2020.01.003,human,not_applicable,high
10.1016/j.clim.2022.109133,human,not_applicable,high
10.1016/j.clineuro.2010.12.002,human,not_applicable,high
10.1016/j.clinph.2004.05.012,human,not_applicable,high
10.1016/j.clinph.2014.12.016,human,not_applicable,high
10.1016/j.clinph.2004.06.007,human,not_applicable,high
10.1016/j.clinph.2020.11.043,human,not_applicable,high
10.1016/j.clinthera.2016.04.038,human,treatment,high
10.1016/j.clinthera.2018.12.012,human,not_applicable,high
10.1016/j.clinthera.2018.10.019,human,treatment,high
10.1016/j.clinthera.2018.12.016,other,not_applicable,high
10.1016/j.clinthera.2019.02.010,human,not_applicable,high
10.1016/j.clinph.2024.04.019,human,not_applicable,high
10.1016/j.clinthera.2019.02.012,other,not_applicable,high
10.1016/j.clinthera.2019.02.011,unclear,not_applicable,high
10.1016/j.clinthera.2019.01.011,human,treatment,high
10.1016/j.clinthera.2019.03.002,human,not_applicable,high
10.1016/j.clinthera.2019.04.001,human,not_applicable,high
10.1016/j.clinthera.2019.04.009,other,not_applicable,high
10.1016/j.clinthera.2023.09.007,human,not_applicable,high
10.1016/j.clinthera.2019.02.014,human,not_applicable,high
10.1016/j.clnu.2015.07.010,human,treatment,high
10.1016/j.cnp.2020.01.003,human,not_applicable,high
10.1016/j.clinthera.2023.12.011,human,not_applicable,high
10.1016/j.cnp.2021.09.001,human,not_applicable,high
10.1016/j.coi.2023.102305,human,not_applicable,high
10.1016/j.compbiolchem.2026.108995,human,not_applicable,high
10.1016/j.clinthera.2024.05.010,human,treatment,high
10.1016/j.compbiomed.2015.06.005,human,not_applicable,high
10.1016/j.comppsych.2009.02.002,human,not_applicable,high
10.1016/j.compbiomed.2025.110632,other,not_applicable,high
10.1016/j.comppsych.2013.04.015,human,not_applicable,high
10.1016/j.comppsych.2016.02.002,human,treatment,high
10.1016/j.comppsych.2015.06.010,human,not_applicable,high
10.1016/j.coviro.2024.101437,other,not_applicable,high
10.1016/j.comppsych.2016.02.006,human,not_applicable,high
10.1016/j.coviro.2012.06.009,other,not_applicable,high
10.1016/j.comppsych.2017.07.006,human,not_applicable,high
10.1016/j.cpr.2007.01.010,human,not_applicable,high
10.1016/j.cpr.2007.07.002,other,not_applicable,high
10.1016/j.cpr.2007.10.004,human,treatment,high
10.1016/j.cryobiol.2023.05.003,human,treatment,high
10.1016/j.cpcardiol.2024.102554,other,not_applicable,high
10.1016/j.ctim.2025.103184,human,treatment,high
10.1016/j.ctcp.2020.101210,human,treatment,high
10.1016/j.csbj.2023.08.002,human,not_applicable,high
10.1016/j.ctim.2014.06.004,human,treatment,high
10.1016/j.ctim.2026.103353,human,treatment,high
10.1016/j.cpr.2014.02.002,human,not_applicable,high
10.1016/j.cyto.2015.11.018,human,not_applicable,high
10.1016/j.dscb.2026.100318,other,not_applicable,high
10.1016/j.eclinm.2020.100392,human,not_applicable,high
10.1016/j.diagmicrobio.2011.06.003,human,not_applicable,high
10.1016/j.eclinm.2025.103073,other,not_applicable,high
10.1016/j.ejpain.2006.02.001,human,not_applicable,high
10.1016/j.ejpain.2006.06.005,human,not_applicable,high
10.1016/j.eclinm.2023.102146,human,not_applicable,high
10.1016/j.ejim.2007.08.003,human,not_applicable,high
10.1016/j.cyto.2014.11.019,human,not_applicable,high
10.1016/j.ejpn.2018.10.006,human,not_applicable,high
10.1016/j.endinu.2018.07.009,human,not_applicable,high
10.1016/j.ensci.2025.100557,human,treatment,high
10.1016/j.ensci.2024.100537,human,treatment,high
10.1016/j.eujim.2025.102550,other,not_applicable,high
10.1016/j.eujim.2025.102556,human,treatment,high
10.1016/j.euroneuro.2014.02.010,human,treatment,high
10.1016/j.eurpsy.2017.01.1532,human,not_applicable,high
10.1016/j.eurpsy.2017.01.2245,human,not_applicable,high
10.1016/j.envres.2026.123874,both,not_applicable,medium
10.1016/j.exger.2025.112860,other,not_applicable,high
10.1016/j.eprac.2025.12.020,human,not_applicable,high
10.1016/j.explore.2025.103231,human,treatment,high
10.1016/j.freeradbiomed.2005.04.020,human,not_applicable,high
10.1016/j.explore.2026.103374,human,treatment,high
10.1016/j.gene.2023.147568,human,not_applicable,high
10.1016/j.gaitpost.2009.09.002,human,not_applicable,high
10.1016/j.genhosppsych.2026.05.015,human,not_applicable,high
10.1016/j.genhosppsych.2024.07.013,human,not_applicable,high
10.1016/j.heliyon.2021.e07665,human,not_applicable,high
10.1016/j.heliyon.2023.e18250,human,not_applicable,high
10.1016/j.heliyon.2023.e15595,human,not_applicable,high
10.1016/j.heliyon.2021.e08501,animal,not_applicable,high
10.1016/j.genhosppsych.2005.12.001,human,not_applicable,high
10.1016/j.heliyon.2023.e19605,human,not_applicable,high
10.1016/j.heliyon.2025.e43478,unclear,not_applicable,high
10.1016/j.homp.2006.11.013,human,treatment,medium
10.1016/j.heliyon.2025.e43903,human,not_applicable,high
10.1016/j.homp.2008.06.005,human,treatment,high
10.1016/j.humimm.2015.06.014,human,not_applicable,high
10.1016/j.heliyon.2024.e27031,human,not_applicable,high
10.1016/j.humic.2019.100061,human,treatment,high
10.1016/j.humic.2018.05.003,human,not_applicable,high
10.1016/j.humimm.2015.09.028,human,not_applicable,high
10.1016/j.euroneuro.2010.10.008,human,treatment,high
10.1016/j.ibneur.2023.10.008,human,treatment,high
10.1016/j.ibneur.2023.04.005,human,not_applicable,high
10.1016/j.ijbiomac.2016.08.042,animal,treatment,high
10.1016/j.ijcard.2008.04.051,human,not_applicable,high
10.1016/j.idc.2011.07.012,human,not_applicable,high
10.1016/j.ijbiomac.2024.133968,animal,treatment,medium
10.1016/j.ijchp.2019.11.003,human,treatment,high
10.1016/j.ijchp.2023.100420,human,not_applicable,high
10.1016/j.ijchy.2020.100032,human,not_applicable,high
10.1016/j.ijpsycho.2017.09.009,human,not_applicable,high
10.1016/j.imr.2013.01.002,human,treatment,high
10.1016/j.ijpsycho.2021.10.004,human,not_applicable,high
10.1016/j.imr.2020.100664,human,treatment,high
10.1016/j.imbio.2008.04.003,animal,treatment,high
10.1016/j.ijpsycho.2004.03.004,human,not_applicable,high
10.1016/j.ijnurstu.2006.01.003,human,not_applicable,high
10.1016/j.invent.2019.100290,human,not_applicable,high
10.1016/j.invent.2018.12.003,human,treatment,high
10.1016/j.isci.2025.114178,human,treatment,high
10.1016/j.isci.2025.114316,human,not_applicable,high
10.1016/j.jacc.2021.06.045,human,not_applicable,high
10.1016/j.jad.2005.03.013,human,not_applicable,high
10.1016/j.jad.2005.11.002,human,not_applicable,high
10.1016/j.imr.2024.101085,human,treatment,high
10.1016/j.jad.2008.05.001,human,not_applicable,high
10.1016/j.jad.2006.08.021,human,not_applicable,high
10.1016/j.it.2025.10.010,unclear,not_applicable,high
10.1016/j.jad.2008.08.010,human,not_applicable,high
10.1016/j.imr.2019.04.005,other,not_applicable,high
10.1016/j.jad.2008.09.013,human,treatment,high
10.1016/j.jad.2010.01.073,human,treatment,high
10.1016/j.jad.2010.11.028,human,not_applicable,high
10.1016/j.jad.2011.09.004,human,not_applicable,high
10.1016/j.jad.2013.03.029,human,not_applicable,high
10.1016/j.jad.2011.09.010,human,not_applicable,high
10.1016/j.jad.2012.03.037,human,not_applicable,high
10.1016/j.jad.2012.04.004,other,not_applicable,high
10.1016/j.jad.2020.05.113,human,not_applicable,high
10.1016/j.jad.2019.03.011,human,not_applicable,high
10.1016/j.jad.2014.03.013,human,not_applicable,high
10.1016/j.jad.2020.01.146,human,not_applicable,high
10.1016/j.jadohealth.2003.09.007,human,not_applicable,high
10.1016/j.jadohealth.2004.02.012,human,not_applicable,high
10.1016/j.jadohealth.2009.08.001,human,not_applicable,high
10.1016/j.jadohealth.2013.03.009,human,treatment,high
10.1016/j.jaim.2017.06.011,animal,treatment,high
10.1016/j.jaim.2017.08.008,animal,treatment,high
10.1016/j.jaut.2006.09.004,other,not_applicable,high
10.1016/j.jare.2024.11.011,human,not_applicable,high
10.1016/j.jare.2021.11.013,human,not_applicable,high
10.1016/j.jaut.2024.103267,human,not_applicable,high
10.1016/j.jbmt.2014.04.003,human,treatment,high
10.1016/j.jbmt.2019.03.006,human,not_applicable,high
10.1016/j.jbmt.2025.05.048,human,treatment,high
10.1016/j.jbmt.2017.07.003,human,treatment,high
10.1016/j.java.2015.10.016,other,not_applicable,high
10.1016/j.jbspin.2008.01.021,human,treatment,high
10.1016/j.jchf.2021.10.002,human,not_applicable,high
10.1016/j.jchromb.2004.09.056,human,not_applicable,high
10.1016/j.jbspin.2010.02.003,human,not_applicable,high
10.1016/j.jcte.2021.100284,human,not_applicable,high
10.1016/j.jchromb.2026.125179,animal,treatment,high
10.1016/j.jcv.2014.11.021,human,treatment,high
10.1016/j.jcv.2020.104334,other,not_applicable,high
10.1016/j.jebo.2022.09.023,other,not_applicable,high
10.1016/j.jelectrocard.2005.10.014,human,not_applicable,high
10.1016/j.jep.2008.11.025,animal,treatment,high
10.1016/j.jep.2003.10.006,other,not_applicable,high
10.1016/j.jep.2012.06.002,animal,treatment,high
10.1016/j.jep.2024.119241,animal,treatment,high
10.1016/j.jep.2026.121604,animal,treatment,high
10.1016/j.jep.2011.08.030,animal,treatment,high
10.1016/j.jep.2017.03.041,animal,treatment,high
10.1016/j.jfma.2011.09.006,human,not_applicable,high
10.1016/j.jim.2021.113049,human,not_applicable,high
10.1016/j.jinf.2024.106297,human,not_applicable,high
10.1016/j.jiph.2024.102495,human,not_applicable,high
10.1016/j.jiph.2024.102559,human,not_applicable,high
10.1016/j.jjcc.2009.02.008,human,not_applicable,high
10.1016/j.jbtep.2011.09.014,human,not_applicable,high
10.1016/j.jjcc.2018.02.010,human,not_applicable,high
10.1016/j.jmpt.2005.11.004,human,not_applicable,high
10.1016/j.jmwh.2007.12.001,human,not_applicable,high
10.1016/j.jjcc.2016.06.003,human,treatment,high
10.1016/j.jneuroim.2010.05.021,animal,treatment,high
10.1016/j.jneuroim.2016.12.008,human,not_applicable,high
10.1016/j.jneuroim.2023.578142,other,not_applicable,high
10.1016/j.jpain.2009.06.003,human,not_applicable,high
10.1016/j.jns.2021.117326,human,not_applicable,high
10.1016/j.jns.2010.11.018,human,not_applicable,high
10.1016/j.jns.2017.02.046,human,not_applicable,high
10.1016/j.jpain.2012.11.012,human,not_applicable,high
10.1016/j.jpainsymman.2006.10.014,human,not_applicable,high
10.1016/j.jpain.2022.03.180,human,not_applicable,high
10.1016/j.jpba.2026.117604,animal,treatment,high
10.1016/j.jpain.2016.10.016,human,not_applicable,high
10.1016/j.jpeds.2007.03.012,human,treatment,high
10.1016/j.jpeds.2014.04.051,human,not_applicable,high
10.1016/j.jpeds.2019.01.035,human,not_applicable,high
10.1016/j.jpeds.2018.05.012,human,treatment,high
10.1016/j.jpeds.2010.03.025,human,not_applicable,high
10.1016/j.jpeds.2021.09.014,human,not_applicable,high
10.1016/j.jpsychires.2021.07.033,human,not_applicable,high
10.1016/j.jpsychires.2013.01.021,human,not_applicable,high
10.1016/j.jpsychires.2021.12.044,human,not_applicable,high
10.1016/j.jpsychires.2025.01.056,human,not_applicable,high
10.1016/j.jpsychires.2026.02.026,unclear,not_applicable,high
10.1016/j.jpsychires.2025.12.024,human,not_applicable,high
10.1016/j.jpsychores.2004.03.005,human,not_applicable,high
10.1016/j.jpsychores.2004.03.015,human,not_applicable,high
10.1016/j.jpsychores.2004.04.002,human,prevention,high
10.1016/j.jpsychores.2005.02.002,human,not_applicable,high
10.1016/j.jpsychores.2004.04.374,human,not_applicable,high
10.1016/j.jpsychores.2005.04.003,human,not_applicable,high
10.1016/j.jpsychores.2004.11.005,human,treatment,high
10.1016/j.jpsychores.2005.05.008,human,not_applicable,high
10.1016/j.jpsychores.2005.08.018,human,treatment,high
10.1016/j.jpsychores.2005.07.008,human,not_applicable,high
10.1016/j.jpsychores.2005.08.015,human,not_applicable,high
10.1016/j.jpsychores.2005.12.006,human,treatment,high
10.1016/j.jpsychores.2006.04.001,human,not_applicable,high
10.1016/j.jpsychores.2006.03.001,human,not_applicable,high
10.1016/j.jpsychores.2006.04.015,human,treatment,high
10.1016/j.jpsychores.2007.03.003,other,not_applicable,high
10.1016/j.jpsychores.2006.04.002,human,not_applicable,high
10.1016/j.jpsychores.2007.07.009,human,not_applicable,high
10.1016/j.jpsychores.2008.03.008,human,not_applicable,high
10.1016/j.jpsychores.2007.12.006,other,not_applicable,high
10.1016/j.jpsychores.2008.03.015,human,not_applicable,high
10.1016/j.jpsychores.2008.07.001,human,not_applicable,high
10.1016/j.jpsychores.2008.08.002,human,not_applicable,high
10.1016/j.jpsychores.2009.02.004,human,not_applicable,high
10.1016/j.jpsychores.2008.08.004,human,not_applicable,high
10.1016/j.jpsychores.2010.01.022,human,not_applicable,high
10.1016/j.jpsychores.2010.01.008,unclear,not_applicable,high
10.1016/j.jpsychores.2010.02.004,human,not_applicable,high
10.1016/j.jpsychores.2010.12.011,human,treatment,high
10.1016/j.jpsychores.2010.09.016,human,not_applicable,high
10.1016/j.jpsychores.2011.04.004,human,not_applicable,high
10.1016/j.jpsychores.2011.08.001,human,treatment,high
10.1016/j.jpsychores.2010.11.010,human,treatment,high
10.1016/j.jpsychores.2011.02.002,unclear,not_applicable,high
10.1016/j.jpsychores.2011.02.009,human,not_applicable,high
10.1016/j.jpsychores.2011.05.005,human,treatment,high
10.1016/j.jpsychores.2011.11.004,human,not_applicable,high
10.1016/j.jpsychores.2009.09.014,human,not_applicable,high
10.1016/j.jpsychores.2012.01.018,human,treatment,high
10.1016/j.jpsychores.2012.09.002,human,not_applicable,high
10.1016/j.jpsychores.2012.09.010,human,treatment,high
10.1016/j.jpsychores.2012.09.006,human,treatment,high
10.1016/j.jpsychores.2013.01.007,human,treatment,high
10.1016/j.jpsychores.2013.02.011,human,treatment,high
10.1016/j.jpsychores.2013.05.001,human,treatment,high
10.1016/j.jpsychores.2013.06.034,human,treatment,high
10.1016/j.jpsychores.2013.07.010,human,not_applicable,high
10.1016/j.jpsychores.2014.02.002,human,not_applicable,high
10.1016/j.jpsychores.2014.08.018,human,treatment,high
10.1016/j.jpsychores.2014.04.002,human,treatment,high
10.1016/j.jpsychores.2015.02.013,human,not_applicable,high
10.1016/j.jpsychores.2014.11.022,human,treatment,high
10.1016/j.jpsychores.2015.07.005,human,not_applicable,high
10.1016/j.jpsychores.2015.05.004,human,not_applicable,high
10.1016/j.jpsychores.2013.07.011,human,treatment,high
10.1016/j.jpsychores.2015.10.005,human,not_applicable,high
10.1016/j.jpsychores.2015.08.008,human,not_applicable,high
10.1016/j.jpsychores.2016.02.004,human,treatment,high
10.1016/j.jpsychores.2015.12.006,human,not_applicable,high
10.1016/j.jpsychores.2016.06.006,human,treatment,high
10.1016/j.jpsychores.2016.06.005,human,treatment,high
10.1016/j.jpsychores.2016.07.009,human,treatment,high
10.1016/j.jpsychores.2016.07.008,other,not_applicable,high
10.1016/j.jpsychores.2016.11.014,human,treatment,high
10.1016/j.jpsychores.2016.11.002,human,not_applicable,high
10.1016/j.jpsychores.2016.12.004,human,treatment,high
10.1016/j.jpsychores.2017.01.005,human,treatment,high
10.1016/j.jpsychores.2017.03.016,human,treatment,high
10.1016/j.jpsychores.2017.05.007,human,not_applicable,high
10.1016/j.jpsychores.2017.09.005,human,not_applicable,high
10.1016/j.jpsychores.2017.11.007,human,treatment,high
10.1016/j.jpsychores.2017.10.010,human,not_applicable,high
10.1016/j.jpsychores.2017.02.009,human,not_applicable,high
10.1016/j.jpsychores.2017.11.011,human,not_applicable,high
10.1016/j.jpsychores.2018.01.007,human,not_applicable,high
10.1016/j.jpsychores.2019.03.017,human,treatment,high
10.1016/j.jpsychores.2020.110133,human,treatment,high
10.1016/j.jpsychores.2020.110154,human,not_applicable,high
10.1016/j.jpsychores.2019.109893,human,not_applicable,high
10.1016/j.jpsychores.2020.110296,human,treatment,high
10.1016/j.jpsychores.2020.110322,human,not_applicable,high
10.1016/j.jpsychores.2021.110417,human,not_applicable,high
10.1016/j.jpsychores.2019.04.008,human,not_applicable,high
10.1016/j.jpsychores.2021.110484,human,treatment,high
10.1016/j.jpsychores.2021.110486,human,treatment,high
10.1016/j.jpsychores.2021.110595,human,not_applicable,high
10.1016/j.jpsychores.2021.110533,human,treatment,high
10.1016/j.jpsychores.2021.110655,human,not_applicable,high
10.1016/j.jpsychores.2021.110624,human,not_applicable,high
10.1016/j.jpsychores.2021.110556,human,not_applicable,high
10.1016/j.jpsychores.2022.111063,human,not_applicable,high
10.1016/j.jpsychores.2021.110715,human,not_applicable,high
10.1016/j.jpsychores.2023.111491,human,not_applicable,high
10.1016/j.jpsychores.2019.04.001,human,not_applicable,high
10.1016/j.jpsychores.2024.111673,human,not_applicable,high
10.1016/j.jpsychores.2024.111693,human,not_applicable,high
10.1016/j.jpsychores.2022.111130,human,not_applicable,high
10.1016/j.jpsychores.2024.111850,human,treatment,high
10.1016/j.jpsychores.2024.111954,human,treatment,high
10.1016/j.jpsychores.2024.111932,human,not_applicable,high
10.1016/j.jpsychores.2024.112025,human,not_applicable,high
10.1016/j.jpsychores.2025.112370,human,not_applicable,high
10.1016/j.jpsychores.2025.112401,human,not_applicable,high
10.1016/j.jpsychores.2026.112609,human,not_applicable,high
10.1016/j.jpsychores.2026.112677,human,treatment,high
10.1016/j.jtherbio.2024.103813,human,treatment,high
10.1016/j.jtumed.2022.12.019,human,not_applicable,high
10.1016/j.jpsychores.2026.112618,human,treatment,high
10.1016/j.jtos.2020.04.005,human,not_applicable,high
10.1016/j.jviromet.2011.10.010,other,not_applicable,high
10.1016/j.juro.2012.11.019,human,not_applicable,high
10.1016/j.lana.2023.100460,human,not_applicable,high
10.1016/j.lanepe.2024.101161,human,treatment,high
10.1016/j.lfs.2010.03.007,human,not_applicable,high
10.1016/j.lfs.2012.11.016,human,not_applicable,high
10.1016/j.lfs.2021.119749,human,not_applicable,high
10.1016/j.math.2011.04.005,human,treatment,high
10.1016/j.mayocp.2012.08.015,human,not_applicable,high
10.1016/j.math.2006.03.008,human,treatment,high
10.1016/j.mayocp.2023.07.032,human,not_applicable,high
10.1016/j.mayocp.2021.07.004,human,not_applicable,high
10.1016/j.mayocpiqo.2020.08.002,human,not_applicable,high
10.1016/j.mce.2013.03.012,animal,not_applicable,high
10.1016/j.medcli.2009.04.044,human,not_applicable,high
10.1016/j.medcli.2010.07.022,human,not_applicable,high
10.1016/j.mcpro.2025.101467,human,not_applicable,high
10.1016/j.mehy.2004.01.010,other,not_applicable,high
10.1016/j.medcli.2013.06.030,human,not_applicable,high
10.1016/j.mcn.2022.103731,other,not_applicable,high
10.1016/j.mehy.2004.01.012,other,not_applicable,high
10.1016/j.medmal.2019.01.006,other,not_applicable,high
10.1016/j.mehy.2004.01.025,human,treatment,high
10.1016/j.mehy.2004.08.013,other,not_applicable,high
10.1016/j.mehy.2005.02.013,other,not_applicable,high
10.1016/j.mehy.2004.07.037,human,not_applicable,high
10.1016/j.mehy.2005.02.014,other,not_applicable,high
10.1016/j.mehy.2005.03.007,unclear,not_applicable,high
10.1016/j.mehy.2005.02.036,human,not_applicable,high
10.1016/j.mehy.2005.05.034,other,not_applicable,high
10.1016/j.mehy.2007.01.070,other,not_applicable,high
10.1016/j.mehy.2005.02.031,human,treatment,high
10.1016/j.mehy.2003.11.030,human,not_applicable,high
10.1016/j.mehy.2008.02.022,human,treatment,high
10.1016/j.mehy.2008.03.014,unclear,not_applicable,high
10.1016/j.mehy.2008.09.040,human,not_applicable,high
10.1016/j.mehy.2008.11.044,human,not_applicable,high
10.1016/j.mehy.2008.11.045,human,treatment,high
10.1016/j.mehy.2008.05.023,human,not_applicable,high
10.1016/j.mehy.2009.03.058,other,not_applicable,high
10.1016/j.mehy.2009.04.043,other,not_applicable,high
10.1016/j.mehy.2010.02.032,unclear,not_applicable,high
10.1016/j.mehy.2010.09.032,unclear,not_applicable,high
10.1016/j.mehy.2011.03.030,human,not_applicable,high
10.1016/j.mehy.2012.06.007,other,not_applicable,high
10.1016/j.mehy.2012.04.043,human,not_applicable,high
10.1016/j.mehy.2015.08.013,other,not_applicable,high
10.1016/j.mehy.2012.02.023,other,not_applicable,high
10.1016/j.mehy.2015.12.011,other,not_applicable,medium
10.1016/j.mehy.2015.11.024,other,not_applicable,high
10.1016/j.mehy.2013.05.034,other,not_applicable,high
10.1016/j.mehy.2015.10.011,human,not_applicable,high
10.1016/j.mehy.2012.07.034,other,not_applicable,high
10.1016/j.mehy.2017.02.011,other,not_applicable,high
10.1016/j.mehy.2017.06.014,unclear,not_applicable,high
10.1016/j.mehy.2018.03.002,human,treatment,high
10.1016/j.mehy.2018.06.017,human,treatment,high
10.1016/j.mehy.2018.07.007,human,treatment,high
10.1016/j.mehy.2018.08.014,human,treatment,high
10.1016/j.mehy.2019.109260,other,not_applicable,high
10.1016/j.mehy.2019.109444,human,treatment,high
10.1016/j.mehy.2020.109648,human,not_applicable,high
10.1016/j.mehy.2020.109731,human,not_applicable,high
10.1016/j.mehy.2013.06.023,other,not_applicable,high
10.1016/j.mehy.2020.110469,other,not_applicable,high
10.1016/j.mehy.2021.110647,human,not_applicable,high
10.1016/j.mehy.2025.111812,other,not_applicable,high
10.1016/j.mehy.2023.111243,human,not_applicable,high
10.1016/j.metabol.2009.12.019,human,not_applicable,high
10.1016/j.micinf.2003.07.002,human,not_applicable,high
10.1016/j.mehy.2021.110543,other,not_applicable,high
10.1016/j.mito.2015.04.005,human,not_applicable,high
10.1016/j.mito.2011.05.005,human,not_applicable,high
10.1016/j.metabol.2019.153951,human,not_applicable,high
10.1016/j.molmed.2021.06.002,other,not_applicable,high
10.1016/j.molmed.2024.10.001,other,not_applicable,high
10.1016/j.mri.2015.12.008,human,not_applicable,high
10.1016/j.mito.2016.10.007,human,not_applicable,high
10.1016/j.molmed.2024.02.003,human,not_applicable,high
10.1016/j.neucli.2017.02.002,human,not_applicable,high
10.1016/j.neucli.2017.01.012,human,not_applicable,high
10.1016/j.neubiorev.2019.08.011,human,not_applicable,high
10.1016/j.neures.2020.04.005,animal,not_applicable,high
10.1016/j.neucli.2017.03.003,human,treatment,high
10.1016/j.neures.2026.105021,animal,not_applicable,high
10.1016/j.neuroimage.2005.02.011,human,not_applicable,high
10.1016/j.neuroimage.2006.11.007,human,not_applicable,high
10.1016/j.neuroimage.2005.02.037,human,not_applicable,high
10.1016/j.neuroscience.2017.06.048,animal,not_applicable,high
10.1016/j.nicl.2012.12.006,human,not_applicable,high
10.1016/j.neuroimage.2007.02.033,human,not_applicable,high
10.1016/j.nicl.2016.03.017,human,not_applicable,high
10.1016/j.nicl.2016.09.016,human,not_applicable,high
10.1016/j.nicl.2017.09.024,human,not_applicable,high
10.1016/j.nicl.2018.07.011,human,not_applicable,high
10.1016/j.nicl.2018.04.025,human,not_applicable,high
10.1016/j.nicl.2019.102045,human,not_applicable,high
10.1016/j.nicl.2020.102366,human,not_applicable,high
10.1016/j.nmd.2012.10.003,human,not_applicable,high
10.1016/j.nmd.2012.10.018,other,not_applicable,high
10.1016/j.nut.2025.112718,human,treatment,high
10.1016/j.nrl.2015.11.019,human,not_applicable,high
10.1016/j.numecd.2014.10.007,human,treatment,high
10.1016/j.pain.2008.05.018,human,not_applicable,high
10.1016/j.nicl.2015.09.001,human,not_applicable,high
10.1016/j.pain.2004.02.029,human,not_applicable,high
10.1016/j.pec.2007.06.008,human,not_applicable,high
10.1016/j.pec.2008.04.001,human,not_applicable,high
10.1016/j.pec.2010.05.023,human,treatment,high
10.1016/j.pec.2010.05.027,human,not_applicable,high
10.1016/j.pec.2009.05.015,human,treatment,high
10.1016/j.pec.2009.02.015,human,treatment,high
10.1016/j.pec.2007.04.002,unclear,not_applicable,high
10.1016/j.pec.2017.12.002,human,not_applicable,high
10.1016/j.pec.2011.04.016,other,not_applicable,high
10.1016/j.pec.2018.10.011,human,not_applicable,high
10.1016/j.pec.2019.04.016,human,treatment,high
10.1016/j.phrs.2019.104450,human,treatment,high
10.1016/j.phymed.2024.155636,human,treatment,high
10.1016/j.phrs.2021.105465,other,not_applicable,high
10.1016/j.phymed.2021.153602,animal,treatment,high
10.1016/j.physbeh.2004.07.005,human,not_applicable,high
10.1016/j.phymed.2025.156459,animal,treatment,high
10.1016/j.physbeh.2007.07.001,human,not_applicable,high
10.1016/j.physio.2015.08.001,human,treatment,high
10.1016/j.physio.2012.12.003,other,not_applicable,high
10.1016/j.physio.2019.01.006,human,not_applicable,high
10.1016/j.plefa.2003.12.010,human,not_applicable,high
10.1016/j.plefa.2003.12.015,human,treatment,high
10.1016/j.plefa.2003.12.016,human,not_applicable,high
10.1016/j.plefa.2004.03.009,human,not_applicable,high
10.1016/j.pmn.2025.10.006,human,not_applicable,high
10.1016/j.plefa.2018.11.006,human,not_applicable,high
10.1016/j.plefa.2009.10.002,human,not_applicable,high
10.1016/j.pmrj.2010.04.003,human,not_applicable,high
10.1016/j.pmrj.2010.04.010,human,not_applicable,high
10.1016/j.pmrj.2010.04.008,human,not_applicable,high
10.1016/j.pnpbp.2007.07.019,human,treatment,high
10.1016/j.pnpbp.2010.07.030,other,not_applicable,high
10.1016/j.pnpbp.2020.109976,other,not_applicable,high
10.1016/j.pnpbp.2010.06.023,other,not_applicable,high
10.1016/j.physio.2017.07.005,human,treatment,high
10.1016/j.pmrj.2013.08.117,human,treatment,high
10.1016/j.procs.2022.10.011,human,treatment,high
10.1016/j.pscychresns.2009.10.007,human,not_applicable,high
10.1016/j.pmrj.2009.04.007,human,not_applicable,high
10.1016/j.psychres.2010.02.010,human,not_applicable,high
10.1016/j.psychres.2010.12.005,human,not_applicable,high
10.1016/j.psychres.2010.09.016,human,not_applicable,high
10.1016/j.psychres.2010.07.022,human,not_applicable,high
10.1016/j.psychres.2005.01.002,other,not_applicable,high
10.1016/j.prmcm.2022.100139,other,not_applicable,high
10.1016/j.pscychresns.2015.10.014,human,not_applicable,high
10.1016/j.psychres.2011.04.012,human,not_applicable,high
10.1016/j.psychres.2011.07.015,human,not_applicable,high
10.1016/j.psychres.2012.03.031,human,not_applicable,high
10.1016/j.psychres.2012.06.027,human,not_applicable,high
10.1016/j.psychres.2012.04.041,human,not_applicable,high
10.1016/j.psychres.2014.02.031,human,not_applicable,high
10.1016/j.psychres.2012.09.007,human,treatment,high
10.1016/j.psym.2011.08.007,human,not_applicable,high
10.1016/j.psym.2011.04.001,human,not_applicable,high
10.1016/j.psym.2017.04.010,human,not_applicable,high
10.1016/j.psyneuen.2004.06.008,human,not_applicable,high
10.1016/j.psym.2014.12.003,human,treatment,high
10.1016/j.psyneuen.2005.04.006,human,not_applicable,high
10.1016/j.psychres.2017.08.035,human,treatment,high
10.1016/j.psyneuen.2006.12.003,human,not_applicable,high
10.1016/j.psyneuen.2006.12.005,human,not_applicable,high
10.1016/j.psyneuen.2007.11.001,human,not_applicable,high
10.1016/j.psyneuen.2007.11.007,other,not_applicable,high
10.1016/j.psyneuen.2008.10.022,human,not_applicable,high
10.1016/j.psyneuen.2013.07.004,human,not_applicable,high
10.1016/j.psyneuen.2007.12.005,other,not_applicable,high
10.1016/j.psyneuen.2014.10.027,human,not_applicable,high
10.1016/j.psyneuen.2013.08.008,human,not_applicable,high
10.1016/j.psyneuen.2014.01.017,human,treatment,high
10.1016/j.psyneuen.2019.104578,human,not_applicable,high
10.1016/j.psyneuen.2014.06.021,human,not_applicable,high
10.1016/j.psyneuen.2018.11.032,human,not_applicable,high
10.1016/j.psyneuen.2021.105287,human,not_applicable,high
10.1016/j.psyneuen.2024.107117,human,not_applicable,high
10.1016/j.puhip.2020.100067,human,treatment,high
10.1016/j.pt.2017.08.001,other,not_applicable,high
10.1016/j.rce.2011.02.013,human,not_applicable,high
10.1016/j.pvr.2017.03.001,human,not_applicable,high
10.1016/j.rce.2009.09.015,human,treatment,high
10.1016/j.redox.2023.102796,human,not_applicable,high
10.1016/j.resp.2024.104360,human,treatment,high
10.1016/j.revmed.2016.05.003,unclear,not_applicable,high
10.1016/j.reuma.2015.05.007,human,not_applicable,high
10.1016/j.revmed.2023.05.007,human,not_applicable,high
10.1016/j.sbspro.2014.01.723,human,not_applicable,high
10.1016/j.revmed.2016.12.005,human,not_applicable,high
10.1016/j.semarthrit.2013.03.004,human,not_applicable,high
10.1016/j.semarthrit.2024.152455,human,not_applicable,high
10.1016/j.semarthrit.2006.12.009,other,not_applicable,high
10.1016/j.semerg.2020.05.018,human,not_applicable,high
10.1016/j.semarthrit.2007.04.003,other,not_applicable,high
10.1016/j.semerg.2021.03.006,human,not_applicable,high
10.1016/j.shaw.2014.07.002,other,not_applicable,high
10.1016/j.shpsa.2024.08.001,unclear,not_applicable,high
10.1016/j.shpsc.2018.05.009,other,not_applicable,high
10.1016/j.sleep.2006.03.016,human,not_applicable,high
10.1016/j.sleep.2018.01.005,human,not_applicable,high
10.1016/j.sleep.2025.03.003,human,treatment,high
10.1016/j.slsci.2015.10.001,human,treatment,high
10.1016/j.smrv.2016.05.001,human,treatment,high
10.1016/j.sleep.2016.11.016,human,not_applicable,high
10.1016/j.smrv.2018.03.007,other,not_applicable,high
10.1016/j.smrv.2023.101771,human,not_applicable,high
10.1016/j.smrv.2012.06.003,human,not_applicable,high
10.1016/j.socscimed.2007.09.003,human,not_applicable,high
10.1016/j.socscimed.2005.09.008,human,not_applicable,high
10.1016/j.socscimed.2019.112392,human,not_applicable,high
10.1016/j.socscimed.2020.113369,human,not_applicable,high
10.1016/j.socscimed.2016.06.029,human,not_applicable,high
10.1016/j.socscimed.2025.118766,other,not_applicable,high
10.1016/j.ssaho.2024.101206,human,not_applicable,high
10.1016/j.socscimed.2003.08.031,other,not_applicable,high
10.1016/j.tem.2003.12.002,human,not_applicable,high
10.1016/j.tox.2008.01.022,other,not_applicable,high
10.1016/j.socscimed.2005.06.018,unclear,not_applicable,high
10.1016/j.transm.2025.100193,human,treatment,high
10.1016/j.urology.2010.08.059,human,not_applicable,high
10.1016/j.urology.2008.06.031,human,not_applicable,high
10.1016/j.vaccine.2008.10.043,human,not_applicable,high
10.1016/j.socscimed.2023.115951,human,not_applicable,high
10.1016/j.vaccine.2013.08.024,human,prevention,high
10.1016/j.vaccine.2015.10.018,human,not_applicable,high
10.1016/j.vaccine.2017.06.031,human,prevention,high
10.1016/j.virol.2011.08.018,human,not_applicable,high
10.1016/j.virol.2009.12.028,other,not_applicable,high
10.1016/j.virusres.2012.04.004,human,not_applicable,high
10.1016/j.vph.2023.107250,human,not_applicable,high
10.1016/j.vph.2022.106953,other,not_applicable,high
10.1016/j.xcrm.2025.102259,human,not_applicable,high
10.1016/j.xcrm.2025.102449,human,not_applicable,high
10.1016/j.wjam.2023.03.002,animal,treatment,medium
10.1016/j.xcrm.2025.102514,human,not_applicable,high
10.1016/j.xcrm.2023.101373,human,not_applicable,high
10.1016/j.xcrm.2026.102647,human,not_applicable,high
10.1016/j.yexmp.2006.09.008,other,not_applicable,high
10.1016/j.yfrne.2022.100995,other,not_applicable,high
10.1016/j.yfrne.2026.101268,other,not_applicable,high
10.1016/j.ygeno.2008.06.006,other,not_applicable,high
10.1016/j.ygeno.2008.08.008,human,not_applicable,high
10.1016/j.yexmp.2005.01.003,other,not_applicable,high
10.1016/j.ymthe.2025.01.007,human,treatment,high
10.1016/j.yhbeh.2018.05.016,human,treatment,high
10.1016/j.ygeno.2009.06.002,human,not_applicable,high
10.1016/s0002-9343(01)00922-6,human,not_applicable,high
10.1016/s0002-9343(03)00182-7,human,treatment,high
10.1016/s0002-9343(96)00017-4,human,not_applicable,high
10.1016/s0002-9343(96)00174-x,human,not_applicable,high
10.1016/s0002-9343(96)00041-1,human,not_applicable,high
10.1016/j.zefq.2025.01.006,human,not_applicable,high
10.1016/s0002-9343(96)00234-3,human,not_applicable,high
10.1016/s0002-9343(96)90012-1,human,not_applicable,high
10.1016/s0002-9343(97)00087-9,human,not_applicable,high
10.1016/s0002-9343(97)90045-0,human,treatment,high
10.1016/s0002-9343(98)00157-0,other,not_applicable,high
10.1016/s0002-9343(98)00155-7,human,not_applicable,high
10.1016/s0002-9343(98)00158-2,human,not_applicable,high
10.1016/s0002-9343(98)00160-0,human,not_applicable,high
10.1016/s0002-9343(98)00159-4,human,not_applicable,high
10.1016/s0002-9343(98)00161-2,human,not_applicable,high
10.1016/s0002-9343(98)00167-3,human,treatment,high
10.1016/s0002-9343(98)00168-5,human,not_applicable,high
10.1016/s0002-9343(98)00165-x,human,not_applicable,high
10.1016/s0002-9343(98)00171-5,human,not_applicable,high
10.1016/s0002-9343(98)00172-7,human,treatment,high
10.1016/s0002-9343(98)00170-3,human,treatment,high
10.1016/s0002-9343(98)00173-9,human,not_applicable,high
10.1016/s0002-9343(98)00162-4,other,not_applicable,high
10.1016/s0002-9343(98)00175-2,human,not_applicable,high
10.1016/s0002-9343(98)00174-0,human,treatment,high
10.1016/s0002-9343(98)00179-x,human,not_applicable,high
10.1016/s0002-9343(99)00300-9,human,not_applicable,high
10.1016/s0002-9343(98)00181-8,human,not_applicable,high
10.1016/s0005-7916(02)00038-1,human,treatment,high
10.1016/s0003-9993(99)90066-7,human,not_applicable,high
10.1016/s0002-9343(99)80403-3,human,not_applicable,high
10.1016/s0006-3223(96)00074-1,human,not_applicable,high
10.1016/s0006-3223(97)00404-6,human,not_applicable,high
10.1016/s0005-7916(99)00032-4,human,treatment,high
10.1016/s0006-3223(97)83214-3,human,not_applicable,high
10.1016/s0006-3223(98)00232-7,human,not_applicable,high
10.1016/s0021-9258(19)31562-5,other,not_applicable,high
10.1016/s0005-7967(00)00116-9,human,not_applicable,high
10.1016/s0022-3476(99)70173-3,human,not_applicable,high
10.1016/s0007-0785(89)80123-1,human,not_applicable,high
10.1016/s0022-3476(99)70025-9,human,not_applicable,high
10.1016/s0022-3956(96)00046-5,human,not_applicable,high
10.1016/s0022-3956(96)00047-7,human,treatment,high
10.1016/s0022-3956(96)00048-9,other,not_applicable,high
10.1016/s0022-3956(96)00049-0,human,not_applicable,high
10.1016/s0022-3956(96)00050-7,human,not_applicable,high
10.1016/s0022-3956(96)00056-8,human,not_applicable,high
10.1016/s0022-3956(96)00053-2,human,not_applicable,high
10.1016/s0022-3956(96)00054-4,human,not_applicable,high
10.1016/s0022-3956(96)00052-0,human,not_applicable,high
10.1016/s0022-3956(96)00059-3,human,not_applicable,high
10.1016/s0022-3956(96)00063-5,other,not_applicable,high
10.1016/s0022-3956(96)00058-1,human,not_applicable,high
10.1016/s0022-3956(97)00039-3,human,not_applicable,high
10.1016/s0022-3999(00)00088-x,human,not_applicable,high
10.1016/s0022-3999(00)00087-8,human,not_applicable,high
10.1016/s0022-3999(00)00093-3,human,not_applicable,high
10.1016/s0022-3999(00)00204-x,human,not_applicable,high
10.1016/s0022-3999(00)00220-8,human,treatment,high
10.1016/s0022-3999(00)00211-7,human,not_applicable,high
10.1016/s0022-3999(00)00197-5,human,not_applicable,high
10.1016/s0022-3999(01)00247-1,human,not_applicable,high
10.1016/s0022-3999(01)00220-3,human,not_applicable,high
10.1016/s0022-3999(01)00267-7,human,not_applicable,high
10.1016/s0022-3999(01)00193-3,other,not_applicable,high
10.1016/s0022-3999(01)00284-7,human,not_applicable,high
10.1016/s0022-3999(01)00298-7,human,not_applicable,high
10.1016/s0022-3999(01)00315-4,human,not_applicable,high
10.1016/s0022-3999(02)00290-8,human,not_applicable,high
10.1016/s0022-3999(02)00318-5,human,not_applicable,high
10.1016/s0022-3999(02)00324-0,human,not_applicable,high
10.1016/s0022-3999(02)00300-8,human,not_applicable,high
10.1016/s0022-3999(02)00429-4,human,not_applicable,high
10.1016/s0022-3999(02)00458-0,human,not_applicable,high
10.1016/s0022-3999(02)00329-x,human,not_applicable,high
10.1016/s0022-3999(02)00332-x,human,not_applicable,high
10.1016/s0022-3999(02)00515-9,human,not_applicable,high
10.1016/s0022-3999(02)00566-4,human,not_applicable,high
10.1016/s0022-3999(03)00013-8,human,not_applicable,high
10.1016/s0022-3999(03)00039-4,human,not_applicable,high
10.1016/s0022-3999(03)00065-5,human,not_applicable,high
10.1016/s0022-3999(03)00077-1,human,not_applicable,high
10.1016/s0022-3999(02)00525-1,human,not_applicable,high
10.1016/s0022-3999(03)00543-9,human,not_applicable,high
10.1016/s0022-3999(03)00571-3,human,not_applicable,high
10.1016/s0022-3999(03)00598-1,human,not_applicable,high
10.1016/s0022-3999(03)00625-1,human,not_applicable,high
10.1016/s0022-3999(03)00546-4,human,not_applicable,high
10.1016/s0022-3999(03)00629-9,human,not_applicable,high
10.1016/s0022-3999(96)00234-6,human,not_applicable,high
10.1016/s0022-3999(96)00190-0,human,not_applicable,high
10.1016/s0022-3999(96)00297-8,human,not_applicable,high
10.1016/s0022-3999(97)00111-6,human,not_applicable,high
10.1016/s0022-3999(97)00169-4,human,not_applicable,high
10.1016/s0022-3999(97)00087-1,human,not_applicable,high
10.1016/s0022-3999(97)00297-3,human,not_applicable,high
10.1016/s0022-3999(98)00021-x,human,treatment,high
10.1016/s0022-3999(97)89895-9,human,not_applicable,high
10.1016/s0022-3999(97)00265-1,human,not_applicable,high
10.1016/s0022-3999(98)00024-5,human,not_applicable,high
10.1016/s0022-3999(99)00025-2,human,not_applicable,high
10.1016/s0022-3999(98)00023-3,human,not_applicable,high
10.1016/s0022-3999(98)00022-1,human,not_applicable,high
10.1016/s0022-3999(98)00120-2,human,not_applicable,high
10.1016/s0022-3999(99)00063-x,human,not_applicable,high
10.1016/s0022-3999(99)00013-6,human,not_applicable,high
10.1016/s0022-3999(99)00077-x,human,not_applicable,high
10.1016/s0024-3205(01)01001-3,human,not_applicable,high
10.1016/s0022-510x(97)00200-1,human,not_applicable,high
10.1016/s0031-9384(02)00808-9,human,not_applicable,high
10.1016/s0031-9384(97)00539-8,animal,not_applicable,high
10.1016/s0033-3182(97)71443-9,human,treatment,high
10.1016/s0033-3182(90)72185-8,human,not_applicable,high
10.1016/s0048-9697(00)00777-4,human,not_applicable,high
10.1016/s0091-6749(96)70290-7,human,treatment,high
10.1016/s0140-6736(00)04198-2,human,treatment,high
10.1016/s0091-6749(98)70090-9,human,not_applicable,high
10.1016/s0140-6736(11)60096-2,human,treatment,high
10.1016/s0140-6736(01)06961-6,human,not_applicable,high
10.1016/s0022-510x(99)00243-9,human,not_applicable,high
10.1016/s0140-6736(12)60025-7,human,treatment,high
10.1016/s0140-6736(15)01223-4,human,not_applicable,high
10.1016/s0140-6736(04)15794-2,human,not_applicable,high
10.1016/s0140-6736(16)00270-1,human,not_applicable,high
10.1016/s0140-6736(16)32589-2,human,treatment,high
10.1016/s0140-6736(80)92552-0,human,not_applicable,high
10.1016/s0140-6736(95)90525-1,human,treatment,high
10.1016/s0140-6736(17)30577-9,human,treatment,high
10.1016/s0140-6736(96)91345-8,human,treatment,high
10.1016/s0140-6736(98)08320-2,human,not_applicable,high
10.1016/s0140-6736(98)04074-4,human,treatment,high
10.1016/s0147-9571(01)00012-1,human,treatment,high
10.1016/s0140-6736(95)92537-6,human,not_applicable,high
10.1016/s0162-3109(96)00125-7,other,not_applicable,high
10.1016/s0163-4453(98)94099-3,human,not_applicable,high
10.1016/s0163-8343(97)80315-5,human,treatment,high
10.1016/s0163-4453(89)91150-x,human,not_applicable,high
10.1016/s0165-0327(97)00101-8,human,not_applicable,high
10.1016/s0163-8343(01)00154-2,human,treatment,high
10.1016/s0165-0327(97)00134-1,human,not_applicable,high
10.1016/s0163-8343(98)00036-x,human,not_applicable,high
10.1016/s0165-0327(98)00118-9,human,not_applicable,high
10.1016/s0165-0327(98)00163-3,human,not_applicable,high
10.1016/s0165-0327(98)00169-4,human,not_applicable,high
10.1016/s0165-0327(98)00218-3,human,not_applicable,high
10.1016/s0165-1781(00)00148-7,human,not_applicable,high
10.1016/s0165-1781(97)00141-8,human,not_applicable,high
10.1016/s0165-1781(00)00219-5,human,not_applicable,high
10.1016/s0165-1838(98)00177-5,human,not_applicable,high
10.1016/s0165-5728(01)00400-3,human,not_applicable,high
10.1016/s0165-5728(97)00032-5,human,not_applicable,high
10.1016/s0193-953x(05)70031-9,unclear,not_applicable,high
10.1016/s0165-1781(03)00185-9,human,not_applicable,high
10.1016/s0165-5876(02)00039-3,human,not_applicable,high
10.1016/s0254-6272(09)60007-8,human,treatment,high
10.1016/s0193-953x(05)70292-6,human,treatment,high
10.1016/s0272-7358(99)00031-8,human,not_applicable,high
10.1016/s0254-6272(15)30152-7,human,treatment,high
10.1016/s0254-6272(09)60026-1,human,treatment,high
10.1016/s0277-9536(00)00117-9,human,not_applicable,high
10.1016/s0277-9536(03)00157-6,other,not_applicable,high
10.1016/s0277-9536(00)00302-6,human,not_applicable,high
10.1016/s0277-9536(02)00515-4,unclear,not_applicable,high
10.1016/s0277-9536(02)00420-3,human,not_applicable,high
10.1016/s0300-2977(00)00030-9,human,not_applicable,high
10.1016/s0301-0511(01)00092-8,human,not_applicable,high
10.1016/s0301-0511(01)00120-x,human,not_applicable,high
10.1016/s0304-3940(02)01058-3,human,not_applicable,high
10.1016/s0304-3959(98)00134-1,human,not_applicable,high
10.1016/s0306-4530(00)00044-5,human,not_applicable,high
10.1016/s0306-4530(03)00026-x,human,not_applicable,high
10.1016/s0306-4530(99)00028-1,human,not_applicable,high
10.1016/s0306-4530(99)00035-9,human,not_applicable,high
10.1016/s0306-9877(02)00294-3,human,treatment,high
10.1016/s0306-4530(03)00104-5,human,treatment,high
10.1016/s0306-9877(02)00321-3,other,not_applicable,high
10.1016/s0306-4530(97)00002-4,human,not_applicable,high
10.1016/s0306-9877(03)00016-1,unclear,not_applicable,high
10.1016/s0306-9877(03)00062-8,other,not_applicable,high
10.1016/s0306-9877(02)00353-5,other,not_applicable,high
10.1016/s0306-9877(03)00096-3,other,not_applicable,high
10.1016/s0306-9877(02)00332-8,human,not_applicable,high
10.1016/s0306-9877(03)00185-3,other,not_applicable,high
10.1016/s0306-9877(03)00103-8,human,not_applicable,high
10.1016/s0306-9877(96)90001-8,unclear,not_applicable,high
10.1016/s0306-9877(03)00331-1,human,treatment,high
10.1016/s0344-0338(89)80299-7,human,not_applicable,high
10.1016/s0361-9230(01)00478-6,human,not_applicable,high
10.1016/s0889-857x(05)70180-0,human,not_applicable,high
10.1016/s0399-8320(09)71521-0,human,not_applicable,high
10.1016/s0889-857x(05)70270-2,human,not_applicable,high
10.1016/s0891-5849(00)00419-6,human,not_applicable,high
10.1016/s0889-857x(05)70272-6,human,not_applicable,high
10.1016/s0924-9338(00)94661-3,animal,not_applicable,medium
10.1016/s0924-9338(00)94855-7,unclear,unclear,low
10.1016/s0924-9338(10)71019-1,human,treatment,high
10.1016/s0387-7604(99)00111-4,human,not_applicable,high
10.1016/s0924-9338(10)71020-8,human,treatment,high
10.1016/s0924-9338(11)73278-3,human,not_applicable,high
10.1016/s0924-9338(13)76145-5,human,treatment,high
10.1016/s0924-9338(12)74396-1,human,not_applicable,high
10.1016/s0924-9338(14)78232-x,human,not_applicable,high
10.1016/s0924-9338(99)80033-9,unclear,not_applicable,high
10.1016/s0924-9338(13)76148-0,human,treatment,high
10.1016/s0924-9338(99)80035-2,human,not_applicable,medium
10.1016/s0924-9338(99)80036-4,human,not_applicable,medium
10.1016/s0924-9338(99)80037-6,human,treatment,high
10.1016/s0924-9338(99)80040-6,human,not_applicable,medium
10.1016/s0928-4680(03)00007-5,human,treatment,high
10.1016/s0924-9338(99)80455-6,human,not_applicable,medium
10.1016/s0960-8966(03)00042-7,human,not_applicable,high
10.1016/s0960-8966(98)00021-2,human,not_applicable,high
10.1016/s1047-2797(00)00083-1,human,not_applicable,high
10.1016/s1047-2797(00)00119-8,human,not_applicable,high
10.1016/s1079-2104(98)90366-3,human,not_applicable,high
10.1016/s1081-1206(10)62229-6,human,not_applicable,high
10.1016/s0966-6362(00)00105-3,human,not_applicable,high
10.1016/s1081-1206(10)62595-1,human,treatment,high
10.1016/s1087-0792(99)90020-5,human,not_applicable,high
10.1016/s1090-3801(02)00044-7,human,treatment,high
10.1016/s1081-1206(10)63129-8,human,not_applicable,high
10.1016/s1090-3801(98)90006-4,human,treatment,high
10.1016/s1096-6374(98)80036-1,human,not_applicable,high
10.1016/s1096-6374(98)80037-3,human,treatment,high
10.1016/s1096-2190(99)00017-7,human,not_applicable,high
10.1016/s1240-1307(00)88835-4,unclear,not_applicable,high
10.1016/s1365-6937(15)30071-x,human,not_applicable,high
10.1016/s1386-6532(06)70010-5,human,not_applicable,high
10.1016/s1047-2797(97)00203-2,human,not_applicable,high
10.1016/s1386-6532(99)00079-7,human,not_applicable,high
10.1016/s1386-6532(06)70011-7,human,not_applicable,high
10.1016/s1388-2457(00)00444-2,human,not_applicable,high
10.1016/s1521-6942(03)00033-0,human,not_applicable,high
10.1016/s1388-2457(99)00144-3,human,not_applicable,high
10.1016/s1389-9457(00)00028-9,human,not_applicable,high
10.1016/s1566-0702(03)00155-3,human,not_applicable,high
10.1016/s1697-2600(14)70041-9,human,not_applicable,high
10.1016/s2215-0366(14)00069-8,human,treatment,high
10.1016/s2215-0366(15)00317-x,human,treatment,high
10.1017/cbo9780511543845.022,human,not_applicable,high
10.1017/cts.2023.488,human,not_applicable,high
10.1017/cbo9780511722240.004,unclear,not_applicable,high
10.1017/ipm.2020.40,unclear,not_applicable,high
10.1016/s2215-0366(17)30126-8,human,treatment,high
10.1017/cbo9780511549700.003,human,treatment,high
10.1017/neu.2017.35,human,treatment,high
10.1017/neu.2024.10,human,not_applicable,high
10.1017/s0029665122001057,human,treatment,high
10.1017/s0022172400064718,human,not_applicable,high
10.1017/s0033291700025629,unclear,not_applicable,high
10.1017/s003329170002225x,human,not_applicable,high
10.1017/s0033291700020456,human,not_applicable,high
10.1017/s0033291700027811,human,not_applicable,high
10.1017/s0033291700035923,human,not_applicable,high
10.1017/s0033291700026453,human,not_applicable,high
10.1017/s0033291700037417,human,not_applicable,high
10.1017/s0033291700037818,human,not_applicable,high
10.1017/s0033291700037429,human,not_applicable,high
10.1017/s0033291701003610,human,not_applicable,high
10.1017/s0033291702006086,human,not_applicable,high
10.1017/s0033291701004664,human,not_applicable,high
10.1017/s0033291701003580,human,not_applicable,high
10.1017/s0033291702005834,human,not_applicable,high
10.1017/s0033291700038277,unclear,not_applicable,low
10.1017/s0033291702006529,human,not_applicable,high
10.1017/s0033291703001302,human,not_applicable,high
10.1017/s0033291700013210,other,not_applicable,high
10.1017/s0033291705005052,human,not_applicable,high
10.1017/s0033291704213204,other,not_applicable,high
10.1017/s0033291703008791,human,treatment,high
10.1017/s0033291705005210,human,not_applicable,high
10.1017/s0033291702006980,human,not_applicable,high
10.1017/s0033291705006975,human,not_applicable,high
10.1017/s0033291703008274,human,not_applicable,high
10.1017/s0033291705006926,human,not_applicable,high
10.1017/s0033291706007975,human,not_applicable,high
10.1017/s0033291706008099,human,not_applicable,high
10.1017/s0033291707001602,human,not_applicable,high
10.1017/s0033291707001444,human,not_applicable,high
10.1017/s0033291708003450,human,not_applicable,high
10.1017/s0033291707001560,human,not_applicable,high
10.1017/s0033291707001900,human,not_applicable,high
10.1017/s0033291708004960,human,not_applicable,high
10.1017/s0033291709005601,human,not_applicable,high
10.1017/s0033291709990390,human,treatment,high
10.1017/s003329170999153x,human,treatment,high
10.1017/s0033291709992054,human,not_applicable,high
10.1017/s0033291710000504,human,not_applicable,high
10.1017/s0033291713000020,human,treatment,high
10.1017/s0033291712000979,human,not_applicable,high
10.1017/s0033291709992212,human,treatment,high
10.1017/s0033291712001936,human,not_applicable,high
10.1017/s003329171000139x,human,prevention,high
10.1017/s003329171300127x,human,not_applicable,high
10.1017/s0033291712000232,human,treatment,high
10.1017/s003329171300130x,human,not_applicable,medium
10.1017/s0033291713001281,human,not_applicable,high
10.1017/s0033291713001268,human,not_applicable,high
10.1017/s0033291713001311,human,treatment,high
10.1017/s0033291713002006,human,treatment,high
10.1017/s0033291713002468,human,prevention,high
10.1017/s0033291713002201,human,treatment,high
10.1017/s0033291715000288,human,treatment,high
10.1017/s0033291716002890,human,not_applicable,high
10.1017/s0033291720002470,human,not_applicable,high
10.1017/s0033291720001774,human,not_applicable,high
10.1017/s0033291716003615,human,not_applicable,high
10.1017/s0033291722002471,human,treatment,high
10.1017/s0033291723001885,human,not_applicable,high
10.1017/s0033291723003148,human,treatment,high
10.1017/s0033291723003355,human,not_applicable,high
10.1017/s0033291722000526,human,not_applicable,high
10.1017/s0033291723003690,human,treatment,high
10.1017/s003329172500100x,human,not_applicable,high
10.1017/s0033291725100603,human,not_applicable,high
10.1017/s0033291796004035,human,not_applicable,high
10.1017/s0033291797004893,unclear,not_applicable,high
10.1017/s0033291715002366,other,not_applicable,high
10.1017/s0033291797006260,human,not_applicable,high
10.1017/s0033291796004357,human,not_applicable,high
10.1017/s0033291798008265,human,not_applicable,medium
10.1017/s003329179800748x,human,not_applicable,high
10.1017/s0033291799001816,human,not_applicable,high
10.1017/s0033291799002500,human,not_applicable,high
10.1017/s0033291799003001,human,not_applicable,high
10.1017/s0033291799003189,human,not_applicable,high
10.1017/s0266462311000213,human,not_applicable,high
10.1017/s0790966700005218,human,not_applicable,high
10.1017/s0033291797005370,unclear,not_applicable,high
10.1017/s0924270800035870,human,not_applicable,high
10.1017/s081651220002722x,human,not_applicable,high
10.1017/s096719942000057x,animal,not_applicable,high
10.1017/s1037291100001515,human,not_applicable,high
10.1017/s1041610223003733,human,treatment,high
10.1017/s1092852900014358,unclear,not_applicable,high
10.1017/s1092852900014383,human,treatment,high
10.1017/s1121189x00007089,human,not_applicable,high
10.1017/s1352465801004052,human,treatment,high
10.1017/s1092852900014395,human,not_applicable,high
10.1017/s1092852900022604,human,not_applicable,high
10.1017/s1352465804001109,human,treatment,high
10.1017/s1352465800015241,human,treatment,high
10.1017/s1352465805002092,human,treatment,high
10.1017/s135246580400181x,human,treatment,high
10.1017/s1352465810000792,human,treatment,high
10.1017/s1352465811000373,unclear,unclear,low
10.1017/s1352465816000631,human,not_applicable,high
10.1017/s1352465814000290,other,not_applicable,high
10.1017/s135246581500017x,human,treatment,high
10.1017/s1352465811000543,human,treatment,high
10.1017/s1352465817000108,human,treatment,high
10.1017/s1352465819000110,human,treatment,high
10.1017/s1352465817000261,human,not_applicable,high
10.1017/s1352465819000390,human,not_applicable,high
10.1017/s135246581700025x,human,treatment,high
10.1017/s1352465820000193,human,not_applicable,high
10.1017/s1352465899273067,human,treatment,high
10.1017/s1352465825100945,human,treatment,high
10.1017/s135561779845505x,human,not_applicable,high
10.1017/s1355617721000643,human,treatment,high
10.1017/s1360641700272481,human,not_applicable,medium
10.1017/s1355617701733024,human,not_applicable,high
10.1017/s146239949700001x,other,not_applicable,high
10.1017/s146342361000037x,human,treatment,high
10.1017/s1360641798291763,human,not_applicable,high
10.1017/s1754470x20000525,human,not_applicable,high
10.1017/s1355617704101124,human,not_applicable,high
10.1017/s1355617704102178,human,not_applicable,high
10.1017/s1463423613000145,human,not_applicable,high
10.1017/s1463423613000121,human,treatment,high
10.1017/s1754470x2400045x,human,not_applicable,high
10.1017/upo9780987073051.020,other,not_applicable,high
10.1021/acsptsci.5c00229,other,treatment,high
10.1021/acschemneuro.4c00444,human,not_applicable,high
10.1021/acs.biochem.3c00433,other,not_applicable,high
10.1021/cen-09436-notw3,human,not_applicable,high
10.1021/cen-10233-reactions,unclear,not_applicable,high
10.1021/cen-09718-scicon10,human,not_applicable,high
10.1023/a:1005577823045,human,not_applicable,high
10.1021/cen-10230-cover,unclear,not_applicable,high
10.1023/a:1014248301721,human,not_applicable,high
10.1023/a:1015635113159,human,not_applicable,high
10.1023/a:1020423124675,human,not_applicable,high
10.1023/a:1020510718013,human,not_applicable,high
10.1023/a:1018726713470,human,not_applicable,high
10.1023/a:1020475108745,human,treatment,high
10.1023/a:1020595709352,human,not_applicable,high
10.1023/a:1018788427100,human,not_applicable,high
10.1023/a:1020558917955,human,not_applicable,high
10.1023/a:1014328319297,human,not_applicable,high
10.1023/a:1024176016962,human,not_applicable,high
10.1023/a:1026459027453,human,not_applicable,high
10.1023/a:1027314713231,human,not_applicable,high
10.1023/a:1027389907780,human,not_applicable,high
10.1023/b:apbi.0000026635.03016.ef,human,treatment,high
10.1024/0040-5930.64.10.567,human,treatment,high
10.1024/0040-5930/a001092,human,treatment,high
10.1023/b:boli.0000016637.43041.a3,human,not_applicable,high
10.1024/0300-9831.79.4.250,human,not_applicable,high
10.1024//1422-4917.30.2.135,human,not_applicable,medium
10.1023/a:1027330616073,human,not_applicable,high
10.1024/86371-000,other,not_applicable,high
10.1026/0942-5403/a000456,human,not_applicable,high
10.1024/86282-000,human,not_applicable,high
10.1027/0269-8803/a000088,human,treatment,high
10.1027/1015-5759.13.3.164,human,not_applicable,high
10.1027/1015-5759/a000281,human,not_applicable,high
10.1027/2698-1866/a000076,human,not_applicable,high
10.1034/j.1600-0447.2002.01300.x,human,not_applicable,high
10.1034/j.1600-0447.2001.00017.x,human,not_applicable,high
10.1034/j.1601-5215.2002.140207.x,human,treatment,high
10.1034/j.1600-0463.2003.1110504.x,human,not_applicable,high
10.1034/j.1601-5215.2002.140306.x,human,not_applicable,high
10.1034/j.1601-5215.2003.00029.x,human,treatment,high
10.1034/j.1601-5215.2003.00033.x,human,not_applicable,high
10.1034/j.1601-5215.2003.00045.x,human,not_applicable,high
10.1037//1076-8998.4.1.63,human,not_applicable,high
10.1037/0022-006x.76.1.163,human,treatment,high
10.1037/0278-6133.27.3.369,human,not_applicable,high
10.1037/0894-4105.18.2.232,human,not_applicable,high
10.1037/10300-000,other,not_applicable,high
10.1037/0894-4105.21.4.507,human,not_applicable,high
10.1037/a0020052,human,treatment,high
10.1037/a0024118,human,treatment,high
10.1037/a0033561,human,treatment,high
10.1037/bul0000473,human,not_applicable,high
10.1037/a0032084,human,not_applicable,high
10.1037/a0022595,human,not_applicable,high
10.1037/h0085818,other,not_applicable,high
10.1037/hea0000086,human,treatment,high
10.1037/hea0000341,human,not_applicable,high
10.1037/ccp0000085,human,treatment,high
10.1037//0003-066x.52.9.973,human,not_applicable,high
10.1037/hea0000299,human,not_applicable,high
10.1037/hea0000422,human,not_applicable,high
10.1037/hea0001346,human,treatment,high
10.1037/hea0000621,human,not_applicable,high
10.1037/men0000220,human,not_applicable,high
10.1037/met0000154,other,not_applicable,high
10.1037/neu0000025,human,not_applicable,high
10.1037/neu0000982,human,not_applicable,high
10.1037/neu0000550,human,not_applicable,high
10.1037/str0000324,human,treatment,high
10.1037/rep0000285,human,not_applicable,high
10.1038/362458a0,other,not_applicable,high
10.1038/mp.2015.29,human,not_applicable,high
10.1038/ajg.2010.159,human,not_applicable,high
10.1038/npre.2010.4669.1,other,not_applicable,high
10.1038/nrendo.2011.153,human,not_applicable,high
10.1038/nrn3087,unclear,not_applicable,high
10.1038/npre.2012.6847.1,other,not_applicable,high
10.1038/s41380-025-03108-8,human,not_applicable,high
10.1038/s41380-021-01148-4,human,treatment,high
10.1038/nrurol.2010.77,other,not_applicable,high
10.1038/s41380-026-03608-1,human,not_applicable,high
10.1038/s41398-022-02046-1,other,not_applicable,high
10.1038/s41419-025-08162-2,other,not_applicable,high
10.1038/s41467-022-32507-6,human,not_applicable,high
10.1038/s41467-022-33784-x,unclear,not_applicable,high
10.1038/s41467-024-45107-3,human,not_applicable,high
10.1038/s41467-025-64538-0,human,not_applicable,high
10.1038/s41467-025-56428-2,human,not_applicable,high
10.1038/s41591-022-01810-6,human,not_applicable,high
10.1038/s41591-025-03788-3,human,not_applicable,high
10.1038/s41467-025-56427-3,human,treatment,high
10.1038/s41598-017-18585-3,human,not_applicable,high
10.1038/s41598-017-15383-9,human,not_applicable,high
10.1038/s41598-018-20941-w,human,not_applicable,high
10.1038/s41598-018-23238-0,human,not_applicable,high
10.1038/s41598-019-39060-1,human,not_applicable,high
10.1038/s41598-019-47966-z,human,not_applicable,high
10.1038/s41598-019-46249-x,other,not_applicable,high
10.1038/s41598-018-28477-9,human,not_applicable,high
10.1038/s41598-019-55473-4,human,not_applicable,high
10.1038/s41598-020-58506-5,other,not_applicable,high
10.1038/s41598-020-62157-x,human,not_applicable,high
10.1038/s41598-020-75406-w,other,not_applicable,high
10.1038/s41598-020-76438-y,human,not_applicable,high
10.1038/s41598-020-62771-9,human,not_applicable,high
10.1038/s41598-020-77105-y,other,not_applicable,high
10.1038/s41598-021-86425-6,other,not_applicable,high
10.1038/s41598-021-83660-9,other,not_applicable,high
10.1038/s41598-021-87018-z,human,prevention,high
10.1038/s41598-021-04764-w,human,not_applicable,high
10.1038/s41598-021-89834-9,human,not_applicable,high
10.1038/s41598-021-95087-3,human,not_applicable,high
10.1038/s41598-023-32581-w,human,not_applicable,high
10.1038/s41598-023-29329-x,human,not_applicable,high
10.1038/s41598-023-28955-9,human,not_applicable,high
10.1038/s41598-023-40364-6,other,not_applicable,high
10.1038/s41598-023-49402-9,human,not_applicable,high
10.1038/s41598-024-52368-x,human,not_applicable,high
10.1038/s41598-024-75651-3,human,not_applicable,high
10.1038/s41598-025-21230-z,other,not_applicable,high
10.1038/s41598-025-16438-y,human,not_applicable,high
10.1038/s41598-025-09379-z,human,not_applicable,high
10.1038/s41598-025-86609-4,human,not_applicable,high
10.1038/s41598-025-27564-y,human,not_applicable,high
10.1038/s41598-025-91324-1,human,not_applicable,high
10.1038/s41598-025-85217-6,other,not_applicable,high
10.1038/s41598-026-40848-1,human,not_applicable,high
10.1038/s41598-026-46965-1,human,not_applicable,high
10.1038/s41598-026-51666-w,human,not_applicable,high
10.1038/s41598-025-93313-w,animal,not_applicable,high
10.1038/s43856-024-00669-7,human,not_applicable,high
10.1038/s43856-025-00827-5,human,not_applicable,high
10.1038/s41746-025-01939-x,human,not_applicable,high
10.1038/s44321-025-00258-8,human,not_applicable,high
10.1038/s44294-025-00120-9,human,not_applicable,high
10.1038/s44324-025-00079-w,human,not_applicable,high
10.1038/sj.jhh.1001517,human,not_applicable,high
10.1038/sj.npp.1301005,human,not_applicable,high
10.1038/srep19171,human,not_applicable,high
10.1038/srep34990,human,not_applicable,high
10.1038/srep37846,human,treatment,high
10.1038/tp.2015.208,human,not_applicable,high
10.1038/tp.2016.184,human,not_applicable,high
10.1038/tp.2017.44,human,not_applicable,high
10.1039/c6mb00600k,human,not_applicable,high
10.1039/c8an01437j,other,not_applicable,high
10.1039/d2mo00124a,human,not_applicable,high
10.1038/s41598-026-49131-9,human,not_applicable,high
10.1042/bcj20220016,human,treatment,high
10.1039/d4fo04195j,animal,treatment,high
10.1042/bcj20220154,other,not_applicable,high
10.1042/bio03902010,human,not_applicable,high
10.1042/bsr20180242,other,not_applicable,high
10.1042/bst20170503,other,not_applicable,high
10.1042/cs078034p,human,not_applicable,medium
10.1042/cs084046p,human,not_applicable,high
10.1042/cs0870655,human,not_applicable,high
10.1042/cs088025pb,human,not_applicable,high
10.1038/tpj.2016.53,human,treatment,high
10.1042/cs0900295,human,not_applicable,high
10.1042/cs20020279,human,not_applicable,high
10.1042/cs20020354,human,not_applicable,high
10.1042/cs20070274,human,not_applicable,high
10.1042/cs20030246,human,not_applicable,high
10.1042/cs20090055,human,not_applicable,high
10.1042/cs20090327,human,not_applicable,high
10.1042/cs20110200,human,not_applicable,high
10.1042/cs20110241,human,not_applicable,high
10.1042/cs20171330,other,not_applicable,high
10.1042/cs20160200,other,not_applicable,high
10.1046/j.1360-0443.2001.9611159.x,other,not_applicable,high
10.1046/j.1365-2222.2003.01745.x,other,not_applicable,high
10.1046/j.1365-2249.2003.02149.x,other,not_applicable,high
10.1046/j.1365-2249.2002.01912.x,human,not_applicable,high
10.1046/j.1365-2265.1998.00418.x,human,not_applicable,high
10.1046/j.1365-2265.1999.00856.x,human,not_applicable,high
10.1046/j.1365-2265.2001.01341.x,human,treatment,high
10.1046/j.1365-2265.2000.01049.x,human,not_applicable,high
10.1046/j.1365-2281.2001.00321.x,human,not_applicable,high
10.1046/j.1365-2281.1999.00154.x,human,not_applicable,high
10.1046/j.1365-2362.1997.1120664.x,other,not_applicable,high
10.1046/j.1365-2648.2001.00628.x,other,not_applicable,high
10.1046/j.1365-2648.2001.01767.x,human,not_applicable,high
10.1046/j.1365-2362.2002.01058.x,human,treatment,high
10.1046/j.1365-2796.1999.00478.x,human,treatment,high
10.1046/j.1365-2362.1998.00373.x,human,not_applicable,high
10.1046/j.1365-2370.2001.00235.x,human,not_applicable,high
10.1046/j.1365-2796.1999.00479.x,human,not_applicable,high
10.1046/j.1365-2796.1999.00513.x,human,not_applicable,high
10.1046/j.1365-2796.2000.00695.x,human,treatment,high
10.1046/j.1365-2796.2001.00890.x,human,not_applicable,high
10.1046/j.1440-0979.1999.00145.x,human,not_applicable,high
10.1046/j.1440-1614.1999.00532.x,human,treatment,high
10.1046/j.1365-2648.2003.02934.x,human,not_applicable,high
10.1046/j.1440-1614.2000.0716b.x,unclear,not_applicable,high
10.1046/j.1440-1614.2002.01017.x,other,not_applicable,high
10.1046/j.1440-1614.2001.00888.x,human,not_applicable,high
10.1046/j.1440-1754.2002.00786.x,human,treatment,high
10.1046/j.1440-1819.2003.01132.x,human,not_applicable,high
10.1046/j.1440-1665.2003.00559.x,human,treatment,high
10.1046/j.1440-1630.2003.00336.x,human,not_applicable,high
10.1046/j.1467-0658.2000.00065.x,human,not_applicable,high
10.1046/j.1533-2500.2002.02003.x,other,not_applicable,high
10.1046/j.1440-1665.2003.00569.x,human,not_applicable,high
10.1046/j.1601-5215.2003.00050.x,human,treatment,high
10.1046/j.1475-097x.2003.00511.x,human,not_applicable,high
10.1051/medsci/2026036,human,not_applicable,high
10.1046/j.1468-1331.1999.610063.x,human,not_applicable,high
10.1053/berh.2001.0191,human,not_applicable,high
10.1053/berh.2000.0113,unclear,not_applicable,medium
10.1053/gast.2002.32392,human,not_applicable,high
10.1053/sarh.2001.27738,human,not_applicable,high
10.1053/sarh.2000.9201,human,not_applicable,high
10.1054/homp.2002.0009,human,treatment,high
10.1053/sarh.2002.34608,human,not_applicable,high
10.1053/berh.1999.0032,human,not_applicable,high
10.1054/mehy.1998.0780,human,not_applicable,high
10.1054/mehy.1998.0822,other,not_applicable,high
10.1054/mehy.1999.0964,human,not_applicable,high
10.1054/mehy.2001.1325,other,not_applicable,high
10.1054/mehy.1998.0825,other,not_applicable,high
10.1055/a-0802-9175,human,not_applicable,high
10.1055/a-0596-7981,human,not_applicable,high
10.1054/mehy.2001.1507,human,treatment,high
10.1054/mehy.2001.1306,other,not_applicable,high
10.1055/a-1849-8953,human,not_applicable,high
10.1055/a-1935-6399,human,not_applicable,medium
10.1055/a-1956-0321,human,not_applicable,high
10.1055/a-1935-6658,other,not_applicable,high
10.1055/a-2197-6479,human,not_applicable,high
10.1055/a-2212-2344,unclear,not_applicable,high
10.1055/a-2231-5381,human,treatment,high
10.1055/a-1767-7695,other,not_applicable,high
10.1055/a-2230-6195,human,not_applicable,high
10.1055/a-2323-4108,human,treatment,high
10.1055/a-1972-9450,human,treatment,high
10.1055/a-2323-9507,human,not_applicable,high
10.1055/a-2445-8593,human,treatment,high
10.1055/a-2628-2844,unclear,not_applicable,high
10.1055/a-2678-7739,human,treatment,high
10.1055/a-2701-7947,unclear,not_applicable,high
10.1055/a-2773-9655,human,treatment,high
10.1055/a-2818-3438,human,treatment,high
10.1055/a-2823-6976,human,not_applicable,high
10.1055/a-2866-9127,human,not_applicable,high
10.1055/s-0029-1234284,human,treatment,high
10.1055/s-0031-1287654,human,not_applicable,high
10.1055/s-0031-1296741,human,treatment,high
10.1055/s-0032-1327706,unclear,not_applicable,high
10.1055/s-0034-1395804,human,treatment,high
10.1055/s-0035-1557320,human,treatment,high
10.1055/s-0035-1564060,human,treatment,high
10.1055/s-0042-121259,human,treatment,high
10.1055/s-0043-100651,human,not_applicable,high
10.1055/s-0042-120962,unclear,not_applicable,high
10.1055/s-2000-9429,human,not_applicable,high
10.1055/s-2001-12681,unclear,not_applicable,high
10.1055/s-0044-1778972,human,not_applicable,high
10.1055/s-2005-865120,other,not_applicable,high
10.1055/s-0035-1557385,human,not_applicable,high
10.1055/s-2005-872939,human,treatment,high
10.1055/s-2006-945639,human,not_applicable,high
10.1055/s-2007-1015121,human,not_applicable,high
10.1055/s-2007-964888,human,not_applicable,high
10.1055/s-2006-946706,human,treatment,high
10.1055/s-2007-978690,human,not_applicable,high
10.1055/s-2007-996379,unclear,not_applicable,high
10.1056/id199811010000020,human,treatment,high
10.1056/id200012210000013,unclear,not_applicable,low
10.1055/s-2008-1040876,human,not_applicable,high
10.1056/id200910210000002,unclear,not_applicable,medium
10.1056/jn200309050000008,human,not_applicable,high
10.1056/jn200410210000007,human,not_applicable,high
10.1056/jn200610310000006,human,prevention,medium
10.1056/jp199509010000017,human,not_applicable,medium
10.1056/jn200412300000004,unclear,not_applicable,medium
10.1056/jp199511010000004,human,not_applicable,high
10.1056/jp199601010000020,human,not_applicable,medium
10.1056/jp199606010000006,human,treatment,high
10.1056/jp199604010000010,human,not_applicable,high
10.1056/jp199709010000016,human,treatment,high
10.1056/jp200107260000004,human,not_applicable,high
10.1056/jp200305070000005,human,not_applicable,high
10.1056/jp200111150000002,human,not_applicable,high
10.1056/jp200912140000004,unclear,not_applicable,low
10.1056/jp200004010000019,human,not_applicable,high
10.1056/jp201103210000005,human,treatment,medium
10.1056/jp200106210000013,human,not_applicable,medium
10.1056/jw199102120000005,human,not_applicable,high
10.1056/jw199205120000006,human,not_applicable,medium
10.1056/jw198808230000005,human,not_applicable,high
10.1056/jw199511070000003,human,not_applicable,high
10.1056/jw199304130000001,human,not_applicable,high
10.1056/jw199410120000003,unclear,unclear,low
10.1056/jw199511070000004,unclear,not_applicable,high
10.1056/jw199810060000006,human,treatment,high
10.1056/jw199602090000002,human,treatment,high
10.1056/jw200002220000002,human,not_applicable,high
10.1056/jw199708120000007,human,treatment,high
10.1056/jw201103010000004,human,treatment,high
10.1056/jw200910220000001,human,not_applicable,medium
10.1056/nejm-jw.na37816,unclear,not_applicable,high
10.1056/nejm-jw.na43613,human,treatment,high
10.1056/nejm-jw.na46472,human,treatment,high
10.1056/nejm-jw.na44320,human,not_applicable,medium
10.1056/nejm-jw.na40492,human,not_applicable,high
10.1056/nejm-jw.na48830,human,treatment,high
10.1056/nejm-jw.na37817,human,not_applicable,high
10.1056/nejm-jw.na49222,human,not_applicable,high
10.1056/nejm195708222570802,human,not_applicable,high
10.1056/nejm195708222570801,human,not_applicable,high
10.1056/nejm198812293192602,human,treatment,high
10.1056/nejm198812293192608,other,not_applicable,high
10.1056/nejm198907203210310,human,treatment,high
10.1056/pa200211120000004,human,not_applicable,high
10.1056/pa201205090000002,human,treatment,high
10.1057/9781137467324_11,human,not_applicable,high
10.1057/9781137467324_12,other,not_applicable,high
10.1056/pa200806250000003,human,not_applicable,high
10.1056/pa201201250000003,human,not_applicable,high
10.1057/9781137467324_13,human,not_applicable,high
10.1057/9781137467324_14,other,not_applicable,high
10.1057/9781137467324_3,unclear,not_applicable,high
10.1057/9781137467324_15,other,not_applicable,high
10.1057/9781137467324_9,other,not_applicable,high
10.1057/9781137467324_7,human,not_applicable,high
10.1057/9781137467324,other,not_applicable,high
10.1057/9781137467324_10,unclear,not_applicable,high
10.1063/1.2759765,human,not_applicable,high
10.1067/mai.2003.1615,human,not_applicable,high
10.1063/5.0026633,human,not_applicable,high
10.1067/mhn.2002.129038,human,not_applicable,high
10.1057/9781137467324_4,other,not_applicable,high
10.1067/mpd.2002.122725,human,not_applicable,high
10.1067/moe.2000.107363,human,not_applicable,high
10.1067/mpd.2002.127496,human,not_applicable,high
10.1071/hc19041,other,not_applicable,high
10.1057/9781137467324_8,human,not_applicable,high
10.1057/9781137467324_5,other,not_applicable,high
10.1071/py02030,human,not_applicable,high
10.1071/ah23106,human,not_applicable,high
10.1071/py09063,human,treatment,high
10.1071/py99020,other,not_applicable,high
10.1073/pnas.0913650107,other,not_applicable,high
10.1073/pnas.1012780107,human,not_applicable,high
10.1073/pnas.1007944107,animal,not_applicable,high
10.1073/pnas.1012930107,other,not_applicable,high
10.1073/pnas.1006901107,human,not_applicable,high
10.1073/pnas.1012441107,human,not_applicable,high
10.1071/py09023,other,not_applicable,high
10.1073/pnas.1615143113,human,not_applicable,high
10.1073/pnas.1607571113,human,not_applicable,high
10.1073/pnas.1616261113,other,not_applicable,high
10.1073/pnas.1618447114,human,not_applicable,high
10.1073/pnas.1618984114,other,not_applicable,high
10.1073/pnas.1712475114,human,not_applicable,high
10.1073/pnas.1710519114,human,not_applicable,high
10.1073/pnas.1119641109,human,not_applicable,high
10.1073/pnas.1901274116,human,not_applicable,high
10.1073/pnas.1714011114,human,not_applicable,high
10.1073/pnas.2024358118,human,not_applicable,high
10.1073/pnas.1703858114,other,not_applicable,high
10.1073/pnas.2415119121,human,not_applicable,high
10.1073/pnas.2426564122,human,not_applicable,high
10.1073/pnas.2507345122,human,not_applicable,high
10.1073/pnas.2302738120,other,not_applicable,high
10.1073/pnas.88.7.2922,human,not_applicable,high
10.1074/jbc.m201263200,other,not_applicable,high
10.1073/pnas.2426874122,human,treatment,high
10.1075/ni.13.1.03bul,other,not_applicable,high
10.1076/jcen.20.2.144.1160,human,not_applicable,high
10.1076/clin.15.2.210.1896,human,not_applicable,high
10.1076/jcen.21.5.709.875,human,not_applicable,high
10.1078/1438-4639-00103,human,treatment,high
10.1076/clin.12.4.503.7237,human,not_applicable,high
10.1080/00039890209601419,human,not_applicable,high
10.1080/00029157.2003.10403556,other,not_applicable,high
10.1080/00039899909602493,human,not_applicable,high
10.1080/00050069908257428,human,not_applicable,high
10.1080/00207450390200026,human,not_applicable,high
10.1080/00140138808966801,human,not_applicable,high
10.1080/00207454.2019.1663189,human,treatment,high
10.1080/00325481.1991.11700814,human,treatment,medium
10.1080/00207411.1990.11449173,unclear,not_applicable,high
10.1080/00048670802534432,human,not_applicable,high
10.1080/00325481.1992.11701326,human,treatment,high
10.1080/00325481.1994.11945923,human,not_applicable,high
10.1080/00365521.2023.2173533,human,not_applicable,high
10.1080/00913847.1989.11709812,unclear,not_applicable,high
10.1080/00335630.2023.2291895,other,not_applicable,high
10.1080/00365520701580397,human,not_applicable,high
10.1080/00913847.1989.11709813,human,not_applicable,medium
10.1080/00926230701866232,human,not_applicable,high
10.1080/00926230903065179,human,not_applicable,high
10.1080/01421590801946970,other,not_applicable,high
10.1080/0092623x.2013.864370,human,not_applicable,high
10.1080/01459740.2001.9966180,human,not_applicable,high
10.1080/01443619965174,human,not_applicable,high
10.1080/01688639608408290,human,not_applicable,high
10.1080/02667363.2011.629461,other,not_applicable,high
10.1080/016128400247979,human,not_applicable,high
10.1080/0266736990150305,human,not_applicable,high
10.1080/01688639708403744,human,not_applicable,high
10.1080/01621459.2013.830071,human,not_applicable,high
10.1080/02668734.2012.678644,human,not_applicable,high
10.1080/01926187.2011.642651,human,not_applicable,high
10.1080/02699052.2025.2575479,human,not_applicable,high
10.1080/02813430500254034,human,not_applicable,high
10.1080/028134300453377,human,not_applicable,high
10.1080/02691728.2023.2171748,other,not_applicable,high
10.1080/030097400750001798,human,not_applicable,high
10.1080/02813432.2026.2637743,human,not_applicable,high
10.1080/03007995.2023.2242244,human,not_applicable,high
10.1080/0306988031000147884,human,not_applicable,high
10.1080/03069885.2014.987725,human,treatment,high
10.1080/03630240802131965,human,not_applicable,high
10.1080/073993300245258,human,not_applicable,high
10.1080/07315724.2000.10718934,human,treatment,high
10.1080/07399330600803766,human,not_applicable,high
10.1080/02813432.2023.2235609,unclear,not_applicable,high
10.1080/07399330050082263,human,not_applicable,high
10.1080/07399330600803741,human,not_applicable,high
10.1080/07399332.2012.684816,human,not_applicable,high
10.1080/07399332.2014.962139,human,not_applicable,high
10.1080/073993300245249,other,not_applicable,high
10.1080/07399332.2018.1521811,human,not_applicable,high
10.1080/07420528.2024.2380020,human,not_applicable,high
10.1080/07399332.2021.1925900,other,not_applicable,high
10.1080/07853890.2023.2208372,human,not_applicable,high
10.1080/07407709908571322,other,not_applicable,high
10.1080/07481187.2020.1776789,human,not_applicable,high
10.1080/07399332.2022.2043862,human,not_applicable,high
10.1080/07481187.2022.2132551,human,not_applicable,high
10.1080/07853890.2019.1683601,human,not_applicable,high
10.1080/07399332.2019.1663195,other,not_applicable,high
10.1080/08039488.2018.1493747,human,not_applicable,high
10.1080/08854726.2010.492713,human,treatment,high
10.1080/08870440701619957,human,not_applicable,high
10.1080/08870440108405506,other,not_applicable,high
10.1080/08870440802403863,human,not_applicable,high
10.1080/08870440290029575,human,not_applicable,high
10.1080/08039488.2024.2332442,human,not_applicable,high
10.1080/08870440701757393,human,not_applicable,high
10.1080/08870440903494191,other,not_applicable,high
10.1080/08870446.2010.519769,human,not_applicable,high
10.1080/08870446.2012.721882,human,not_applicable,high
10.1080/08870446.2013.863885,human,not_applicable,high
10.1080/08870448908400373,human,not_applicable,high
10.1080/08870446.2023.2220009,human,not_applicable,high
10.1080/08870446.2016.1167209,human,not_applicable,high
10.1080/08870449808406134,human,not_applicable,high
10.1080/08870446.2019.1579331,human,not_applicable,high
10.1080/08870449208404293,human,not_applicable,high
10.1080/08870449808407452,human,not_applicable,high
10.1080/08870449908407340,human,not_applicable,high
10.1080/08916930701197273,other,not_applicable,high
10.1080/08916930902736663,human,not_applicable,high
10.1080/08923970802391525,animal,treatment,high
10.1080/08964289.1995.9933737,human,not_applicable,high
10.1080/08995601003638892,human,not_applicable,high
10.1080/08989575.2016.1138359,other,not_applicable,high
10.1080/08964280903521370,human,not_applicable,high
10.1080/08964289.1996.9933767,human,treatment,high
10.1080/09084282.2011.595448,human,not_applicable,high
10.1080/09540260600581852,human,not_applicable,high
10.1080/09084282.2013.771264,human,not_applicable,high
10.1080/09540261.2016.1191448,human,treatment,high
10.1080/09593985.2017.1331481,human,treatment,high
10.1080/09593980701429406,human,treatment,high
10.1080/09593980490424950,human,not_applicable,high
10.1080/09638230021000058346,human,not_applicable,high
10.1080/09540260600583015,human,treatment,high
10.1080/09638230124091,human,not_applicable,high
10.1080/09638230500076165,human,not_applicable,high
10.1080/09553002.2018.1422871,other,not_applicable,high
10.1080/09638230500136548,human,not_applicable,high
10.1080/09638230500136308,human,treatment,high
10.1080/09638230500136571,human,not_applicable,high
10.1080/09638230500136621,human,not_applicable,high
10.1080/09638280701654518,human,not_applicable,high
10.1080/09638239917274,human,not_applicable,high
10.1080/09638288.2018.1481149,human,not_applicable,high
10.1080/09638280802652015,human,not_applicable,high
10.1080/09638288.2017.1383518,other,not_applicable,high
10.1080/09638288.2018.1499822,human,treatment,high
10.1080/09638288.2021.1949049,human,treatment,high
10.1080/09638288.2022.2043462,human,not_applicable,high
10.1080/09638288.2022.2059112,human,treatment,high
10.1080/09638288.2022.2135776,human,treatment,high
10.1080/10284150400004148,human,not_applicable,high
10.1080/09687599.2025.2492653,other,not_applicable,high
10.1080/10253890601130823,human,not_applicable,high
10.1080/10284150310001640356,human,not_applicable,high
10.1080/10503307.2010.535571,human,treatment,high
10.1080/10550887.2025.2541133,human,not_applicable,high
10.1080/09687599.2012.669107,unclear,not_applicable,high
10.1080/10304312.2013.794190,human,not_applicable,high
10.1080/09687599.2013.796876,unclear,not_applicable,high
10.1080/10615806.2014.888060,human,not_applicable,high
10.1080/10582450801960255,human,not_applicable,high
10.1080/10573320802092039,human,treatment,high
10.1080/10582450802161838,human,not_applicable,high
10.1080/10582450802479784,other,not_applicable,high
10.1080/10810730.2024.2369810,other,not_applicable,high
10.1080/10833196.2017.1300624,human,not_applicable,high
10.1080/10833196.2017.1327131,human,not_applicable,high
10.1080/10852352.2014.973233,human,not_applicable,high
10.1080/10852352.2014.973235,human,not_applicable,high
10.1080/10852352.2014.973238,human,not_applicable,high
10.1080/10833196.2025.2459537,human,treatment,high
10.1080/10852352.2014.973239,human,not_applicable,high
10.1080/10852352.2014.973242,human,not_applicable,high
10.1080/10911359.2015.1011256,other,not_applicable,high
10.1080/10911359.2012.707896,human,not_applicable,high
10.1080/10852352.2014.973240,human,not_applicable,high
10.1080/109158199225116,human,both,medium
10.1080/11038128.2018.1455895,human,not_applicable,high
10.1080/10926771.2011.566035,human,not_applicable,high
10.1080/11038128.2023.2200580,human,not_applicable,high
10.1080/13543784.2023.2242773,human,treatment,high
10.1080/10852352.2014.973237,unclear,not_applicable,high
10.1080/13548500701335698,human,not_applicable,high
10.1080/1354850310001604568,human,not_applicable,high
10.1080/13548506.2011.582124,human,not_applicable,high
10.1080/13548506.2014.951370,human,not_applicable,high
10.1080/13548506.2023.2195670,human,not_applicable,high
10.1080/13548506.2025.2606183,human,not_applicable,high
10.1080/13590840050000852,human,not_applicable,high
10.1080/13548506.2025.2495891,human,not_applicable,high
10.1080/13557850500138613,human,not_applicable,high
10.1080/13590840120103085,human,treatment,high
10.1080/13590840310001642003,human,treatment,high
10.1080/13590840400010284,human,not_applicable,high
10.1080/135468098396099,human,not_applicable,high
10.1080/13590849961492,human,not_applicable,high
10.1080/13590849961690,human,not_applicable,high
10.1080/13590840600681751,human,not_applicable,high
10.1080/13590849961834,human,treatment,high
10.1080/13623699808409384,human,not_applicable,high
10.1080/13803390490510095,human,not_applicable,high
10.1080/1369118x.2012.656139,human,not_applicable,high
10.1080/13803395.2012.668176,human,not_applicable,high
10.1080/13803395.2016.1230180,human,not_applicable,high
10.1080/13854040802441135,human,not_applicable,high
10.1080/13603110903045996,unclear,not_applicable,high
10.1080/14427591.2013.804619,human,not_applicable,high
10.1080/13648470.1999.9964583,other,not_applicable,high
10.1080/13648470.1998.9964567,unclear,not_applicable,high
10.1080/14733140701526294,human,treatment,high
10.1080/14733140600711955,human,treatment,high
10.1080/14680777.2019.1595694,other,not_applicable,high
10.1080/1464936042000317730,other,not_applicable,high
10.1080/14737175.2025.2516097,human,not_applicable,high
10.1080/14737159.2020.1681976,other,not_applicable,high
10.1080/14768320600774595,human,not_applicable,high
10.1080/14768320701246469,human,not_applicable,high
10.1080/14768320600976224,human,not_applicable,high
10.1080/15438620500222562,human,not_applicable,high
10.1080/14780887.2011.616621,other,not_applicable,high
10.1080/15438620601184331,human,not_applicable,high
10.1080/15438629609512057,human,not_applicable,high
10.1080/15502783.2025.2517278,other,treatment,medium
10.1080/16506070410025823,human,treatment,high
10.1080/15622970701310971,other,not_applicable,high
10.1080/17402520600568252,other,not_applicable,high
10.1080/17405904.2013.829114,other,not_applicable,high
10.1080/1744666x.2022.2116002,human,not_applicable,high
10.1080/15592294.2018.1549769,human,not_applicable,high
10.1080/17482631.2020.1764830,human,treatment,high
10.1080/17468840701680413,human,not_applicable,high
10.1080/17482631.2023.2223420,human,not_applicable,high
10.1080/17482631.2022.2146244,human,not_applicable,high
10.1080/17482631.2025.2595829,human,treatment,high
10.1080/17533010903495306,human,not_applicable,high
10.1080/17513758.2012.704083,other,not_applicable,high
10.1080/17843286.2016.1165396,human,not_applicable,high
10.1080/17843286.2016.1196862,human,not_applicable,high
10.1080/17843286.1994.11718404,other,not_applicable,high
10.1080/17843286.2016.1200816,human,treatment,high
10.1080/19404159909546606,human,not_applicable,high
10.1080/19371910802053232,human,not_applicable,high
10.1080/19490976.2016.1256524,human,not_applicable,high
10.1080/20013078.2018.1453730,human,not_applicable,high
10.1080/21641846.2012.733602,human,treatment,high
10.1080/21635781.2016.1175980,human,not_applicable,high
10.1080/21641846.2013.774556,human,not_applicable,high
10.1080/21641846.2013.812831,other,not_applicable,high
10.1080/21641846.2013.795085,other,not_applicable,high
10.1080/21507740.2013.806376,human,not_applicable,high
10.1080/21548331.1997.11443513,human,not_applicable,high
10.1080/21641846.2013.828960,human,not_applicable,high
10.1080/21641846.2013.838444,human,not_applicable,high
10.1080/21641846.2013.860779,other,not_applicable,high
10.1080/21641846.2013.843255,human,not_applicable,high
10.1080/21507740.2013.796325,unclear,not_applicable,high
10.1080/21641846.2014.904066,human,treatment,high
10.1080/21641846.2014.906066,human,not_applicable,high
10.1080/21641846.2014.928014,human,not_applicable,high
10.1080/21641846.2014.892755,human,not_applicable,high
10.1080/21641846.2014.935607,human,not_applicable,high
10.1080/21641846.2013.862993,human,not_applicable,high
10.1080/21641846.2014.978109,human,not_applicable,high
10.1080/21641846.2014.993873,human,treatment,high
10.1080/21641846.2015.1017344,human,not_applicable,high
10.1080/21641846.2014.978110,human,not_applicable,high
10.1080/21641846.2015.1023652,human,not_applicable,high
10.1080/21641846.2015.1024003,unclear,not_applicable,high
10.1080/21641846.2015.1024004,human,not_applicable,high
10.1080/21641846.2015.1033271,human,not_applicable,high
10.1080/21641846.2015.1039289,human,not_applicable,high
10.1080/21641846.2015.1051291,human,not_applicable,high
10.1080/21641846.2015.1041336,human,not_applicable,high
10.1080/21641846.2015.1035519,human,treatment,high
10.1080/21641846.2015.1091152,human,not_applicable,high
10.1080/21641846.2015.1004831,other,not_applicable,high
10.1080/21641846.2015.1106176,human,not_applicable,high
10.1080/21641846.2015.1124520,human,not_applicable,high
10.1080/21641846.2015.1126025,human,treatment,high
10.1080/21641846.2015.1097102,human,not_applicable,high
10.1080/21641846.2015.1126026,human,not_applicable,high
10.1080/21641846.2015.1090816,human,not_applicable,high
10.1080/21641846.2016.1167470,human,not_applicable,high
10.1080/21641846.2016.1205876,human,treatment,high
10.1080/21641846.2016.1160598,other,not_applicable,high
10.1080/21641846.2016.1207400,human,not_applicable,high
10.1080/21641846.2016.1206176,human,not_applicable,high
10.1080/21641846.2016.1222699,human,treatment,high
10.1080/21641846.2016.1217666,human,treatment,high
10.1080/21641846.2016.1250862,human,not_applicable,high
10.1080/21641846.2016.1247971,human,treatment,high
10.1080/21641846.2016.1236588,human,not_applicable,high
10.1080/21641846.2016.1200884,unclear,not_applicable,high
10.1080/21641846.2017.1273863,human,not_applicable,high
10.1080/21641846.2017.1259724,human,treatment,high
10.1080/21641846.2017.1278634,human,treatment,high
10.1080/21641846.2017.1287546,human,not_applicable,high
10.1080/21641846.2017.1288629,human,treatment,high
10.1080/21641846.2017.1299358,human,treatment,high
10.1080/21641846.2017.1299079,human,not_applicable,high
10.1080/21641846.2017.1311824,unclear,not_applicable,high
10.1080/21641846.2017.1280114,human,not_applicable,high
10.1080/21641846.2017.1299077,human,not_applicable,high
10.1080/21641846.2017.1321166,human,not_applicable,high
10.1080/21641846.2017.1322236,human,not_applicable,high
10.1080/21641846.2017.1322235,human,not_applicable,high
10.1080/21641846.2017.1323576,human,not_applicable,high
10.1080/21641846.2017.1333185,human,not_applicable,high
10.1080/21641846.2017.1343171,human,treatment,high
10.1080/21641846.2017.1353578,human,not_applicable,high
10.1080/21641846.2017.1297280,human,not_applicable,high
10.1080/21641846.2017.1335237,human,not_applicable,high
10.1080/21641846.2017.1362750,human,not_applicable,high
10.1080/21641846.2018.1426086,human,not_applicable,high
10.1080/21641846.2018.1453265,human,not_applicable,high
10.1080/21641846.2018.1384095,human,not_applicable,high
10.1080/21641846.2018.1488525,human,not_applicable,high
10.1080/21641846.2018.1494530,human,not_applicable,high
10.1080/21641846.2018.1453919,human,not_applicable,high
10.1080/21641846.2018.1419553,human,not_applicable,high
10.1080/21641846.2018.1426371,human,not_applicable,high
10.1080/21641846.2018.1503125,human,not_applicable,high
10.1080/21641846.2018.1515583,human,not_applicable,high
10.1080/21641846.2019.1629760,human,not_applicable,high
10.1080/21641846.2019.1653471,human,not_applicable,high
10.1080/21641846.2019.1580855,human,not_applicable,high
10.1080/21641846.2018.1524216,other,not_applicable,high
10.1080/21641846.2019.1652417,human,not_applicable,high
10.1080/21641846.2019.1600825,human,not_applicable,high
10.1080/21641846.2019.1675856,human,not_applicable,high
10.1080/21641846.2019.1687117,human,not_applicable,high
10.1080/21641846.2020.1751455,human,treatment,high
10.1080/21641846.2017.1362780,unclear,not_applicable,high
10.1080/21641846.2019.1692770,human,treatment,high
10.1080/21641846.2020.1816879,unclear,not_applicable,high
10.1080/21641846.2020.1718292,other,not_applicable,high
10.1080/21641846.2020.1827503,other,not_applicable,high
10.1080/21641846.2020.1834295,other,not_applicable,high
10.1080/21641846.2020.1793058,other,not_applicable,high
10.1080/21641846.2020.1845287,human,not_applicable,high
10.1080/21641846.2021.1876613,human,not_applicable,high
10.1080/21641846.2018.1389336,unclear,not_applicable,high
10.1080/21641846.2020.1848262,human,treatment,high
10.1080/21641846.2021.1878716,other,not_applicable,high
10.1080/21641846.2021.1890347,human,treatment,high
10.1080/21641846.2021.1905415,human,not_applicable,high
10.1080/21641846.2021.1922140,human,not_applicable,high
10.1080/21641846.2021.1935373,human,treatment,high
10.1080/21641846.2021.1915131,human,not_applicable,high
10.1080/21641846.2021.1956223,other,not_applicable,high
10.1080/21641846.2020.1757809,unclear,not_applicable,high
10.1080/21641846.2021.1994222,human,not_applicable,high
10.1080/21641846.2021.1950406,human,treatment,high
10.1080/21641846.2021.1969800,human,not_applicable,high
10.1080/21641846.2021.1976560,other,not_applicable,high
10.1080/21641846.2022.2038519,human,treatment,high
10.1080/21641846.2022.2062169,other,not_applicable,high
10.1080/21641846.2022.2128576,human,treatment,high
10.1080/21641846.2023.2175521,human,treatment,high
10.1080/21641846.2022.2124064,other,not_applicable,high
10.1080/21641846.2022.2108628,human,not_applicable,high
10.1080/21641846.2023.2239977,human,not_applicable,high
10.1080/21641846.2023.2175579,human,not_applicable,high
10.1080/21641846.2022.2124775,unclear,not_applicable,high
10.1080/21641846.2023.2245584,human,not_applicable,high
10.1080/21641846.2023.2252613,human,not_applicable,high
10.1080/21641846.2024.2303887,human,not_applicable,high
10.1080/21641846.2023.2286029,human,treatment,high
10.1080/21641846.2024.2306801,human,treatment,high
10.1080/21641846.2024.2322915,human,not_applicable,high
10.1080/21641846.2024.2314409,other,not_applicable,high
10.1080/21641846.2024.2350301,human,not_applicable,high
10.1080/21641846.2022.2150487,human,not_applicable,high
10.1080/21641846.2024.2367921,human,treatment,high
10.1080/21641846.2024.2335861,human,not_applicable,high
10.1080/21641846.2024.2433390,human,treatment,high
10.1080/21641846.2025.2513807,human,treatment,high
10.1080/21641846.2025.2556941,human,not_applicable,high
10.1080/21641846.2026.2671625,human,not_applicable,high
10.1080/21641846.2026.2684907,human,not_applicable,high
10.1080/21641846.2024.2444826,human,not_applicable,high
10.1080/21641846.2026.2688051,human,not_applicable,high
10.1080/21642850.2014.1000908,other,not_applicable,high
10.1080/21642850.2015.1014489,human,not_applicable,high
10.1080/21642850.2013.869176,human,not_applicable,high
10.1080/21642850.2015.1027706,unclear,not_applicable,high
10.1080/22201173.2014.936754,human,not_applicable,high
10.1080/23279095.2018.1519509,human,not_applicable,high
10.1080/23311908.2025.2517870,human,not_applicable,high
10.1080/25785826.2024.2445399,human,treatment,high
10.1080/27707571.2024.2359958,human,not_applicable,high
10.1080/23279095.2024.2434557,human,not_applicable,high
10.1080/23311908.2015.1079945,human,not_applicable,high
10.1080/j.1440-1614.2000.00810.x,human,not_applicable,high
10.1080/j003v17n02_04,human,not_applicable,high
10.1080/j003v18n03_03,human,treatment,high
10.1080/j003v17n02_05,human,treatment,high
10.1080/j003v19n04_02,human,treatment,high
10.1080/j354v18n01_09,other,not_applicable,high
10.1080/j354v20n03_19,other,not_applicable,high
10.1081/erc-200035599,human,not_applicable,high
10.1081/cbi-100101035,human,not_applicable,high
10.1086/313908,human,not_applicable,high
10.1081/txr-120026913,human,not_applicable,high
10.1081/cbi-100103194,human,not_applicable,high
10.1081/iph-120026435,other,not_applicable,high
10.1086/319362,other,not_applicable,high
10.1086/324357,human,not_applicable,high
10.1080/j354v16n04_15,other,not_applicable,high
10.1086/339194,human,not_applicable,high
10.1086/341774,human,not_applicable,high
10.1086/367666,human,not_applicable,high
10.1086/517373,other,not_applicable,high
10.1086/374666,human,treatment,high
10.1086/513627,human,not_applicable,high
10.1086/533453,human,not_applicable,high
10.1086/533471,human,not_applicable,high
10.1086/657167,human,not_applicable,high
10.1086/730432,unclear,not_applicable,high
10.1088/0967-3334/33/2/231,human,not_applicable,high
10.1089/10799900252952235,other,not_applicable,high
10.1089/109662002763003366,animal,treatment,high
10.1088/1758-5090/adf66c,other,not_applicable,high
10.1089/acm.2006.12.857,human,treatment,high
10.1086/657168,human,not_applicable,high
10.1089/acm.2008.0376,human,treatment,high
10.1086/736031,other,not_applicable,high
10.1089/acm.2010.0258,human,treatment,high
10.1089/acm.2008.0496,human,not_applicable,high
10.1089/acm.2014.0055,human,treatment,high
10.1089/acu.2007.0601,human,treatment,high
10.1089/aid.2011.0149,human,not_applicable,high
10.1089/aid.2012.0014,human,not_applicable,high
10.1089/ars.2014.6181,human,treatment,high
10.1089/ars.2020.8230,human,not_applicable,high
10.1089/brain.2015.0366,human,not_applicable,high
10.1089/ars.2022.0018,human,treatment,high
10.1089/ars.2013.5346,human,not_applicable,high
10.1089/brain.2017.0549,human,not_applicable,high
10.1089/brain.2022.0049,human,not_applicable,high
10.1089/cmb.2007.0041,other,not_applicable,high
10.1089/acu.2013.1009,human,treatment,high
10.1089/jir.1997.17.377,human,not_applicable,high
10.1089/jir.2016.29001.rjs,human,not_applicable,high
10.1089/cpb.2009.0002,human,not_applicable,high
10.1089/jmf.2014.7000,other,not_applicable,high
10.1089/jmf.2005.8.47,animal,treatment,high
10.1089/jwh.2008.1255,human,not_applicable,high
10.1089/jwh.1998.7.1135,human,not_applicable,high
10.1089/jwh.2009.1697,human,not_applicable,high
10.1089/jwh.2009.1507,human,not_applicable,high
10.1089/jwh.2009.1900,human,not_applicable,high
10.1089/nsm.2019.0009,human,not_applicable,high
10.1089/whr.2022.0052,human,not_applicable,high
10.1093/abm/16.3.228,human,not_applicable,high
10.1093/aje/153.6.604,human,not_applicable,high
10.1093/aje/kwf187,human,not_applicable,high
10.1093/aje/kwx029,human,not_applicable,high
10.1093/annhyg/meg042,human,not_applicable,high
10.1093/arclin/10.4.348,human,not_applicable,high
10.1093/bja/aen242,human,not_applicable,high
10.1093/bioinformatics/btz686,other,not_applicable,high
10.1093/bjsopen/zrab032,human,treatment,high
10.1093/bmb/ldr010,human,not_applicable,high
10.1093/bmb/ldv057,other,not_applicable,high
10.1093/brain/awn207,human,treatment,high
10.1093/brain/awn140,human,treatment,high
10.1093/brain/awh225,human,not_applicable,high
10.1093/brain/awag016,other,not_applicable,high
10.1093/brain/awn358,human,treatment,high
10.1093/brain/awn208,human,not_applicable,high
10.1093/braincomms/fcag101,human,not_applicable,high
10.1093/braincomms/fcag173,human,not_applicable,high
10.1093/arclin/10.4.376,human,not_applicable,high
10.1093/braincomms/fcaa070,human,not_applicable,high
10.1093/cdj/bsm043,other,not_applicable,high
10.1093/cdn/nzac062.014,human,not_applicable,high
10.1093/cid/ciaa1886,human,not_applicable,high
10.1093/cid/ciae632,human,not_applicable,high
10.1093/cid/ciab075,human,not_applicable,high
10.1093/cid/ciaf624,human,not_applicable,high
10.1093/cid/cit086,human,not_applicable,high
10.1093/cid/ciag240,human,not_applicable,high
10.1093/cid/civ470,human,not_applicable,high
10.1093/clind/15.6.1049,human,not_applicable,high
10.1093/cid/civ699,human,not_applicable,high
10.1093/clinids/13.supplement_1.s109,human,not_applicable,high
10.1093/cid/ciw767,human,not_applicable,high
10.1093/clinids/13.supplement_1.s112,human,not_applicable,high
10.1093/clinids/13.supplement_1.s119,unclear,not_applicable,high
10.1093/clinids/13.supplement_1.s114,human,not_applicable,high
10.1093/clinids/13.supplement_1.s123,other,not_applicable,high
10.1093/clinids/13.supplement_1.s138,unclear,not_applicable,high
10.1093/clinids/13.supplement_1.s12,human,not_applicable,high
10.1093/clinids/13.supplement_1.s26,human,not_applicable,high
10.1093/clinids/13.supplement_1.s39,human,not_applicable,high
10.1093/clinids/13.supplement_1.s19,human,not_applicable,high
10.1093/clinids/13.supplement_1.s45,human,not_applicable,high
10.1093/clinids/13.supplement_1.s60,human,not_applicable,high
10.1093/clinids/13.supplement_1.s32,human,not_applicable,high
10.1093/clinids/13.supplement_1.s68,human,not_applicable,high
10.1093/clinids/13.supplement_1.s56,human,not_applicable,high
10.1093/clinids/13.supplement_1.s87,other,not_applicable,high
10.1093/clinids/13.supplement_1.s8,human,not_applicable,high
10.1093/clinids/13.supplement_1.s90,human,not_applicable,high
10.1093/clinids/13.supplement_1.s73,human,not_applicable,high
10.1093/clinids/14.2.623,human,not_applicable,high
10.1093/clinids/13.supplement_1.s98,other,not_applicable,high
10.1093/clinids/17.6.1074,human,not_applicable,high
10.1093/clinids/18.supplement_1.s105,human,treatment,high
10.1093/clinids/18.supplement_1.s111,human,treatment,high
10.1093/clinids/13.supplement_1.s94,human,not_applicable,high
10.1093/clinids/18.supplement_1.s114,human,treatment,high
10.1093/clinids/18.supplement_1.s11,human,not_applicable,high
10.1093/clinids/18.supplement_1.s112-a,human,treatment,high
10.1093/clinids/18.supplement_1.s115,unclear,not_applicable,high
10.1093/clinids/18.supplement_1.s126,human,not_applicable,high
10.1093/clinids/18.supplement_1.s121,human,not_applicable,high
10.1093/clinids/18.supplement_1.s130,unclear,not_applicable,medium
10.1093/clinids/18.supplement_1.s142,human,not_applicable,high
10.1093/clinids/18.supplement_1.s136,human,not_applicable,high
10.1093/clinids/18.supplement_1.s157,human,not_applicable,high
10.1093/clinids/18.supplement_1.s147,human,not_applicable,high
10.1093/clinids/18.supplement_1.s160,human,not_applicable,high
10.1093/clinids/18.supplement_1.s28,human,not_applicable,high
10.1093/clinids/18.supplement_1.s16,human,not_applicable,high
10.1093/clinids/18.supplement_1.s21,human,not_applicable,high
10.1093/clinids/18.supplement_1.s166,unclear,not_applicable,high
10.1093/clinids/18.supplement_1.s32,human,not_applicable,high
10.1093/clinids/18.supplement_1.s3,unclear,not_applicable,high
10.1093/clinids/18.supplement_1.s43,human,not_applicable,high
10.1093/clinids/18.supplement_1.s49,human,not_applicable,high
10.1093/clinids/18.supplement_1.s54-a,human,not_applicable,high
10.1093/clinids/18.supplement_1.s54-b,human,not_applicable,high
10.1093/clinids/18.supplement_1.s55,human,not_applicable,high
10.1093/clinids/18.supplement_1.s57,human,not_applicable,high
10.1093/clinids/18.supplement_1.s54,human,not_applicable,high
10.1093/clinids/18.supplement_1.s68,human,not_applicable,high
10.1093/clinids/18.supplement_1.s62,human,not_applicable,high
10.1093/clinids/18.supplement_1.s73,human,not_applicable,high
10.1093/clinids/18.supplement_1.s84,human,not_applicable,high
10.1093/clinids/18.supplement_1.s7,unclear,not_applicable,high
10.1093/clinids/18.supplement_1.s88,human,treatment,high
10.1093/clinids/18.supplement_1.s96,human,treatment,high
10.1093/clinids/19.4.804,human,not_applicable,high
10.1093/clinids/18.supplement_1.s86-a,human,not_applicable,high
10.1093/clinids/18.supplement_1.s86,human,not_applicable,high
10.1093/clinids/20.2.467,human,not_applicable,high
10.1093/clinids/19.3.448,human,not_applicable,high
10.1093/clinids/19.5.860,human,not_applicable,high
10.1093/clinids/21.3.708-a,human,not_applicable,medium
10.1093/clinids/20.5.1390,other,not_applicable,high
10.1093/clinids/21.5.1204,human,not_applicable,high
10.1093/clinids/21.6.1386,human,not_applicable,high
10.1093/ecam/neh020,animal,treatment,high
10.1093/clinids/23.2.385,human,not_applicable,high
10.1093/ecam/nen017,human,treatment,high
10.1093/ecco-jcc/jjad212.0067,human,not_applicable,high
10.1093/ecam/nep208,animal,treatment,high
10.1093/ecam/nek012,animal,treatment,high
10.1093/ehjcr/ytaf425,human,not_applicable,high
10.1093/eurheartj/ehz746.0311,human,not_applicable,high
10.1093/eurheartj/eht310.p5066,human,not_applicable,high
10.1093/europace/eum235,human,treatment,high
10.1093/eurpub/ckae144.1317,human,treatment,high
10.1093/eurpub/ckaf161.1581,human,not_applicable,high
10.1093/eurheartj/suac012.408,human,not_applicable,high
10.1093/fampra/10.1.14,human,not_applicable,high
10.1093/eurpub/ckp113,human,not_applicable,high
10.1093/eurheartj/suab133.018,human,not_applicable,high
10.1093/fampra/7.2.152,unclear,not_applicable,high
10.1093/fampra/16.6.602,human,not_applicable,high
10.1093/fampra/13.1.106,human,not_applicable,high
10.1093/fampra/cmac060,human,treatment,high
10.1093/fampra/cmi019,other,not_applicable,high
10.1093/fampra/cmn064,human,not_applicable,high
10.1093/fampra/cmi021,human,not_applicable,high
10.1093/fampra/cmr016,human,not_applicable,high
10.1093/hmg/4.4.751,human,not_applicable,high
10.1093/fampra/cmt081,human,not_applicable,high
10.1093/hmg/ddaa169,other,not_applicable,high
10.1093/hsw/hlx029,human,not_applicable,high
10.1093/humrep/17.10.2715,human,not_applicable,high
10.1093/ije/dyp147,human,not_applicable,high
10.1093/ijnp/pyae059.104,human,not_applicable,high
10.1093/infdis/160.4.722-a,unclear,not_applicable,high
10.1093/infdis/159.2.362,human,not_applicable,high
10.1093/infdis/165.1.184,human,not_applicable,high
10.1093/infdis/170.1.1,human,not_applicable,high
10.1093/infdis/165.6.994,human,not_applicable,high
10.1093/infdis/172.5.1364,human,not_applicable,high
10.1093/infdis/175.1.136,human,not_applicable,high
10.1093/infdis/173.2.460,human,not_applicable,high
10.1093/intimm/dxt068,human,not_applicable,high
10.1093/infdis/jir612,human,not_applicable,high
10.1093/jimmun/vkaf283.149,animal,not_applicable,high
10.1093/jimmun/vkaf087,human,not_applicable,high
10.1093/jimmun/vkaf283.2111,human,not_applicable,high
10.1093/jimmun/vkaf283.2434,human,not_applicable,high
10.1093/jpepsy/jsag007,human,not_applicable,high
10.1093/jpepsy/jsaf048,human,not_applicable,high
10.1093/jpepsy/jsr042,human,not_applicable,high
10.1093/med/9780197575390.003.0007,human,not_applicable,high
10.1093/jpepsy/jsq104,human,not_applicable,high
10.1093/jpepsy/jsl032,human,not_applicable,high
10.1093/med/9780198962137.001.0001,human,not_applicable,high
10.1093/med/9780198713005.003.0131,human,treatment,high
10.1093/occmed/kqi012,human,not_applicable,high
10.1093/occmed/kqi013,human,not_applicable,high
10.1093/occmed/kqi014,human,not_applicable,high
10.1093/occmed/kqi015,human,treatment,high
10.1093/occmed/kqz108,human,not_applicable,high
10.1093/ofid/ofae631.2132,human,not_applicable,high
10.1093/occmed/47.4.217,human,not_applicable,high
10.1093/ofid/ofag209,human,not_applicable,high
10.1093/oso/9780198801740.003.0051,unclear,not_applicable,high
10.1093/oxfimm/iqad003,human,treatment,high
10.1093/ofid/ofae080,other,not_applicable,high
10.1093/ofid/ofaf695.1837,human,not_applicable,high
10.1093/oxfimm/iqaf010,human,not_applicable,high
10.1093/oxfimm/iqag007,human,not_applicable,high
10.1093/occmed/kqq091,other,not_applicable,high
10.1093/ofid/ofae631.2514,human,treatment,high
10.1093/oxfordjournals.aje.a009562,human,not_applicable,high
10.1093/oxfordjournals.bmb.a072511,human,not_applicable,high
10.1093/oxfordjournals.bmb.a072520,human,not_applicable,high
10.1093/oxfordjournals.bmb.a072522,unclear,not_applicable,high
10.1093/oxfordjournals.bjsw.a011264,unclear,not_applicable,high
10.1093/oxfordjournals.bmb.a072523,other,not_applicable,high
10.1093/oxfordjournals.aje.a009911,human,not_applicable,high
10.1093/oxfordhb/9780198817338.013.72,unclear,not_applicable,high
10.1093/oxfordjournals.pubmed.a024516,human,not_applicable,high
10.1093/pm/pnaa068,human,not_applicable,high
10.1093/pm/pnaa410,human,not_applicable,high
10.1093/pm/pnab308,human,not_applicable,high
10.1093/oxfordjournals.epirev.a017977,other,not_applicable,high
10.1093/qjmed/91.7.475,human,not_applicable,high
10.1093/qjmed/91.7.465,human,not_applicable,high
10.1093/qjmed/90.3.223,human,not_applicable,high
10.1093/qjmed/95.10.677,human,treatment,high
10.1093/qjmed/95.8.539,human,not_applicable,high
10.1093/qjmed/hcg018,human,not_applicable,high
10.1093/qjmed/hcg057,human,not_applicable,high
10.1093/qjmed/hch067,human,treatment,high
10.1093/qjmed/hcl063,human,treatment,high
10.1093/qjmed/hch032,human,not_applicable,high
10.1093/qjmed/hcm057,human,not_applicable,high
10.1093/qjmed/hcq094,human,not_applicable,high
10.1093/qjmed/hcq113,animal,not_applicable,high
10.1093/qjmed/hcn123,human,not_applicable,high
10.1093/qjmed/hcq140,human,not_applicable,high
10.1093/qjmed/hcs085,human,not_applicable,high
10.1093/qjmed/hcs003,human,not_applicable,high
10.1093/qjmed/hcr029,human,not_applicable,high
10.1093/qjmed/95.8.527,human,not_applicable,high
10.1093/qjmed/hcs156,other,not_applicable,high
10.1093/qjmed/hct169,human,treatment,high
10.1093/qjmed/hcu037,human,not_applicable,high
10.1093/rheumatology/35.5.471,human,not_applicable,high
10.1093/rheumatology/40.7.806,human,not_applicable,high
10.1093/rheumatology/keu106.010,human,treatment,high
10.1093/sleep/19.3.200,human,not_applicable,high
10.1093/sleep/30.5.657,human,not_applicable,high
10.1093/sleep/27.5.973,human,not_applicable,high
10.1093/sleep/26.3.324,human,not_applicable,high
10.1093/sleep/34.5.671,human,not_applicable,high
10.1093/sleep/zsad077.0948,human,not_applicable,high
10.1093/sleep/zsad077.0025,animal,treatment,high
10.1093/sleep/zsag090,human,not_applicable,high
10.1096/fasebj.11.13.9367343,human,treatment,high
10.1093/sleepj/zsx050.657,human,not_applicable,high
10.1093/toxsci/kfr009,human,treatment,high
10.1096/fasebj.20.5.lb124-a,human,not_applicable,high
10.1096/fasebj.2020.34.s1.09487,other,not_applicable,high
10.1093/sleep/zsae243,human,not_applicable,high
10.1096/fasebj.20.5.a1102,human,not_applicable,high
10.1093/sleep/zsy061.279,human,not_applicable,high
10.1096/fasebj.2021.35.s1.03298,human,not_applicable,high
10.1096/fasebj.21.5.a377-c,animal,not_applicable,high
10.1096/fasebj.21.6.a767-c,human,not_applicable,high
10.1096/fasebj.23.1_supplement.lb202,other,not_applicable,high
10.1096/fasebj.26.1_supplement.1035.20,human,not_applicable,high
10.1096/fasebj.22.1_supplement.897.13,other,not_applicable,high
10.1096/fasebj.28.1_supplement.628.16,human,not_applicable,high
10.1096/fasebj.29.1_supplement.1055.34,human,not_applicable,high
10.1096/fasebj.26.1_supplement.678.10,human,not_applicable,high
10.1096/fasebj.30.1_supplement.lb459,human,not_applicable,high
10.1097/00000441-199201000-00007,human,not_applicable,high
10.1096/fasebj.31.1_supplement.lb789,human,not_applicable,high
10.1097/00000441-199902000-00006,human,not_applicable,high
10.1097/00000441-200103000-00001,human,not_applicable,high
10.1097/00000441-200308000-00001,human,not_applicable,high
10.1097/00000441-200007000-00001,human,not_applicable,high
10.1097/00000441-200002000-00004,human,not_applicable,high
10.1097/00000441-200702000-00003,human,not_applicable,high
10.1097/00000446-199805000-00010,human,not_applicable,high
10.1097/00000441-200606000-00001,human,not_applicable,high
10.1097/00000446-200001000-00004,other,not_applicable,high
10.1097/00001432-199210000-00004,human,treatment,high
10.1097/00001504-199104000-00006,human,not_applicable,medium
10.1097/00001504-199503000-00005,human,not_applicable,high
10.1097/00001504-199204000-00005,human,not_applicable,high
10.1097/00001504-199611000-00013,human,treatment,high
10.1097/00001504-200301000-00005,human,not_applicable,high
10.1097/00001504-199911000-00024,human,treatment,high
10.1097/00001721-200010000-00013,human,not_applicable,high
10.1097/00001756-199804200-00036,human,not_applicable,high
10.1097/00001504-200303000-00014,human,treatment,high
10.1097/00001756-200412030-00002,human,not_applicable,high
10.1097/00001756-200302100-00013,human,not_applicable,high
10.1097/00002060-200211001-00011,human,not_applicable,high
10.1097/00002060-199803000-00018,human,not_applicable,high
10.1097/00002281-199002020-00007,unclear,not_applicable,low
10.1097/00002281-199110000-00018,human,not_applicable,high
10.1097/00002281-199803000-00002,human,not_applicable,high
10.1097/00002281-199603000-00013,human,treatment,high
10.1097/00002281-200103000-00005,human,not_applicable,high
10.1097/00001721-199910000-00006,human,not_applicable,high
10.1097/00002371-199311000-00031,human,treatment,high
10.1097/00001574-199212000-00010,human,not_applicable,high
10.1097/00002800-200309000-00008,human,treatment,high
10.1097/00003072-199408000-00005,human,not_applicable,high
10.1097/00002508-200207000-00008,human,not_applicable,high
10.1097/00003072-199904000-00036,human,not_applicable,high
10.1097/00004583-200502000-00007,human,not_applicable,high
10.1097/00004691-199503000-00009,human,not_applicable,high
10.1097/00004703-200010000-00003,human,not_applicable,high
10.1097/00004650-199804000-00010,human,not_applicable,high
10.1097/00004583-199912000-00012,human,not_applicable,high
10.1097/00004703-199908000-00010,human,not_applicable,high
10.1097/00004703-200108000-00004,human,not_applicable,high
10.1097/00005053-199701000-00010,human,treatment,medium
10.1097/00005053-199706000-00001,human,not_applicable,high
10.1097/00004850-199701000-00007,human,treatment,high
10.1097/00005053-199710000-00003,human,not_applicable,high
10.1097/00005053-200305000-00008,human,not_applicable,high
10.1097/00005053-200009000-00002,human,not_applicable,high
10.1097/00005768-199705001-01190,human,not_applicable,high
10.1097/00005053-199909000-00006,human,not_applicable,high
10.1097/00005053-200110000-00008,human,not_applicable,high
10.1097/00005768-199711000-00034,other,not_applicable,high
10.1097/00005768-199805001-00436,human,not_applicable,high
10.1097/00005768-199805001-00912,human,not_applicable,high
10.1097/00005768-199805001-00913,human,not_applicable,high
10.1097/00005768-199805001-00914,human,not_applicable,high
10.1097/00005650-199609000-00005,human,not_applicable,high
10.1097/00005768-200105001-00486,human,not_applicable,high
10.1097/00005768-199905001-02055,human,not_applicable,high
10.1097/00005768-199809000-00001,human,not_applicable,high
10.1097/00005768-200105001-00739,human,not_applicable,high
10.1097/00005768-200109000-00007,human,not_applicable,high
10.1097/00005768-200201000-00009,human,not_applicable,high
10.1097/00005768-200205001-00409,human,not_applicable,high
10.1097/00005768-200205001-01189,human,treatment,high
10.1097/00005768-200210000-00023,human,treatment,high
10.1097/00005768-200207000-00027,human,not_applicable,high
10.1097/00005768-200305001-00665,human,not_applicable,high
10.1097/00005768-200207000-00026,human,not_applicable,high
10.1097/00005768-200305001-01299,human,not_applicable,high
10.1097/00005768-200305001-01302,human,not_applicable,high
10.1097/00005768-200305001-01606,human,not_applicable,high
10.1097/00005768-200305001-01301,human,not_applicable,high
10.1097/00005768-200305001-01303,human,treatment,high
10.1097/00005768-200305001-01607,human,not_applicable,high
10.1097/00005768-200505001-01200,human,not_applicable,high
10.1097/00005768-200405001-00765,human,treatment,high
10.1097/00006231-200108000-00054,human,not_applicable,high
10.1097/00006231-199811000-00006,human,not_applicable,high
10.1097/00006199-199705000-00004,human,not_applicable,high
10.1097/00006324-199210000-00011,human,not_applicable,high
10.1097/00006324-199708000-00027,human,not_applicable,high
10.1097/00006842-199209000-00003,other,not_applicable,high
10.1097/00006416-200411000-00005,human,not_applicable,high
10.1097/00006842-199409000-00001,human,not_applicable,high
10.1097/00006454-198910000-00022,human,not_applicable,high
10.1097/00006842-199411000-00006,human,not_applicable,high
10.1097/00006842-199601000-00007,human,not_applicable,high
10.1097/00006842-199601000-00008,human,not_applicable,high
10.1097/00006842-199507000-00002,human,not_applicable,high
10.1097/00006842-199701000-00008,human,not_applicable,high
10.1097/00006842-199711000-00006,human,not_applicable,high
10.1097/00006842-199805000-00022,human,not_applicable,high
10.1097/00006842-199807000-00003,human,not_applicable,high
10.1097/00006842-199811000-00017,human,not_applicable,high
10.1097/00006842-199905000-00009,human,not_applicable,high
10.1097/00006842-200009000-00009,human,not_applicable,high
10.1097/00006842-200109000-00009,human,not_applicable,high
10.1097/00006842-200111000-00012,human,not_applicable,high
10.1097/00006842-200005000-00018,human,not_applicable,high
10.1097/00006842-200203000-00016,human,not_applicable,high
10.1097/00006842-200203000-00015,human,not_applicable,high
10.1097/00007611-199404000-00008,human,not_applicable,high
10.1097/00007611-199107000-00005,human,not_applicable,high
10.1097/00007611-199510000-00001,unclear,not_applicable,high
10.1097/00013542-199701000-00003,other,not_applicable,high
10.1097/00019048-199705000-00005,other,not_applicable,high
10.1097/00019048-199706050-00010,human,not_applicable,high
10.1097/00019048-200203000-00001,other,not_applicable,high
10.1097/00019616-199905000-00003,human,not_applicable,high
10.1097/00020840-200006000-00024,other,not_applicable,high
10.1097/00019048-199702000-00010,human,treatment,high
10.1097/00043764-199601000-00003,human,treatment,high
10.1097/00041444-200109000-00003,human,not_applicable,high
10.1097/00043764-200006000-00012,human,not_applicable,high
10.1097/00043764-199906000-00010,human,treatment,high
10.1097/00043764-200112000-00005,human,not_applicable,high
10.1097/00075197-200004000-00010,human,treatment,high
10.1097/00045415-199805000-00008,human,treatment,high
10.1097/00124743-199904000-00004,human,treatment,high
10.1097/00135124-200511000-00008,human,treatment,high
10.1097/00019616-200211000-00008,unclear,unclear,low
10.1097/01.jcp.0000193483.89260.a7,other,not_applicable,medium
10.1097/01.cnj.0000306004.27747.ce,other,not_applicable,high
10.1097/01.ju.0001008584.88541.ff.01,human,not_applicable,high
10.1097/01.mbc.0000214705.80997.73,human,not_applicable,high
10.1097/01.jcp.0000253315.66210.22,unclear,not_applicable,high
10.1097/01.mpg.0000215310.71040.c0,human,not_applicable,high
10.1097/01.naj.0000737248.67484.2e,unclear,not_applicable,high
10.1097/01.nmd.0000066155.65473.26,human,not_applicable,high
10.1097/01.nrl.0000106921.76055.24,human,not_applicable,high
10.1097/01.nrl.0000038586.58012.4c,human,not_applicable,high
10.1097/01.psy.0000038937.67401.61,human,not_applicable,high
10.1097/01.psy.0000038942.33335.9b,human,not_applicable,high
10.1097/01.psy.0000033125.08272.a9,human,not_applicable,high
10.1097/01.psy.0000075977.90337.e7,human,not_applicable,high
10.1097/01.psy.0000088587.29901.69,human,not_applicable,high
10.1097/01.psy.0000116249.60477.e9,human,treatment,high
10.1097/01.nurse.0000657068.67389.47,unclear,not_applicable,high
10.1097/01.psy.0000079408.62277.3d,human,not_applicable,high
10.1097/01.psy.0000124757.10167.b1,human,not_applicable,high
10.1097/01.psy.0000138116.12495.a2,human,not_applicable,high
10.1097/01.psy.0000156969.76986.e0,human,treatment,high
10.1097/01.psy.0000161206.55324.8a,human,not_applicable,high
10.1097/01.psy.0000161207.73744.4e,human,not_applicable,high
10.1097/01.psy.0000221384.07521.05,human,not_applicable,high
10.1097/01.psy.0000222358.01096.54,human,not_applicable,high
10.1097/01.psy.0000242770.50979.5f,human,not_applicable,high
10.1097/01.ten.0000157885.71463.43,human,not_applicable,high
10.1097/01.wox.0000412075.90903.e1,human,not_applicable,high
10.1097/01.wox.0000412067.14667.ab,human,not_applicable,high
10.1097/01.yco.0000194370.40062.b0,human,not_applicable,high
10.1097/01.yco.0000245753.83502.d9,human,not_applicable,high
10.1097/01253086-199317030-00020,unclear,unclear,low
10.1097/01823246-201122040-00008,human,not_applicable,high
10.1097/01823246-201122040-00036,human,not_applicable,medium
10.1097/01823246-201412000-00021,human,not_applicable,high
10.1097/01720610-200803000-00006,human,not_applicable,high
10.1097/ajp.0000000000000099,human,both,high
10.1097/ajp.0000000000000769,human,not_applicable,high
10.1097/cm9.0000000000001387,human,treatment,high
10.1097/ajp.0000000000000191,human,treatment,high
10.1097/ajp.0000000000001384,human,treatment,high
10.1097/ajp.0000000000000401,human,treatment,high
10.1097/cpt.0000000000000291,human,not_applicable,high
10.1097/cpt.0000000000000100,human,not_applicable,high
10.1097/cpt.0000000000000136,human,not_applicable,high
10.1097/cpt.0000000000000308,human,not_applicable,high
10.1097/ebp.0000000000000082,human,treatment,high
10.1097/cpt.0000000000000317,unclear,not_applicable,high
10.1097/gme.0000000000000411,human,not_applicable,high
10.1097/hm9.0000000000000180,unclear,not_applicable,high
10.1097/hnp.0000000000000671,other,not_applicable,high
10.1097/hnp.0000000000000727,human,treatment,high
10.1097/in9.0000000000000068,human,not_applicable,high
10.1097/hnp.0000000000000744,human,treatment,high
10.1097/inf.0000000000003477,human,not_applicable,high
10.1097/j.pain.0000000000002711,human,not_applicable,high
10.1097/ipc.0b013e31822949c8,other,not_applicable,high
10.1097/j.pain.0000000000000110,human,not_applicable,high
10.1097/jcp.0b013e3181611240,human,treatment,high
10.1097/hm9.0000000000000098,other,treatment,high
10.1097/jcp.0b013e318225848c,human,treatment,high
10.1097/mao.0000000000002020,human,treatment,high
10.1097/md.0000000000001211,human,not_applicable,high
10.1097/md.0000000000007027,human,treatment,high
10.1097/jwh.0000000000000121,human,not_applicable,high
10.1097/md.0000000000009716,human,not_applicable,high
10.1097/jom.0b013e3181a2feeb,human,not_applicable,high
10.1097/md.0000000000016720,human,treatment,high
10.1097/mbc.0000000000001439,human,not_applicable,high
10.1097/md.0000000000017600,human,not_applicable,high
10.1097/md.0000000000023946,human,treatment,high
10.1097/md.0000000000027700,human,treatment,high
10.1097/md.0000000000025742,unclear,treatment,high
10.1097/md.0000000000029310,human,treatment,high
10.1097/md.0000000000031819,human,not_applicable,high
10.1097/md.0000000000035754,other,not_applicable,high
10.1097/md.0000000000033637,human,treatment,high
10.1097/md.0000000000037973,human,treatment,high
10.1097/md.0000000000035767,human,treatment,high
10.1097/md.0000000000024572,human,treatment,high
10.1097/md9.0000000000000193,human,treatment,high
10.1097/md.0000000000042111,human,treatment,high
10.1097/mlr.0000000000000314,human,not_applicable,high
10.1097/mop.0000000000000777,human,both,high
10.1097/mop.0b013e32835c1108,human,not_applicable,high
10.1097/nmd.0b013e3181e4ce0b,human,not_applicable,high
10.1097/mog.0b013e3283505a3b,other,treatment,high
10.1097/ms9.0000000000000929,human,not_applicable,high
10.1097/nmd.0b013e3181a2081f,human,not_applicable,high
10.1097/nnr.0b013e3181ac156f,human,not_applicable,high
10.1097/opx.0b013e318294c232,human,not_applicable,high
10.1097/psy.0000000000000010,human,not_applicable,high
10.1097/psy.0000000000000061,human,not_applicable,high
10.1097/psy.0000000000000224,human,not_applicable,high
10.1097/psy.0000000000000161,human,not_applicable,high
10.1097/psy.0000000000000527,human,not_applicable,high
10.1097/psy.0000000000000536,human,not_applicable,high
10.1097/psy.0000000000000874,human,not_applicable,high
10.1097/psy.0000000000000821,human,not_applicable,high
10.1097/psy.0000000000000692,human,not_applicable,high
10.1097/psy.0000000000001082,human,not_applicable,high
10.1097/psy.0000000000001038,human,not_applicable,high
10.1097/psy.0000000000001237,other,not_applicable,high
10.1097/psy.0b013e31802b873e,human,not_applicable,high
10.1097/psy.0b013e3181651025,human,not_applicable,high
10.1097/psy.0000000000001117,human,not_applicable,high
10.1097/psy.0b013e31819ea179,human,not_applicable,high
10.1097/psy.0b013e31816a8dbc,human,not_applicable,high
10.1097/psy.0b013e31817b9793,human,not_applicable,high
10.1097/psy.0b013e31819ccd2a,human,not_applicable,high
10.1097/psy.0b013e3181e21e43,unclear,not_applicable,high
10.1097/psy.0b013e3181a4fea8,human,not_applicable,high
10.1097/psy.0b013e31824152ed,human,not_applicable,high
10.1097/psy.0b013e31829dbed4,human,treatment,high
10.1097/psy.0b013e31827264aa,human,not_applicable,high
10.1097/rhu.0000000000000089,human,not_applicable,high
10.1097/qai.0b013e318238b596,human,not_applicable,high
10.1097/qad.0b013e32833b76fb,human,not_applicable,high
10.1097/wnp.0b013e3181a1841b,human,not_applicable,high
10.1097/tp.0b013e31820cfd7b,human,not_applicable,high
10.1097/xce.0000000000000271,unclear,not_applicable,high
10.1097/yco.0b013e32831a4728,human,not_applicable,high
10.1097/wnr.0000000000000797,animal,not_applicable,high
10.1099/0022-1317-76-6-1393,human,not_applicable,high
10.1099/0022-1317-71-6-1399,human,not_applicable,high
10.1099/0022-1317-76-7-1701,human,not_applicable,high
10.1099/vir.0.017590-0,human,not_applicable,high
10.1099/0022-1317-78-2-307,human,not_applicable,high
10.1101/133926,other,not_applicable,high
10.1099/vir.0.041038-0,human,not_applicable,high
10.1099/jmm.0.05316-0,human,not_applicable,high
10.1101/2019.12.20.19015438,human,not_applicable,high
10.1101/2019.12.23.887505,human,not_applicable,high
10.1101/2020.02.20.958249,human,treatment,high
10.1101/2020.08.17.20164715,human,not_applicable,high
10.1101/2021.01.28.428686,other,not_applicable,high
10.1101/2021.02.06.21249256,human,not_applicable,high
10.1101/2021.03.08.21252807,human,not_applicable,high
10.1101/2021.01.29.21250755,human,not_applicable,high
10.1101/2021.03.19.21253905,human,not_applicable,high
10.1101/2021.03.23.21254175,other,not_applicable,high
10.1101/2021.06.14.21258895,human,not_applicable,high
10.1101/2021.10.27.21265575,human,not_applicable,high
10.1101/2021.04.20.21255804,human,treatment,high
10.1101/2021.12.20.473375,human,not_applicable,high
10.1101/2022.04.25.22274251,human,not_applicable,high
10.1101/2022.08.03.22278363,human,not_applicable,high
10.1101/2022.06.08.22276100,other,not_applicable,high
10.1101/2022.10.11.511846,other,not_applicable,high
10.1101/2023.04.15.23288582,human,not_applicable,high
10.1101/2023.05.21.23290299,human,not_applicable,high
10.1101/2023.06.23.23291827,human,not_applicable,high
10.1101/2023.05.16.23290031,human,not_applicable,high
10.1101/2023.06.29.23291738,other,not_applicable,high
10.1101/2023.08.28.555033,human,not_applicable,high
10.1101/2023.11.06.23298171,other,not_applicable,high
10.1101/2024.01.25.24301776,human,not_applicable,high
10.1101/2024.04.23.24306162,human,not_applicable,high
10.1101/2024.05.15.24307344,human,not_applicable,high
10.1101/2023.11.07.23297764,human,treatment,high
10.1101/2024.05.17.24307333,human,not_applicable,high
10.1101/2024.05.16.24307437,human,not_applicable,high
10.1101/2024.05.25.24307912,human,treatment,high
10.1101/2024.06.24.600378,human,not_applicable,high
10.1101/2024.08.02.24311436,human,not_applicable,high
10.1101/2024.07.29.605643,other,not_applicable,high
10.1101/2024.08.04.24311483,human,not_applicable,high
10.1101/2024.10.07.24315052,other,not_applicable,high
10.1101/2023.04.24.23288821,human,not_applicable,high
10.1101/2024.09.25.24314345,human,treatment,high
10.1101/2024.11.08.24316976,human,not_applicable,high
10.1101/2024.11.11.24317084,human,not_applicable,high
10.1101/2024.11.07.24316777,human,not_applicable,high
10.1101/2024.12.04.24318508,human,not_applicable,high
10.1101/2025.01.09.25320264,other,not_applicable,high
10.1101/2025.01.24.25321092,human,not_applicable,high
10.1101/2025.02.06.25321788,human,not_applicable,high
10.1101/2025.01.02.24319359,human,not_applicable,high
10.1101/2024.12.30.24319800,human,not_applicable,high
10.1101/2025.04.13.25325733,other,not_applicable,high
10.1101/2025.04.15.25325899,other,not_applicable,high
10.1101/2025.04.02.646883,other,not_applicable,high
10.1101/2025.05.02.25326885,human,not_applicable,high
10.1101/2025.05.28.25328245,human,not_applicable,high
10.1101/2025.06.03.657595,other,not_applicable,high
10.1101/2025.08.06.25332978,other,not_applicable,high
10.1101/2025.08.06.25333109,human,not_applicable,high
10.1101/2025.10.22.25338573,human,not_applicable,high
10.1101/2025.08.20.671358,human,not_applicable,high
10.1101/2025.10.27.25338891,human,not_applicable,high
10.1101/2025.10.29.25339096,human,treatment,high
10.1101/2025.10.23.25338705,human,not_applicable,high
10.1101/2025.11.06.25339689,human,not_applicable,high
10.1108/ijot-08-2022-0032,human,not_applicable,high
10.1108/qaoa-05-2022-0029,other,not_applicable,high
10.1108/01443339810788470,other,not_applicable,high
10.1108/s0163-2396(2013)0000040005,other,not_applicable,high
10.1108/s1479-354720190000011028,other,not_applicable,high
10.1109/apcit65661.2025.11411515,other,not_applicable,high
10.1109/ccece49351.2022.9918211,other,not_applicable,high
10.1109/cbms.2006.96,other,not_applicable,high
10.1109/biosmart66413.2025.11046171,other,not_applicable,high
10.1109/compsac61105.2024.00115,human,treatment,high
10.1109/crmico.2003.158751,human,treatment,high
10.1109/iceca66444.2025.11383011,human,not_applicable,high
10.1109/embc.2019.8857427,human,not_applicable,high
10.1109/hhbe.2011.6027994,other,not_applicable,high
10.1109/icbbe.2008.816,other,not_applicable,high
10.1109/icnn.1996.548995,human,not_applicable,high
10.1109/icicnis66685.2025.11315511,other,not_applicable,high
10.1109/icmla55696.2022.00091,human,not_applicable,high
10.1109/iembs.2004.1403306,human,not_applicable,high
10.1109/iembs.2010.5626478,human,not_applicable,high
10.1109/itme.2015.31,human,treatment,high
10.1109/nebc.1993.404437,human,not_applicable,high
10.1109/nebc.2004.1300005,human,not_applicable,high
10.1109/ner.2019.8717037,human,not_applicable,high
10.1109/nebc.1997.594946,animal,not_applicable,high
10.1109/tbme.2020.2978801,human,not_applicable,high
10.1111/1348-0421.12966,human,treatment,high
10.1111/1467-8330.00110,other,not_applicable,high
10.1111/1467-9450.00284,human,not_applicable,high
10.1111/1467-9566.12546,human,not_applicable,high
10.1111/1467-9566.13301,other,not_applicable,high
10.1111/1467-9566.13732,human,not_applicable,high
10.1111/1467-9566.70153,other,not_applicable,high
10.1111/1467-9566.ep10934730,human,not_applicable,high
10.1111/1467-9604.00229,other,not_applicable,high
10.1111/1467-9515.00250,unclear,not_applicable,high
10.1111/1469-7610.00010,human,treatment,high
10.1111/1467-9566.ep10934404,unclear,not_applicable,high
10.1111/andr.12052,human,not_applicable,high
10.1111/apa.12950,human,not_applicable,high
10.1111/acps.12182,other,not_applicable,high
10.1111/apa.13476,human,treatment,high
10.1111/apa.15054,human,not_applicable,high
10.1111/apha.12756,other,not_applicable,high
10.1111/apa.15084,human,not_applicable,high
10.1111/1753-6405.12670,both,treatment,high
10.1111/apha.14122,other,not_applicable,high
10.1111/bjhp.12136,human,not_applicable,high
10.1111/apt.12783,human,treatment,high
10.1111/1467-9566.13545,human,not_applicable,high
10.1111/bjhp.12207,human,not_applicable,high
10.1111/bjhp.12202,human,not_applicable,high
10.1111/bjhp.12179,human,not_applicable,high
10.1111/bjhp.12214,other,not_applicable,high
10.1111/bph.13702,human,treatment,high
10.1111/bjhp.12717,human,not_applicable,high
10.1111/cch.12626,human,not_applicable,high
10.1111/bjhp.12235,human,treatment,high
10.1111/cei.12749,human,not_applicable,high
10.1111/cch.12135,human,not_applicable,high
10.1111/cei.12043,human,not_applicable,high
10.1111/cei.12882,human,not_applicable,high
10.1111/cei.13023,human,not_applicable,high
10.1111/bjhp.12644,human,not_applicable,high
10.1111/cpf.12393,human,not_applicable,high
10.1111/cns.12522,human,not_applicable,high
10.1111/bioe.12559,other,not_applicable,high
10.1111/cpf.12460,human,not_applicable,high
10.1111/cpsp.12042,human,treatment,high
10.1111/ceo.14313,human,not_applicable,high
10.1111/cpsp.12093,human,not_applicable,high
10.1111/crj.12667,human,not_applicable,high
10.1111/eci.12046,human,not_applicable,high
10.1111/eci.12201,human,not_applicable,high
10.1111/eci.14318,human,not_applicable,high
10.1111/ejn.12668,animal,not_applicable,high
10.1111/eci.12256,human,not_applicable,high
10.1111/ejn.15413,human,not_applicable,high
10.1111/ene.70273,human,not_applicable,high
10.1111/ejn.15828,other,not_applicable,high
10.1111/ene.70509,human,not_applicable,high
10.1111/ene.70016,human,not_applicable,high
10.1111/ene.70511,human,not_applicable,high
10.1111/hex.12857,human,not_applicable,high
10.1111/hex.12922,unclear,not_applicable,high
10.1111/hex.13326,human,treatment,high
10.1111/hex.13900,human,not_applicable,high
10.1111/hex.13833,human,treatment,high
10.1111/hex.70214,other,not_applicable,high
10.1111/hsc.13029,human,not_applicable,high
10.1111/hsc.13942,human,not_applicable,high
10.1111/hsc.13376,human,not_applicable,high
10.1111/ijcp.12139,human,not_applicable,high
10.1111/ijcp.12967,human,not_applicable,high
10.1111/imj.13251,human,treatment,high
10.1111/ijcp.14886,human,not_applicable,high
10.1111/imj.23_15766,human,treatment,high
10.1111/j.0021-9029.2006.00004.x,human,not_applicable,high
10.1111/j.1348-0421.1993.tb01705.x,human,not_applicable,high
10.1111/j.1348-0421.1994.tb01827.x,human,not_applicable,high
10.1111/j.0021-8774.2005.00520.x,other,not_applicable,high
10.1111/j.1348-0421.1999.tb02456.x,human,not_applicable,high
10.1111/j.1365-2141.1995.tb05579.x,human,not_applicable,high
10.1111/j.1365-2214.2004.00474.x,human,treatment,high
10.1111/j.1365-2214.2005.00517_2.x,human,treatment,high
10.1111/j.1348-0421.1996.tb01094.x,human,not_applicable,high
10.1111/j.1365-2214.2011.01298.x,human,not_applicable,high
10.1111/j.1365-2214.2012.01397.x,human,not_applicable,high
10.1111/j.1365-2249.1991.tb05658.x,human,not_applicable,high
10.1111/j.1365-2249.2004.02354.x,human,not_applicable,high
10.1111/j.1365-2249.2005.02833.x,human,not_applicable,high
10.1111/j.1365-2265.2005.02220.x,human,not_applicable,high
10.1111/j.1365-2362.2009.02225.x,human,treatment,high
10.1111/j.1365-2249.2005.02935.x,human,not_applicable,high
10.1111/j.1365-2362.2010.02310.x,human,not_applicable,high
10.1111/j.1365-2362.2003.01272.x,other,not_applicable,high
10.1111/j.1365-2362.2011.02575.x,human,not_applicable,high
10.1111/j.1365-2362.2011.02567.x,human,not_applicable,high
10.1111/j.1365-2362.2012.02701.x,human,treatment,high
10.1111/j.1365-2249.1992.tb06416.x,human,not_applicable,high
10.1111/j.1365-2524.2004.00485.x,human,treatment,high
10.1111/j.1365-277x.2008.00933.x,human,not_applicable,high
10.1111/j.1365-277x.2008.00857.x,human,treatment,high
10.1111/j.1365-2796.2004.01378.x,human,not_applicable,high
10.1111/j.1365-2796.2005.01452.x,human,not_applicable,high
10.1111/j.1365-2796.1997.tb00019.x,human,not_applicable,high
10.1111/j.1365-2796.2005.01526.x,human,treatment,high
10.1111/j.1365-2796.2009.02079.x,human,not_applicable,high
10.1111/j.1365-2796.2005.01548.x,human,not_applicable,high
10.1111/j.1365-2796.2009.02160.x,human,not_applicable,high
10.1111/j.1365-2753.2010.01512.x,other,not_applicable,high
10.1111/j.1365-2796.2009.02178.x,human,not_applicable,high
10.1111/j.1365-2796.2010.02240.x,human,treatment,high
10.1111/j.1365-2796.2010.02228.x,human,not_applicable,high
10.1111/j.1365-2796.2010.02341.x,human,not_applicable,high
10.1111/j.1365-2796.2010.02306.x,human,not_applicable,high
10.1111/j.1365-2796.2011.02429.x,human,not_applicable,high
10.1111/j.1365-2796.2011.02488.x,human,not_applicable,high
10.1111/j.1365-2796.2011.02405.x,human,not_applicable,high
10.1111/j.1365-2850.2009.01464.x,unclear,not_applicable,high
10.1111/j.1365-2869.2008.00679.x,human,not_applicable,high
10.1111/j.1365-2982.2011.01861.x,animal,treatment,high
10.1111/j.1365-3083.1989.tb01183.x,human,not_applicable,high
10.1111/j.1365-2796.2011.02468.x,unclear,not_applicable,high
10.1111/j.1365-2982.2012.01993.x,other,not_applicable,high
10.1111/j.1368-5031.2004.00073.x,human,treatment,high
10.1111/j.1365-3083.1991.tb01777.x,human,not_applicable,high
10.1111/j.1369-7625.2010.00590.x,human,not_applicable,high
10.1111/j.1365-2796.2011.02499.x,unclear,not_applicable,high
10.1111/j.1365-3083.1994.tb03511.x,human,not_applicable,high
10.1111/j.1439-0450.2005.00859.x,human,not_applicable,high
10.1111/j.1440-1754.2009.01493.x,human,treatment,high
10.1111/j.1440-1819.2009.01954.x,human,not_applicable,high
10.1111/j.1440-1630.1998.tb00780.x,other,not_applicable,high
10.1111/j.1445-5994.1985.tb04042.x,human,not_applicable,high
10.1111/j.1465-5922.1997.00191.x,unclear,not_applicable,high
10.1111/j.1442-200x.2011.03514.x,human,not_applicable,high
10.1111/j.1440-1754.2011.02264.x,human,treatment,high
10.1111/j.1465-5922.1997.00201.x,human,not_applicable,high
10.1111/j.1465-5922.1997.00217.x,human,treatment,high
10.1111/j.1465-5922.1997.00237.x,human,not_applicable,high
10.1111/j.1468-1331.2006.01132.x,human,treatment,high
10.1111/j.1467-9566.2009.1168_1.x,other,not_applicable,high
10.1111/j.1468-2850.2011.01262.x,human,treatment,high
10.1111/j.1469-7610.2004.00244.x,human,not_applicable,high
10.1111/j.1469-7610.2005.01424.x,human,treatment,high
10.1111/j.1472-8206.2009.00675.x,animal,treatment,high
10.1111/j.1468-2850.2011.01263.x,human,treatment,medium
10.1111/j.1468-1331.1995.tb00151.x,human,not_applicable,high
10.1111/j.1469-8986.2010.00978.x,human,not_applicable,high
10.1111/j.1472-8206.2008.00638.x,animal,treatment,high
10.1111/j.1475-097x.2006.00649.x,human,not_applicable,high
10.1111/j.1475-097x.1996.tb00722.x,human,not_applicable,high
10.1111/j.1475-097x.2007.00743.x,human,not_applicable,high
10.1111/j.1475-097x.2008.00822.x,human,not_applicable,high
10.1111/j.1475-3588.2005.00383.x,human,treatment,high
10.1111/j.1475-3588.2004.00101.x,human,treatment,high
10.1111/j.1475-3588.2006.00409.x,human,not_applicable,high
10.1111/j.1526-4637.2007.00368.x,human,not_applicable,high
10.1111/j.1526-4637.2006.00277.x,human,not_applicable,high
10.1111/j.1526-4610.2009.01558.x,human,not_applicable,high
10.1111/j.1526-4637.2009.00690.x,human,not_applicable,medium
10.1111/j.1537-2995.2011.03070.x,other,not_applicable,high
10.1111/j.1533-2500.2009.00334.x,human,treatment,high
10.1111/j.1533-2500.2009.00352.x,human,not_applicable,high
10.1111/j.1542-474x.2007.00202.x,human,not_applicable,high
10.1111/j.1574-695x.2002.tb00626.x,human,not_applicable,high
10.1111/j.1600-0404.1990.tb04490.x,human,treatment,high
10.1111/j.1574-695x.1998.tb01226.x,human,not_applicable,high
10.1111/j.1552-6909.1995.tb02467.x,human,not_applicable,high
10.1111/j.1600-0404.1999.tb00667.x,human,treatment,high
10.1111/j.1600-0447.1998.tb10030.x,human,not_applicable,high
10.1111/j.1526-4637.2009.00688.x,unclear,not_applicable,high
10.1111/j.1600-0447.1995.tb05923.x,human,treatment,high
10.1111/j.1600-0447.1997.tb09653.x,human,not_applicable,high
10.1111/j.1600-0447.2008.01200.x,human,not_applicable,high
10.1111/j.1600-0838.2006.00520.x,human,treatment,high
10.1111/j.1601-183x.2006.00244.x,human,not_applicable,high
10.1111/j.1600-0838.2009.00895.x,human,not_applicable,high
10.1111/j.1600-0404.2007.00840.x,human,treatment,high
10.1111/j.1651-2227.2010.01701.x,human,not_applicable,high
10.1111/j.1651-2227.2010.02072.x,human,not_applicable,high
10.1111/j.1651-2227.2010.02073.x,human,not_applicable,high
10.1111/j.1651-2227.2010.02121.x,human,not_applicable,high
10.1111/j.1651-2227.2011.02223.x,human,not_applicable,high
10.1111/j.1742-7843.2009.00525.x,animal,treatment,high
10.1111/j.1749-6632.1995.tb44723.x,human,not_applicable,high
10.1111/j.1749-6632.1998.tb09607.x,human,not_applicable,high
10.1111/j.1745-7599.1994.tb00911.x,human,not_applicable,high
10.1111/j.1749-6632.2001.tb05819.x,human,not_applicable,high
10.1111/j.1749-6632.2001.tb05825.x,human,not_applicable,high
10.1111/j.1749-6632.2001.tb05828.x,other,not_applicable,high
10.1111/j.1749-6632.2001.tb05824.x,human,not_applicable,high
10.1111/j.1749-6632.2001.tb05836.x,other,not_applicable,high
10.1111/j.1749-6632.2009.04802.x,human,not_applicable,high
10.1111/j.1749-6632.2009.04875.x,human,not_applicable,high
10.1111/j.1751-2824.2011.01538.x,other,not_applicable,high
10.1111/j.1749-6632.2000.tb05453.x,human,not_applicable,high
10.1111/j.1751-9861.1998.tb00041.x,human,not_applicable,high
10.1111/j.1751-9861.2005.tb00004.x,human,not_applicable,high
10.1111/j.1749-6632.2009.04799.x,human,not_applicable,high
10.1111/j.1751-9861.2008.00033.x,human,not_applicable,high
10.1111/j.1751-9861.2010.00053.x,human,not_applicable,high
10.1111/j.1756-5391.2012.01173.x,other,not_applicable,high
10.1111/j.2044-8260.1993.tb01070.x,human,not_applicable,high
10.1111/j.2044-8287.2012.02093.x,human,treatment,high
10.1111/j.2044-8260.1992.tb00975.x,human,not_applicable,high
10.1111/j.2044-8260.1993.tb01068.x,human,not_applicable,high
10.1111/j.2044-8287.1996.tb00488.x,human,not_applicable,high
10.1111/j.2044-8341.1995.tb01839.x,human,not_applicable,high
10.1111/j.2044-8287.1998.tb00560.x,human,not_applicable,high
10.1111/jan.13244,human,not_applicable,high
10.1111/j.2044-8295.1993.tb02492.x,human,not_applicable,high
10.1111/jan.14312,human,not_applicable,high
10.1111/jep.13240,other,not_applicable,high
10.1111/jcpp.12711,human,not_applicable,high
10.1111/jcmm.15260,human,not_applicable,high
10.1111/jcap.12125,human,treatment,high
10.1111/jep.13938,human,not_applicable,high
10.1111/jhn.12435,human,treatment,high
10.1111/jnp.12030,human,not_applicable,high
10.1111/jep.14047,other,not_applicable,high
10.1111/joim.12402,human,treatment,high
10.1111/joim.12022,human,not_applicable,high
10.1111/joim.12034,human,not_applicable,high
10.1111/jep.12584,unclear,not_applicable,high
10.1111/jocn.12522,human,not_applicable,high
10.1111/joim.12161,human,not_applicable,high
10.1111/joim.12564,human,not_applicable,high
10.1111/joim.13792,human,not_applicable,high
10.1111/joor.12367,human,not_applicable,high
10.1111/jon.13128,human,not_applicable,high
10.1111/jon.12751,human,not_applicable,high
10.1111/jpc.12677,human,not_applicable,high
10.1111/jpc.12653,human,treatment,high
10.1111/jpc.12425,human,not_applicable,high
10.1111/josh.12580,human,not_applicable,high
10.1111/jpc.12721,human,not_applicable,high
10.1111/jsr.12547,human,not_applicable,high
10.1111/jsr.12703,human,not_applicable,high
10.1111/joim.12431,human,treatment,high
10.1111/jsr.12689,human,not_applicable,high
10.1111/papr.12181,human,treatment,high
10.1111/maq.70040,other,not_applicable,high
10.1111/ncn3.12524,other,not_applicable,high
10.1111/nin.12625,human,not_applicable,high
10.1111/papr.12440,human,not_applicable,high
10.1111/papr.12613,human,treatment,high
10.1111/papr.12817,human,not_applicable,high
10.1111/maq.12701,unclear,not_applicable,high
10.1111/pme.12181,human,treatment,high
10.1111/sjop.12451,human,not_applicable,high
10.1111/sjop.12332,human,not_applicable,high
10.1111/sji.12388,human,not_applicable,high
10.1111/sjop.13060,human,not_applicable,high
10.1111/tbed.14224,human,not_applicable,high
10.1111/trf.18099,human,treatment,high
10.1113/eph8602244,human,not_applicable,high
10.1124/jpet.118.250845,other,not_applicable,high
10.1126/sciadv.abq2422,human,not_applicable,high
10.1126/sciadv.1400121,human,not_applicable,high
10.1111/papt.12118,human,not_applicable,high
10.1126/science.1179052,human,not_applicable,high
10.11124/jbies-20-00125,human,not_applicable,high
10.1126/science.1181349,other,not_applicable,medium
10.1126/science.1183545,human,not_applicable,high
10.1126/science.1184548,human,not_applicable,high
10.1126/science.1204963,human,not_applicable,high
10.1113/ep085328,both,not_applicable,high
10.1126/science.1208542,human,not_applicable,high
10.1126/science.287.5452.427a,unclear,not_applicable,high
10.1126/science.1213841,human,not_applicable,high
10.1126/science.312.5774.669,unclear,not_applicable,high
10.1126/science.326_215a,unclear,not_applicable,medium
10.1126/science.327.5963.254,unclear,not_applicable,high
10.1126/science.329.5988.129,human,not_applicable,high
10.1126/science.329.5987.18,human,not_applicable,high
10.1126/science.331.6013.17,other,not_applicable,high
10.1126/science.329.5995.1000,human,not_applicable,high
10.1126/science.332.6031.774-a,human,not_applicable,high
10.1126/science.333.6051.1810,other,not_applicable,high
10.1126/science.333.6050.1694,animal,not_applicable,high
10.1126/science.337.6101.1441,other,not_applicable,high
10.1128/9781555815486.ch26,other,not_applicable,high
10.1126/science.abo1261,unclear,not_applicable,high
10.1128/9781555818326.ch16,human,not_applicable,high
10.1128/cdli.1.2.222-226.1994,human,not_applicable,high
10.1128/cdli.10.2.315-316.2003,human,not_applicable,high
10.1128/cdli.12.2.366.2005,human,not_applicable,high
10.1126/science.334.6063.1636-a,other,not_applicable,high
10.1128/cdli.12.1.52-55.2005,human,not_applicable,high
10.1128/cdli.6.1.6-13.1999,human,not_applicable,high
10.1128/cdli.2.2.238-240.1995,human,not_applicable,high
10.1128/cdli.6.2.216-223.1999,human,not_applicable,high
10.1128/cdli.9.4.747-752.2002,other,not_applicable,high
10.1128/cmr.00086-15,other,not_applicable,high
10.1128/cvi.00379-09,human,not_applicable,high
10.1128/cdli.8.3.658-662.2001,human,not_applicable,high
10.1128/cvi.00391-12,human,not_applicable,high
10.1128/jcm.28.6.1403-1410.1990,human,not_applicable,high
10.1128/cvi.00527-13,human,not_applicable,high
10.1128/jcm.38.6.2457-2457.2000,human,not_applicable,high
10.1128/jcm.33.6.1660-1661.1995,human,not_applicable,high
10.1128/jvi.00046-11,other,not_applicable,high
10.1128/jvi.00134-10,other,not_applicable,high
10.1128/jvi.00693-11,human,not_applicable,high
10.1128/jvi.00827-11,other,not_applicable,high
10.1128/jvi.00886-10,animal,not_applicable,high
10.1128/jvi.02333-10,other,not_applicable,high
10.1128/jvi.02411-10,animal,not_applicable,high
10.1128/jvi.06073-11,other,not_applicable,high
10.1128/mbio.00266-12,human,not_applicable,high
10.1128/jvi.05205-11,human,not_applicable,high
10.1134/s0362119722030021,human,treatment,high
10.1136/acupmed-2017-011582,human,treatment,high
10.1136/adc.2003.046649,human,treatment,high
10.1136/adc.2003.033019,unclear,not_applicable,high
10.1136/adc.2003.035154,human,treatment,high
10.1136/adc.2005.080085,unclear,not_applicable,high
10.1136/adc.2006.110502,unclear,not_applicable,high
10.1136/adc.2005.074583,human,not_applicable,high
10.1136/adc.2008.143032,human,not_applicable,high
10.1136/adc.2008.143537,human,not_applicable,high
10.1136/adc.2007.126649,human,not_applicable,high
10.1136/adc.2009.158162,human,not_applicable,high
10.1136/adc.2006.094623,human,not_applicable,high
10.1136/adc.2009.172072,human,prevention,high
10.1136/adc.2009.173161,human,not_applicable,high
10.1136/adc.68.3.384,human,not_applicable,high
10.1136/adc.86.2.95,human,treatment,high
10.1136/archdischild-2012-301863,unclear,not_applicable,high
10.1136/aim.23.3.141,human,treatment,high
10.1136/archdischild-2012-301885.248,human,not_applicable,high
10.1136/adc.88.10.894,human,not_applicable,high
10.1136/archdischild-2012-302156,human,not_applicable,high
10.1136/archdischild-2012-302484,human,treatment,high
10.1136/archdischild-2012-302582,human,treatment,high
10.1136/archdischild-2012-303396,human,not_applicable,high
10.1136/archdischild-2012-301885.261,human,not_applicable,high
10.1136/archdischild-2013-304306,human,not_applicable,high
10.1136/archdischild-2013-304307,human,treatment,high
10.1136/archdischild-2015-308599.314,human,not_applicable,high
10.1136/archdischild-2015-308831,human,not_applicable,high
10.1136/archdischild-2014-306237.168,human,not_applicable,high
10.1136/archdischild-2016-311198,human,not_applicable,high
10.1136/archdischild-2016-310622,human,treatment,high
10.1136/archdischild-2016-311293,human,not_applicable,high
10.1136/archdischild-2016-310863.70,human,treatment,high
10.1136/archdischild-2017-313375,human,treatment,high
10.1136/archdischild-2017-313087.123,human,not_applicable,high
10.1136/archdischild-2017-313375ednote,human,treatment,high
10.1136/archdischild-2018-316450,human,not_applicable,high
10.1136/archdischild-2018-rcpch.13,human,not_applicable,high
10.1136/archdischild-2019-rcpch.138,human,treatment,high
10.1136/archdischild-2018-rcpch.17,human,not_applicable,high
10.1136/archdischild-2019-rcpch.580,human,not_applicable,high
10.1136/archdischild-2018-316720,human,not_applicable,high
10.1136/archdischild-2019-rcpch.592,human,treatment,high
10.1136/archdischild-2019-rcpch.594,human,not_applicable,high
10.1136/archdischild-2019-rcpch.595,human,treatment,high
10.1136/archdischild-2019-rcpch.596,human,treatment,high
10.1136/archdischild-2020-rcpch.133,human,treatment,high
10.1136/archdischild-2019-rcpch.330,human,not_applicable,high
10.1136/archdischild-2020-320196,human,not_applicable,high
10.1136/archdischild-2020-rcpch.449,human,not_applicable,high
10.1136/archdischild-2021-rcpch.170,human,not_applicable,high
10.1136/archdischild-2021-rcpch.469,human,treatment,high
10.1136/archdischild-2021-rcpch.460,human,treatment,high
10.1136/archdischild-2020-rcpch.453,human,treatment,high
10.1136/archdischild-2021-rcpch.471,human,treatment,high
10.1136/archdischild-2021-rcpch.844,human,not_applicable,high
10.1136/archdischild-2024-rcpch.160,human,not_applicable,high
10.1136/archdischild-2022-324319,human,not_applicable,high
10.1136/archdischild-2024-rcpch.669,human,not_applicable,high
10.1136/bcr.01.2011.3716,human,treatment,high
10.1136/bcr-2020-240283,human,treatment,high
10.1136/bcr-2019-232502,human,treatment,high
10.1136/bcr.08.2008.0819,human,not_applicable,high
10.1136/bcr-2020-238605,human,not_applicable,high
10.1136/bjophthalmol-2013-304439,human,not_applicable,high
10.1136/bjsm.33.5.352,human,not_applicable,high
10.1136/bjsports-2017-098407,human,treatment,high
10.1136/bjsports-2018-099553,other,not_applicable,high
10.1136/bmj.1.5122.616,human,not_applicable,high
10.1136/bmj.1.5903.301,human,not_applicable,high
10.1136/bmj.287.6406.1675-a,human,treatment,high
10.1136/bmj.1.5687.11,unclear,not_applicable,high
10.1136/bmj.2.5918.559-a,unclear,unclear,low
10.1136/bmj.301.6755.816,human,not_applicable,high
10.1136/bmj.296.6623.696,unclear,not_applicable,high
10.1136/bmj.301.6758.953,human,not_applicable,high
10.1136/bmj.307.6906.735,unclear,unclear,low
10.1136/bmj.306.6886.1161,human,not_applicable,high
10.1136/bmj.307.6898.264-d,human,not_applicable,high
10.1136/bmj.308.6931.756,human,not_applicable,high
10.1136/bmj.308.6931.732,human,not_applicable,high
10.1136/bmj.308.6931.776,other,not_applicable,high
10.1136/bmj.308.6931.797,human,not_applicable,high
10.1136/bmj.309.6962.1160d,human,not_applicable,medium
10.1136/bmj.308.6931.798,unclear,not_applicable,high
10.1136/bmj.310.6978.508,human,not_applicable,high
10.1136/bmj.308.6929.659b,unclear,not_applicable,high
10.1136/bmj.311.6996.15,human,not_applicable,high
10.1136/bmj.311.7004.544,human,not_applicable,high
10.1136/bmj.312.7022.22,human,treatment,high
10.1136/bmj.311.7011.1021,unclear,not_applicable,high
10.1136/bmj.311.7012.1093,human,not_applicable,high
10.1136/bmj.312.7038.1096,human,treatment,high
10.1136/bmj.311.7012.1092b,human,not_applicable,high
10.1136/bmj.312.7038.1096b,human,treatment,high
10.1136/bmj.312.7038.1097a,unclear,not_applicable,medium
10.1136/bmj.312.7038.1097b,human,treatment,medium
10.1136/bmj.312.7038.1097,human,treatment,high
10.1136/bmj.312.7038.1097c,human,treatment,medium
10.1136/bmj.313.7061.885a,unclear,not_applicable,high
10.1136/bmj.312.7038.1098b,unclear,not_applicable,high
10.1136/bmj.314.7095.1635,human,treatment,high
10.1136/bmj.314.7095.0a,human,treatment,high
10.1136/bmj.314.7074.146,unclear,not_applicable,high
10.1136/bmj.314.7095.1663,human,treatment,high
10.1136/bmj.314.7095.1647,human,treatment,high
10.1136/bmj.315.7101.0d,human,not_applicable,high
10.1136/bmj.314.7095.1700,human,not_applicable,high
10.1136/bmj.315.7103.269d,unclear,not_applicable,high
10.1136/bmj.316.7134.796,human,treatment,high
10.1136/bmj.315.7116.1111e,human,not_applicable,high
10.1136/bmj.319.7225.1645,human,not_applicable,high
10.1136/bmj.322.7283.0/b,human,treatment,high
10.1136/bmj.322.7291.934,other,not_applicable,high
10.1136/bmj.324.7330.124,human,not_applicable,high
10.1136/bmj.322.7283.387,human,treatment,high
10.1136/bmj.324.7330.131,unclear,not_applicable,high
10.1136/bmj.320.7230.292,unclear,not_applicable,high
10.1136/bmj.324.7349.1298/a,human,treatment,high
10.1136/bmj.325.7372.1082,human,treatment,high
10.1136/bmj.326.7397.1005,human,not_applicable,high
10.1136/bmj.325.7372.0/e,human,treatment,high
10.1136/bmj.327.7416.654,human,not_applicable,high
10.1136/bmj.317.7164.966b,unclear,not_applicable,high
10.1136/bmj.324.7342.912,unclear,not_applicable,high
10.1136/bmj.329.7467.s118,human,treatment,medium
10.1136/bmj.328.7452.0-e,unclear,not_applicable,high
10.1136/bmj.324.7342.914,unclear,not_applicable,high
10.1136/bmj.329.7472.0,human,prevention,high
10.1136/bmj.324.7348.1284,unclear,not_applicable,high
10.1136/bmj.330.7481.0-a,human,treatment,high
10.1136/bmj.330.7492.0-b,unclear,not_applicable,high
10.1136/bmj.329.7472.928,human,not_applicable,high
10.1136/bmj.330.7492.648,human,not_applicable,high
10.1136/bmj.330.7494.789-b,human,treatment,high
10.1136/bmj.330.7494.790,human,treatment,high
10.1136/bmj.38078.503819.ee,other,not_applicable,high
10.1136/bmj.330.7501.0-c,human,not_applicable,high
10.1136/bmj.38258.507928.55,human,not_applicable,high
10.1136/bmj.38301.587106.63,human,treatment,high
10.1136/bmj.38933.585764.ae,human,not_applicable,high
10.1136/bmj.39332.455706.3a,unclear,not_applicable,high
10.1136/bmj.b1371,unclear,not_applicable,high
10.1136/bmj.c1033,human,not_applicable,high
10.1136/bmj.c1099,human,not_applicable,high
10.1136/bmj.c1018,human,not_applicable,high
10.1136/bmj.c1181,unclear,not_applicable,high
10.1136/bmj.c1179,human,not_applicable,high
10.1136/bmj.c1266,unclear,not_applicable,high
10.1136/bmj.39302.509005.ae,human,not_applicable,high
10.1136/bmj.c1777,human,treatment,high
10.1136/bmj.b1110,unclear,not_applicable,high
10.1136/bmj.c1799,human,treatment,high
10.1136/bmj.c7358,other,not_applicable,high
10.1136/bmj.d3505,human,not_applicable,high
10.1136/bmj.c2988,human,treatment,high
10.1136/bmj.d3774,human,treatment,high
10.1136/bmj.d3836,other,not_applicable,high
10.1136/bmj.d6097,human,not_applicable,high
10.1136/bmj.d5905,human,not_applicable,high
10.1136/bmj.d6541,unclear,not_applicable,high
10.1136/bmj.d8281,unclear,not_applicable,high
10.1136/bmj.f2630,unclear,not_applicable,high
10.1136/bmj.h227,human,treatment,high
10.1136/bmj.h2087,human,not_applicable,high
10.1136/bmj.f5731,human,not_applicable,high
10.1136/bmj.h5771,human,treatment,high
10.1136/bmj.i5053,human,not_applicable,high
10.1136/bmj.i5230,human,treatment,high
10.1136/bmj.i4614,human,treatment,high
10.1136/bmj.i5860,human,treatment,high
10.1136/bmj.j3057,human,treatment,high
10.1136/bmj.j4372,human,treatment,high
10.1136/bmj.k3621,human,treatment,high
10.1136/bmj.h932,unclear,not_applicable,high
10.1136/bmj.l639,human,treatment,high
10.1136/bmj.m2922,unclear,not_applicable,medium
10.1136/bmj.m3981,human,not_applicable,high
10.1136/bmj.m2930,human,not_applicable,high
10.1136/bmj.n1854,unclear,not_applicable,high
10.1136/bmj.n1863,unclear,not_applicable,high
10.1136/bmj.n1995,human,not_applicable,high
10.1136/bmj.n1559,unclear,not_applicable,high
10.1136/bmj.m4356,human,not_applicable,high
10.1136/bmj.r977,human,treatment,high
10.1136/bmj.o1691,human,not_applicable,high
10.1136/bmj.n1937,other,not_applicable,high
10.1136/bmjno-2023-000529,human,not_applicable,high
10.1136/bmj.n2046,unclear,not_applicable,high
10.1136/bmjopen-2011-000252,human,not_applicable,high
10.1136/bmjopen-2012-001079,human,treatment,high
10.1136/bmj.n2647,unclear,not_applicable,high
10.1136/bmj.n2643,unclear,not_applicable,high
10.1136/bmjopen-2012-001417,human,not_applicable,high
10.1136/bmjopen-2013-002999,human,not_applicable,high
10.1136/bmjopen-2014-005798,human,not_applicable,high
10.1136/bmjopen-2014-005083,human,not_applicable,high
10.1136/bmjopen-2014-005920,human,not_applicable,high
10.1136/bmjopen-2015-008830,human,not_applicable,high
10.1136/bmjopen-2015-010277,human,not_applicable,high
10.1136/bmjopen-2016-012271,human,treatment,high
10.1136/bmjopen-2016-012633,other,not_applicable,high
10.1136/bmjopen-2016-011255,human,treatment,high
10.1136/bmjopen-2016-014133,human,not_applicable,high
10.1136/bmjopen-2013-003973,other,not_applicable,high
10.1136/bmjopen-2016-015481,human,treatment,high
10.1136/bmjopen-2017-020775,human,not_applicable,high
10.1136/bmjopen-2016-015296,human,not_applicable,high
10.1136/bmjopen-2017-017521,human,not_applicable,high
10.1136/bmjopen-2017-020817,other,not_applicable,high
10.1136/bmjopen-2018-025436,human,not_applicable,high
10.1136/bmjopen-2018-023955,human,not_applicable,high
10.1136/bmjopen-2019-031672,other,not_applicable,high
10.1136/bmjopen-2020-041947,human,not_applicable,high
10.1136/bmjopen-2021-051094,human,not_applicable,high
10.1136/bmjopen-2021-051358,human,treatment,high
10.1136/bmjopen-2022-069110,human,not_applicable,high
10.1136/bmjopen-2022-070366,human,not_applicable,high
10.1136/bmjopen-2021-058128,human,not_applicable,high
10.1136/bmjopen-2020-045398,human,treatment,high
10.1136/bmjopen-2023-073275,human,treatment,high
10.1136/bmjopen-2023-076904,other,not_applicable,high
10.1136/bmjopen-2024-089038,human,not_applicable,high
10.1136/bmjopen-2024-094658,human,not_applicable,high
10.1136/bmjopen-2025-099557,human,not_applicable,high
10.1136/bmjopen-2025-113095,human,not_applicable,high
10.1136/bmjpo-2018-000425,human,not_applicable,high
10.1136/bmjpo-2018-000281,human,not_applicable,high
10.1136/bmjpo-2018-000299,human,not_applicable,high
10.1136/bmjpo-2019-000525,human,not_applicable,high
10.1136/bmjpo-2017-000233,human,not_applicable,high
10.1136/bmjpo-2019-000617,human,treatment,high
10.1136/bmjpo-2019-000620,human,treatment,high
10.1136/bmjpo-2019-rcpch-sahm.32,human,treatment,high
10.1136/bmjpo-2019-rcpch-sahm.77,human,treatment,high
10.1136/bmjpo-2019-rcpch-sahm.21,human,not_applicable,high
10.1136/bmjpo-2021-001139,human,treatment,high
10.1136/bmjpo-2019-rcpch-sahm.81,human,treatment,high
10.1136/bmjpo-2021-001201,human,not_applicable,high
10.1136/bmjpo-2023-002436,human,treatment,high
10.1136/bmjpo-2024-epac.102,human,not_applicable,high
10.1136/eb-2013-101652,human,not_applicable,high
10.1136/eb-2014-101961,human,not_applicable,high
10.1136/eb-2015-102300,human,not_applicable,high
10.1136/ebm.6.5.156,human,treatment,high
10.1136/ebm.6.5.157,human,treatment,high
10.1136/ebm-2025-pod.25,unclear,not_applicable,high
10.1136/ebm.8.3.88,human,treatment,high
10.1136/ebmental-2012-100818,human,treatment,high
10.1136/ebmh.5.2.54,human,treatment,high
10.1136/ebmh.1.1.14,human,treatment,high
10.1136/ebmh.5.4.127,human,not_applicable,high
10.1136/ebn.5.2.46,human,treatment,high
10.1136/ebmh.6.2.55,human,treatment,high
10.1136/ebn1086,human,treatment,high
10.1136/ewjm.172.2.128,unclear,not_applicable,high
10.1136/ewjm.173.6.416,human,treatment,high
10.1136/ewjm.174.4.241,human,not_applicable,high
10.1136/gutjnl-2017-313713,human,not_applicable,high
10.1136/gutjnl-2018-316133,human,not_applicable,high
10.1136/jclinpath-2019-205822,other,not_applicable,high
10.1136/jcp.2003.015511,human,not_applicable,high
10.1136/jcp.2004.022681,human,not_applicable,high
10.1136/jcp.2005.025718,human,not_applicable,high
10.1136/jcp.2006.042374,human,not_applicable,medium
10.1136/jcp.2006.042424,other,not_applicable,high
10.1136/jcp.2005.035956,human,not_applicable,high
10.1136/jcp.2006.042408,human,not_applicable,high
10.1136/jcp.2006.042432,unclear,not_applicable,high
10.1136/jcp.2006.042606,human,not_applicable,high
10.1136/jcp.2006.042754,unclear,not_applicable,high
10.1136/jcp.2007.050054,human,not_applicable,high
10.1136/jcp.2007.051342,human,not_applicable,high
10.1136/jcp.2007.053553,human,not_applicable,high
10.1136/jcp.2007.050633,human,not_applicable,high
10.1136/jclinpath-2014-202597,human,not_applicable,high
10.1136/jcp.2009.070466,human,not_applicable,high
10.1136/jcp.2009.072561,human,not_applicable,high
10.1136/jcp.2009.071944,human,not_applicable,high
10.1136/jcp.2010.082032,other,not_applicable,high
10.1136/jcp.45.12.1058,human,not_applicable,high
10.1136/jcp.46.8.722,human,not_applicable,high
10.1136/jcp.54.4.335-a,human,not_applicable,medium
10.1136/jech-2022-ssmabstracts.71,human,not_applicable,high
10.1136/jech.2003.017939,human,not_applicable,high
10.1136/jech.2006.047308,human,not_applicable,high
10.1136/jim-2016-000390,human,not_applicable,high
10.1136/jech.2011.142976i.19,human,not_applicable,high
10.1136/jcp.2004.020255,other,not_applicable,high
10.1136/jme.2003.007153,unclear,not_applicable,high
10.1136/jme-2023-109627,human,not_applicable,high
10.1136/jnnp-2015-311750.4,human,treatment,high
10.1136/jnnp-2019-bnpa.13,human,not_applicable,high
10.1136/jnnp-2011-301216,human,not_applicable,high
10.1136/jnnp-2021-327899,human,not_applicable,high
10.1136/jnnp-2017-317823,human,not_applicable,high
10.1136/jnnp-2021-bnpa.10,human,not_applicable,high
10.1136/jnnp-2022-330463,other,not_applicable,high
10.1136/jnnp-2025-abn.76,human,not_applicable,high
10.1136/jnnp-2012-303208,unclear,not_applicable,high
10.1136/jnnp.53.3.247,human,not_applicable,high
10.1136/jnnp.2006.100974,human,treatment,high
10.1136/jnnp.48.7.691,human,not_applicable,high
10.1136/jnnp.54.2.153,human,treatment,high
10.1136/jnnp.55.1.85-b,unclear,not_applicable,medium
10.1136/jnnp.56.6.684,human,not_applicable,high
10.1136/jnnp.56.6.679,human,not_applicable,high
10.1136/jnnp.56.9.993,human,not_applicable,high
10.1136/jnnp-2012-304824,human,treatment,high
10.1136/jnnp.57.5.617,human,not_applicable,high
10.1136/jnnp.57.5.662-a,human,not_applicable,high
10.1136/jnnp.57.9.1157-a,human,not_applicable,high
10.1136/jnnp-2023-332731,other,not_applicable,high
10.1136/jnnp.58.1.38,human,not_applicable,high
10.1136/jnnp.60.5.489,human,not_applicable,high
10.1136/jnnp.62.2.151,human,not_applicable,high
10.1136/jnnp.64.4.430,human,not_applicable,high
10.1136/jnnp.64.4.431,human,not_applicable,high
10.1136/jnnp.60.5.504,human,not_applicable,high
10.1136/jnnp.60.5.495,human,not_applicable,high
10.1136/jnnp.64.3.362,human,not_applicable,high
10.1136/jnnp.65.4.541,human,not_applicable,high
10.1136/jnnp.74.10.1382,human,not_applicable,high
10.1136/jnnp.69.3.302,human,treatment,high
10.1136/jnnp.74.7.922,human,not_applicable,high
10.1136/medhum-2019-011743,unclear,not_applicable,high
10.1136/medethics-2016-103691,other,not_applicable,high
10.1136/medhum-2019-011756,unclear,not_applicable,high
10.1136/oem.2005.023176,human,not_applicable,high
10.1136/jrnms-70-91,human,not_applicable,high
10.1136/oem.2003.008912,human,not_applicable,high
10.1136/medhum-2019-011807,unclear,not_applicable,high
10.1136/oem.60.suppl_1.i26,human,not_applicable,high
10.1136/openhrt-2015-000381,human,not_applicable,high
10.1136/oemed-2018-icohabstracts.1120,human,not_applicable,high
10.1136/medhum-2018-011598,human,not_applicable,high
10.1136/openhrt-2017-000697,human,not_applicable,high
10.1136/medhum-2020-011873,other,not_applicable,high
10.1136/pgmj.54.637.718,human,not_applicable,high
10.1136/pgmj.54.637.731,human,not_applicable,high
10.1136/pgmj.54.637.711,other,not_applicable,high
10.1136/pgmj.2003.011429,human,treatment,high
10.1136/pgmj.54.637.737,human,not_applicable,high
10.1136/pgmj.54.637.747,unclear,not_applicable,high
10.1136/pgmj.54.637.752,human,not_applicable,high
10.1136/pgmj.54.637.725,human,not_applicable,high
10.1136/pgmj.54.637.755,other,not_applicable,high
10.1136/pgmj.54.637.768,human,not_applicable,high
10.1136/pgmj.64.753.559,human,not_applicable,medium
10.1136/pgmj.55.650.856,human,not_applicable,high
10.1136/pgmj.66.777.526,human,not_applicable,high
10.1136/pgmj.74.870.229,human,not_applicable,high
10.1136/pgmj.68.795.66,human,not_applicable,high
10.1136/qshc.2004.013227,other,not_applicable,high
10.1136/qhc.11.4.e2,unclear,not_applicable,high
10.1136/pmj.79.929.185-a,human,not_applicable,high
10.1136/spcare-2023-004595,human,treatment,high
10.1136/sti.8.1.56,human,not_applicable,high
10.1142/s0192415x05002734,human,treatment,high
10.1136/qhc.11.3.284,unclear,not_applicable,high
10.1145/3357236.3395490,other,not_applicable,high
10.1145/3322276.3322319,human,not_applicable,high
10.1145/3290605.3300452,human,not_applicable,high
10.1142/s0192415x08005540,human,treatment,high
10.1145/3613904.3642553,human,not_applicable,high
10.1145/3715336.3735419,other,not_applicable,high
10.1145/3706598.3713990,human,not_applicable,high
10.1145/3377929.3389947,other,not_applicable,high
10.1145/3588967.3588976,other,not_applicable,high
10.1146/annurev-virology-111821-125122,other,not_applicable,high
10.11477/mf.1416200945,human,not_applicable,high
10.11477/mf.1416200943,human,not_applicable,high
10.11477/mf.1416200944,human,not_applicable,high
10.11477/mf.1416200946,human,not_applicable,high
10.11477/mf.1416201164,human,not_applicable,high
10.11477/mf.1416200947,human,treatment,high
10.11477/mf.1416200948,human,not_applicable,high
10.11477/mf.1416202093,human,not_applicable,high
10.11477/mf.1416202094,human,not_applicable,medium
10.11477/mf.1416202311,human,not_applicable,high
10.1148/radiol.14141079,human,not_applicable,high
10.1148/radiology.219.3.r01jn18766,human,not_applicable,high
10.1152/ajpheart.00994.2011,human,not_applicable,high
10.1152/ajpheart.2002.282.1.h66,human,not_applicable,high
10.1152/ajpregu.00071.2024,human,treatment,high
10.1152/ajpregu.00925.2007,human,not_applicable,high
10.1152/japplphysiol.00141.2003,human,not_applicable,high
10.1152/ajpendo.00242.2023,human,treatment,high
10.1152/physiol.2024.39.s1.2025,other,not_applicable,high
10.1152/japplphysiol.00527.2014,human,treatment,high
10.1152/physiol.00056.2024,other,not_applicable,high
10.1155/1993/414602,human,not_applicable,high
10.1155/2000/602862,human,prevention,high
10.1152/japplphysiol.00821.2012,human,not_applicable,high
10.1155/2002/892374,other,not_applicable,high
10.1155/2008/263751,human,not_applicable,high
10.1155/2009/701019,human,not_applicable,high
10.1155/2011/281425,human,not_applicable,high
10.1155/2011/787394,human,not_applicable,high
10.1155/2011/341294,other,not_applicable,high
10.1155/2011/854540,human,not_applicable,high
10.1155/2012/205085,human,not_applicable,high
10.1155/2012/427869,other,not_applicable,high
10.1155/2013/270373,human,not_applicable,high
10.1155/2013/485341,human,treatment,high
10.1155/2012/584573,human,not_applicable,high
10.1155/2013/784520,human,not_applicable,high
10.1155/2013/831969,human,not_applicable,high
10.1155/2014/106048,human,treatment,high
10.1155/2015/380615,human,not_applicable,high
10.1155/2015/191489,animal,not_applicable,high
10.1155/2015/245308,human,not_applicable,high
10.1155/2015/528487,other,both,high
10.1155/2015/631410,human,treatment,high
10.1155/2016/2497348,human,not_applicable,high
10.1155/2016/9064529,human,not_applicable,high
10.1155/2015/945901,other,not_applicable,medium
10.1155/2017/8182020,animal,not_applicable,high
10.1155/2018/3972104,other,not_applicable,high
10.1155/2018/9140896,animal,treatment,high
10.1155/2018/5801510,human,not_applicable,high
10.1155/2018/9014232,human,not_applicable,high
10.1155/2019/1684198,human,treatment,high
10.1155/2019/3849692,other,not_applicable,high
10.1155/2020/2974268,other,not_applicable,high
10.1155/2020/4715679,human,treatment,high
10.1155/2015/929720,human,not_applicable,high
10.1155/2021/8867098,human,not_applicable,high
10.1155/2024/3256273,human,prevention,high
10.1155/2020/4708374,human,treatment,high
10.1155/2021/6418217,human,treatment,high
10.1155/2024/6475425,human,not_applicable,high
10.1155/jpas/5014500,other,not_applicable,high
10.1157/13070608,human,not_applicable,high
10.1157/13073217,human,not_applicable,high
10.1157/13089106,human,not_applicable,high
10.1157/13107370,human,not_applicable,high
10.1158/1538-7445.am2026-6275,human,not_applicable,high
10.1158/1538-7445.am2022-34,human,not_applicable,high
10.1159/000026469,human,not_applicable,high
10.1157/13108085,human,treatment,high
10.1159/000026494,human,treatment,high
10.1159/000026543,human,not_applicable,high
10.1159/000027996,other,not_applicable,high
10.1159/000054863,human,not_applicable,high
10.1159/000056234,human,treatment,high
10.1159/000026511,human,not_applicable,high
10.11575/jah.v0i0.53334,other,not_applicable,high
10.1159/000064267,human,treatment,high
10.1159/000063646,human,not_applicable,high
10.1159/000071894,human,treatment,high
10.1159/000067176,human,not_applicable,high
10.1159/000065185,human,not_applicable,high
10.1159/000075315,human,not_applicable,high
10.1159/000097332,human,not_applicable,high
10.1159/000099844,human,treatment,high
10.1159/000101498,unclear,not_applicable,high
10.1159/000080144,human,not_applicable,high
10.1159/000085145,human,treatment,high
10.1159/000076455,human,treatment,high
10.1159/000110727,human,not_applicable,high
10.1159/000116426,human,not_applicable,high
10.1159/000119226,human,not_applicable,high
10.1159/000116609,human,treatment,high
10.1159/000119233,human,not_applicable,high
10.1159/000119307,human,not_applicable,high
10.1159/000104864,other,not_applicable,high
10.1159/000116723,human,not_applicable,high
10.1159/000119278,human,not_applicable,high
10.1159/000104468,human,not_applicable,high
10.1159/000150450,human,not_applicable,high
10.1159/000119325,human,treatment,high
10.1159/000152375,human,not_applicable,high
10.1159/000163999,human,not_applicable,high
10.1159/000163942,animal,not_applicable,high
10.1159/000119331,human,not_applicable,high
10.1159/000164104,human,not_applicable,high
10.1159/000164010,other,not_applicable,high
10.1159/000247075,human,not_applicable,high
10.1159/000164000,other,not_applicable,high
10.1159/000288612,human,not_applicable,high
10.1159/000289050,human,not_applicable,high
10.1159/000315130,human,treatment,high
10.1159/000288016,human,not_applicable,high
10.1159/000320974,human,not_applicable,high
10.1159/000320778,human,treatment,high
10.1159/000319312,human,not_applicable,high
10.1159/000324349,other,not_applicable,high
10.1159/000326465,human,not_applicable,high
10.1159/000326692,human,not_applicable,high
10.1159/000327582,human,treatment,high
10.1159/000336803,human,not_applicable,high
10.1159/000329996,human,not_applicable,high
10.1159/000339011,other,treatment,high
10.1159/000365174,human,not_applicable,high
10.1159/000369085,other,not_applicable,high
10.1159/000343982,human,not_applicable,high
10.1159/000369087,unclear,not_applicable,high
10.1159/000431258,human,not_applicable,high
10.1159/000438867,human,treatment,high
10.1159/000493531,unclear,not_applicable,high
10.1159/000448957,other,not_applicable,high
10.1159/000517930,human,not_applicable,high
10.1159/000547484,unclear,not_applicable,high
10.11603/2411-1597.2015.2.5158,human,not_applicable,medium
10.1159/000528827,human,treatment,high
10.1161/jaha.124.036752,human,not_applicable,high
10.1163/156856901753421007,human,not_applicable,high
10.1163/156856900750232506,human,not_applicable,high
10.1164/ajrccm.2025.211.abstracts.a7881,human,not_applicable,high
10.1163/ej.9789004124011.i-226.46,unclear,not_applicable,high
10.1172/jci.insight.149217,human,not_applicable,high
10.1172/jci.insight.157621,human,not_applicable,high
10.1172/jci.insight.158193,human,not_applicable,high
10.1172/jci118990,human,not_applicable,high
10.1164/rccm.200403-357oc,human,not_applicable,high
10.1172/jci.insight.89376,human,not_applicable,high
10.1172/jci132185,human,not_applicable,high
10.1172/jci.insight.183810,human,not_applicable,high
10.1176/ajp.148.12.1638,other,not_applicable,high
10.1172/jci134985,human,not_applicable,high
10.1176/ajp.155.6.824,human,treatment,high
10.1176/ajp.153.8.1050,human,not_applicable,high
10.1176/appi.ajp.158.4.641,human,not_applicable,high
10.1176/ajp.154.3.408,human,treatment,high
10.1176/appi.ajp.158.12.2038,human,treatment,high
10.1176/appi.neuropsych.14060132,human,not_applicable,high
10.1176/appi.neuropsych.15.2.254,human,not_applicable,high
10.1176/appi.pn.2014.12b5,human,not_applicable,high
10.1176/appi.pn.2020.3a3,human,not_applicable,high
10.1176/appi.pn.2015.3b17,other,not_applicable,high
10.1176/appi.psy.42.1.21,human,not_applicable,high
10.1176/appi.psy.44.1.38,human,treatment,high
10.1176/appi.psy.50.2.147,human,not_applicable,high
10.1176/appi.psy.49.3.235,human,not_applicable,high
10.1176/appi.psy.49.6.470,human,treatment,high
10.1176/appi.psy.44.2.113,human,not_applicable,high
10.1176/jnp.5.2.200,human,not_applicable,high
10.1176/pn.2001.36.1.20,human,not_applicable,high
10.1176/jnp.6.2.189,human,not_applicable,high
10.1176/pn.36.24.0023,human,treatment,high
10.1177/0003065118798043,human,not_applicable,high
10.1176/pn.38.14.0027a,unclear,not_applicable,high
10.1177/000456329403100506,human,not_applicable,high
10.1177/000456329703400416,human,not_applicable,high
10.1177/000331979804901105,human,treatment,high
10.1177/000456329403100507,human,not_applicable,high
10.1177/0011392101049003003,other,not_applicable,high
10.1177/008124630503500208,human,not_applicable,high
10.1177/00048674211043788,human,not_applicable,high
10.1177/008124639402400103,human,not_applicable,high
10.1177/0009922812455094,human,not_applicable,high
10.1177/008124639602600108,human,not_applicable,high
10.1177/014107680009300306,human,not_applicable,high
10.1177/014107680009300608,human,not_applicable,high
10.1177/014107680209500904,human,not_applicable,high
10.1177/014107680409701204,human,not_applicable,high
10.1177/014107680609901012,human,treatment,high
10.1177/0141076820951545,human,treatment,high
10.1177/014107689008301204,human,not_applicable,high
10.1177/014107688808100609,human,not_applicable,high
10.1177/014107688808100608,human,not_applicable,high
10.1177/0141076817702530,human,not_applicable,high
10.1177/014107689208500909,human,not_applicable,high
10.1177/014107689709000505,human,not_applicable,high
10.1177/014107689809100706,human,not_applicable,high
10.1177/014107689909200405,human,not_applicable,high
10.1177/01632780022034598,human,not_applicable,high
10.1177/0163278713497014,human,not_applicable,high
10.1177/0163278709338558,human,not_applicable,high
10.1177/0163278711424281,human,not_applicable,high
10.1177/01632789922034400,human,not_applicable,high
10.1177/0163278702250071,human,not_applicable,high
10.1177/016327879601900204,human,not_applicable,high
10.1177/0269215507080769,human,treatment,high
10.1177/016327879301600403,human,not_applicable,high
10.1177/0269215507084410,human,treatment,high
10.1177/01632780122034993,other,not_applicable,high
10.1177/0269215510371429,human,treatment,high
10.1177/0269215510380831,human,not_applicable,high
10.1177/0269215515621362,human,treatment,high
10.1177/02610183241229050,unclear,not_applicable,high
10.1177/0269215514542635,human,treatment,high
10.1177/026921559400800110,human,treatment,high
10.1177/02698811251368371,human,treatment,high
10.1177/0269881105053293,human,not_applicable,high
10.1177/0300060516671622,human,not_applicable,high
10.1177/0271678x241270528,human,not_applicable,high
10.1177/0269881105056531,human,treatment,high
10.1177/0301006615614467,human,not_applicable,high
10.1177/030802260006300404,unclear,not_applicable,high
10.1177/030802260206500103,human,not_applicable,high
10.1177/030802260206501005,human,treatment,high
10.1177/030802260406700606,human,treatment,high
10.1177/030802260907200102,human,treatment,high
10.1177/030802260707000803,human,treatment,high
10.1177/0308022620966254,human,not_applicable,high
10.1177/03080226241249279,human,not_applicable,high
10.1177/03080226241254720,human,not_applicable,high
10.1177/030802269405701003,human,treatment,high
10.1177/03080226211020656,human,not_applicable,high
10.1177/036012931998023003025,other,not_applicable,high
10.1177/030802269806100907,human,treatment,high
10.1177/039463200902200219,human,not_applicable,high
10.1177/039463200101400103,human,not_applicable,high
10.1177/039463200902200320,human,not_applicable,high
10.1177/039463200902200326,human,not_applicable,high
10.1177/03946320040170s210,human,not_applicable,high
10.1177/039463201002300402,human,not_applicable,high
10.1177/03601293251408245,human,treatment,high
10.1177/039463201102400313,human,not_applicable,high
10.1177/039463201102400419,human,not_applicable,high
10.1177/039463201202500224,human,not_applicable,high
10.1177/0394632015572074,human,not_applicable,high
10.1177/070674370505000402,human,not_applicable,high
10.1177/0886260519888515,human,not_applicable,high
10.1177/089801019301100206,human,treatment,high
10.1177/0907568203104004,other,not_applicable,high
10.1177/070674379003500714,human,not_applicable,high
10.1177/0957154x08097199,other,not_applicable,high
10.1177/0957926504038943,human,not_applicable,high
10.1177/0962280216666111,human,not_applicable,high
10.1177/09593535261421588,other,not_applicable,high
10.1177/0962280217713347,other,not_applicable,high
10.1177/104973230201200202,human,not_applicable,high
10.1177/1044207309359515,other,not_applicable,high
10.1177/1044207308325995,human,not_applicable,high
10.1177/10442073231154027,other,not_applicable,high
10.1177/1049732303260682,human,not_applicable,high
10.1177/1049732315573954,human,not_applicable,high
10.1177/1049732311421914,human,treatment,high
10.1177/1049732314562893,other,not_applicable,high
10.1177/1049732320969395,human,not_applicable,high
10.1177/1044207309346310,unclear,not_applicable,high
10.1177/10598405221144259,human,not_applicable,high
10.1177/1054773819838679,human,not_applicable,high
10.1177/10442073040140040401,unclear,not_applicable,high
10.1177/1066480714533652,human,not_applicable,high
10.1177/107839039500100104,human,treatment,high
10.1177/1066480711429426,human,not_applicable,high
10.1177/11786469231220781,human,not_applicable,high
10.1177/1179557320941478,human,not_applicable,high
10.1177/11795735241271675,other,not_applicable,high
10.1177/1359104500005001005,human,not_applicable,high
10.1177/1359104506059133,human,not_applicable,high
10.1177/1206331213512235,human,not_applicable,high
10.1177/1359104509340940,human,not_applicable,high
10.1177/1359104512455814,human,not_applicable,high
10.1177/1359104511403680,human,treatment,high
10.1177/1359104511403585,human,not_applicable,high
10.1177/1359104512460862,human,not_applicable,high
10.1177/1359104515602373,human,not_applicable,high
10.1177/1359104516646813,human,not_applicable,high
10.1177/1359104516672507,human,not_applicable,high
10.1177/1359104519829796,human,not_applicable,high
10.1177/1359104518794764,human,treatment,high
10.1177/1359104517736357,human,not_applicable,high
10.1177/1359104519835583,human,not_applicable,high
10.1177/1359104520918364,human,not_applicable,high
10.1177/13591045211005515,human,not_applicable,high
10.1177/1359104520964528,human,not_applicable,high
10.1177/1359104519838584,human,not_applicable,high
10.1177/1359104521994880,human,not_applicable,high
10.1177/135910530100600210,other,not_applicable,high
10.1177/1359105302007001649,other,not_applicable,high
10.1177/1359105305049774,human,treatment,high
10.1177/13591053030084005,human,not_applicable,high
10.1177/1359105306066628,human,treatment,high
10.1177/135910530100600105,human,not_applicable,high
10.1177/1359105308088525,human,not_applicable,high
10.1177/1359105307071747,human,not_applicable,high
10.1177/1359105307076233,human,not_applicable,high
10.1177/1359105308100205,human,not_applicable,high
10.1177/1359105309344895,human,not_applicable,high
10.1177/1359105309350515,human,not_applicable,high
10.1177/1359105309355336,human,not_applicable,high
10.1177/1359105309349453,human,not_applicable,high
10.1177/1359105312464670,human,not_applicable,high
10.1177/1359105311424470,human,not_applicable,high
10.1177/1359105313501534,other,not_applicable,high
10.1177/1359105313520335,human,not_applicable,high
10.1177/1359105314535458,human,treatment,high
10.1177/1359105315587137,other,not_applicable,high
10.1177/1359105315583367,human,not_applicable,high
10.1177/1359105316643376,human,not_applicable,high
10.1177/1359105316664139,human,not_applicable,high
10.1177/1359105316675213,human,not_applicable,high
10.1177/1359105316688953,human,treatment,high
10.1177/1359105317697323,human,treatment,high
10.1177/1359105317700885,human,treatment,high
10.1177/1359105317703786,human,treatment,high
10.1177/1359105317703785,human,treatment,high
10.1177/1359105317700886,human,treatment,high
10.1177/1359105317703787,human,not_applicable,high
10.1177/1359105317703789,unclear,not_applicable,high
10.1177/1359105317707215,human,treatment,high
10.1177/1359105317695803,other,not_applicable,high
10.1177/1359105317707216,human,not_applicable,high
10.1177/1359105317707259,human,not_applicable,high
10.1177/1359105316667798,human,treatment,high
10.1177/1359105317715476,human,not_applicable,high
10.1177/1359105317707531,human,treatment,high
10.1177/1359105317710246,human,treatment,high
10.1177/1359105317726152,human,treatment,high
10.1177/1359105317742195,other,not_applicable,high
10.1177/1359105318784161,human,not_applicable,high
10.1177/1359105318785450,human,not_applicable,high
10.1177/1359105318805819,human,not_applicable,high
10.1177/1359105318796906,human,not_applicable,high
10.1177/13591053211008203,human,treatment,high
10.1177/1359105319854532,human,treatment,high
10.1177/1359105319847261,human,not_applicable,high
10.1177/13591053211027631,human,not_applicable,high
10.1177/13591053211038042,human,treatment,medium
10.1177/13591053231186385,human,not_applicable,high
10.1177/13591053231223882,human,not_applicable,high
10.1177/13591053231169191,human,not_applicable,high
10.1177/13591053261420598,human,not_applicable,high
10.1177/13591053221084494,human,not_applicable,high
10.1177/13591053251325690,human,not_applicable,high
10.1177/135910539800300107,human,not_applicable,high
10.1177/1359105319834678,human,not_applicable,high
10.1177/1359105321990810,unclear,not_applicable,high
10.1177/1363459308094420,human,not_applicable,high
10.1177/135910539800300406,human,not_applicable,high
10.1177/1363459315622041,human,not_applicable,high
10.1177/1363459303007002876,human,not_applicable,high
10.1177/1363459315583158,human,not_applicable,high
10.1177/1363459309103919,other,not_applicable,high
10.1177/1363459307070806,human,not_applicable,high
10.1177/136345939800200204,human,not_applicable,high
10.1177/13634615030403006,human,not_applicable,high
10.1177/1367493505049644,human,not_applicable,high
10.1177/1367493519864747,human,treatment,high
10.1177/14034948211056752,human,not_applicable,high
10.1177/136749359900300207,human,not_applicable,high
10.1177/136346159403100206,other,not_applicable,high
10.1177/1403494819868592,human,not_applicable,high
10.1177/1363459315628044,human,not_applicable,high
10.1177/146642400212200113,human,not_applicable,high
10.1177/147323000803600501,human,not_applicable,high
10.1177/136346159403100302,other,not_applicable,high
10.1177/147323001103900122,human,not_applicable,high
10.1177/15350102001003001,human,treatment,high
10.1177/1524838007303196,human,not_applicable,high
10.1177/14782715241257968,unclear,not_applicable,high
10.1177/14782715241255977,other,not_applicable,high
10.1177/1478271520023202013,human,treatment,medium
10.1177/153537020322800206,human,not_applicable,high
10.1177/153944920502500205,human,not_applicable,high
10.1177/153944929701700303,human,not_applicable,high
10.1177/17423953060020020901,human,treatment,high
10.1177/1742395312474478,human,not_applicable,high
10.1177/1742395316644770,human,not_applicable,high
10.1177/1742395313478220,human,not_applicable,high
10.1177/1740774518760300,human,not_applicable,high
10.1177/1742395317746470,human,treatment,high
10.1177/1742395318815965,human,not_applicable,high
10.1177/1742395317703175,other,not_applicable,high
10.1177/1742395319836472,human,not_applicable,high
10.1177/1742395320949613,human,not_applicable,high
10.1177/17423953211064989,human,not_applicable,high
10.1177/17423953211043106,human,not_applicable,high
10.1177/17423953221101606,human,not_applicable,high
10.1177/17423953221121696,human,not_applicable,high
10.1177/17423953251347108,human,not_applicable,high
10.1177/17423953231178185,human,not_applicable,high
10.1177/17448069241275097,other,not_applicable,high
10.1177/1942602x18795299,human,not_applicable,high
10.1177/19714009980110s220,human,not_applicable,high
10.1177/20420986251395925,human,not_applicable,high
10.1177/20499361211009385,human,not_applicable,high
10.1177/2055102918792648,human,treatment,high
10.1177/2049463719875164,human,not_applicable,high
10.1177/2055102919838907,human,not_applicable,high
10.1177/2055102918805187,human,treatment,high
10.1177/2055102919840614,human,treatment,high
10.1177/2042533313507920,human,not_applicable,high
10.1177/2058738418820402,human,not_applicable,high
10.1177/2058738418812342,other,not_applicable,high
10.1177/2150131910385843,human,not_applicable,high
10.1177/2156587213485436,human,treatment,high
10.1177/2156587216659400,human,treatment,high
10.1177/216507991306100705,human,not_applicable,high
10.1177/2324709615607908,human,treatment,high
10.1177/2156587217712763,other,not_applicable,high
10.1177/21925682231217706,human,not_applicable,high
10.1177/2164957x221079790,human,treatment,high
10.1177/23743735261442541,human,treatment,high
10.1177/2380084419872135,human,not_applicable,high
10.1177/23743735241272158,human,treatment,high
10.1177/26331055221114817,other,not_applicable,high
10.1177/23743735261449971,human,not_applicable,high
10.1177/27536130241275607,human,treatment,high
10.1177/27536130241311594,other,not_applicable,high
10.1179/174328808x252064,human,treatment,high
10.1179/174592006x111012,human,treatment,high
10.1179/135100000101535519,other,not_applicable,high
10.1179/2295333714y.0000000056,human,both,high
10.1179/2295333714y.0000000075,unclear,not_applicable,high
10.1179/2295333714y.0000000076,human,not_applicable,high
10.1179/rer.2000.5.1.35,human,not_applicable,high
10.1183/13993003.congress-2023.pa2960,human,not_applicable,high
10.1183/13993003.congress-2023.pa4574,human,not_applicable,high
10.1185/03007995.2015.1045472,other,not_applicable,high
10.1186/1471-2172-13-71,human,not_applicable,high
10.1183/13993003.congress-2023.pa4639,human,treatment,high
10.1183/13993003.congress-2025.pa4128,human,not_applicable,high
10.1186/1471-2172-14-29,human,not_applicable,high
10.1186/1471-2180-11-2,human,not_applicable,high
10.1186/1471-2180-2-39,other,not_applicable,high
10.1186/1471-2296-11-16,human,not_applicable,high
10.1186/1471-2296-14-12,human,treatment,high
10.1182/blood-2018-99-117260,human,not_applicable,high
10.1186/1471-2296-15-44,human,not_applicable,high
10.1186/1471-2296-6-33,human,not_applicable,high
10.1186/1471-2296-11-89,human,not_applicable,high
10.1186/1471-2296-6-49,human,not_applicable,high
10.1186/1471-230x-12-13,human,not_applicable,high
10.1186/1471-2296-11-28,human,not_applicable,high
10.1186/1471-2377-11-23,human,treatment,high
10.1186/1471-230x-4-32,human,not_applicable,high
10.1186/1471-2296-13-93,human,not_applicable,high
10.1186/1471-230x-13-28,human,not_applicable,high
10.1186/1471-2334-12-258,human,not_applicable,high
10.1186/1471-2334-5-78,human,not_applicable,high
10.1186/1471-2377-10-73,human,not_applicable,high
10.1186/1471-2377-11-30,human,not_applicable,high
10.1186/1471-2377-11-82,human,not_applicable,high
10.1186/1471-2377-11-62,human,not_applicable,high
10.1186/1471-2377-4-14,human,not_applicable,high
10.1186/1471-2377-4-6,human,not_applicable,high
10.1186/1471-2377-7-40,human,not_applicable,high
10.1186/1471-2377-6-9,human,not_applicable,high
10.1186/1471-2377-6-41,human,not_applicable,high
10.1186/1471-2377-7-6,human,treatment,high
10.1186/1471-2377-5-22,human,not_applicable,high
10.1186/1471-2377-9-28,human,treatment,high
10.1186/1471-244x-13-281,human,not_applicable,high
10.1186/1471-244x-9-s1-s1,human,not_applicable,high
10.1186/1471-2458-12-202,human,treatment,high
10.1186/1471-244x-6-53,human,not_applicable,high
10.1186/1471-2458-13-414,human,not_applicable,high
10.1186/1471-2458-11-402,human,not_applicable,high
10.1186/1471-2458-9-458,human,not_applicable,high
10.1186/1472-6793-5-5,human,not_applicable,high
10.1186/1472-6882-11-47,human,not_applicable,high
10.1186/1471-2474-5-47,human,not_applicable,high
10.1186/1472-6882-11-87,human,treatment,high
10.1186/1472-6882-12-s1-p123,human,treatment,high
10.1186/1472-6920-8-49,other,not_applicable,high
10.1186/1472-6955-8-2,human,not_applicable,high
10.1186/1472-6963-11-217,human,not_applicable,high
10.1186/1472-6963-11-308,human,not_applicable,high
10.1186/1472-6882-7-12,human,not_applicable,high
10.1186/1472-6963-8-175,human,treatment,high
10.1186/1472-6963-5-37,other,not_applicable,high
10.1186/1475-2891-8-4,human,treatment,high
10.1186/1472-6963-9-13,human,not_applicable,high
10.1186/1475-2891-9-55,human,treatment,high
10.1186/1475-9276-10-46,human,not_applicable,high
10.1186/1476-5918-4-10,human,treatment,high
10.1186/1476-5918-4-3,human,treatment,high
10.1186/1472-6920-9-70,other,not_applicable,high
10.1186/1476-5918-5-1,human,not_applicable,high
10.1186/1476-5918-6-2,human,not_applicable,high
10.1186/1476-5918-6-6,human,not_applicable,high
10.1186/1477-7525-1-52,human,not_applicable,high
10.1186/1477-7525-1-48,human,not_applicable,high
10.1186/1477-7525-7-29,human,not_applicable,high
10.1186/1477-7525-7-67,human,not_applicable,high
10.1186/1477-7525-1-74,human,not_applicable,high
10.1186/1477-7525-1-49,human,not_applicable,high
10.1186/1477-7525-12-64,human,not_applicable,high
10.1186/1478-7547-2-4,other,not_applicable,high
10.1186/1478-7547-9-1,human,not_applicable,high
10.1186/1476-5918-7-6,human,not_applicable,high
10.1186/1478-7954-3-8,human,not_applicable,high
10.1186/1478-7954-2-1,human,not_applicable,high
10.1186/1478-7954-7-17,human,not_applicable,high
10.1186/1478-7954-4-12,human,not_applicable,high
10.1186/1478-7954-5-5,human,not_applicable,high
10.1186/1478-7954-5-6,human,not_applicable,high
10.1186/1478-7954-7-18,human,not_applicable,high
10.1186/1479-5876-1-10,human,not_applicable,high
10.1186/1479-5876-10-191,human,not_applicable,high
10.1186/1479-5876-10-88,human,not_applicable,high
10.1186/1479-5876-11-68,human,not_applicable,high
10.1186/1479-5876-11-93,human,not_applicable,high
10.1186/1479-5876-12-104,human,not_applicable,high
10.1186/1479-5876-11-243,other,not_applicable,high
10.1186/1479-5876-4-34,human,treatment,high
10.1186/1479-5876-7-81,other,not_applicable,high
10.1186/1479-5876-7-96,human,not_applicable,high
10.1186/1479-5876-12-20,human,not_applicable,high
10.1186/1479-5876-9-81,human,not_applicable,high
10.1186/1479-5876-8-93,human,not_applicable,high
10.1186/1741-7015-11-205,other,not_applicable,high
10.1186/1741-7007-8-124,other,not_applicable,high
10.1186/1741-7015-11-64,other,not_applicable,high
10.1186/1740-2557-2-5,human,not_applicable,high
10.1186/1741-7015-3-19,human,not_applicable,high
10.1186/1741-7015-4-9,human,treatment,high
10.1186/1741-7015-7-57,human,not_applicable,high
10.1186/1479-5876-8-1,human,not_applicable,high
10.1186/1741-7015-7-58,human,not_applicable,high
10.1186/1741-7015-8-35,other,not_applicable,high
10.1186/1741-7015-9-26,human,not_applicable,high
10.1186/1742-4682-9-22,human,not_applicable,high
10.1186/1742-4690-7-10,other,not_applicable,high
10.1186/1742-4690-7-109,human,not_applicable,high
10.1186/1742-4682-4-8,other,not_applicable,high
10.1186/1742-4690-7-110,other,not_applicable,high
10.1186/1741-7015-9-91,human,not_applicable,high
10.1186/1742-4690-7-113,other,not_applicable,high
10.1186/1742-4690-7-57,human,not_applicable,high
10.1186/1742-4690-7-16,other,not_applicable,high
10.1186/1742-4690-7-63,human,not_applicable,high
10.1186/1742-4690-7-68,animal,not_applicable,high
10.1186/1742-4690-8-12,human,not_applicable,high
10.1186/1742-4690-8-13,other,not_applicable,high
10.1186/1742-4690-8-20,human,not_applicable,high
10.1186/1742-4690-8-s1-a219,animal,not_applicable,high
10.1186/1742-4690-8-s1-a222,human,not_applicable,high
10.1186/1742-4690-8-s1-a225,other,not_applicable,high
10.1186/1742-4690-8-s1-a238,human,not_applicable,high
10.1186/1742-4690-8-s2-o11,other,not_applicable,high
10.1186/1742-4690-8-s1-a241,human,not_applicable,high
10.1186/1742-4690-8-s1-a230,other,not_applicable,high
10.1186/1743-0003-5-16,human,not_applicable,high
10.1186/1743-422x-10-332,other,not_applicable,high
10.1186/1743-422x-7-224,human,not_applicable,high
10.1186/1743-422x-8-423,other,not_applicable,high
10.1186/1743-422x-8-450,human,not_applicable,high
10.1186/1743-7075-7-79,human,treatment,medium
10.1186/1744-859x-9-s1-s25,human,treatment,high
10.1186/1744-9081-3-55,human,treatment,medium
10.1186/1744-9081-5-43,human,not_applicable,high
10.1186/1744-9081-4-44,human,not_applicable,high
10.1186/1744-9081-5-10,human,not_applicable,high
10.1186/1745-6215-13-71,human,treatment,high
10.1186/1744-9081-6-76,human,not_applicable,high
10.1186/1745-6215-14-147,human,treatment,high
10.1186/1745-6215-12-s1-a144,human,treatment,high
10.1186/1745-6215-14-415,human,treatment,high
10.1186/1745-6215-14-386,human,treatment,high
10.1186/1745-6215-16-s2-o43,human,not_applicable,high
10.1186/1748-5908-6-132,human,treatment,high
10.1186/1751-0759-3-7,human,not_applicable,high
10.1186/1745-6215-14-444,human,treatment,high
10.1186/1745-6215-16-s1-p21,human,not_applicable,high
10.1186/1751-0759-7-5,human,not_applicable,high
10.1186/1751-0759-4-22,human,not_applicable,high
10.1186/1751-0759-6-10,human,not_applicable,high
10.1186/1751-0759-7-7,human,not_applicable,high
10.1186/1751-0759-8-22,human,not_applicable,high
10.1186/1756-0500-4-139,human,not_applicable,high
10.1186/1752-0509-2-95,other,not_applicable,high
10.1186/1755-8794-2-38,human,not_applicable,high
10.1186/1756-0500-6-309,human,not_applicable,high
10.1186/1756-0500-7-370,other,not_applicable,high
10.1186/1756-0500-5-418,human,treatment,high
10.1186/1756-0500-7-650,human,treatment,high
10.1186/1878-5085-5-s1-a149,human,treatment,high
10.1186/1757-4749-1-6,human,treatment,high
10.1186/ar2690,human,not_applicable,high
10.1186/2052-1847-5-16,human,treatment,high
10.1186/ar1163,human,not_applicable,high
10.1186/1756-0500-7-461,human,not_applicable,high
10.1186/ar2425,human,not_applicable,high
10.1186/ar2691,human,not_applicable,high
10.1186/s10020-018-0046-1,human,not_applicable,high
10.1186/s10020-019-0083-4,human,not_applicable,high
10.1186/s10020-023-00766-8,other,not_applicable,high
10.1186/s12865-015-0101-4,human,not_applicable,high
10.1186/s12865-017-0190-3,human,not_applicable,high
10.1186/s12865-016-0142-3,human,not_applicable,high
10.1186/s12865-026-00849-1,other,not_applicable,high
10.1186/s12866-025-04650-9,human,not_applicable,high
10.1186/s12874-020-01131-7,other,not_applicable,high
10.1186/s12865-024-00657-5,other,not_applicable,high
10.1186/s12875-016-0453-8,human,not_applicable,high
10.1186/s12874-019-0730-z,human,not_applicable,high
10.1186/s12875-016-0493-0,human,not_applicable,high
10.1186/s12875-020-01160-7,human,not_applicable,high
10.1186/s12875-016-0527-7,human,not_applicable,high
10.1186/s12879-025-11754-0,human,treatment,high
10.1186/s12875-017-0635-z,human,not_applicable,high
10.1186/s12879-024-10238-x,human,not_applicable,high
10.1186/s10020-022-00528-y,other,not_applicable,high
10.1186/s12881-016-0342-y,human,not_applicable,high
10.1186/s12881-017-0387-6,human,not_applicable,high
10.1186/s12883-015-0308-2,human,not_applicable,high
10.1186/s12883-015-0392-3,human,treatment,high
10.1186/s12883-019-1468-2,human,not_applicable,high
10.1186/s12883-019-1433-0,human,not_applicable,high
10.1186/s12883-017-0896-0,human,not_applicable,high
10.1186/s12887-015-0428-2,human,treatment,high
10.1186/s12887-017-0799-7,human,not_applicable,high
10.1186/s12883-024-03872-0,human,not_applicable,high
10.1186/s12887-016-0596-8,human,not_applicable,high
10.1186/s12883-022-02763-6,human,not_applicable,high
10.1186/s12887-020-02461-7,human,not_applicable,high
10.1186/s12888-015-0515-9,human,treatment,high
10.1186/s12889-017-4968-2,human,not_applicable,high
10.1186/s12889-024-18757-7,human,not_applicable,high
10.1186/s12889-022-13929-9,human,not_applicable,high
10.1186/s12889-019-7225-z,human,not_applicable,high
10.1186/s12888-026-07797-5,human,not_applicable,high
10.1186/s12889-026-27499-7,human,not_applicable,high
10.1186/s12889-026-27598-5,human,not_applicable,high
10.1186/s12889-025-22603-9,human,not_applicable,high
10.1186/s12891-021-04293-7,human,treatment,high
10.1186/s12902-022-01237-7,human,treatment,high
10.1186/s12906-017-1783-3,human,treatment,high
10.1186/s12906-025-04800-6,human,treatment,high
10.1186/s12909-024-05990-2,human,not_applicable,high
10.1186/s12906-017-1647-x,human,treatment,high
10.1186/s12906-025-04882-2,animal,treatment,high
10.1186/s12912-026-04749-y,other,not_applicable,high
10.1186/s12912-015-0115-5,human,not_applicable,high
10.1186/s12913-016-1909-1,human,not_applicable,high
10.1186/s12913-017-2437-3,human,treatment,high
10.1186/s12913-017-2337-6,human,not_applicable,high
10.1186/s12913-026-14962-9,human,not_applicable,high
10.1186/s12916-014-0259-2,other,not_applicable,high
10.1186/s12916-015-0310-y,human,not_applicable,high
10.1186/s12916-023-02893-9,human,not_applicable,high
10.1186/s12918-018-0599-1,other,not_applicable,high
10.1186/s12920-017-0248-3,human,not_applicable,high
10.1186/s12916-014-0167-5,human,not_applicable,high
10.1186/s12933-024-02315-x,human,not_applicable,high
10.1186/s12916-025-04293-7,human,not_applicable,high
10.1186/s12955-015-0288-3,human,not_applicable,high
10.1186/s12955-020-01430-z,human,not_applicable,high
10.1186/s12955-018-1028-2,human,not_applicable,high
10.1186/s12955-025-02431-6,human,not_applicable,high
10.1186/s12967-015-0527-8,human,not_applicable,high
10.1186/s12967-015-0628-4,human,not_applicable,high
10.1186/s12967-016-0771-6,human,not_applicable,high
10.1186/s12967-015-0653-3,human,not_applicable,high
10.1186/s12963-016-0077-1,human,not_applicable,high
10.1186/s12967-016-0859-z,other,not_applicable,high
10.1186/s12916-015-0388-2,animal,not_applicable,high
10.1186/s12967-016-0873-1,human,not_applicable,high
10.1186/s12967-016-1104-5,human,not_applicable,high
10.1186/s12967-016-1010-x,human,not_applicable,high
10.1186/s12967-017-1161-4,human,not_applicable,high
10.1186/s12967-017-1201-0,human,not_applicable,high
10.1186/s12967-017-1229-1,human,not_applicable,high
10.1186/s12967-017-1263-z,other,not_applicable,high
10.1186/s12967-017-1350-1,human,not_applicable,high
10.1186/s12967-017-1371-9,human,treatment,high
10.1186/s12967-018-1413-y,human,treatment,high
10.1186/s12967-018-1473-z,human,not_applicable,high
10.1186/s12967-018-1397-7,human,treatment,high
10.1186/s12967-018-1392-z,human,treatment,high
10.1186/s12967-018-1644-y,other,not_applicable,high
10.1186/s12967-018-1696-z,human,not_applicable,high
10.1186/s12967-018-1713-2,human,not_applicable,high
10.1186/s12967-018-1414-x,human,not_applicable,high
10.1186/s12967-019-02153-6,human,not_applicable,high
10.1186/s12967-019-1797-3,human,not_applicable,high
10.1186/s12967-019-02196-9,human,treatment,high
10.1186/s12967-019-02155-4,other,not_applicable,high
10.1186/s12967-019-02184-z,human,not_applicable,high
10.1186/s12967-019-1836-0,human,not_applicable,high
10.1186/s12967-018-1600-x,other,not_applicable,high
10.1186/s12967-019-1948-6,human,not_applicable,high
10.1186/s12967-019-1888-1,human,not_applicable,high
10.1186/s12967-019-1935-y,human,not_applicable,high
10.1186/s12967-020-02269-0,human,not_applicable,high
10.1186/s12967-019-1906-3,human,not_applicable,high
10.1186/s12967-020-02397-7,human,not_applicable,high
10.1186/s12967-020-02356-2,human,not_applicable,high
10.1186/s12967-020-02341-9,human,not_applicable,high
10.1186/s12967-020-02419-4,human,not_applicable,high
10.1186/s12967-020-02452-3,human,not_applicable,high
10.1186/s12967-020-02506-6,human,not_applicable,high
10.1186/s12967-020-02481-y,human,not_applicable,high
10.1186/s12967-020-02560-0,human,not_applicable,high
10.1186/s12967-020-02583-7,human,not_applicable,high
10.1186/s12967-020-02455-0,other,not_applicable,high
10.1186/s12967-020-02575-7,other,not_applicable,high
10.1186/s12967-020-02603-6,unclear,not_applicable,high
10.1186/s12967-020-02585-5,human,not_applicable,high
10.1186/s12967-020-02683-4,human,treatment,high
10.1186/s12967-020-02533-3,human,not_applicable,high
10.1186/s12967-020-02665-6,other,not_applicable,high
10.1186/s12967-021-02713-9,human,not_applicable,high
10.1186/s12967-021-02721-9,human,treatment,high
10.1186/s12967-021-02742-4,human,treatment,high
10.1186/s12967-021-02875-6,human,treatment,high
10.1186/s12967-021-02774-w,human,not_applicable,high
10.1186/s12967-021-02833-2,other,not_applicable,high
10.1186/s12967-021-03035-6,human,not_applicable,high
10.1186/s12967-021-02974-4,human,not_applicable,high
10.1186/s12967-021-02819-0,human,not_applicable,high
10.1186/s12967-021-03127-3,other,not_applicable,high
10.1186/s12967-021-03153-1,human,not_applicable,high
10.1186/s12967-021-03143-3,other,not_applicable,high
10.1186/s12967-021-03170-0,human,not_applicable,high
10.1186/s12967-022-03297-8,other,treatment,high
10.1186/s12967-022-03244-7,human,not_applicable,high
10.1186/s12967-022-03289-8,human,not_applicable,high
10.1186/s12967-022-03301-1,human,not_applicable,high
10.1186/s12967-022-03346-2,human,not_applicable,high
10.1186/s12967-022-03460-1,human,treatment,high
10.1186/s12967-022-03461-0,human,treatment,high
10.1186/s12967-022-03616-z,human,not_applicable,high
10.1186/s12967-022-03638-7,human,not_applicable,high
10.1186/s12967-022-03682-3,human,not_applicable,high
10.1186/s12967-022-03764-2,human,not_applicable,high
10.1186/s12967-022-03488-3,human,treatment,high
10.1186/s12967-022-03662-7,human,not_applicable,high
10.1186/s12967-022-03769-x,human,not_applicable,high
10.1186/s12967-023-03886-1,human,not_applicable,high
10.1186/s12967-022-03815-8,human,not_applicable,high
10.1186/s12967-023-03887-0,human,not_applicable,high
10.1186/s12967-023-03958-2,human,not_applicable,high
10.1186/s12967-023-03946-6,human,not_applicable,high
10.1186/s12967-023-04179-3,human,not_applicable,high
10.1186/s12967-023-04250-z,human,treatment,high
10.1186/s12967-023-04412-z,human,not_applicable,high
10.1186/s12967-023-04227-y,human,treatment,high
10.1186/s12967-023-04226-z,human,not_applicable,high
10.1186/s12967-023-04295-0,human,not_applicable,high
10.1186/s12967-023-04515-7,human,not_applicable,high
10.1186/s12967-023-04587-5,human,treatment,high
10.1186/s12967-023-04588-4,human,not_applicable,high
10.1186/s12967-023-04636-z,human,prevention,high
10.1186/s12967-023-04711-5,human,not_applicable,high
10.1186/s12967-023-04635-0,human,not_applicable,high
10.1186/s12967-024-05148-0,human,not_applicable,high
10.1186/s12967-023-04808-x,animal,not_applicable,high
10.1186/s12967-023-04678-3,human,not_applicable,high
10.1186/s12967-024-04979-1,human,not_applicable,high
10.1186/s12967-024-05410-5,human,not_applicable,high
10.1186/s12967-024-05349-7,human,not_applicable,high
10.1186/s12967-024-05412-3,other,not_applicable,high
10.1186/s12967-024-05915-z,other,not_applicable,high
10.1186/s12967-024-05710-w,other,not_applicable,high
10.1186/s12967-025-06137-7,human,not_applicable,high
10.1186/s12967-025-06220-z,other,not_applicable,high
10.1186/s12967-025-06600-5,human,prevention,high
10.1186/s12967-025-06146-6,human,not_applicable,high
10.1186/s12967-025-06527-x,other,not_applicable,high
10.1186/s12967-025-06131-z,human,not_applicable,high
10.1186/s12967-025-06625-w,human,prevention,high
10.1186/s12967-025-06829-0,other,treatment,high
10.1186/s12967-025-07006-z,human,not_applicable,high
10.1186/s12967-025-06841-4,human,not_applicable,high
10.1186/s12967-025-06954-w,human,not_applicable,high
10.1186/s12967-025-07213-8,human,treatment,high
10.1186/s12967-025-07203-w,human,not_applicable,high
10.1186/s12967-025-07433-y,human,not_applicable,high
10.1186/s12967-025-07506-y,human,treatment,high
10.1186/s12967-025-07579-9,human,not_applicable,high
10.1186/s12967-025-07507-x,human,not_applicable,high
10.1186/s12967-025-07586-w,human,not_applicable,high
10.1186/s12967-025-07620-x,other,not_applicable,high
10.1186/s12967-026-07708-y,human,not_applicable,high
10.1186/s12967-026-07740-y,human,not_applicable,high
10.1186/s12967-026-07889-6,human,not_applicable,high
10.1186/s12967-025-07624-7,human,treatment,high
10.1186/s12967-026-07807-w,human,treatment,high
10.1186/s12967-026-08157-3,human,not_applicable,high
10.1186/s12967-026-08159-1,human,not_applicable,high
10.1186/s12967-026-08156-4,human,not_applicable,high
10.1186/s12967-026-08162-6,human,not_applicable,high
10.1186/s12967-026-08167-1,human,not_applicable,high
10.1186/s12967-026-08321-9,human,not_applicable,high
10.1186/s12967-026-08319-3,other,not_applicable,high
10.1186/s12974-019-1456-x,animal,not_applicable,high
10.1186/s12967-026-08324-6,human,treatment,high
10.1186/s12974-016-0539-1,animal,not_applicable,high
10.1186/s12974-014-0168-5,animal,not_applicable,high
10.1186/s12967-026-08442-1,human,not_applicable,high
10.1186/s12982-025-00936-5,human,not_applicable,high
10.1186/s12982-025-01036-0,human,not_applicable,high
10.1186/s13030-014-0027-8,human,treatment,high
10.1186/s13027-023-00485-z,other,not_applicable,high
10.1186/s13020-016-0092-y,human,not_applicable,high
10.1186/s13030-019-0168-x,human,treatment,high
10.1186/s13030-018-0123-2,human,treatment,high
10.1186/s13030-017-0090-z,human,treatment,high
10.1186/s13030-019-0171-2,human,treatment,high
10.1186/s13030-022-00250-5,human,not_applicable,high
10.1186/s13030-021-00219-w,human,treatment,high
10.1186/s13030-022-00255-0,human,treatment,high
10.1186/s13030-024-00305-9,human,not_applicable,high
10.1186/s13030-025-00339-7,human,treatment,high
10.1186/s13063-015-0971-z,human,treatment,high
10.1186/s13063-015-0857-0,human,treatment,high
10.1186/s13030-022-00260-3,human,treatment,high
10.1186/s13063-018-2500-3,human,treatment,high
10.1186/s13063-019-3243-5,human,treatment,high
10.1186/s13063-018-2763-8,human,treatment,high
10.1186/s13030-025-00336-w,human,treatment,high
10.1186/s13063-019-3895-1,human,treatment,high
10.1186/s13063-020-04901-2,human,not_applicable,high
10.1186/s13063-024-07982-5,human,treatment,high
10.1186/s13063-022-06620-2,human,treatment,high
10.1186/s13063-026-09769-2,human,treatment,high
10.1186/s13063-024-08077-x,human,treatment,high
10.1186/s13063-023-07550-3,human,treatment,high
10.1186/s13104-023-06616-4,human,not_applicable,high
10.1186/s13223-020-0417-3,human,not_applicable,high
10.1186/s13148-020-00960-z,human,not_applicable,high
10.1186/s13317-019-0122-8,human,not_applicable,high
10.1186/s13643-018-0909-0,other,not_applicable,high
10.1186/s13643-022-01972-x,other,not_applicable,high
10.1186/s40001-024-01747-1,other,not_applicable,high
10.1186/s40168-016-0171-4,human,not_applicable,high
10.1186/s40168-024-01858-1,human,not_applicable,high
10.1186/s40168-017-0261-y,human,not_applicable,high
10.1186/s40359-017-0174-3,human,not_applicable,high
10.1186/s13643-019-1202-6,human,not_applicable,high
10.1186/s40246-015-0030-6,human,not_applicable,high
10.1186/s40359-019-0288-x,human,treatment,high
10.1186/s40359-020-0380-2,human,not_applicable,high
10.1186/s40359-019-0296-x,human,not_applicable,high
10.1186/s40360-018-0203-8,other,not_applicable,high
10.1186/s40659-016-0087-2,human,not_applicable,high
10.1186/s40814-019-0525-3,human,treatment,high
10.1186/s40359-023-01358-1,human,not_applicable,high
10.1186/s40798-026-00995-1,human,not_applicable,high
10.1186/s40359-018-0218-3,human,treatment,high
10.1191/0269215504cr708oa,human,not_applicable,high
10.1191/0269215504cr751oa,human,not_applicable,high
10.1186/s40814-020-00595-0,human,prevention,high
10.1191/0269215505cr882oa,human,not_applicable,high
10.1186/s41687-019-0156-8,human,not_applicable,high
10.1191/1478088704qp008oa,human,not_applicable,high
10.1191/0269215506cr914oa,human,treatment,high
10.1191/1478088706qrp061oa,other,not_applicable,high
10.1186/s40900-015-0011-x,other,not_applicable,high
10.1192/apt.12.5.349,human,not_applicable,high
10.1192/apt.23.5.288,unclear,not_applicable,high
10.1192/apt.9.1.78,unclear,not_applicable,high
10.1192/apt.8.5.351,other,not_applicable,high
10.1192/bja.2017.34,human,not_applicable,high
10.1192/bjo.2022.209,human,treatment,high
10.1192/apt.bp.116.016261,human,treatment,high
10.1192/bjp.113.501.833,human,not_applicable,high
10.1192/bjp.122.2.141,human,not_applicable,high
10.1192/bjp.122.6.735,unclear,not_applicable,low
10.1192/apt.6.2.145,human,treatment,medium
10.1192/bjp.156.4.534,human,not_applicable,high
10.1192/bjp.166.6.793,human,not_applicable,high
10.1192/bjp.166.6.798,human,treatment,high
10.1192/bjp.167.1.86,human,not_applicable,high
10.1192/bjp.167.4.503,human,not_applicable,high
10.1192/bjp.168.1.121,human,not_applicable,high
10.1192/bjp.168.3.354,human,not_applicable,high
10.1192/bjp.172.6.491,human,treatment,high
10.1192/bjp.172.6.485,human,treatment,high
10.1192/bjp.173.4.353a,human,treatment,medium
10.1192/bjp.176.6.550,human,not_applicable,high
10.1192/bjp.173.6.475,human,not_applicable,high
10.1192/bjp.181.3.248,human,treatment,high
10.1192/bjp.184.2.136,human,not_applicable,high
10.1192/bjp.184.2.142,human,treatment,high
10.1192/bjp.184.6.477,human,not_applicable,high
10.1192/bjp.188.4.395-a,unclear,not_applicable,low
10.1192/bjp.184.3.240,human,treatment,high
10.1192/bjp.187.2.184,human,treatment,high
10.1192/bjp.186.4.350,human,treatment,high
10.1192/bjp.195.4.369a,unclear,not_applicable,low
10.1192/bjp.2018.136,human,treatment,high
10.1192/bjp.200.2.164a,unclear,unclear,low
10.1192/bjp.2017.22,human,treatment,high
10.1192/bjp.171.4.377,human,not_applicable,high
10.1192/bjp.2018.215,unclear,unclear,low
10.1192/bjp.2024.22,other,not_applicable,high
10.1192/bjp.bp.108.051292,human,treatment,high
10.1192/bjp.bp.106.031815,human,treatment,high
10.1192/bjp.2024.23,other,not_applicable,high
10.1192/bjp.bp.111.107474,human,treatment,high
10.1192/bjp.bp.110.082974,human,not_applicable,high
10.1192/bjp.bp.108.051813,human,not_applicable,high
10.1192/bjp.bp.110.083956,human,not_applicable,high
10.1192/bjpo.bp.115.002808,human,not_applicable,high
10.1192/j.eurpsy.2021.1163,human,treatment,high
10.1192/bjp.bp.115.169300,human,treatment,high
10.1192/j.eurpsy.2025.1226,other,not_applicable,high
10.1192/j.eurpsy.2025.189,unclear,not_applicable,high
10.1192/pb.22.4.193,unclear,not_applicable,low
10.1192/pb.22.4.198,human,not_applicable,high
10.1192/j.eurpsy.2021.382,human,not_applicable,high
10.1192/j.eurpsy.2025.408,human,not_applicable,high
10.1192/pb.bp.113.045005,human,treatment,high
10.1192/pb.23.11.691-a,other,not_applicable,high
10.1192/s000712500018211x,unclear,not_applicable,high
10.1192/pb.22.4.203,unclear,not_applicable,high
10.1196/annals.1320.012,other,not_applicable,medium
10.1192/s000712500003703x,unclear,not_applicable,high
10.1200/jco.2012.30.15_suppl.9070,human,not_applicable,high
10.1201/9781003417835,other,not_applicable,high
10.1196/annals.1366.020,animal,not_applicable,high
10.1201/9781420041002,other,not_applicable,high
10.1201/9781420001143,other,not_applicable,high
10.1201/9781315557366-18,human,not_applicable,high
10.1201/b13956,other,not_applicable,high
10.1201/9781420048193,other,not_applicable,high
10.1201/9781482269840,other,not_applicable,high
10.1203/00006450-200008000-00016,human,not_applicable,high
10.1203/pdr.0b013e31815ed612,human,not_applicable,high
10.1201/9781315275147,other,not_applicable,high
10.1201/b20221-10,human,not_applicable,high
10.12047/j.cjap.5633.2018.078,human,not_applicable,high
10.1207/s15324826an0801_2,human,not_applicable,high
10.1207/s15324796abm2402_07,human,not_applicable,high
10.1207/s15324826an0403_1,human,not_applicable,high
10.1207/s15324826an0801_3,human,not_applicable,high
10.1207/s15324826an0801_4,human,not_applicable,high
10.1207/s15324826an0801_5,human,not_applicable,high
10.1207/s15327027hc1101_2,human,not_applicable,high
10.1207/s15324826an0801_7,human,not_applicable,high
10.1207/s15324826an0801_6,human,not_applicable,high
10.1207/s15327558ijbm1002_05,human,not_applicable,high
10.1207/s15327558ijbm1303_8,human,not_applicable,high
10.1207/s15327876mp1204_01,human,not_applicable,high
10.1210/clinem/dgab429,human,not_applicable,high
10.1207/s15327655jchn0502_2,unclear,not_applicable,high
10.1210/endrev/bnag009,other,not_applicable,high
10.1210/er.2002-0014,human,not_applicable,high
10.1210/jc.2007-1747,human,not_applicable,high
10.1210/jcem-73-6-1224,human,not_applicable,high
10.1210/jcem.81.5.8626849,human,not_applicable,high
10.1210/jcem.85.4.6513,human,not_applicable,high
10.1210/jcem.85.10.6857,human,not_applicable,high
10.1210/jcem.86.8.7724,human,not_applicable,high
10.1210/jcem.85.2.6379,human,not_applicable,high
10.1210/jcem.86.8.7735,human,treatment,high
10.1210/jendso/bvac150.578,human,not_applicable,medium
10.1210/jendso/bvad114.1370,human,not_applicable,high
10.1211/pj.2016.20201439,human,treatment,high
10.1211/pj.2020.20208536,human,treatment,high
10.1211/pj.2022.1.147009,human,treatment,medium
10.12114/j.issn.1007-9572.2024.0288,other,not_applicable,high
10.1212/nxi.0000000000001113,human,not_applicable,high
10.1212/wnl.0000000000204829,human,not_applicable,high
10.1212/wnl.0000000000211884,human,not_applicable,high
10.1212/wnl.0000000000217363,human,treatment,high
10.1212/wnl.0000000000205761,human,not_applicable,high
10.1212/wnl.34.6.845-a,other,not_applicable,high
10.1212/wnl.0000000000217681,human,not_applicable,high
10.1212/wnl.43.1_part_1.125,human,not_applicable,high
10.1212/wnl.43.12.2645,human,not_applicable,high
10.1212/nxi.0000000000200244,human,treatment,high
10.1212/wnl.42.9.1667,human,not_applicable,high
10.1212/wnl.53.6.1340,human,not_applicable,high
10.1212/wnl.82.10_supplement.p1.093,human,not_applicable,high
10.1212/wnl.48.6.1717,human,not_applicable,high
10.1212/wnl.82.10_supplement.p7.305,human,treatment,high
10.1214/23-aoas1834,human,not_applicable,high
10.1212/wnl.90.15_supplement.p2.016,other,not_applicable,high
10.1212/wnl.47.6.1410,human,not_applicable,high
10.1214/24-ejs2222,other,not_applicable,high
10.1234/jgpt.v3i2.349,animal,treatment,high
10.1248/bpb.b15-00623,human,treatment,high
10.1248/bpb.34.354,animal,treatment,high
10.1248/bpb.b19-00009,animal,treatment,high
10.1249/00005768-199205001-00211,human,not_applicable,high
10.1248/bpb.b19-00616,animal,treatment,high
10.1215/9781478021544-004,other,not_applicable,high
10.1249/00005768-199305001-00094,human,not_applicable,high
10.1249/00005768-199405001-00269,human,not_applicable,high
10.1249/00005768-200405001-01314,human,not_applicable,high
10.1249/00005768-199505001-00177,human,treatment,high
10.1249/00005768-200505001-01743,human,not_applicable,high
10.1249/00005768-200605001-01259,human,not_applicable,high
10.1249/00005768-200605001-00571,human,not_applicable,high
10.1249/00005768-200605001-02399,human,not_applicable,high
10.1249/01.mss.0000058360.61448.6c,human,not_applicable,high
10.1249/00005768-200605001-02398,human,treatment,high
10.1249/01.mss.0000058438.25278.33,human,not_applicable,high
10.1249/01.mss.0000062828.48337.44,human,not_applicable,high
10.1249/01.mss.0000069510.58763.e8,human,not_applicable,high
10.1249/01.mss.0000181680.35503.ce,human,not_applicable,high
10.1249/01.mss.0000128184.57911.21,human,not_applicable,high
10.1249/01.mss.0000179921.48404.ef,human,not_applicable,high
10.1249/01.mss.0000142406.79093.90,human,not_applicable,high
10.1249/01.mss.0000274760.28522.df,human,not_applicable,high
10.1249/01.mss.0000355322.61578.e7,human,not_applicable,high
10.1249/01.mss.0000274761.36146.5f,human,not_applicable,high
10.1249/01.mss.0000476561.62802.88,human,treatment,high
10.1249/01.mss.0000476560.85673.81,human,not_applicable,high
10.1249/01.mss.0000400896.52640.52,human,not_applicable,high
10.1249/01.mss.0000485353.37124.aa,human,not_applicable,high
10.1249/01.mss.0000477153.95274.bc,human,not_applicable,high
10.1249/01.mss.0000495526.97940.0a,human,treatment,high
10.1249/01.mss.0000486153.17319.06,human,not_applicable,high
10.1249/01.mss.0000517145.84069.44,human,not_applicable,high
10.1249/01.mss.0000535866.44178.11,human,not_applicable,high
10.1249/01.mss.0000519479.78263.d1,human,not_applicable,high
10.1249/01.mss.0000538712.91111.69,human,not_applicable,high
10.1249/01.mss.0000675296.08816.68,human,not_applicable,high
10.1249/01.mss.0000882640.56534.fe,human,not_applicable,high
10.1249/01.mss.0000878040.35829.4e,human,not_applicable,high
10.1249/01.mss.0000981320.13705.b1,human,not_applicable,high
10.1249/01.mss.0000762864.68507.3a,human,not_applicable,high
10.1249/01.mss.0001054112.23253.0a,human,not_applicable,high
10.1249/01.mss.0000981104.11713.e0,human,not_applicable,high
10.1249/01.mss.0001060360.80310.99,human,not_applicable,high
10.1249/01.mss.0000983844.93238.9d,human,not_applicable,high
10.1249/01.mss.0000679540.68177.0f,human,not_applicable,high
10.1249/01.mss.0001154540.80808.f0,human,not_applicable,high
10.1249/01.mss.0001155392.02552.12,human,not_applicable,high
10.1249/01.mss.0001161516.33476.0b,human,not_applicable,high
10.1249/01.mss.0000981076.43817.c0,human,not_applicable,high
10.1249/fit.0b013e318201c22d,human,treatment,high
10.1249/fit.0b013e318201ca17,human,treatment,high
10.1249/fit.0000000000000876,human,treatment,high
10.1249/mss.0000000000000990,human,treatment,high
10.1249/mss.0000000000000957,human,treatment,high
10.1249/mss.0000000000003891,human,not_applicable,high
10.1249/mss.0000000000000983,human,treatment,high
10.1249/mss.0000000000002421,human,not_applicable,high
10.1249/mss.0b013e3181b11bc7,human,not_applicable,high
10.1253/circrep.cr-22-0114,human,not_applicable,high
10.1258/135763302320939220,human,not_applicable,high
10.1249/mss.0b013e3182417b9a,human,not_applicable,high
10.1258/jrsm.2009.09k038,human,not_applicable,high
10.1258/jicp.2011.011024,human,not_applicable,high
10.1258/shorts.2011.011016,other,not_applicable,high
10.1258/shorts.2011.011127,human,not_applicable,high
10.1258/shorts.2010.010042,human,not_applicable,high
10.1258/shorts.2012.012051,other,not_applicable,high
10.1258/shorts.2011.011167,human,not_applicable,high
10.1259/bjr/93889091,human,not_applicable,high
10.12659/ajcr.896949,human,treatment,high
10.1259/bjr.73.875.11144799,human,not_applicable,high
10.12659/ajcr.900314,human,not_applicable,high
10.1259/bjr/85621779,human,not_applicable,high
10.12659/msm.881699,human,not_applicable,high
10.12659/msm.889333,human,treatment,high
10.12659/msm.890423,human,treatment,high
10.12677/acm.2025.1561811,human,treatment,high
10.12677/tcm.2025.147467,unclear,treatment,medium
10.12688/f1000research.18660.1,human,not_applicable,high
10.12775/jehs.2022.12.09.084,other,not_applicable,high
10.1272/jnms.66.239,human,not_applicable,high
10.12731/2658-6649-2023-15-5-951,other,treatment,medium
10.12688/hrbopenres.13181.1,other,not_applicable,high
10.12775/jehs.2025.85.66478,human,not_applicable,high
10.12775/jehs.2026.88.69423,human,not_applicable,high
10.12783/dtssehs/mess2016/9698,human,not_applicable,high
10.12775/qs.2024.17.52946,human,not_applicable,high
10.1289/ehp.02110s4591,unclear,not_applicable,high
10.12775/jehs.2020.10.09.076,unclear,not_applicable,high
10.1289/ehp.99107s3469,other,not_applicable,high
10.1289/ehp.02110s4641,human,not_applicable,high
10.1289/ehp.02110s4673,human,not_applicable,high
10.1289/ehp.97105s2417,human,not_applicable,high
10.12891/ceog3883.2017,human,treatment,high
10.1289/ehp.02110s4597,unclear,not_applicable,high
10.1289/ehp.02110s4607,human,not_applicable,high
10.12891/ceog5179.2019,human,treatment,high
10.1292/jvms.11-0362,other,not_applicable,high
10.12932/ap-200517-0086,human,not_applicable,high
10.12932/ap0771,human,not_applicable,high
10.12932/ap0733,human,not_applicable,high
10.12968/bjha.2009.3.5.42368,unclear,not_applicable,high
10.12968/bjhc.2023.0034,other,not_applicable,high
10.12968/bjom.2012.20.6.389,human,not_applicable,high
10.12968/bjnn.2009.5.10.44669,human,not_applicable,high
10.12968/bjon.1992.1.9.440,human,not_applicable,high
10.12968/bjon.2006.15.12.21399,human,not_applicable,high
10.12968/bjon.2007.16.16.27071,other,not_applicable,high
10.12968/bjon.2010.19.14.49051,human,not_applicable,high
10.12968/bjsn.2009.4.2.40658,human,not_applicable,medium
10.12968/bjtr.1997.4.12.14326,human,treatment,high
10.12968/bjhc.2021.0095,unclear,not_applicable,high
10.12968/bjtr.1997.4.12.14328,human,not_applicable,high
10.12968/bjtr.1998.5.4.14088,human,treatment,high
10.12968/chhe.2023.4.4.165,unclear,not_applicable,high
10.12968/bjtr.1997.4.12.14327,human,not_applicable,high
10.12968/bjtr.1998.5.2.14101,human,treatment,high
10.12968/ijtr.2016.0035,human,treatment,high
10.12968/ijtr.2013.20.4.180,human,not_applicable,high
10.12968/npre.2009.7.8.43686,human,not_applicable,high
10.12968/hmed.2006.67.sup9.21994,human,not_applicable,high
10.12968/pnur.2003.14.6.276,human,treatment,high
10.12968/opti.2024.270.6986.28,unclear,not_applicable,high
10.12968/pnur.2025.0098,human,not_applicable,high
10.12968/pnur.2022.33.1.34,unclear,not_applicable,high
10.12970/2310-9874.2014.02.01.5,human,treatment,medium
10.12988/bmgt.2014.3122,human,not_applicable,high
10.1300/10911350802107652,human,not_applicable,high
10.12991/201014445,other,not_applicable,high
10.1300/j004v19n02_04,human,not_applicable,high
10.1300/j005v21n02_03,human,not_applicable,high
10.1300/j010v30n03_05,human,not_applicable,high
10.1300/j013v37n01_01,human,not_applicable,high
10.1300/j015v14n03_16,other,not_applicable,high
10.1300/j092v01n01_04,human,treatment,high
10.1300/j092v01n01_05,human,not_applicable,high
10.1300/j079v34n02_04,human,not_applicable,high
10.1300/j092v01n02_02,other,not_applicable,high
10.1300/j092v01n02_03,human,not_applicable,high
10.1300/j092v01n01_06,human,not_applicable,high
10.1300/j092v01n02_05,human,not_applicable,high
10.1300/j045v18n01_03,human,not_applicable,high
10.1300/j092v01n03_05,human,not_applicable,high
10.1300/j092v01n02_04,human,not_applicable,high
10.1300/j092v01n03_09,human,treatment,high
10.1300/j092v01n03_10,human,not_applicable,high
10.1300/j092v01n03_17,human,not_applicable,high
10.1300/j092v02n01_02,human,not_applicable,high
10.1300/j092v01n03_24,human,not_applicable,high
10.1300/j092v02n01_03,human,not_applicable,high
10.1300/j092v02n01_05,human,not_applicable,high
10.1300/j092v01n03_23,human,treatment,high
10.1300/j092v02n02_02,human,treatment,high
10.1300/j092v02n04_02,human,not_applicable,high
10.1300/j092v02n02_04,human,treatment,high
10.1300/j092v02n04_03,human,not_applicable,high
10.1300/j092v03n01_02,unclear,not_applicable,medium
10.1300/j092v03n01_05,human,not_applicable,high
10.1300/j092v02n04_04,human,not_applicable,high
10.1300/j092v03n01_04,human,not_applicable,high
10.1300/j092v03n01_03,human,not_applicable,high
10.1300/j092v03n01_06,other,not_applicable,medium
10.1300/j092v03n02_02,human,not_applicable,high
10.1300/j092v03n01_07,unclear,not_applicable,medium
10.1300/j092v03n02_04,human,not_applicable,high
10.1300/j092v03n02_03,human,not_applicable,high
10.1300/j092v03n02_05,human,not_applicable,high
10.1300/j092v03n03_04,human,not_applicable,high
10.1300/j092v03n03_01,human,not_applicable,high
10.1300/j092v03n03_07,human,not_applicable,high
10.1300/j092v03n04_02,unclear,not_applicable,low
10.1300/j092v03n04_04,human,not_applicable,high
10.1300/j092v04n01_02,human,not_applicable,high
10.1300/j092v04n01_03,human,not_applicable,high
10.1300/j092v04n01_04,human,treatment,high
10.1300/j092v03n03_03,human,treatment,high
10.1300/j092v04n01_06,human,not_applicable,high
10.1300/j092v04n01_05,human,not_applicable,high
10.1300/j092v04n01_09,human,treatment,high
10.1300/j092v03n03_05,unclear,not_applicable,high
10.1300/j092v04n01_10,human,not_applicable,high
10.1300/j092v03n02_08,human,not_applicable,high
10.1300/j092v04n01_11,human,not_applicable,medium
10.1300/j092v04n01_14,other,not_applicable,high
10.1300/j092v04n02_02,human,treatment,high
10.1300/j092v04n01_15,human,not_applicable,high
10.1300/j092v03n04_08,unclear,not_applicable,high
10.1300/j092v04n01_12,human,not_applicable,high
10.1300/j092v04n02_03,human,not_applicable,high
10.1300/j092v04n01_13,human,not_applicable,high
10.1300/j092v04n02_04,human,not_applicable,high
10.1300/j092v04n02_05,human,treatment,high
10.1300/j092v04n03_02,human,not_applicable,high
10.1300/j092v04n03_03,human,not_applicable,high
10.1300/j092v04n03_05,unclear,not_applicable,medium
10.1300/j092v04n03_06,human,not_applicable,high
10.1300/j092v04n03_04,human,not_applicable,high
10.1300/j092v04n03_07,human,not_applicable,high
10.1300/j092v04n04_02,human,not_applicable,high
10.1300/j092v04n04_03,human,not_applicable,high
10.1300/j092v04n04_05,human,not_applicable,high
10.1300/j092v04n04_06,human,not_applicable,high
10.1300/j092v05n01_02,other,not_applicable,high
10.1300/j092v04n04_07,human,not_applicable,high
10.1300/j092v05n01_05,other,not_applicable,high
10.1300/j092v05n01_06,human,treatment,high
10.1300/j092v05n01_03,human,not_applicable,high
10.1300/j092v05n01_08,other,not_applicable,medium
10.1300/j092v05n01_04,human,not_applicable,high
10.1300/j092v05n02_03,human,not_applicable,high
10.1300/j092v05n02_04,human,not_applicable,high
10.1300/j092v05n03_03,human,not_applicable,high
10.1300/j092v05n03_02,other,not_applicable,high
10.1300/j092v05n03_04,human,not_applicable,high
10.1300/j092v05n03_05,human,not_applicable,high
10.1300/j092v05n03_06,human,not_applicable,high
10.1300/j092v05n03_13,human,treatment,high
10.1300/j092v05n03_12,human,not_applicable,high
10.1300/j092v05n03_08,human,treatment,high
10.1300/j092v05n03_16,human,not_applicable,high
10.1300/j092v05n03_17,human,not_applicable,high
10.1300/j092v05n03_18,other,not_applicable,high
10.1300/j092v05n03_19,human,not_applicable,high
10.1300/j092v06n01_02,human,not_applicable,high
10.1300/j092v06n01_03,human,not_applicable,high
10.1300/j092v06n01_05,human,not_applicable,high
10.1300/j092v06n02_04,animal,treatment,high
10.1300/j092v06n02_02,human,treatment,high
10.1300/j092v06n01_04,human,not_applicable,high
10.1300/j092v06n02_05,human,not_applicable,high
10.1300/j092v06n02_06,human,not_applicable,high
10.1300/j092v06n02_07,human,not_applicable,high
10.1300/j092v06n02_08,other,not_applicable,high
10.1300/j092v06n02_09,other,not_applicable,high
10.1300/j092v06n03_04,human,not_applicable,medium
10.1300/j092v06n03_07,human,not_applicable,medium
10.1300/j092v06n03_08,human,treatment,high
10.1300/j092v06n03_10,human,treatment,high
10.1300/j092v06n03_03,human,treatment,high
10.1300/j092v06n03_05,human,not_applicable,high
10.1300/j092v06n03_06,human,not_applicable,high
10.1300/j092v07n01_03,human,not_applicable,high
10.1300/j092v07n01_04,human,not_applicable,high
10.1300/j092v07n01_06,human,not_applicable,high
10.1300/j092v07n01_08,human,treatment,high
10.1300/j092v07n02_02,human,not_applicable,high
10.1300/j092v07n01_07,human,not_applicable,high
10.1300/j092v07n02_08,other,not_applicable,high
10.1300/j092v07n03_02,human,not_applicable,high
10.1300/j092v07n01_05,human,not_applicable,high
10.1300/j092v07n02_03,human,not_applicable,high
10.1300/j092v07n03_03,human,not_applicable,high
10.1300/j092v07n03_05,human,not_applicable,high
10.1300/j092v07n03_04,human,treatment,high
10.1300/j092v07n03_06,human,treatment,high
10.1300/j092v07n03_07,human,not_applicable,high
10.1300/j092v07n04_04,human,not_applicable,high
10.1300/j092v07n04_03,unclear,not_applicable,high
10.1300/j092v07n04_02,human,not_applicable,high
10.1300/j092v08n01_03,human,treatment,high
10.1300/j092v07n04_05,other,not_applicable,high
10.1300/j092v08n01_02,human,treatment,high
10.1300/j092v08n01_04,human,not_applicable,high
10.1300/j092v08n02_02,human,treatment,high
10.1300/j092v08n02_03,human,not_applicable,high
10.1300/j092v08n02_04,human,treatment,high
10.1300/j092v08n02_07,other,not_applicable,medium
10.1300/j092v08n03_02,human,not_applicable,high
10.1300/j092v08n02_06,human,treatment,high
10.1300/j092v08n03_03,human,not_applicable,high
10.1300/j092v08n03_04,human,not_applicable,high
10.1300/j092v08n03_05,human,not_applicable,high
10.1300/j092v08n03_07,human,not_applicable,high
10.1300/j092v08n03_08,other,not_applicable,high
10.1300/j092v08n03_09,human,not_applicable,high
10.1300/j092v08n03_10,human,not_applicable,high
10.1300/j092v08n03_11,human,treatment,high
10.1300/j092v09n01_04,human,not_applicable,high
10.1300/j092v09n01_03,human,not_applicable,high
10.1300/j092v09n01_05,human,not_applicable,high
10.1300/j092v09n03_02,human,not_applicable,high
10.1300/j092v09n03_03,other,not_applicable,high
10.1300/j092v10n01_02,human,not_applicable,high
10.1300/j092v10n01_03,human,not_applicable,high
10.1300/j092v10n01_04,human,not_applicable,high
10.1300/j092v10n01_05,human,treatment,high
10.1300/j092v10n02_02,human,not_applicable,high
10.1300/j092v10n02_03,human,not_applicable,high
10.1300/j092v10n02_04,human,not_applicable,high
10.1300/j092v10n03_02,human,not_applicable,high
10.1300/j092v10n02_05,human,treatment,high
10.1300/j092v10n03_04,human,not_applicable,high
10.1300/j092v10n03_05,unclear,not_applicable,medium
10.1300/j092v10n03_06,other,not_applicable,high
10.1300/j092v11n01_03,human,not_applicable,high
10.1300/j092v11n01_04,human,treatment,high
10.1300/j092v11n02_02,human,not_applicable,high
10.1300/j092v11n02_03,human,not_applicable,high
10.1300/j092v11n02_06,human,treatment,high
10.1300/j092v11n02_04,human,not_applicable,high
10.1300/j092v11n02_05,human,not_applicable,high
10.1300/j092v11n02_07,other,not_applicable,high
10.1300/j092v11n03_04,human,treatment,high
10.1300/j092v11n03_06,human,treatment,high
10.1300/j092v11n03_05,human,not_applicable,high
10.1300/j092v11n01_02,unclear,not_applicable,high
10.1300/j092v11n04_03,human,not_applicable,high
10.1300/j092v11n04_02,human,not_applicable,high
10.1300/j092v11n04_05,human,treatment,high
10.1300/j092v12n01_02,human,not_applicable,high
10.1300/j092v11n04_04,human,not_applicable,high
10.1300/j092v12n01_03,human,not_applicable,high
10.1300/j092v12n02_04,human,not_applicable,high
10.1300/j092v12n02_02,human,not_applicable,high
10.1300/j092v12n02_05,human,not_applicable,high
10.1300/j092v12n02_06,human,not_applicable,high
10.1300/j092v12n02_08,other,not_applicable,high
10.1300/j092v12n01_04,human,not_applicable,high
10.1300/j092v12n03_03,human,not_applicable,high
10.1300/j092v12n03_04,human,not_applicable,high
10.1300/j092v12n03_02,human,not_applicable,high
10.1300/j092v12n03_05,human,not_applicable,high
10.1300/j092v12n02_03,human,not_applicable,high
10.1300/j092v12n04_04,human,treatment,high
10.1300/j092v12n04_03,human,not_applicable,high
10.1300/j092v12n04_02,human,not_applicable,high
10.1300/j092v13n01_03,unclear,not_applicable,high
10.1300/j092v13n01_04,human,not_applicable,high
10.1300/j092v13n01_06,human,treatment,high
10.1300/j092v13n02_02,human,not_applicable,high
10.1300/j092v13n01_05,human,treatment,high
10.1300/j092v13n02_04,human,not_applicable,high
10.1300/j092v13n02_06,human,not_applicable,high
10.1300/j092v13n01_02,human,not_applicable,high
10.1300/j092v13n02_05,unclear,not_applicable,high
10.1300/j092v13n04_03,other,not_applicable,high
10.1300/j092v13n04_04,human,treatment,high
10.1300/j092v13n04_02,human,not_applicable,high
10.1300/j092v13n02_01,unclear,not_applicable,high
10.1300/j092v13n04_05,human,not_applicable,high
10.1300/j092v14n01_04,human,not_applicable,high
10.1300/j092v14n01_02,human,not_applicable,high
10.1300/j092v14n01_03,human,not_applicable,high
10.1300/j092v13n04_07,human,not_applicable,high
10.1300/j092v14n01_05,human,not_applicable,high
10.1300/j092v14n01_06,human,not_applicable,high
10.1300/j092v14n01_07,human,not_applicable,high
10.1300/j092v14n02_02,human,not_applicable,high
10.1300/j092v14n02_04,human,not_applicable,high
10.1300/j092v14n02_03,human,not_applicable,high
10.1300/j092v14n02_05,human,not_applicable,high
10.1300/j092v14n03_02,human,not_applicable,high
10.1300/j092v14n02_06,human,not_applicable,high
10.1300/j092v14n02_07,human,not_applicable,high
10.1300/j092v14n03_04,human,not_applicable,high
10.1300/j092v14n03_07,human,not_applicable,high
10.1300/j092v14n03_06,human,treatment,high
10.1300/j094v03n02_03,human,not_applicable,high
10.1300/j094v03n02_12,other,not_applicable,high
10.1300/j094v06n01_03,human,not_applicable,high
10.1300/j094v03n02_05,other,not_applicable,high
10.1300/j094v07n01_20,human,not_applicable,high
10.1300/j094v07n01_31,human,not_applicable,high
10.1300/j094v12n01_03,human,not_applicable,high
10.1300/j094v10n01_16,unclear,not_applicable,high
10.1300/j138v01n04_07,unclear,not_applicable,high
10.1300/j137v03n01_04,human,treatment,high
10.1300/j184v02n02_04,human,not_applicable,high
10.1300/j425v02n04_06,other,not_applicable,high
10.1300/j184v07n01_02,human,not_applicable,high
10.1300/j094v03n02_24,human,not_applicable,high
10.1300/j095v09n03_08,unclear,not_applicable,high
10.13045/acupunct.2017086,human,treatment,high
10.13045/jar.2022.00143,human,treatment,high
10.13048/jkm.13017,human,not_applicable,high
10.13005/bpj/3342,other,not_applicable,high
10.13048/jkm.19043,other,not_applicable,high
10.13048/jkm.20036,human,treatment,high
10.1300/j354v16n02_12,other,not_applicable,high
10.13048/jkm.20007,human,treatment,high
10.13109/prkk.2017.66.9.656,human,not_applicable,high
10.13109/zptm.2023.69.oa7,human,not_applicable,high
10.13075/ijomeh.1896.01274,human,not_applicable,high
10.13128/ijae-14897,other,not_applicable,high
10.13128/ijae-12221,other,not_applicable,high
10.13189/ujph.2013.010404,other,not_applicable,high
10.13345/j.cjb.210253,human,not_applicable,medium
10.1348/014466503762842057,human,not_applicable,high
10.13169/intljofdissocjus.5.3.0004,other,not_applicable,high
10.13189/ujph.2015.030101,human,not_applicable,high
10.1348/135910703321649169,human,not_applicable,high
10.1348/014466505x82379,human,not_applicable,high
10.1348/014466510x519215,human,not_applicable,high
10.1348/135910703770238310,human,treatment,high
10.1348/135910705x26317,human,treatment,high
10.1348/135910709x440034,human,treatment,high
10.1348/135910708x283760,human,treatment,high
10.1348/135910709x480346,human,not_applicable,high
10.1348/135910706x171469,human,not_applicable,high
10.1348/135910799168713,unclear,not_applicable,high
10.1348/147608308x306888,human,not_applicable,high
10.1348/147608309x481829,human,not_applicable,high
10.1348/135910799168678,human,not_applicable,high
10.1353/gia.2021.0002,human,not_applicable,high
10.1353/hub.2002.0038,human,not_applicable,high
10.1353/jlc.0.0026,other,not_applicable,high
10.1353/nib.2018.0079,unclear,not_applicable,high
10.1353/hub.2002.0044,human,not_applicable,high
10.1353/ppp.2020.0053,other,not_applicable,high
10.1353/ppp.2020.0052,other,not_applicable,high
10.1353/pbm.1999.0043,other,not_applicable,high
10.1353/ppp.2020.0054,other,not_applicable,high
10.1360/n972014-00120,animal,not_applicable,high
10.1358/dot.2002.38.8.820095,human,treatment,high
10.1353/bhm.2007.0039,other,not_applicable,high
10.1370/afm.250266,human,treatment,high
10.1370/afm.240494,other,not_applicable,high
10.1360/n972019-00270,unclear,not_applicable,high
10.1370/afm.867,human,not_applicable,high
10.13702/j.1000-0607.171010,animal,treatment,high
10.13702/j.1000-0607.200827,animal,treatment,high
10.13702/j.1000-0607.200998,animal,not_applicable,high
10.13702/j.1000-0607.20221032,animal,treatment,high
10.13702/j.1000-0607.20220628,animal,treatment,high
10.13702/j.1000-0607.20220017,animal,treatment,high
10.13702/j.1000-0607.20250074,animal,treatment,high
10.13702/j.1000-0607.20230180,animal,treatment,high
10.13703/j.0255-2930.2017.08.004,human,treatment,high
10.13703/j.0255-2930.2017.11.013,human,treatment,high
10.13703/j.0255-2930.2019.02.003,human,treatment,high
10.13703/j.0255-2930.2017.12.006,human,treatment,high
10.13702/j.1000-0607.20230441,animal,treatment,high
10.13703/j.0255-2930.2019.02.004,human,treatment,high
10.13703/j.0255-2930.20190722-k0001,human,treatment,high
10.13703/j.0255-2930.20190801-k0006,human,treatment,high
10.13703/j.0255-2930.20210106-0001,unclear,treatment,medium
10.13703/j.0255-2930.20220124-k0006,human,treatment,high
10.13703/j.0255-2930.20210829-k0003,unclear,not_applicable,medium
10.13703/j.0255-2930.20230307-0002,human,treatment,high
10.13703/j.0255-2930.20200210-k0001,human,treatment,high
10.13703/j.0255-2930.20250222-k0003,unclear,treatment,medium
10.13703/j.0255-2930.20230603-k0003,human,treatment,high
10.1371/annotation/913fdc1e-877e-4c70-ac20-761d2d72400d,animal,not_applicable,high
10.1371/journal.pctr.0020019,human,treatment,high
10.1371/journal.pcbi.1000273,other,not_applicable,high
10.1371/journal.pone.0008519,human,not_applicable,high
10.1371/journal.pone.0005805,human,not_applicable,high
10.1371/journal.pone.0010817,human,not_applicable,high
10.1371/journal.pone.0009948,other,not_applicable,high
10.1371/journal.pone.0015632,human,not_applicable,high
10.1371/journal.pone.0011738,other,not_applicable,high
10.1371/journal.pone.0016872,human,not_applicable,high
10.1371/journal.pone.0017287,human,not_applicable,high
10.1371/journal.pone.0017592,human,not_applicable,high
10.1371/journal.pone.0018272,animal,not_applicable,high
10.1371/journal.pone.0019953,other,not_applicable,high
10.1371/journal.pone.0026358,human,treatment,high
10.1371/journal.pone.0027391,human,not_applicable,high
10.1371/journal.pone.0027870,human,not_applicable,high
10.1371/journal.pone.0030889,other,not_applicable,high
10.1371/journal.pone.0031334,human,treatment,high
10.13703/j.0255-2930.20220818-k0001,human,treatment,high
10.1371/journal.pone.0047891,human,not_applicable,high
10.1371/journal.pone.0037482,other,not_applicable,high
10.1371/journal.pone.0049518,human,not_applicable,high
10.1371/journal.pone.0040808,human,treatment,high
10.1371/journal.pone.0071834,human,treatment,high
10.1371/journal.pone.0051515,human,not_applicable,high
10.1371/journal.pone.0024602,human,not_applicable,high
10.1371/journal.pone.0084839,other,not_applicable,high
10.1371/journal.pone.0081155,human,not_applicable,high
10.1371/journal.pone.0074427,other,not_applicable,high
10.1371/journal.pone.0098156,human,not_applicable,high
10.1371/journal.pone.0085387,human,not_applicable,high
10.1371/journal.pone.0104757,human,not_applicable,high
10.1371/journal.pone.0102783,human,not_applicable,high
10.1371/journal.pone.0122982,other,not_applicable,high
10.1371/journal.pone.0117136,human,not_applicable,high
10.1371/journal.pone.0124648,human,treatment,high
10.1371/journal.pone.0130643,animal,not_applicable,high
10.1371/journal.pone.0129898,human,treatment,high
10.1371/journal.pone.0132421,human,not_applicable,high
10.1371/journal.pone.0145453,human,not_applicable,high
10.1371/journal.pone.0150904,human,not_applicable,high
10.1371/journal.pone.0144623,human,treatment,high
10.1371/journal.pone.0159351,human,not_applicable,high
10.1371/journal.pone.0157199,human,treatment,high
10.1371/journal.pone.0159386,human,not_applicable,high
10.1371/journal.pone.0140883,human,not_applicable,high
10.1371/journal.pone.0161226,human,treatment,high
10.1371/journal.pone.0176631,human,not_applicable,high
10.1371/journal.pone.0165691,other,not_applicable,high
10.1371/journal.pone.0177037,unclear,not_applicable,high
10.1371/journal.pone.0177260,human,treatment,high
10.1371/journal.pone.0179124,human,not_applicable,high
10.1371/journal.pone.0186885,human,not_applicable,high
10.1371/journal.pone.0192817,human,not_applicable,high
10.1371/journal.pone.0186802,other,not_applicable,high
10.1371/journal.pone.0193672,human,treatment,high
10.1371/journal.pone.0184325,human,not_applicable,high
10.1371/journal.pone.0195111,human,not_applicable,high
10.1371/journal.pone.0197811,human,not_applicable,high
10.1371/journal.pone.0198106,human,not_applicable,high
10.1371/journal.pone.0200068,human,not_applicable,high
10.1371/journal.pone.0201066,human,not_applicable,high
10.1371/journal.pone.0205278,human,treatment,high
10.1371/journal.pone.0203503,human,not_applicable,high
10.1371/journal.pone.0210394,human,not_applicable,high
10.1371/journal.pone.0225995,human,not_applicable,high
10.1371/journal.pone.0231136,other,not_applicable,high
10.1371/journal.pone.0213724,human,not_applicable,high
10.1371/journal.pone.0212193,human,not_applicable,high
10.1371/journal.pone.0244116,human,not_applicable,high
10.1371/journal.pone.0232475,human,not_applicable,high
10.1371/journal.pone.0236148,human,not_applicable,high
10.1371/journal.pone.0265765,human,not_applicable,high
10.1371/journal.pone.0240403,human,treatment,high
10.1371/journal.pone.0276009,human,not_applicable,high
10.1371/journal.pone.0272703,human,not_applicable,high
10.1371/journal.pone.0278415,human,treatment,high
10.1371/journal.pone.0265315,human,not_applicable,high
10.1371/journal.pone.0274472,human,not_applicable,high
10.1371/journal.pone.0286410,human,not_applicable,high
10.1371/journal.pone.0287287,human,treatment,high
10.1371/journal.pone.0291364,other,not_applicable,high
10.1371/journal.pone.0280942,human,treatment,high
10.1371/journal.pone.0291173,human,not_applicable,high
10.1371/journal.pone.0296060,other,not_applicable,high
10.1371/journal.pone.0307086,other,not_applicable,high
10.1371/journal.pone.0307484,human,treatment,high
10.1371/journal.pone.0315385,human,not_applicable,high
10.1371/journal.pone.0316625,human,not_applicable,high
10.1371/journal.pone.0309810,human,not_applicable,high
10.1371/journal.pone.0338433,human,not_applicable,high
10.1371/journal.pone.0316373,human,not_applicable,high
10.1371/journal.pone.0341278,human,not_applicable,high
10.1371/journal.pone.0341334,other,not_applicable,high
10.1371/journal.pone.0343374,human,not_applicable,high
10.1371/journal.ppat.1011523,unclear,not_applicable,high
10.1375/183242706779462417,human,not_applicable,high
10.1375/136905299320565870,human,not_applicable,high
10.1375/twin.10.5.729,human,not_applicable,high
10.1378/chest.102.6.1716,human,not_applicable,high
10.1378/chest.95.4.779,human,not_applicable,high
10.1378/chest.104.5.1417,human,not_applicable,high
10.1386/sfc.10.1.57/1,human,not_applicable,high
10.14264/131286,human,not_applicable,high
10.1378/chest.123.4.998,human,not_applicable,high
10.14288/1.0087830,human,not_applicable,high
10.14288/1.0091905,human,not_applicable,high
10.14288/1.0087225,human,not_applicable,high
10.14309/00000434-200609001-01276,human,not_applicable,high
10.14309/00000434-200410001-00866,human,not_applicable,high
10.14288/1.0085567,human,not_applicable,high
10.14309/00000434-201010001-01324,human,not_applicable,high
10.14300/mnnc.2016.11059,human,treatment,high
10.14309/00000434-201210001-01481,human,treatment,high
10.14309/00000434-201110002-01228,human,treatment,high
10.14309/00000434-201710001-02891,human,treatment,high
10.14336/ad.2021.0824,other,treatment,medium
10.14309/01.ajg.0000956924.26236.c4,human,not_applicable,high
10.14341/2071-8713-4977,human,not_applicable,high
10.14393/bj-v38n0a2022-65195,human,not_applicable,high
10.14341/omet2014337-41,human,not_applicable,high
10.14412/2074-2711-2021-6-105-110,other,prevention,medium
10.14412/2074-2711-2018-4-101-110,human,treatment,high
10.14428/ebr.v1i4.10353,animal,treatment,high
10.14601/tutor-19142,human,treatment,high
10.14624/nr2404002,human,not_applicable,high
10.14814/phy2.13091,human,treatment,high
10.14814/phy2.14564,human,not_applicable,high
10.14744/etd.2020.06767,human,not_applicable,medium
10.14670/hh-17.273,other,not_applicable,high
10.14814/phy2.15639,human,not_applicable,high
10.14814/phy2.14138,human,not_applicable,high
10.14457/tru.the.2010.46,human,treatment,high
10.14814/phy2.70535,human,not_applicable,high
10.1503/cmaj.1060097,unclear,not_applicable,medium
10.1503/cmaj.1060137,unclear,not_applicable,high
10.15123/pub.5378,other,not_applicable,high
10.1503/cmaj.1095929,human,not_applicable,high
10.1504/ijmic.2009.029028,other,not_applicable,high
10.1515/bams-2015-0029,human,not_applicable,high
10.1515/cdbme-2021-2094,human,prevention,high
10.15005/00000256,human,not_applicable,high
10.1515/em-2021-0033,human,not_applicable,high
10.1515/ijamh-2017-0197,human,not_applicable,high
10.1515/9781478021544-005,other,not_applicable,high
10.1515/jcim-2021-0200,other,treatment,high
10.1515/ijamh.2002.14.4.307,human,not_applicable,high
10.1515/nor-2016-0002,human,not_applicable,high
10.1515/ijamh-2023-0030,human,not_applicable,high
10.1515/reveh-2015-0026,human,not_applicable,high
10.1515/jpem.2005.18.3.295,human,not_applicable,high
10.1515/sjpain-2018-0075,human,not_applicable,high
10.1515/sjpain-2018-0095,human,not_applicable,high
10.1515/sjpain-2019-0072,unclear,not_applicable,high
10.1515/sjpain-2018-2007,human,not_applicable,high
10.1515/sjpain-2020-0031,human,not_applicable,high
10.1515/teb-2025-0017,human,treatment,high
10.1517/14656560902988510,unclear,not_applicable,high
10.1517/14728222.12.3.281,other,not_applicable,high
10.1517/13543776.2.7.1016,human,both,high
10.1516/002075702320888684,other,not_applicable,high
10.1517/14656560903487744,human,treatment,high
10.1517/14728222.2013.818657,other,not_applicable,high
10.1517/17530059.2013.776039,human,not_applicable,high
10.15173/nexus.v14i1.170,other,not_applicable,high
10.15188/kjopp.2020.06.34.3.117,human,treatment,high
10.15190/d.2016.1,human,treatment,high
10.1519/ssc.0b013e31818eb19a,human,treatment,medium
10.1521/psyc.2011.74.1.21,human,not_applicable,high
10.15226/2575-6303/2/1/00113,human,not_applicable,high
10.15225/pnn.2020.9.2.5,human,not_applicable,high
10.1525/maq.1992.6.4.02a00030,other,not_applicable,high
10.1530/endoabs.32.p119,human,treatment,high
10.1530/endoabs.37.ep1209,human,not_applicable,high
10.1530/endoabs.86.hdi2.2,human,treatment,high
10.15406/ijcam.2016.04.00129,human,treatment,high
10.15406/jhvrv.2014.01.00020,other,not_applicable,high
10.15406/ijvv.2015.01.00003,human,not_applicable,high
10.15406/ijcam.2021.14.00567,human,treatment,high
10.15406/jhvrv.2019.07.00211,other,not_applicable,high
10.1525/abt.2019.81.6.387,other,not_applicable,high
10.15406/jhvrv.2020.08.00224,other,not_applicable,high
10.15406/jhvrv.2023.10.00255,other,not_applicable,high
10.1542/peds.103.1.116,human,not_applicable,high
10.15406/jpcpy.2017.07.00442,human,treatment,high
10.1542/peds.107.3.e35,human,not_applicable,high
10.1542/peds.100.2.270,human,not_applicable,high
10.15406/jhvrv.2022.09.00242,other,not_applicable,high
10.15406/jnsk.2024.14.00582,human,treatment,high
10.1542/peds.107.5.994,human,not_applicable,high
10.1542/peds.111.4.e376,human,not_applicable,high
10.15406/jnsk.2019.09.00337,unclear,not_applicable,medium
10.1542/peds.2004-1515,human,not_applicable,high
10.1542/peds.2005-2307,human,not_applicable,high
10.1542/peds.2005-2575,human,not_applicable,high
10.1542/peds.2006-2045,human,not_applicable,high
10.1542/peds.2006-2759,human,not_applicable,high
10.1542/peds.2007-0493,human,treatment,high
10.1542/peds.2006-2231,human,not_applicable,high
10.1542/peds.2007-1488,human,treatment,high
10.1542/peds.2008-1879,human,not_applicable,high
10.1542/peds.2010-1147,human,not_applicable,high
10.1542/peds.2009-2644,human,not_applicable,high
10.1542/peds.2015-3434,human,not_applicable,high
10.15540/nr.3.1.28,other,not_applicable,high
10.1542/peds.2012-2007,human,treatment,high
10.15540/nr.8.2.73,human,not_applicable,high
10.15540/nr.4.3-4.125,human,not_applicable,high
10.1556/650.2025.33259,other,not_applicable,high
10.1556/oh.2010.28848,human,not_applicable,high
10.15584/ejcem.2018.3.11,other,not_applicable,high
10.15585/mmwr.mm655051a4,unclear,not_applicable,high
10.15640/ijhs.v3n4a7,human,not_applicable,medium
10.15766/mep_2374-8265.10170,other,not_applicable,high
10.15714/scandpsychol.4.e1,human,not_applicable,high
10.15761/mri.1000118,human,not_applicable,high
10.15605/jafes.040.s1.016,human,not_applicable,high
10.15766/mep_2374-8265.10527,human,not_applicable,high
10.1542/peds.2023-062570,human,not_applicable,high
10.15789/1563-0625-edo-2315,human,not_applicable,high
10.15766/mep_2374-8265.11507,human,not_applicable,high
10.15789/1563-0625-pop-2826,human,not_applicable,high
10.15789/2220-7619-eot-1928,other,not_applicable,high
10.15789/2220-7619-2011-3-267-270,human,not_applicable,medium
10.15829/1728-8800-2023-3517,human,treatment,high
10.1586/17512433.2016.1172960,human,treatment,high
10.1586/14737175.8.6.917,human,treatment,high
10.1586/eem.12.20,other,not_applicable,high
10.1586/ern.12.41,human,not_applicable,high
10.1588/medver.2005.02.00049,human,prevention,medium
10.1588/medver.2005.02.00071,other,not_applicable,medium
10.1590/1517-8692202127032021_0085,human,treatment,high
10.1590/1517-8692202127082021_0359,human,treatment,high
10.1590/1517-8692202228022021_0494,human,treatment,high
10.1590/1517-8692202127082021_0376,human,treatment,high
10.1590/s0104-59702010000200002,unclear,not_applicable,high
10.1590/s0120-41572011000400017,other,not_applicable,high
10.1590/s0212-16112012000200046,human,not_applicable,high
10.1590/s1516-44462005000300003,unclear,not_applicable,high
10.1590/s1413-81232011000400012,human,not_applicable,high
10.1590/s1516-44462007000500005,other,not_applicable,high
10.16016/j.1000-5404.201901083,human,not_applicable,high
10.16016/j.1000-5404.201905187,human,not_applicable,medium
10.1682/jrrd.2006.12.0153,human,not_applicable,high
10.1620/tjem.186.33,human,not_applicable,high
10.1682/jrrd.2009.01.0007,human,treatment,high
10.1682/jrrd.2014.03.0086,human,not_applicable,high
10.1682/jrrd.2012.08.0156,human,not_applicable,high
10.16966/2379-7150.114,human,not_applicable,high
10.1682/jrrd.2014.11.0293,human,not_applicable,high
10.16966/2379-7150.112,human,not_applicable,high
10.16966/2469-6714.103,human,not_applicable,high
10.16966/2469-6714.112,unclear,not_applicable,high
10.16966/2470-1009.103,human,treatment,high
10.16966/2469-6714.110,human,not_applicable,high
10.17116/jnevro20171174140-44,human,treatment,high
10.17098/amj.339335,human,not_applicable,high
10.17116/jnevro2021121081125,human,not_applicable,medium
10.17116/jnevro202112110292,human,both,medium
10.17116/jnevro202412409128,human,not_applicable,high
10.17116/jnevro202312305138,human,treatment,medium
10.17116/jnevro2021121402113,human,not_applicable,medium
10.17116/rosstomat20211403121,human,not_applicable,high
10.17116/jnevro202512503127,human,not_applicable,medium
10.17192/z2015.0217,human,not_applicable,high
10.17226/27462,unclear,not_applicable,high
10.17116/rosstomat20191203137,human,not_applicable,high
10.17554/j.issn.2224-3992.2016.05.603-1,human,prevention,medium
10.17352/2455-5363.000063,other,not_applicable,high
10.17352/2455-2976.000020,other,not_applicable,high
10.17554/j.issn.2313-5611.2015.01.13,other,not_applicable,high
10.17605/osf.io/cdxn5,other,not_applicable,high
10.17635/lancaster/thesis/50,other,not_applicable,high
10.17605/osf.io/ft5v4,human,treatment,high
10.17226/19012,unclear,not_applicable,high
10.17795/ajnpp-37281,human,not_applicable,high
10.17638/03100418,human,not_applicable,high
10.17795/mejrh-37972,human,treatment,high
10.17816/0869-2106-2021-27-4-407-418,human,treatment,high
10.17816/brmma71302,human,treatment,high
10.17816/cs676890,human,not_applicable,high
10.17816/maj104161-174,animal,not_applicable,medium
10.17816/maj108690,human,not_applicable,high
10.17816/maj191s174-76,animal,not_applicable,high
10.17816/maj634020,animal,treatment,high
10.17816/mechnikov201911447-54,human,not_applicable,high
10.18041/2215-8944/academia.22.8914,other,not_applicable,high
10.18061/dsq.v23i1.398,other,not_applicable,high
10.18061/dsq.v29i3.938,human,not_applicable,high
10.18043/ncm.79.3.189,human,not_applicable,high
10.18103/mra.v10i6.2891,human,not_applicable,high
10.18103/mra.v10i6.2858,human,not_applicable,high
10.18103/mra.v11i7.1.4083,human,not_applicable,high
10.18103/mra.v12i9.5644,unclear,not_applicable,high
10.18103/mra.v12i6.5368,human,treatment,medium
10.18103/mra.v10i9.3050,other,not_applicable,high
10.18103/mra.v14i3.7255,human,not_applicable,high
10.18103/mra.v5i11.1645,human,not_applicable,high
10.18103/mra.v13i11.7104,human,not_applicable,high
10.18332/popmed/165669,human,not_applicable,high
10.18103/mra.v9i6.2494,human,not_applicable,high
10.18416/rab.2018.1809024,other,not_applicable,high
10.18573/bsdj.308,other,not_applicable,high
10.18745/th.17472,human,not_applicable,high
10.17816/rjpbr79779,human,treatment,high
10.18745/th.17597,other,not_applicable,high
10.18632/oncotarget.25544,human,not_applicable,high
10.1891/1559-4343.18.2.150,human,not_applicable,high
10.1891/1933-3196.2.3.226,human,treatment,high
10.1891/0889-8391.11.2.127,human,treatment,high
10.18745/th.17195,other,not_applicable,high
10.18910/71615,other,not_applicable,high
10.1891/emdr-2022-0060,human,treatment,high
10.18910/73802,human,not_applicable,high
10.18061/dsq.v31i2.1598,other,not_applicable,high
10.18910/71746,human,not_applicable,high
10.19540/j.cnki.cjcmm.20240621.401,animal,treatment,high
10.19852/j.cnki.jtcm.20211214.003,human,treatment,high
10.19852/j.cnki.jtcm.20231018.004,animal,treatment,high
10.19116/theory.2022.27.1.195,unclear,not_applicable,high
10.19852/j.cnki.jtcm.2026.03.006,animal,treatment,high
10.20448/801.51.104.115,human,not_applicable,high
10.20452/pamw.2973,human,not_applicable,high
10.19852/j.cnki.jtcm.2025.03.012,animal,treatment,high
10.20473/j.djmkg.v38.i4.p169-172,human,treatment,high
10.20944/preprints201807.0057.v1,other,treatment,high
10.20933/100001243,human,not_applicable,high
10.20944/preprints201902.0029.v1,other,not_applicable,high
10.20944/preprints202007.0754.v1,human,not_applicable,high
10.20935/acadmolbiogen7314,other,not_applicable,high
10.20944/preprints201909.0188.v1,human,both,high
10.20944/preprints202111.0478.v1,human,not_applicable,high
10.20944/preprints202009.0264.v1,human,treatment,high
10.20960/nh.03788,human,treatment,high
10.20969/vskm.2025.18(5).93-100,human,not_applicable,high
10.20883/medical.e877,unclear,not_applicable,high
10.20944/preprints202109.0201.v1,other,not_applicable,high
10.21037/atm-22-3787,human,treatment,high
10.21037/apm-19-461,human,treatment,high
10.21037/apm-20-1714,animal,treatment,high
10.21037/atm.2019.09.136,human,treatment,high
10.20944/preprints202009.0744.v1,unclear,not_applicable,high
10.2105/ajph.84.2.282,human,not_applicable,high
10.2105/ajph.87.9.1449,human,not_applicable,high
10.2119/molmed.2008.00098,human,not_applicable,high
10.21203/rs.2.22444/v1,human,not_applicable,high
10.21203/rs.3.rs-154011/v1,other,not_applicable,high
10.21203/rs.2.12496/v1,human,treatment,high
10.21203/rs.3.rs-267403/v1,human,treatment,high
10.21203/rs.3.rs-408624/v1,human,not_applicable,high
10.21203/rs.3.rs-384347/v1,human,not_applicable,high
10.21203/rs.3.rs-6596158/v1,human,treatment,high
10.2119/2007-00059.saiki,other,not_applicable,high
10.21203/rs.3.rs-64733/v1,human,treatment,high
10.21203/rs.3.rs-7189456/v1,animal,not_applicable,high
10.21203/rs.3.rs-820696/v1,other,not_applicable,high
10.21203/rs.3.rs-962672/v1,human,not_applicable,medium
10.21203/rs.3.rs-965010/v1,human,treatment,high
10.21236/ada608724,human,not_applicable,high
10.21276/bpr.2016.6.3.3,animal,treatment,high
10.21203/rs.3.rs-925403/v1,human,not_applicable,high
10.2139/ssrn.4332223,human,not_applicable,high
10.21203/rs.3.rs-100155/v1,human,treatment,high
10.2139/ssrn.4573649,human,not_applicable,high
10.2143/acb.67.1.2062621,human,not_applicable,high
10.2143/tvg.73.13.2002371,human,not_applicable,high
10.2147/ahmt.s317314,human,not_applicable,high
10.2147/clep.s39876,human,not_applicable,high
10.2147/aabc.s3624,other,not_applicable,high
10.2147/clep.s129335,human,not_applicable,high
10.2147/imcrj.s476044,human,treatment,high
10.2147/clep.s96797,human,not_applicable,high
10.2147/itt.s581262,human,not_applicable,high
10.2147/imcrj.s306641,human,not_applicable,high
10.2147/jir.s195165,human,treatment,high
10.2147/jmdh.s4147,human,treatment,high
10.2147/jpr.s127038,human,not_applicable,high
10.2147/jmdh.s5220,human,treatment,high
10.2147/jmdh.s482100,other,not_applicable,high
10.2147/jpr.s139466,human,treatment,high
10.2147/jpr.s186878,other,not_applicable,high
10.2147/jpr.s394321,other,not_applicable,high
10.2147/jpr.s369470,human,not_applicable,high
10.2147/jpr.s40014,human,not_applicable,high
10.2147/jpr.s439412,human,not_applicable,high
10.2147/ndt.s379653,human,treatment,high
10.2147/oaem.s176843,human,not_applicable,high
10.2147/ndt.s92911,human,not_applicable,high
10.2147/opth.s565596,human,not_applicable,high
10.2147/tacg.s99405,human,not_applicable,high
10.2147/vaat.s10695,human,treatment,high
10.2147/prbm.s63193,human,treatment,high
10.2147/prbm.s50645,human,not_applicable,high
10.2147/vaat.s15105,human,treatment,high
10.2147/vaat.s36540,human,not_applicable,high
10.2147/vaat.s6749,human,treatment,high
10.2147/phmt.s126253,human,treatment,high
10.21474/ijar01/22171,other,not_applicable,high
10.21508/1027-4065-2018-63-1-22-27,human,not_applicable,high
10.21508/1027-4065-2019-64-2-38-46,human,treatment,high
10.2149/tmh.36.23,human,treatment,high
10.21518/2079-701x-2018-2-156-161,human,treatment,medium
10.21518/2079-701x-2022-16-18-95-99,human,treatment,high
10.21518/2079-701x-2015-2-20-24,human,treatment,high
10.21518/ms2024-150,other,not_applicable,high
10.21518/ms2023-401,other,not_applicable,high
10.21518/ms2026-086,human,not_applicable,medium
10.21608/bfsa.2023.199974.1690,human,treatment,high
10.21518/ms2025-510,other,not_applicable,high
10.2165/00003495-199346040-00005,human,treatment,high
10.2165/00003495-200262170-00003,human,not_applicable,high
10.21608/jshp.2020.170915,human,not_applicable,high
10.2165/00003495-200868130-00003,human,treatment,high
10.2165/00007256-199621010-00004,human,treatment,high
10.2165/00007256-200131090-00001,human,not_applicable,high
10.2169/internalmedicine.31.313,human,not_applicable,high
10.2147/prom.s155642,human,not_applicable,high
10.2165/00126839-200405050-00006,human,treatment,high
10.2169/internalmedicine.48.2347,human,not_applicable,high
10.2169/internalmedicine.40.1158,human,treatment,high
10.2169/internalmedicine.54.3042,human,treatment,high
10.2169/internalmedicine.44.1258,human,treatment,high
10.2169/internalmedicine.55.7354,human,treatment,high
10.2169/internalmedicine.7182-21,human,treatment,high
10.2169/internalmedicine.6082-20,human,treatment,high
10.2169/internalmedicine.56.8001,human,treatment,high
10.2174/0929867054367202,other,not_applicable,high
10.2174/092986710791233689,human,treatment,high
10.2174/1381612033454234,human,not_applicable,high
10.2169/internalmedicine.3218-19,human,treatment,high
10.2174/138161208799316348,other,not_applicable,high
10.2174/1381612822666151215102420,other,not_applicable,high
10.2174/156720206776875894,human,not_applicable,high
10.2174/1381612822666160914182822,other,not_applicable,high
10.2174/1568026617666181119154247,other,not_applicable,high
10.2174/0109298673398178251117112014,other,treatment,high
10.2174/1568026618666181115100610,other,not_applicable,high
10.2174/1568026621666210727170147,human,not_applicable,high
10.2174/1570159x11666131120224653,human,not_applicable,high
10.2174/157339707779815830,other,not_applicable,high
10.2174/1570159x13666150928105725,unclear,not_applicable,high
10.2174/1573397112666151231111104,human,not_applicable,high
10.2174/157339707782408937,human,not_applicable,high
10.2174/157340011796391184,human,not_applicable,high
10.2174/157488409789375311,human,treatment,high
10.2174/1573401319666221221102057,human,treatment,high
10.2174/1871527314666150325235247,other,not_applicable,high
10.2174/187221407779814561,other,not_applicable,high
10.2174/1874196700902010020,human,not_applicable,high
10.2174/1874205x00903010013,human,not_applicable,high
10.2174/1874620900902010020,human,not_applicable,high
10.2174/1876386302013010052,human,treatment,high
10.2174/1876386301205010032,human,treatment,high
10.2174/1874620901003010006,human,not_applicable,high
10.2177/jsci.14.313,human,not_applicable,high
10.21767/2572-5610.10027,human,not_applicable,high
10.21760/jaims.9.4.7,other,not_applicable,high
10.2177/jsci.16.324,human,not_applicable,high
10.2177/jsci.16.64,human,not_applicable,high
10.2177/jsci.40.306b,human,not_applicable,high
10.2174/2215083810666230626115456,other,treatment,high
10.2190/1af2-3c2r-tyll-qax3,human,not_applicable,high
10.21885/wvmj.2018.8,human,not_applicable,high
10.2190/8r67-n9er-xr74-9ra7,human,not_applicable,high
10.2190/20ap-d23d-ymf5-eltl,human,not_applicable,high
10.2190/pm.39.3.h,human,not_applicable,high
10.2190/t6gx-jj2l-vcvv-t81b,human,not_applicable,high
10.2190/pnf9-xfwj-da24-r3pu,human,not_applicable,high
10.21926/obm.icm.2504049,human,treatment,high
10.2196/11215,human,not_applicable,high
10.21926/obm.neurobiol.2501267,human,not_applicable,high
10.2196/14037,human,treatment,high
10.2196/24839,human,treatment,high
10.2196/11276,human,treatment,high
10.2196/17768,human,treatment,high
10.2188/jea.6.75,human,not_applicable,high
10.2196/50157,human,treatment,high
10.2196/36798,human,not_applicable,high
10.2196/53347,human,treatment,high
10.2196/54679,human,not_applicable,high
10.2196/54321,other,not_applicable,high
10.2196/77644,human,not_applicable,high
10.2196/65087,other,not_applicable,high
10.2196/82633,human,treatment,high
10.2196/jmir.1278,other,not_applicable,high
10.2196/jmir.1643,human,not_applicable,high
10.2196/jmir.6019,other,not_applicable,high
10.2196/65958,human,treatment,high
10.2196/preprints.104721,other,not_applicable,high
10.2196/preprints.14037,human,treatment,high
10.2196/preprints.11215,human,not_applicable,high
10.2196/preprints.36798,human,not_applicable,high
10.2196/preprints.82633,human,treatment,high
10.2196/preprints.11276,human,treatment,high
10.2196/resprot.5395,human,treatment,high
10.2196/resprot.7242,human,treatment,high
10.22054/qccpc.2025.75766.3193,human,treatment,high
10.2214/ajr.162.4.8141020,human,not_applicable,high
10.22141/2224-0713.21.5.2025.1200,human,treatment,high
10.2217/14622416.10.1.35,human,not_applicable,high
10.2217/14622416.7.2.211,other,not_applicable,high
10.22141/2224-0713.4.106.2019.174046,human,treatment,high
10.2214/ajr.162.4.8141022,human,not_applicable,high
10.2217/14622416.7.3.345,human,not_applicable,high
10.2217/14622416.7.3.355,human,not_applicable,high
10.2217/14622416.7.3.365,human,not_applicable,high
10.2217/14622416.7.3.375,human,not_applicable,high
10.2217/14622416.7.3.387,human,not_applicable,high
10.2217/14622416.7.3.395,human,not_applicable,high
10.2217/14622416.7.3.407,human,not_applicable,high
10.2217/14622416.7.3.421,human,not_applicable,high
10.2217/14622416.7.3.429,other,not_applicable,high
10.2217/14622416.7.3.441,other,not_applicable,high
10.22075/jcp.2017.2096,human,not_applicable,high
10.2217/14622416.7.3.475,human,not_applicable,high
10.2217/14622416.7.3.467,human,not_applicable,high
10.2217/14622416.7.3.485,human,not_applicable,high
10.2217/14622416.7.3.455,human,not_applicable,high
10.2217/14622416.7.3.503,other,not_applicable,high
10.2217/epi-2017-0106,other,not_applicable,high
10.2217/epi-2017-0150,human,not_applicable,high
10.2217/pmt.12.84,human,treatment,high
10.2217/thy.10.39,other,not_applicable,high
10.2218/eor.2023.8125,human,not_applicable,high
10.2224/sbp.2008.36.5.585,human,not_applicable,high
10.22209/ic.v62n2a00,unclear,not_applicable,high
10.2224/sbp.2009.37.10.1357,human,not_applicable,high
10.22246/jikm.2020.41.3.293,human,not_applicable,high
10.2217/14622416.7.3.521,unclear,not_applicable,high
10.22246/jikm.2020.41.6.1015,human,not_applicable,high
10.2217/fmb.11.24,unclear,not_applicable,high
10.22246/jikm.2024.45.6.1164,human,treatment,high
10.22270/jddt.v15i8.7295,other,treatment,high
10.22359/cswhi_13_6_03,human,not_applicable,medium
10.22533/at.ed.1592462208084,other,not_applicable,high
10.22452/jummec.vol5no2.10,human,not_applicable,high
10.22452/jummec.vol5no2.4,unclear,not_applicable,high
10.22541/au.176281856.69732818/v1,other,not_applicable,high
10.22541/au.177067531.10473859/v1,human,treatment,high
10.2298/sarh200628091p,human,not_applicable,high
10.2298/sarh0310370z,human,not_applicable,high
10.22606/mcmr.2017.11005,human,not_applicable,high
10.2307/40111616,other,not_applicable,high
10.2310/6650.2001.34047,other,not_applicable,high
10.2310/neuro.6294,other,not_applicable,high
10.2310/psych.6294,other,not_applicable,high
10.2340/16501977-0185,human,treatment,high
10.2310/7060.1999.00005,human,not_applicable,high
10.22374/cjgim.v10i4.88,unclear,not_applicable,high
10.2340/16501977-1976,human,treatment,high
10.2340/16501977-0595,human,not_applicable,high
10.2340/16501977-2697,human,not_applicable,high
10.23736/s0390-5616.18.04384-9,human,treatment,high
10.23937/2378-3001/1410066,human,not_applicable,high
10.23937/2474-3658/1510106,other,not_applicable,high
10.23937/2378-3001/4/1/1066,human,not_applicable,high
10.23990/sa.100457,human,not_applicable,high
10.23937/2572-3243.1510090,unclear,not_applicable,high
10.23990/sa.146273,human,not_applicable,high
10.24061/1727-4338.xiii.1.47.2014.32,human,not_applicable,high
10.24217/2531-0151.16v1.00002,human,not_applicable,high
10.2466/pms.1996.83.1.51,human,not_applicable,high
10.24095/hpcdp.35.1.02,human,not_applicable,high
10.24087/iam.2017.1.10.347,human,not_applicable,medium
10.2466/pms.1992.74.3c.1123,human,not_applicable,medium
10.2466/pms.2001.93.2.486,human,not_applicable,high
10.2466/pr0.106.2.383-393,human,not_applicable,high
10.2466/pms.1996.83.2.508,human,not_applicable,high
10.24061/2413-0737.xvii.1.65.2013.28,human,not_applicable,high
10.2466/pr0.103.3.682-690,human,not_applicable,high
10.2466/pr0.1992.71.3.977,human,not_applicable,high
10.2466/pr0.1997.81.3f.1223,human,not_applicable,high
10.2466/pr0.1997.80.2.643,human,not_applicable,high
10.2466/pr0.1999.85.1.121,human,not_applicable,high
10.2478/arsm-2023-0032,other,not_applicable,high
10.2478/prolas-2019-0065,human,not_applicable,high
10.2478/prolas-2021-0061,human,not_applicable,high
10.2478/s11536-013-0243-9,human,not_applicable,high
10.24875/aidsrev.22000025,human,not_applicable,high
10.24884/1609-2201-2024-103-2-42-50,human,not_applicable,high
10.24911/ijmdc.51-1764852130,human,not_applicable,high
10.2492/jsir1981.16.419,human,treatment,high
10.24966/acim-7562/100002,human,not_applicable,high
10.2466/pr0.2002.91.3.963,human,not_applicable,high
10.2500/aap.2010.31.3311,human,not_applicable,high
10.25105/pdk.v7i2.14044,human,not_applicable,high
10.2500/105065898780707964,human,not_applicable,high
10.2519/jospt.2021.0106,human,not_applicable,high
10.2519/josptcases.2026.0194,human,treatment,high
10.25011/cim.v31i6.4917,human,not_applicable,high
10.2519/jospt.2002.32.11.594,other,not_applicable,high
10.2522/ptj.20110368,human,not_applicable,high
10.2522/ptj.20130367,human,not_applicable,high
10.2522/ptj.20090047,human,not_applicable,high
10.25250/thescbr.brk515,human,prevention,high
10.26180/14967966.v1,human,not_applicable,high
10.25904/1912/4166,human,not_applicable,high
10.26021/11754,human,treatment,high
10.26021/8464,human,not_applicable,high
10.26021/4267,human,not_applicable,high
10.26181/611484ed44157,human,not_applicable,high
10.2522/ptj.20140405,human,not_applicable,high
10.26226/morressier.5afadd88f314ac000849af0e,human,not_applicable,high
10.26226/morressier.5b5f2d47b56e9b003813d9f8,human,not_applicable,high
10.26481/dis.20240425kv,human,not_applicable,high
10.26442/20751753.2025.11.203497,human,treatment,high
10.26717/bjstr.2019.21.003602,human,treatment,high
10.26442/00403660.2022.03.201408,other,treatment,high
10.26182/j0qh-6m95,other,not_applicable,high
10.26502/acbr.50170337,human,treatment,high
10.26686/wgtn.17003698,human,not_applicable,high
10.26717/bjstr.2025.61.009536,unclear,not_applicable,high
10.2741/4698,human,not_applicable,high
10.29219/fnr.v65.5730,human,not_applicable,high
10.2967/jnumed.113.131045,human,not_applicable,high
10.29011/2577-2201.100214,human,treatment,high
10.29245/2767-5122/2021/1.1129,human,not_applicable,high
10.30564/jams.v2i2.456,animal,treatment,high
10.28951/rbb.v39i1.533,human,not_applicable,high
10.30574/wjarr.2022.14.3.0612,human,treatment,high
10.2991/icmmct-17.2017.137,unclear,both,low
10.29328/journal.jprr.1001020,unclear,treatment,medium
10.30773/pi.2018.10.26,human,not_applicable,high
10.30978/unj2019-4-5,human,not_applicable,high
10.30820/1664-9583-2021-1-51,human,not_applicable,medium
10.30978/utj2019-3-64,human,both,high
10.30978/utj2019-2-87,human,not_applicable,high
10.31031/cjmi.2021.04.000599,other,not_applicable,high
10.31031/cjmi.2020.03.000567,other,not_applicable,high
10.31014/aior.1994.02.02.29,human,treatment,high
10.31031/cjmi.2020.03.000593,other,not_applicable,high
10.31031/ggs.2020.06.000628,other,not_applicable,high
10.31038/idt.2025622,human,not_applicable,high
10.31083/jin25488,human,treatment,high
10.3109/00048679209068310,human,treatment,high
10.3109/00016489509133339,human,not_applicable,high
10.3109/00048679609065052,human,not_applicable,high
10.3109/00048679809068326,human,not_applicable,high
10.3109/00207450109149754,human,not_applicable,high
10.3109/00207459908994302,human,not_applicable,high
10.3109/00365549509047066,human,not_applicable,high
10.3109/00365549609027178,human,not_applicable,high
10.3109/00313028609059457,human,not_applicable,high
10.3109/03009749709105320,human,not_applicable,high
10.3109/08820139509066853,unclear,not_applicable,high
10.3109/07420529509057266,human,not_applicable,high
10.3109/03091909809009993,human,treatment,high
10.3109/08820139609059298,human,treatment,high
10.3109/08923979909052757,human,not_applicable,high
10.3109/08916934.2011.523277,other,not_applicable,high
10.3109/09513599809012838,human,both,high
10.3109/08958379409003039,human,not_applicable,high
10.3109/09540269209066328,human,not_applicable,high
10.3109/09593985.2010.502554,human,treatment,high
10.3109/09638288.2010.483307,human,not_applicable,high
10.3109/09638230903191249,human,not_applicable,high
10.3109/09638288.2010.541543,human,not_applicable,high
10.3109/09638288.2010.503256,human,not_applicable,high
10.3109/09638288.2010.546936,human,not_applicable,high
10.3109/09638288.2011.568663,human,not_applicable,high
10.3109/09638288.2011.582925,human,not_applicable,high
10.3109/09638288.2011.635746,human,treatment,high
10.3109/09638237.2012.670879,human,not_applicable,high
10.3109/09638288.2011.641661,human,not_applicable,high
10.3109/09638288.2013.797508,human,treatment,high
10.3109/09638288.2014.978507,human,not_applicable,high
10.3109/09638288.2014.952453,human,treatment,high
10.3109/09638288.2014.952456,human,treatment,medium
10.3109/09638288.2013.874503,human,not_applicable,high
10.3109/09638288.2014.993093,human,not_applicable,high
10.3109/10253890.2014.1001975,human,not_applicable,high
10.3109/10253890.2015.1087502,animal,not_applicable,high
10.3109/10398569809084835,unclear,not_applicable,high
10.3109/10573320802091809,human,not_applicable,high
10.3109/10573320802092146,other,not_applicable,high
10.3109/10582450903495908,human,not_applicable,high
10.3109/10573320802092112,human,not_applicable,high
10.3109/10582452.2010.483966,human,not_applicable,high
10.3109/11038128.2014.985608,human,treatment,high
10.3109/10573320802091841,human,not_applicable,high
10.3109/13550289909045378,human,not_applicable,high
10.3109/13590849009003131,human,treatment,high
10.3109/13590849009003150,human,treatment,high
10.3109/13590849409034536,human,treatment,high
10.3109/13590849109084139,human,not_applicable,high
10.3109/13590849609007262,human,not_applicable,high
10.3109/10582450903284745,human,not_applicable,high
10.31128/ajgp-03-25-7614,human,treatment,high
10.31219/osf.io/7gcnv,other,not_applicable,high
10.31146/1682-8658-ecg-188-4-170-177,other,not_applicable,medium
10.31146/1682-8658-ecg-170-10-79-89,other,treatment,high
10.31219/osf.io/pa75u,human,not_applicable,high
10.31219/osf.io/qwn5h,human,not_applicable,high
10.31219/osf.io/ef3n4,human,not_applicable,high
10.31219/osf.io/xjbcy_v1,unclear,not_applicable,high
10.31219/osf.io/xjbcy_v3,unclear,not_applicable,high
10.31234/osf.io/9tjer_v2,human,not_applicable,high
10.31128/ajgp-09-25-7845,unclear,not_applicable,high
10.31234/osf.io/p28bj_v1,other,not_applicable,high
10.31234/osf.io/jpzaw,other,not_applicable,high
10.3126/ajms.v11i1.26500,human,treatment,high
10.31234/osf.io/wfs8c_v1,other,not_applicable,high
10.31254/sportmed.3202,human,treatment,high
10.3138/ptc.65.4.rev02,other,not_applicable,high
10.31640/jvd.7-8.2018(4),human,treatment,high
10.31651/2076-5835-2018-1-2024-1-7-17,human,not_applicable,high
10.31525/ct1-nct04301609,human,treatment,high
10.3181/0702-rm-44,human,not_applicable,high
10.31979/etd.qn62-mwjz,human,not_applicable,high
10.31718/2077-1096.25.3.284,other,not_applicable,high
10.31989/ffhd.v4i1.26,human,treatment,high
10.31989/ffhd.v5i4.177,human,treatment,high
10.3200/bmed.29.4.167-174,human,not_applicable,high
10.32000/2072-1757-2024-3-37-41,human,not_applicable,high
10.31989/ffhd.v1i4.134,human,treatment,high
10.3200/bmed.34.1.29-38,human,not_applicable,high
10.3201/eid1606.100066,human,not_applicable,high
10.3201/eid1702.100978,human,not_applicable,high
10.3233/bmr-210081,human,not_applicable,high
10.3233/jvr-221208,human,not_applicable,high
10.32322/jhsm.1689609,human,not_applicable,high
10.3233/ch-180469,human,not_applicable,high
10.3233/nib-130070,human,not_applicable,medium
10.3233/nib-130065,human,not_applicable,medium
10.3233/nib-130068,human,not_applicable,medium
10.3233/nib-130071,human,not_applicable,high
10.3233/nib-012906,human,not_applicable,high
10.3233/nib-130072,human,not_applicable,high
10.3233/nib-130074,other,not_applicable,medium
10.3233/nib-130075,other,not_applicable,medium
10.3233/nib-130077,human,not_applicable,medium
10.3233/nre-141146,human,not_applicable,high
10.3233/nre-172245,human,not_applicable,high
10.3233/shti200130,human,not_applicable,high
10.3233/thc-202669,human,not_applicable,high
10.3233/wor-203168,human,not_applicable,high
10.3233/wor-203170,human,not_applicable,high
10.3233/wor-203171,human,not_applicable,high
10.3233/wor-203174,human,treatment,high
10.3233/wor-203175,human,not_applicable,high
10.3233/wor-203177,human,not_applicable,high
10.3233/wor-203176,other,not_applicable,high
10.3233/wor-220428,human,not_applicable,high
10.3233/wor-203214,human,treatment,high
10.3233/wor-203173,other,not_applicable,high
10.3233/wor-220512,human,treatment,high
10.3233/wor-220484,human,not_applicable,high
10.3233/wor-220553,human,not_applicable,high
10.3233/wor-220487,human,not_applicable,high
10.3233/wor-220554,human,not_applicable,high
10.3233/wor-203169,human,not_applicable,high
10.3233/wor-220569,human,treatment,high
10.3233/wor-203178,other,not_applicable,high
10.3233/wor-220581,human,not_applicable,high
10.32388/803yys,unclear,not_applicable,high
10.32388/578upd.2,human,not_applicable,high
10.32388/je31eo.5,other,not_applicable,high
10.32388/xug3pt,human,treatment,high
10.32388/fz1y68.2,human,not_applicable,high
10.32388/t9sxeu.2,human,not_applicable,high
10.32553/jbpr.v9i3.754,other,not_applicable,high
10.32440/ar.2024.141.03.rev01,human,not_applicable,high
10.32592/jpsimedilam.2022.1.1.101,human,not_applicable,high
10.3262/sz2404438,unclear,not_applicable,high
10.32581/jkifm.2025.8.1.103,unclear,not_applicable,medium
10.32652/tmfvs.2016.4.47-51,human,treatment,medium
10.32739/uha.id.64877,other,not_applicable,high
10.32388/zigiwp,unclear,not_applicable,high
10.32872/cpe.11179,other,not_applicable,high
10.32739/uha.id.65029,human,not_applicable,medium
10.32581/jkifm.2023.6.1.7,human,treatment,medium
10.3310/nihropenres.1115288.1,other,not_applicable,high
10.3310/btbd8846,other,not_applicable,high
10.3310/nihropenres.13956.1,human,not_applicable,high
10.3310/hta10370,human,treatment,high
10.3310/nihropenres.13421.4,human,not_applicable,high
10.3310/vlrw6701,human,treatment,high
10.32885/2220-0975-2018-1-2-19-27,human,not_applicable,high
10.33140/aephr.01.02.06,unclear,not_applicable,high
10.33140/ijp.07.3.01,human,not_applicable,medium
10.33140/jcrc.07.02.03,human,treatment,high
10.33140/abbsr.06.01.01,human,treatment,high
10.33112/ritid.25.2.7,human,not_applicable,high
10.33140/mcr.08.10.04,other,not_applicable,high
10.33140/mcr.08.08.05,other,not_applicable,high
10.33273/2663-9726-2020-52-1-19-25,human,treatment,high
10.33424/futurum436,other,not_applicable,high
10.3344/kjp.23326,other,not_applicable,high
10.33155/j.ramd.2018.09.002,other,not_applicable,high
10.33545/26164485.2026.v10.i3.c.2530,human,treatment,high
10.3346/jkms.2005.20.4.529,human,not_applicable,high
10.3351/ppp.2021.7537868743,unclear,not_applicable,high
10.33540/2514,human,treatment,high
10.3329/bjms.v15i3.30126,human,not_applicable,high
10.33545/ayurveda.2024.v1.i1.a.8,other,not_applicable,high
10.33552/acrci.2025.05.000602,human,not_applicable,high
10.33667/2078-5631-2020-7-15-20,human,treatment,high
10.33573/ujoh2005.01.033,human,not_applicable,high
10.33573/ujoh2005.01.038,human,not_applicable,high
10.3368/aoj.66.1.92,human,not_applicable,high
10.33696/immunology.7.219,other,not_applicable,high
10.33696/neurol.1.007,human,not_applicable,high
10.33805/2638-8235.112,human,treatment,high
10.33667/2078-5631-2024-29-24-28,human,not_applicable,high
10.33847/2712-8149.4.2_3,human,not_applicable,high
10.3344/kjp.23130,human,both,high
10.3389/conf.fimmu.2013.02.01009,unclear,not_applicable,high
10.33552/ojcam.2020.04.000579,other,not_applicable,high
10.3389/conf.fimmu.2013.02.01010,unclear,not_applicable,low
10.3389/conf.fimmu.2013.02.01040,human,not_applicable,high
10.3389/fcell.2026.1797074,animal,treatment,high
10.3389/fdgth.2025.1662255,human,treatment,high
10.3389/fendo.2018.00097,human,not_applicable,high
10.3389/fendo.2024.1373748,human,treatment,high
10.3389/fimmu.2018.00229,other,not_applicable,high
10.3389/fimmu.2017.00723,human,not_applicable,high
10.3389/fimmu.2018.01028,human,not_applicable,high
10.3389/fimmu.2019.00350,human,not_applicable,high
10.3389/fimmu.2018.02421,human,not_applicable,high
10.3389/fendo.2024.1358404,human,treatment,high
10.3389/conf.fimmu.2013.02.01039,human,not_applicable,high
10.3389/fimmu.2019.01827,human,not_applicable,high
10.3389/fimmu.2019.01946,human,not_applicable,high
10.3389/fimmu.2019.02684,other,not_applicable,high
10.3389/fimmu.2019.00796,human,not_applicable,high
10.3389/fimmu.2020.01400,human,not_applicable,high
10.3389/fimmu.2019.02545,other,not_applicable,high
10.3389/fimmu.2020.582330,human,not_applicable,high
10.3389/fimmu.2020.00578,human,not_applicable,high
10.3389/fimmu.2021.628741,other,not_applicable,high
10.3389/fimmu.2021.644548,human,not_applicable,high
10.3389/fimmu.2021.687806,other,treatment,high
10.3389/fimmu.2022.847106,other,not_applicable,high
10.3389/fimmu.2022.841910,human,not_applicable,high
10.3389/fimmu.2022.928945,human,not_applicable,high
10.3389/fimmu.2022.949787,human,not_applicable,high
10.3389/fimmu.2022.952987,other,not_applicable,high
10.3389/fimmu.2021.715102,human,not_applicable,high
10.3389/fimmu.2021.656797,human,not_applicable,high
10.3389/fimmu.2022.981532,human,not_applicable,high
10.3389/fimmu.2023.1253121,human,not_applicable,high
10.3389/fimmu.2023.1178882,other,not_applicable,high
10.3389/fimmu.2024.1341843,human,not_applicable,high
10.3389/fimmu.2023.1294758,human,not_applicable,high
10.3389/fimmu.2024.1264702,other,treatment,high
10.3389/fimmu.2024.1386607,other,not_applicable,high
10.3389/fimmu.2024.1352744,other,not_applicable,high
10.3389/fimmu.2024.1369295,human,not_applicable,high
10.3389/fimmu.2024.1422940,human,treatment,high
10.3389/fimmu.2024.1440922,other,not_applicable,high
10.3389/fimmu.2024.1440643,human,not_applicable,high
10.3389/fimmu.2024.1443363,human,not_applicable,high
10.3389/fimmu.2025.1483764,human,not_applicable,high
10.3389/fimmu.2025.1489312,human,not_applicable,high
10.3389/fimmu.2026.1745933,human,not_applicable,high
10.3389/fimmu.2025.1710571,other,not_applicable,high
10.3389/fimmu.2026.1774310,other,not_applicable,high
10.3389/fimmu.2025.1650948,human,not_applicable,high
10.3389/fimmu.2026.1882037,other,not_applicable,high
10.3389/fmed.2020.00108,human,not_applicable,high
10.3389/fmed.2020.602894,human,not_applicable,high
10.3389/fmed.2020.00162,human,treatment,high
10.3389/fmed.2021.656692,human,not_applicable,high
10.3389/fmed.2020.606824,human,not_applicable,high
10.3389/fmed.2021.642710,human,treatment,high
10.3389/fimmu.2026.1806420,other,not_applicable,high
10.3389/fmed.2021.662513,other,not_applicable,high
10.3389/fmed.2021.672370,other,not_applicable,high
10.3389/fmed.2021.668944,human,not_applicable,high
10.3389/fmed.2021.684058,human,treatment,high
10.3389/fmed.2021.688159,human,both,high
10.3389/fmed.2021.686736,human,not_applicable,high
10.3389/fmed.2022.1065620,human,not_applicable,high
10.3389/fmed.2022.818728,other,not_applicable,high
10.3389/fmed.2022.842991,other,not_applicable,high
10.3389/fmed.2021.688486,human,not_applicable,high
10.3389/fmed.2022.862953,other,not_applicable,high
10.3389/fmed.2022.828414,human,treatment,high
10.3389/fmed.2022.921101,human,not_applicable,high
10.3389/fmed.2022.917019,human,not_applicable,high
10.3389/fmed.2023.1011936,human,not_applicable,high
10.3389/fimmu.2026.1827700,both,not_applicable,high
10.3389/fmed.2023.1187163,human,not_applicable,high
10.3389/fmed.2023.1208181,human,not_applicable,high
10.3389/fmed.2023.1194754,unclear,not_applicable,high
10.3389/fmed.2025.1543158,human,treatment,high
10.3389/fmed.2021.628029,other,not_applicable,high
10.3389/fmed.2025.1607353,human,treatment,high
10.3389/fmed.2026.1701393,other,not_applicable,high
10.3389/fmed.2025.1703924,other,not_applicable,high
10.3389/fmed.2025.1677216,human,treatment,high
10.3389/fmed.2026.1842841,human,not_applicable,high
10.3389/fmed.2025.1669036,human,not_applicable,high
10.3389/fmed.2026.1804710,human,treatment,high
10.3389/fmed.2026.1808646,other,not_applicable,high
10.3389/fmed.2026.1760210,human,treatment,high
10.3389/fmed.2025.1724290,human,treatment,high
10.3389/fmed.2026.1676628,human,not_applicable,high
10.3389/fnagi.2025.1667448,other,both,high
10.3389/fmolb.2022.1044964,other,not_applicable,high
10.3389/fmolb.2025.1653627,other,not_applicable,high
10.3389/fnbeh.2018.00078,other,not_applicable,high
10.3389/fncel.2022.888232,other,not_applicable,high
10.3389/fncel.2021.673217,other,not_applicable,high
10.3389/fnagi.2022.903455,other,not_applicable,high
10.3389/fmicb.2023.1190894,other,not_applicable,high
10.3389/fmicb.2010.00147,other,not_applicable,high
10.3389/fncel.2025.1512591,other,not_applicable,high
10.3389/fneur.2015.00004,animal,not_applicable,high
10.3389/fneur.2018.01026,human,not_applicable,high
10.3389/fneur.2018.00992,human,not_applicable,high
10.3389/fneur.2018.01033,human,not_applicable,high
10.3389/fneur.2020.01025,human,not_applicable,high
10.3389/fneur.2020.00828,human,not_applicable,high
10.3389/fneur.2020.00826,human,not_applicable,high
10.3389/fneur.2020.00863,other,not_applicable,high
10.3389/fneur.2021.701419,other,not_applicable,high
10.3389/fncom.2020.00002,human,not_applicable,high
10.3389/fneur.2022.858833,human,treatment,high
10.3389/fneur.2021.789784,other,not_applicable,high
10.3389/fneur.2022.841310,other,treatment,high
10.3389/fneur.2021.769511,other,not_applicable,high
10.3389/fneur.2022.877772,other,not_applicable,high
10.3389/fneur.2022.890217,animal,treatment,high
10.3389/fneur.2022.954142,human,not_applicable,high
10.3389/fneur.2022.935442,human,not_applicable,high
10.3389/fneur.2023.1082473,other,not_applicable,high
10.3389/fneur.2022.866424,human,treatment,high
10.3389/fneur.2023.1247698,human,treatment,high
10.3389/fneur.2023.1110717,human,not_applicable,high
10.3389/fneur.2023.1284062,human,treatment,high
10.3389/fneur.2023.1090747,human,not_applicable,high
10.3389/fneur.2023.1127702,human,treatment,high
10.3389/fneur.2024.1455498,human,not_applicable,high
10.3389/fneur.2024.1324879,human,not_applicable,high
10.3389/fneur.2024.1344862,other,not_applicable,high
10.3389/fneur.2024.1482917,human,not_applicable,high
10.3389/fneur.2024.1483876,human,treatment,high
10.3389/fneur.2025.1601599,human,treatment,high
10.3389/fneur.2025.1534352,human,not_applicable,high
10.3389/fneur.2025.1612548,human,not_applicable,high
10.3389/fneur.2025.1681990,human,treatment,high
10.3389/fneur.2025.1691147,human,treatment,high
10.3389/fneur.2026.1793397,human,treatment,high
10.3389/fnhum.2025.1495050,human,treatment,high
10.3389/fneur.2026.1860788,human,treatment,high
10.3389/fnhum.2024.1359162,human,not_applicable,high
10.3389/fnins.2015.00225,human,treatment,high
10.3389/fnins.2020.00688,human,not_applicable,high
10.3389/fneur.2025.1618272,other,not_applicable,high
10.3389/fnins.2021.748426,human,not_applicable,high
10.3389/fnins.2023.1125208,human,not_applicable,high
10.3389/fnhum.2025.1509346,other,not_applicable,high
10.3389/fnins.2022.848730,human,not_applicable,high
10.3389/fnins.2023.1203514,human,not_applicable,high
10.3389/fnins.2023.1286340,human,not_applicable,high
10.3389/fnins.2024.1460157,human,not_applicable,high
10.3389/fnins.2025.1498981,other,not_applicable,high
10.3389/fnins.2023.1318094,human,not_applicable,high
10.3389/fnins.2025.1637838,human,treatment,high
10.3389/fnins.2025.1535088,human,not_applicable,high
10.3389/fnins.2025.1530652,human,not_applicable,high
10.3389/fnins.2025.1751667,human,not_applicable,high
10.3389/fnins.2026.1814098,other,not_applicable,high
10.3389/fnins.2023.1202930,human,treatment,high
10.3389/fnut.2021.658630,human,treatment,high
10.3389/fnsys.2021.698240,human,treatment,high
10.3389/fnins.2026.1875420,human,not_applicable,high
10.3389/fnins.2024.1368897,unclear,not_applicable,high
10.3389/fped.2018.00242,human,not_applicable,high
10.3389/fped.2018.00302,human,not_applicable,high
10.3389/fped.2017.00121,human,not_applicable,high
10.3389/fped.2018.00330,human,not_applicable,high
10.3389/fped.2018.00349,human,not_applicable,high
10.3389/fped.2018.00352,human,not_applicable,high
10.3389/fped.2018.00415,human,not_applicable,high
10.3389/fped.2018.00412,human,not_applicable,high
10.3389/fped.2018.00373,human,not_applicable,high
10.3389/fped.2018.00435,human,not_applicable,high
10.3389/fped.2019.00021,human,treatment,high
10.3389/fped.2019.00026,human,not_applicable,high
10.3389/fped.2019.00012,human,not_applicable,high
10.3389/fped.2019.00059,human,not_applicable,high
10.3389/fped.2019.00104,human,not_applicable,high
10.3389/fped.2019.00082,human,not_applicable,high
10.3389/fped.2019.00195,human,not_applicable,high
10.3389/fped.2019.00185,human,not_applicable,high
10.3389/fped.2019.00370,other,not_applicable,high
10.3389/fped.2019.00231,human,not_applicable,high
10.3389/fped.2019.00206,human,not_applicable,high
10.3389/fped.2020.00293,other,not_applicable,high
10.3389/fped.2021.590040,human,not_applicable,high
10.3389/fped.2023.1169447,human,not_applicable,high
10.3389/fped.2023.1266738,human,not_applicable,high
10.3389/fphar.2019.00991,human,treatment,high
10.3389/fphar.2019.01102,human,treatment,high
10.3389/fphar.2022.958005,human,treatment,high
10.3389/fphar.2020.00917,human,treatment,high
10.3389/fphar.2023.1163638,animal,treatment,high
10.3389/fped.2021.756963,other,not_applicable,high
10.3389/fphar.2022.1077249,animal,treatment,high
10.3389/fphar.2023.1266803,human,treatment,high
10.3389/fphar.2025.1597672,human,treatment,high
10.3389/fphar.2025.1496774,human,treatment,high
10.3389/fped.2019.00131,unclear,not_applicable,high
10.3389/fphys.2013.00063,human,not_applicable,high
10.3389/fphys.2013.00113,human,not_applicable,high
10.3389/fphys.2013.00087,human,treatment,high
10.3389/fphys.2013.00119,human,not_applicable,high
10.3389/fphys.2013.00181,human,not_applicable,high
10.3389/fphys.2013.00115,other,not_applicable,high
10.3389/fphys.2013.00109,human,not_applicable,high
10.3389/fphys.2016.00421,human,not_applicable,high
10.3389/fphys.2014.00109,human,not_applicable,high
10.3389/fphys.2021.771899,human,not_applicable,high
10.3389/fphys.2023.1257557,human,not_applicable,high
10.3389/fphys.2023.1114231,other,not_applicable,high
10.3389/fphys.2017.00088,other,not_applicable,high
10.3389/fphys.2024.1441076,human,treatment,high
10.3389/fphys.2025.1693589,other,not_applicable,high
10.3389/fphys.2022.947723,human,not_applicable,high
10.3389/fphys.2026.1816082,human,not_applicable,high
10.3389/fpsyg.2018.00275,human,not_applicable,high
10.3389/fpsyg.2018.01468,human,not_applicable,high
10.3389/fpsyg.2021.662572,human,not_applicable,high
10.3389/fpsyg.2022.1051910,human,not_applicable,high
10.3389/fpsyt.2018.00589,animal,not_applicable,high
10.3389/fpsyg.2023.1127193,human,not_applicable,high
10.3389/fpsyg.2022.923532,human,treatment,high
10.3389/fpsyg.2025.1593269,human,not_applicable,high
10.3389/fpsyg.2021.716535,other,not_applicable,high
10.3389/fpsyt.2020.00222,human,not_applicable,high
10.3389/fpsyt.2018.00720,human,treatment,high
10.3389/fpsyt.2020.00536,human,treatment,high
10.3389/fpsyt.2020.612084,human,not_applicable,high
10.3389/fpsyt.2021.716320,human,not_applicable,high
10.3389/fpsyt.2021.735784,human,not_applicable,high
10.3389/fpsyt.2022.1047014,human,not_applicable,high
10.3389/fpsyt.2021.580924,human,treatment,high
10.3389/fpsyt.2022.1122220,human,treatment,high
10.3389/fpsyt.2023.1267495,human,treatment,high
10.3389/fpsyt.2022.822382,other,not_applicable,high
10.3389/fpsyt.2023.1120250,human,not_applicable,high
10.3389/fpsyt.2023.1160908,human,treatment,high
10.3389/fpsyt.2025.1623288,human,not_applicable,high
10.3389/fpsyt.2025.1657615,human,treatment,high
10.3389/fpsyt.2026.1774114,human,not_applicable,high
10.3389/fpsyt.2025.1746712,human,treatment,high
10.3389/fpsyt.2025.1647897,human,treatment,high
10.3389/fpubh.2017.00108,other,not_applicable,high
10.3389/fpubh.2020.00420,human,not_applicable,high
10.3389/fpsyt.2026.1841951,animal,not_applicable,high
10.3389/fpubh.2023.1275827,other,not_applicable,high
10.3389/frhs.2025.1562651,human,not_applicable,high
10.3390/antiox10071010,human,treatment,high
10.3389/fresc.2023.1122673,human,not_applicable,high
10.3389/frhs.2026.1779647,other,not_applicable,high
10.3389/fpubh.2025.1416273,human,not_applicable,high
10.3390/biology3030606,other,not_applicable,high
10.3390/beverages3030031,other,not_applicable,high
10.3390/biom11020185,human,not_applicable,high
10.3390/biom11081189,human,not_applicable,high
10.3390/biom10010071,animal,not_applicable,high
10.3390/biom11070961,human,not_applicable,high
10.3390/biom15010102,human,not_applicable,high
10.3390/biom11091359,human,not_applicable,high
10.3390/biom10111484,human,not_applicable,high
10.3390/biom15030357,human,not_applicable,high
10.3390/biom15070928,human,not_applicable,high
10.3390/biomed3030026,human,treatment,high
10.3390/biomedicines11010180,human,not_applicable,high
10.3390/biomedicines11051488,human,not_applicable,high
10.3390/biomedicines11020257,human,not_applicable,high
10.3390/biomedicines12071539,human,not_applicable,high
10.3390/biom13071039,other,not_applicable,high
10.3390/biomedicines13051200,other,not_applicable,high
10.3390/biomedicines11102594,human,not_applicable,high
10.3390/biomedicines13020356,human,not_applicable,high
10.3390/biomedicines13112797,human,not_applicable,high
10.3390/biomedicines13123001,human,not_applicable,high
10.3390/biomedicines9111724,human,not_applicable,high
10.3390/biomedicines14040855,human,not_applicable,high
10.3390/books978-3-0365-2438-2,human,not_applicable,high
10.3390/biomedicines14061183,human,not_applicable,high
10.3390/brainsci10010004,human,treatment,high
10.3390/books978-3-0365-9361-6,human,not_applicable,high
10.3390/brainsci11060760,human,not_applicable,high
10.3390/brainsci10070456,human,not_applicable,high
10.3390/brainsci12010078,human,not_applicable,high
10.3390/brainsci12020132,other,not_applicable,high
10.3390/brainsci12121693,human,not_applicable,high
10.3390/bs7030052,human,treatment,high
10.3390/cells11152376,other,not_applicable,high
10.3390/children12121603,other,not_applicable,high
10.3390/covid4100110,human,not_applicable,high
10.3390/cells13060511,other,not_applicable,high
10.3390/children10101598,human,not_applicable,high
10.3390/covid5010005,unclear,not_applicable,high
10.3390/challe9010019,unclear,not_applicable,high
10.3390/diagnostics12051095,human,not_applicable,high
10.3390/diagnostics13010066,human,not_applicable,high
10.3390/diagnostics13233495,other,not_applicable,high
10.3390/diagnostics11030460,human,not_applicable,high
10.3390/diagnostics13030531,other,not_applicable,high
10.3390/diagnostics13010122,human,not_applicable,high
10.3390/diagnostics15040487,human,not_applicable,high
10.3390/diagnostics12102540,human,not_applicable,high
10.3390/diagnostics15182332,human,not_applicable,high
10.3390/diagnostics15212755,human,not_applicable,high
10.3390/diagnostics15222828,human,treatment,high
10.3390/diagnostics15121542,human,not_applicable,high
10.3390/diagnostics15222824,human,not_applicable,high
10.3390/diagnostics16071019,other,not_applicable,high
10.3390/diagnostics5020272,human,not_applicable,high
10.3390/diagnostics6010010,unclear,not_applicable,high
10.3390/diagnostics6020016,human,not_applicable,high
10.3390/diagnostics8030064,human,not_applicable,high
10.3390/diagnostics9010026,human,not_applicable,high
10.3390/diagnostics8030066,human,not_applicable,high
10.3390/diagnostics9020041,human,not_applicable,high
10.3390/diagnostics9030073,human,not_applicable,high
10.3390/diagnostics9030070,human,not_applicable,high
10.3390/diagnostics9030080,human,not_applicable,high
10.3390/diagnostics9030082,other,not_applicable,high
10.3390/diagnostics9030091,human,not_applicable,high
10.3390/diagnostics9010001,unclear,not_applicable,high
10.3390/diagnostics8020034,other,not_applicable,high
10.3390/diagnostics9030079,human,not_applicable,high
10.3390/diseases11010011,human,treatment,high
10.3390/diagnostics10020092,,,
10.3390/diagnostics9040124,human,not_applicable,high
10.3390/dna5040053,other,not_applicable,high
10.3390/foods15111861,animal,treatment,high
10.3390/healthcare10020392,human,treatment,high
10.3390/endocrines3040058,other,not_applicable,high
10.3390/healthcare10050898,human,treatment,high
10.3390/healthcare10061018,other,not_applicable,high
10.3390/healthcare10071278,human,not_applicable,high
10.3390/gidisord7010005,human,treatment,high
10.3390/healthcare10122506,other,not_applicable,high
10.3390/healthcare10102058,human,not_applicable,high
10.3390/healthcare11060865,human,treatment,high
10.3390/healthcare12202020,human,treatment,high
10.3390/healthcare10122438,human,not_applicable,high
10.3390/healthcare13111255,human,not_applicable,high
10.3390/healthcare13141654,human,treatment,high
10.3390/healthcare13151917,other,not_applicable,high
10.3390/healthcare12242566,human,not_applicable,high
10.3390/healthcare8020088,other,not_applicable,high
10.3390/healthcare13233062,human,treatment,high
10.3390/healthcare11152186,human,not_applicable,high
10.3390/healthcare8030197,human,not_applicable,high
10.3390/healthcare8030192,human,not_applicable,high
10.3390/healthcare8030211,human,not_applicable,high
10.3390/healthcare8040394,human,not_applicable,high
10.3390/healthcare8030273,human,not_applicable,high
10.3390/healthcare8040406,human,not_applicable,high
10.3390/healthcare8040427,human,not_applicable,high
10.3390/healthcare8040413,other,not_applicable,high
10.3390/healthcare8020169,human,not_applicable,high
10.3390/healthcare9020106,human,not_applicable,high
10.3390/healthcare9020168,human,not_applicable,high
10.3390/healthcare9040459,human,not_applicable,high
10.3390/healthcare9050504,other,not_applicable,high
10.3390/healthcare9060627,unclear,not_applicable,high
10.3390/healthcare9050553,human,not_applicable,high
10.3390/healthcare9060629,human,treatment,high
10.3390/healthcare9060682,human,not_applicable,high
10.3390/healthcare9050568,human,not_applicable,high
10.3390/healthcare8040552,human,treatment,high
10.3390/healthcare9060683,human,not_applicable,high
10.3390/healthcare9080984,other,not_applicable,high
10.3390/healthcare9101290,human,not_applicable,high
10.3390/healthcare9101331,human,not_applicable,high
10.3390/healthcare9070919,human,not_applicable,high
10.3390/healthcare9020215,human,not_applicable,high
10.3390/healthcare9111537,human,treatment,high
10.3390/ijerph18052366,human,not_applicable,high
10.3390/ijerph182010614,human,not_applicable,high
10.3390/ijerph182010708,other,not_applicable,high
10.3390/ijerph182211879,human,not_applicable,high
10.3390/ijerph17218044,human,treatment,high
10.3390/healthcare9111546,human,treatment,high
10.3390/ijerph182010736,human,not_applicable,high
10.3390/ijerph19042052,human,not_applicable,high
10.3390/ijerph19042377,human,treatment,high
10.3390/ijerph191811662,human,not_applicable,high
10.3390/ijerph20032437,other,not_applicable,high
10.3390/ijerph20054098,human,treatment,high
10.3390/ijerph23040460,human,not_applicable,high
10.3390/ijerph192013608,human,treatment,high
10.3390/ijerph21121560,human,not_applicable,high
10.3390/ijerph22020275,human,not_applicable,high
10.3390/ijerph22020280,human,not_applicable,high
10.3390/ijerph8072770,other,not_applicable,high
10.3390/ijms19092673,other,treatment,medium
10.3390/ijms20205164,human,not_applicable,high
10.3390/ijms21031074,other,not_applicable,high
10.3390/ijms21041366,human,not_applicable,high
10.3390/ijms22042046,other,not_applicable,high
10.3390/ijms22073423,other,not_applicable,high
10.3390/ijms21031142,human,not_applicable,high
10.3390/ijms221910199,animal,treatment,high
10.3390/ijms22052580,animal,not_applicable,high
10.3390/ijms23147906,human,not_applicable,high
10.3390/ijms23020691,other,not_applicable,high
10.3390/ijms23158574,other,not_applicable,high
10.3390/ijms23169205,human,treatment,high
10.3390/ijms232113328,other,not_applicable,high
10.3390/ijms24032010,human,not_applicable,high
10.3390/ijms24043685,human,not_applicable,high
10.3390/ijms231911852,human,not_applicable,high
10.3390/ijms24032698,human,not_applicable,high
10.3390/ijms24076022,other,not_applicable,high
10.3390/ijms24054835,human,not_applicable,high
10.3390/ijms24108713,human,not_applicable,high
10.3390/ijms241210255,human,not_applicable,high
10.3390/ijms24065124,human,not_applicable,high
10.3390/ijms241310582,human,not_applicable,high
10.3390/ijms241511937,other,not_applicable,high
10.3390/ijms242015316,human,not_applicable,high
10.3390/ijms241512057,human,not_applicable,high
10.3390/ijms242417267,human,not_applicable,high
10.3390/ijms25010574,other,treatment,high
10.3390/ijms26031282,human,not_applicable,high
10.3390/ijms25031675,human,not_applicable,high
10.3390/ijms25179551,other,not_applicable,high
10.3390/ijms25147778,human,treatment,high
10.3390/ijms26051896,human,not_applicable,high
10.3390/ijms26115339,human,treatment,high
10.3390/ijms26104885,human,treatment,high
10.3390/ijms26062799,human,not_applicable,high
10.3390/ijms26136082,other,not_applicable,high
10.3390/ijms26157284,other,not_applicable,high
10.3390/ijms26167670,human,not_applicable,high
10.3390/ijms26178563,human,not_applicable,high
10.3390/ijms26146631,other,not_applicable,high
10.3390/ijms26188882,human,not_applicable,high
10.3390/ijms26189044,other,not_applicable,high
10.3390/ijms262311524,other,not_applicable,high
10.3390/ijms26209997,other,not_applicable,high
10.3390/ijms27010268,other,not_applicable,high
10.3390/ijms27031574,human,not_applicable,high
10.3390/ijms27010425,other,not_applicable,high
10.3390/ijms27020826,human,not_applicable,high
10.3390/ijms27041997,human,not_applicable,high
10.3390/ijms27052314,human,not_applicable,high
10.3390/ijms27094041,human,not_applicable,high
10.3390/ijms27114770,human,not_applicable,high
10.3390/ijms27104309,other,not_applicable,high
10.3390/ijms27104436,human,not_applicable,high
10.3390/jcm10071542,human,treatment,high
10.3390/jcm10112327,human,not_applicable,high
10.3390/ijms27114937,human,not_applicable,high
10.3390/jcm10112420,human,treatment,high
10.3390/ijms262211161,human,not_applicable,high
10.3390/jcm10132795,human,treatment,high
10.3390/jcm10143017,human,not_applicable,high
10.3390/jcm10153204,human,not_applicable,high
10.3390/jcm10112517,human,not_applicable,high
10.3390/jcm10163603,human,not_applicable,high
10.3390/jcm10153374,human,not_applicable,high
10.3390/jcm10163675,human,not_applicable,high
10.3390/jcm10143105,human,not_applicable,high
10.3390/jcm10194527,human,not_applicable,high
10.3390/jcm10204786,other,not_applicable,high
10.3390/jcm10184171,human,not_applicable,high
10.3390/jcm10215077,other,not_applicable,high
10.3390/jcm11010029,human,treatment,high
10.3390/jcm12041487,human,not_applicable,high
10.3390/jcm11010173,human,treatment,high
10.3390/jcm11154563,unclear,not_applicable,high
10.3390/jcm11195735,human,treatment,high
10.3390/jcm11226708,human,not_applicable,high
10.3390/jcm12062435,human,not_applicable,high
10.3390/jcm12144737,human,not_applicable,high
10.3390/jcm12175478,human,treatment,high
10.3390/jcm12134348,human,not_applicable,high
10.3390/jcm12196428,human,treatment,high
10.3390/jcm12227157,human,not_applicable,high
10.3390/jcm13072153,human,not_applicable,high
10.3390/jcm13020325,human,treatment,high
10.3390/jcm13010275,human,not_applicable,high
10.3390/jcm13051369,human,not_applicable,high
10.3390/jcm13113168,human,not_applicable,high
10.3390/jcm13226852,human,not_applicable,high
10.3390/jcm13247726,human,not_applicable,high
10.3390/jcm13123486,human,not_applicable,high
10.3390/jcm14030811,human,not_applicable,high
10.3390/jcm14113648,human,not_applicable,high
10.3390/jcm14144847,human,not_applicable,high
10.3390/jcm14041086,human,not_applicable,high
10.3390/jcm14155363,human,treatment,high
10.3390/jcm14176269,human,not_applicable,high
10.3390/jcm14113802,human,treatment,high
10.3390/jcm15020805,human,not_applicable,high
10.3390/jcm15124835,human,not_applicable,high
10.3390/jcm15072510,human,treatment,high
10.3390/jcm9051520,human,not_applicable,high
10.3390/jcm9082531,human,not_applicable,high
10.3390/jcm9051557,human,not_applicable,high
10.3390/jcm9082443,human,treatment,high
10.3390/jcm9113436,human,treatment,high
10.3390/jcm15020849,human,treatment,high
10.3390/jcm5060055,other,not_applicable,high
10.3390/jcm9124040,human,not_applicable,high
10.3390/jcm9124106,human,treatment,high
10.3390/life16040571,human,not_applicable,high
10.3390/jpm14030238,human,not_applicable,high
10.3390/medicina57010007,other,not_applicable,high
10.3390/medicina57010012,human,not_applicable,high
10.3390/medicina57030200,other,not_applicable,high
10.3390/medicina57030208,other,not_applicable,high
10.3390/jcm9113463,other,not_applicable,high
10.3390/medicina57030300,human,not_applicable,high
10.3390/medicina57010043,human,not_applicable,high
10.3390/medicina57040388,other,not_applicable,high
10.3390/medicina57050418,human,not_applicable,high
10.3390/medicina57050510,human,not_applicable,high
10.3390/medicina57060542,other,not_applicable,high
10.3390/medicina57070652,human,treatment,high
10.3390/medicina57090885,human,not_applicable,high
10.3390/medicina57101030,human,not_applicable,high
10.3390/medicina57090958,human,not_applicable,high
10.3390/life15040584,human,treatment,high
10.3390/medicina58010028,human,not_applicable,high
10.3390/medicina57101012,unclear,not_applicable,high
10.3390/medicina58010051,human,treatment,high
10.3390/medicina58010098,human,not_applicable,high
10.3390/medicina58030419,human,treatment,high
10.3390/medicina58070850,human,not_applicable,high
10.3390/medicina57070646,human,not_applicable,high
10.3390/medicina58121807,human,not_applicable,high
10.3390/medicina59030571,human,not_applicable,high
10.3390/medicina59040719,human,treatment,high
10.3390/medicina59050978,other,not_applicable,high
10.3390/medicina60010161,human,not_applicable,high
10.3390/medicina60020194,human,not_applicable,high
10.3390/medicina60010083,other,not_applicable,high
10.3390/medicina60081215,human,not_applicable,high
10.3390/medicina60081370,human,not_applicable,high
10.3390/medicina62030480,human,not_applicable,high
10.3390/medicina62020331,human,treatment,high
10.3390/medicina62061114,human,not_applicable,high
10.3390/medicina59122153,human,not_applicable,high
10.3390/metabo10010034,human,not_applicable,high
10.3390/metabo13090984,human,not_applicable,high
10.3390/metabo10050216,other,not_applicable,high
10.3390/metabo8040090,human,not_applicable,high
10.3390/microorganisms12020332,other,treatment,high
10.3390/microorganisms13040702,human,not_applicable,high
10.3390/microorganisms12061081,animal,treatment,high
10.3390/molecules26092539,human,both,medium
10.3390/neuroglia2010004,other,not_applicable,high
10.3390/nu13082658,human,treatment,high
10.3390/nu13051697,human,both,high
10.3390/nu15071591,human,treatment,high
10.3390/neurolint15010001,human,not_applicable,high
10.3390/nu15214504,human,treatment,high
10.3390/nu16020182,other,not_applicable,high
10.3390/nu15092154,human,treatment,high
10.3390/nu13020503,human,treatment,high
10.3390/nu16081232,human,treatment,high
10.3390/nu16193308,human,treatment,high
10.3390/nu17132232,human,not_applicable,high
10.3390/nu17030475,human,treatment,high
10.3390/nu17010095,human,treatment,high
10.3390/nu17010011,human,treatment,high
10.3390/nu18030521,human,treatment,high
10.3390/nu18010174,human,treatment,high
10.3390/pathogens13090751,human,not_applicable,high
10.3390/nu8020072,human,treatment,high
10.3390/pathogens6010002,other,not_applicable,high
10.3390/pathogens15010002,human,not_applicable,high
10.3390/pathophysiology29020016,human,not_applicable,high
10.3390/pathophysiology29030033,other,not_applicable,high
10.3390/pathophysiology31010001,human,not_applicable,high
10.3390/ph15010043,human,treatment,high
10.3390/pathophysiology32030046,human,not_applicable,high
10.3390/ph15080931,other,not_applicable,high
10.3390/pharmaceutics11030126,other,not_applicable,high
10.3390/ph18050712,other,not_applicable,high
10.3390/polym10111269,animal,treatment,high
10.3390/nu16111545,other,not_applicable,high
10.3390/proteomes9010006,human,not_applicable,high
10.3390/proteomes10020021,human,not_applicable,high
10.3390/psych5040073,human,not_applicable,high
10.3390/psych5030042,human,not_applicable,high
10.3390/pathogens15010003,human,not_applicable,high
10.3390/s21113746,human,not_applicable,high
10.3390/s23094358,other,not_applicable,high
10.3390/toxics12070491,other,not_applicable,high
10.3390/s23115330,human,not_applicable,high
10.3390/tomography7040056,human,not_applicable,high
10.3390/toxins5040605,human,not_applicable,high
10.3390/toxins8110323,human,not_applicable,high
10.3390/toxins8110324,other,not_applicable,high
10.3390/v16040572,other,not_applicable,high
10.3390/v17030422,human,not_applicable,high
10.3390/v17111430,human,not_applicable,high
10.3390/v17121624,other,not_applicable,high
10.3390/v18060660,other,not_applicable,high
10.3390/vaccines11111661,human,not_applicable,high
10.3390/v2112404,human,not_applicable,high
10.3390/v3081312,other,not_applicable,high
10.3390/vaccines12070790,human,not_applicable,high
10.33965/eh2019_201910l019,human,not_applicable,high
10.3390/vision2010002,human,not_applicable,high
10.3390/toxins8110325,unclear,not_applicable,high
10.3399/bjgp13x675458,human,not_applicable,high
10.3399/bjgp22x720317,human,not_applicable,high
10.3399/bjgp23x733689,human,not_applicable,high
10.3399/bjgp16x687229,unclear,not_applicable,high
10.3399/bjgp25x742149,human,not_applicable,high
10.3399/bjgpo.2024.0079,human,not_applicable,high
10.34119/bjhrv6n2-057,human,not_applicable,high
10.34172/rdme.2021.025,human,not_applicable,high
10.34726/11728,human,not_applicable,high
10.34142/hsr.2022.08.02.07,human,not_applicable,high
10.34726/hss.2026.130560,other,not_applicable,high
10.35339/ekm.2019.85.04.02,human,not_applicable,high
10.36076/ppj.2012/15/e677,human,treatment,high
10.35831/shsr/kh.10-31-2019,human,not_applicable,high
10.36315/2021inpact027,human,not_applicable,high
10.35469/ak.2023.425,human,treatment,high
10.36740/abal202503114,human,treatment,high
10.36076/ppj.2015/18/e841,human,not_applicable,high
10.36401/iddb-23-4,other,not_applicable,high
10.36922/mi.4783,human,not_applicable,high
10.37191/mapsci-2582-6549-3(2)-033,human,not_applicable,high
10.36959/547/653,human,not_applicable,high
10.3727/096368916x694238,human,treatment,high
10.36948/ijfmr.2023.v05i02.2044,unclear,not_applicable,low
10.37349/ent.2025.1004112,human,not_applicable,high
10.37349/emed.2024.00215,human,not_applicable,high
10.37349/ent.2025.1004116,human,not_applicable,high
10.37349/ent.2026.1004152,human,treatment,high
10.3736/jcim20050506,human,not_applicable,high
10.3736/jcim20070606,human,treatment,high
10.3736/jcim20111008,human,treatment,high
10.3748/wjg.v21.i1.102,human,treatment,high
10.37436/2308-5274-2020-3-15,human,not_applicable,high
10.37539/230629.2023.26.58.015,human,treatment,high
10.37489/2587-7836-2023-4-3-14,other,not_applicable,high
10.3760/cma.j.issn.1005-8559.2006.08.008,human,not_applicable,high
10.3760/cma.j.issn.1007-1245.2006.22.018,human,treatment,high
10.37349/ei.2025.1003206,other,not_applicable,high
10.3760/cma.j.issn.1009-6906.2012.02.017,human,treatment,high
10.3760/cma.j.issn.1673-4246.2014.06.006,human,treatment,high
10.3760/cma.j.issn.1672-7088.2010.01.080,human,treatment,high
10.3760/cma.j.issn.1009-9158.2009.07.005,human,not_applicable,high
10.3760/cma.j.issn.1673-4246.2017.12.008,human,treatment,high
10.3760/cma.j.issn.1674-2907.2006.16.012,unclear,not_applicable,high
10.3760/cma.j.issn.1674-6554.2012.04.018,human,treatment,high
10.3760/cma.j.issn.1674-6554.2017.10.018,human,not_applicable,high
10.37766/inplasy2020.12.0014,human,treatment,high
10.3760/cma.j.issn.1674-2907.2007.09.059,human,not_applicable,medium
10.37766/inplasy2021.1.0011,human,not_applicable,high
10.37766/inplasy2022.9.0022,human,treatment,high
10.37766/inplasy2021.4.0031,human,treatment,high
10.37766/inplasy2023.4.0083,human,treatment,high
10.3777/jjsam.44.238,human,treatment,high
10.3810/pgm.1998.01.278,human,not_applicable,high
10.3810/pgm.2013.01.2631,human,treatment,high
10.3810/psm.2004.02.117,human,treatment,high
10.38140/aa.v35i1.781,human,not_applicable,high
10.3822/ijtmb.v19i1.1349,human,treatment,high
10.3892/br.2017.1024,human,not_applicable,high
10.3844/ajisp.2013.120.129,other,not_applicable,high
10.3892/ijmm.1.1.143,human,not_applicable,high
10.3892/ijmm.3.2.209,human,not_applicable,high
10.3892/ijmm.2.1.51,human,not_applicable,high
10.3892/mmr.2011.447,human,not_applicable,high
10.3892/ijmm.4.5.493,human,not_applicable,high
10.3844/ajbbsp.2010.120.135,other,not_applicable,high
10.3892/mmr.2016.5476,other,not_applicable,high
10.3920/bm2017.0125,human,treatment,high
10.3928/0279-3695-19980201-12,human,not_applicable,high
10.3899/jrheum.2025-0314.36,human,not_applicable,high
10.3906/sag-1601-110,human,not_applicable,high
10.3937/kampomed.66.131,human,treatment,high
10.3949/ccjm.58.2.116,human,not_applicable,high
10.3928/08910162-20080501-06,human,treatment,high
10.3937/kampomed.65.87,human,treatment,high
10.3949/ccjm.80a.12133,human,treatment,high
10.3949/ccjm.65.5.261,human,not_applicable,medium
10.4018/ijpch.20190701.oa2,other,not_applicable,high
10.3990/1.9789036535120,human,not_applicable,high
10.4014/jmb.2603.03034,animal,treatment,high
10.4021/jnr86w,human,not_applicable,high
10.4024/41111/11-4-abs11.jbpc.11.04,human,not_applicable,high
10.4045/tidsskr.08.0576,human,not_applicable,medium
10.4045/tidsskr.09.35791,human,treatment,high
10.4045/tidsskr.15.0229,human,not_applicable,high
10.4045/tidsskr.09.1475,human,treatment,high
10.4045/tidsskr.15.1180,unclear,not_applicable,high
10.4045/tidsskr.25.0086,unclear,not_applicable,medium
10.4049/jimmunol.184.supp.89.49,human,treatment,high
10.4049/jimmunol.190.supp.186.3,animal,not_applicable,high
10.4045/tidsskr.15.0501,unclear,not_applicable,medium
10.4049/jimmunol.192.supp.69.36,human,not_applicable,high
10.4049/immunohorizons.2000006,other,not_applicable,high
10.4049/jimmunol.194.supp.52.28,human,not_applicable,high
10.4049/jimmunol.200.supp.166.62,human,not_applicable,high
10.4049/jimmunol.202.supp.126.39,human,not_applicable,high
10.4049/jimmunol.202.supp.182.50,human,not_applicable,high
10.4049/jimmunol.210.supp.229.05,human,not_applicable,high
10.4049/jimmunol.210.supp.229.01,human,not_applicable,high
10.4049/jimmunol.212.supp.1075.5069,human,not_applicable,high
10.4049/jimmunol.200.supp.49.15,human,not_applicable,high
10.4067/s0717-92272005000100006,unclear,not_applicable,high
10.4081/ejtm.2018.7688,human,not_applicable,high
10.4081/ejtm.2025.13690,other,not_applicable,high
10.4081/ejtm.2018.7814,other,not_applicable,high
10.4081/ozone.2019.8176,human,treatment,high
10.4081/reumatismo.2009.285,human,not_applicable,high
10.4088/jcp.08m04719whi,human,treatment,high
10.4081/ozone.2018.7812,human,treatment,high
10.4088/jcp.v61n0909,human,treatment,high
10.4088/jcp.10r06580,human,treatment,high
10.4084/mjhid.2010.022,other,not_applicable,high
10.4049/jimmunol.196.supp.137.4,human,not_applicable,high
10.4088/jcp.v66n0513,human,treatment,high
10.4088/pcc.v10n0206,human,not_applicable,high
10.4102/sajp.v74i1.442,human,treatment,high
10.4088/pcc.v10n0511a,human,not_applicable,high
10.4103/0253-7613.96316,animal,treatment,high
10.4103/0970-9290.104965,human,not_applicable,high
10.4103/0253-7613.81506,animal,treatment,high
10.4103/1658-631x.112905,human,not_applicable,high
10.4103/0974-8490.138251,animal,treatment,high
10.4103/1673-5374.152369,animal,not_applicable,high
10.4103/1673-5374.180746,animal,treatment,high
10.4103/2045-9912.385441,human,treatment,high
10.4135/9781526437891,human,not_applicable,high
10.4103/2249-4863.120765,human,not_applicable,high
10.4137/cmped.s978,other,not_applicable,high
10.4103/hm.hm_49_19,human,not_applicable,high
10.4137/geg.s10944,human,not_applicable,high
10.4137/grsb.s39861,human,not_applicable,high
10.4137/cmpsy.s704,human,not_applicable,high
10.4103/aip.aip_373_25,human,not_applicable,high
10.4137/grsb.s40036,human,not_applicable,high
10.4137/iii.s25105,human,not_applicable,high
10.4137/iii.s25147,human,not_applicable,high
10.4137/iii.s37042,human,not_applicable,high
10.4137/ijtr.s11193,other,not_applicable,medium
10.4137/ijtr.s10085,human,not_applicable,high
10.4161/sysb.28948#.vojbffnf-4g,other,not_applicable,high
10.4137/ijtr.s7898,other,not_applicable,high
10.4161/sysb.28948,other,not_applicable,high
10.4161/viru.1.5.12486,human,not_applicable,high
10.4161/gmic.25487,human,treatment,high
10.4172/2155-9562.s12-013,human,not_applicable,high
10.4172/1522-4821.1000370,human,treatment,high
10.4172/1522-4821.1000274,human,not_applicable,high
10.4172/2155-9899.1000223,human,not_applicable,high
10.4172/2155-9899.1000190,human,not_applicable,high
10.4172/2155-9899.1000348,human,not_applicable,high
10.4172/2155-9899.1000288,human,not_applicable,high
10.4172/2161-0673.1000159,human,not_applicable,high
10.4172/2155-9899.1000228,human,not_applicable,high
10.4172/2155-9929.1000152,human,not_applicable,high
10.4172/2165-8048.1000225,human,treatment,high
10.4172/2161-0509.1000103,other,treatment,medium
10.4172/2167-0870.1000253,other,treatment,high
10.4172/2165-8048.1000252,human,treatment,high
10.4172/2167-1044.1000119,human,not_applicable,high
10.4172/2168-9784.1000249,human,not_applicable,high
10.4220/sykepleiens.2021.84329,unclear,not_applicable,high
10.4236/ape.2020.101007,human,not_applicable,high
10.4236/ape.2020.102013,human,treatment,high
10.4236/crcm.2022.118041,human,not_applicable,high
10.4220/sykepleienf.2012.0132,human,treatment,high
10.4236/health.2010.22015,human,not_applicable,high
10.4225/55/58dc8dc6dc266,human,not_applicable,high
10.4172/2155-9899.1000339,animal,treatment,medium
10.4236/ijcm.2012.36098,human,prevention,high
10.4236/ijcm.2013.43029,human,not_applicable,high
10.4236/ijcm.2012.33034,human,treatment,high
10.4236/ijcm.2018.911067,human,not_applicable,high
10.4236/ijcm.2015.610103,human,not_applicable,high
10.4236/ijcm.2018.95038,human,not_applicable,high
10.4236/ijcm.2018.95031,human,treatment,high
10.4236/ijcm.2018.95032,human,treatment,high
10.4236/ijcm.2018.95040,human,not_applicable,high
10.4236/jbm.2024.1210026,animal,treatment,high
10.4236/jbbs.2015.511049,animal,not_applicable,high
10.4236/nm.2011.21003,human,not_applicable,high
10.4236/nm.2016.72008,human,treatment,medium
10.4236/nm.2012.31007,human,not_applicable,high
10.4236/oalib.1108736,other,not_applicable,high
10.4236/oalib.1109414,other,not_applicable,high
10.4236/ojgas.2017.74015,human,treatment,high
10.4236/ojpsych.2012.21007,unclear,not_applicable,high
10.4236/psych.2010.14033,human,not_applicable,high
10.4236/psych.2010.11002,human,not_applicable,high
10.4238/gmr.15038717,human,not_applicable,high
10.4236/ojim.2013.33023,human,not_applicable,high
10.4276/030802210x12892992239233,human,not_applicable,high
10.4252/wjsc.v13.i8.1134,other,not_applicable,high
10.4306/pi.2008.5.4.209,human,treatment,high
10.4306/pi.2009.6.3.204,human,treatment,high
10.4236/ojgas.2015.54005,other,not_applicable,high
10.4324/9780203132678-46,unclear,unclear,low
10.4324/9780203890042-27,human,not_applicable,high
10.4324/9780203765975,unclear,not_applicable,high
10.4324/9780203370315-26,human,not_applicable,high
10.4324/9780429473289,human,treatment,high
10.4324/9781003076117,human,treatment,high
10.4324/9781003083139-55,human,not_applicable,high
10.4324/9781315827490-7,human,not_applicable,high
10.4324/9781315863818-16,other,not_applicable,high
10.4414/smw.2004.10213,unclear,not_applicable,high
10.4324/9781439809891,other,not_applicable,high
10.46235/1028-7221-9994-qap,human,not_applicable,high
10.46743/2160-3715/2024.6519,human,not_applicable,high
10.46747/cfp.700141,human,not_applicable,high
10.4324/9780203929643,unclear,not_applicable,high
10.47184/td.2022.01.06,unclear,not_applicable,high
10.47262/bl/9.2.20230220,other,not_applicable,high
10.46235/1028-7221-13908-peo,other,not_applicable,high
10.47368/ejhc.2023.203,other,not_applicable,high
10.47671/tvg.54.1.5000003,human,not_applicable,high
10.47739/2379-9501.neurodegenerativedisorders.1032,human,treatment,high
10.47407/kr2022.3.5.00160,human,both,high
10.47795/qkbu6715,other,not_applicable,high
10.47829/acmcr.2022.8702,human,treatment,high
10.4414/sanp.2000.01189,human,not_applicable,medium
10.47895/amp.v56i19.3832,human,not_applicable,high
10.48165/irjay.2025.80902,human,treatment,high
10.48550/arxiv.2404.04345,human,not_applicable,high
10.47679/jopp.8214782026,other,not_applicable,high
10.4997/jrcpe.2010.404,human,not_applicable,high
10.48547/202511-003,human,treatment,high
10.5014/ajot.2019.73s1-po3010,human,not_applicable,high
10.5014/ajot.49.4.327,human,not_applicable,high
10.5014/ajot.58.1.35,human,treatment,high
10.5005/japi-11001-0090,human,not_applicable,high
10.5014/ajot.59.5.497,human,not_applicable,high
10.5014/ajot.58.1.73,human,not_applicable,high
10.5040/9798216029281,unclear,treatment,medium
10.5014/ajot.2015.016287,human,treatment,high
10.5040/9798216428541,other,not_applicable,high
10.5040/9798400690044,other,not_applicable,high
10.5070/m4102038940,human,not_applicable,high
10.5056/jnm.2010.16.2.113,human,not_applicable,high
10.5114/aoms.2012.31620,human,not_applicable,high
10.5114/hpr.2020.99395,human,not_applicable,high
10.5114/hpr.2014.43914,human,not_applicable,high
10.5117/nedlet2018.1.geel,other,not_applicable,high
10.5114/hpr.2017.65469,human,treatment,high
10.5040/9798400662072,unclear,not_applicable,high
10.5152/pcp.2025.251106,human,treatment,high
10.5167/uzh-291239,human,treatment,high
10.5114/pr.2014.46050,other,not_applicable,high
10.5172/hesr.1998.8.1.26,unclear,not_applicable,high
10.51470/apr.2025.04.01.53,animal,treatment,high
10.5114/hpr/195733,human,not_applicable,high
10.51793/os.2022.25.4.003,human,not_applicable,high
10.51793/os.2023.26.10.003,other,not_applicable,high
10.51793/os.2025.28.9.009,human,not_applicable,high
10.5209/rev_anhm.2012.v5.n1.39169,human,treatment,high
10.51987/evidencia.v11i1.5946,human,not_applicable,medium
10.52042/unetjoss020103,other,not_applicable,high
10.51793/os.2023.26.4.005,human,treatment,high
10.52403/ijshr.20210776,human,not_applicable,high
10.52403/ijhsr.20251107,human,not_applicable,high
10.52635/eamr/12.2.227-234,animal,treatment,high
10.52692/cfzl2024.38,human,not_applicable,high
10.52768/2766-7820/3508,human,treatment,medium
10.52768/2766-7820/1681,human,treatment,high
10.52768/2379-1039/1963,other,not_applicable,high
10.5281/zenodo.1079977,human,not_applicable,high
10.52768/2996-3788/1022,human,treatment,high
10.5281/zenodo.1307481,human,treatment,high
10.5281/zenodo.1411359,human,treatment,high
10.5281/zenodo.1325436,unclear,not_applicable,high
10.5281/zenodo.1470685,human,treatment,high
10.5281/zenodo.1470739,other,not_applicable,high
10.5281/zenodo.1477530,other,not_applicable,high
10.52667/2712-9179-2026-6-1-31-36,human,not_applicable,high
10.5281/zenodo.1470655,other,not_applicable,high
10.5281/zenodo.17638001,other,not_applicable,high
10.5281/zenodo.17684276,human,not_applicable,high
10.5281/zenodo.17691950,human,treatment,high
10.5281/zenodo.17691932,human,not_applicable,high
10.5281/zenodo.17722640,human,treatment,high
10.5281/zenodo.17798485,human,not_applicable,high
10.5281/zenodo.17851260,other,not_applicable,high
10.5281/zenodo.17904599,unclear,not_applicable,medium
10.5281/zenodo.17965211,human,treatment,high
10.5281/zenodo.17822588,human,not_applicable,high
10.5281/zenodo.17819853,other,not_applicable,high
10.5281/zenodo.1411891,human,treatment,high
10.5281/zenodo.17976612,human,treatment,high
10.5281/zenodo.17976937,human,treatment,high
10.5281/zenodo.17765199,unclear,not_applicable,high
10.5281/zenodo.18383309,other,not_applicable,high
10.5281/zenodo.18488450,other,not_applicable,high
10.5281/zenodo.18363580,human,treatment,high
10.5281/zenodo.18147196,other,both,high
10.5281/zenodo.18174631,human,not_applicable,high
10.5281/zenodo.18488449,other,not_applicable,high
10.5281/zenodo.18675287,other,not_applicable,high
10.5281/zenodo.18681879,human,treatment,high
10.5281/zenodo.18750267,other,not_applicable,high
10.5281/zenodo.18809113,human,treatment,high
10.5281/zenodo.18864417,human,treatment,high
10.5281/zenodo.18902224,human,treatment,high
10.5281/zenodo.18908179,other,not_applicable,high
10.5281/zenodo.18929140,other,not_applicable,high
10.5281/zenodo.19380758,other,not_applicable,high
10.5281/zenodo.19616126,human,treatment,high
10.5281/zenodo.19616216,human,treatment,high
10.5281/zenodo.19615280,human,treatment,medium
10.5281/zenodo.19673799,other,not_applicable,high
10.5281/zenodo.19742087,other,not_applicable,high
10.5281/zenodo.20054624,other,not_applicable,high
10.5281/zenodo.20155958,other,treatment,high
10.5281/zenodo.20407129,other,not_applicable,high
10.5281/zenodo.20328711,other,not_applicable,high
10.5281/zenodo.4038961,human,not_applicable,high
10.5281/zenodo.7495326,other,not_applicable,high
10.5281/zenodo.7653460,unclear,unclear,low
10.5281/zenodo.4489960,other,not_applicable,high
10.5281/zenodo.6759462,human,not_applicable,high
10.5281/zenodo.7840606,human,not_applicable,high
10.5282/edoc.17552,human,not_applicable,high
10.52852/tcncyh.v202i5e18.5036,animal,not_applicable,high
10.5283/epub.78937,human,treatment,high
10.5298/1081-5937-51.1.03,human,treatment,high
10.5287/ora-9o9jqrkr9,human,not_applicable,high
10.5298/1081-5937-46.3.06,other,treatment,high
10.52852/tcncyh.v202i5e18.4657,animal,treatment,high
10.5334/ijic.901,human,treatment,high
10.5334/ijic.icic23628,unclear,not_applicable,medium
10.5334/ijic.icic23633,other,not_applicable,high
10.5334/ijic.icic25148,human,not_applicable,high
10.5348/ijcri-201499-cr-10410,human,not_applicable,high
10.5353/th_b5317014,human,treatment,high
10.53738/revmed.2024.20.882.1371,other,not_applicable,high
10.5334/ojb.28,human,not_applicable,high
10.53680/vertex.v34i162.507,human,not_applicable,high
10.53765/20512201.29.9.175,human,not_applicable,high
10.53841/bpscpf.2016.1.280.15,human,treatment,high
10.53841/bpscpf.2019.1.320.12,human,treatment,high
10.53841/bpscpr.2011.26.1.34,human,not_applicable,high
10.5334/ijic.icic25409,other,not_applicable,high
10.53841/bpscpr.2011.26.2.70,human,treatment,high
10.53841/bpscpr.2018.33.1.13,human,treatment,high
10.53841/bpscpr.2012.27.3.29,human,not_applicable,high
10.5402/2013/978250,human,not_applicable,high
10.53841/bpshpu.2009.18.1.26,human,not_applicable,high
10.53841/bpshpu.2008.17.1.46,human,treatment,high
10.54014/2ter-pjm0,human,not_applicable,high
10.54254/2753-8818/35/20240935,human,not_applicable,high
10.5430/jer.v5n1p1,human,not_applicable,high
10.5451/unibas-005857511,human,not_applicable,high
10.5455/jcbpr.197494,human,treatment,high
10.54957/ijhs.v4i6.1139,human,not_applicable,high
10.53555/ccb.v18i02.115,human,treatment,high
10.55131/jphd/2025/230221,human,not_applicable,high
10.55175/cdk.v49i0.1967,human,treatment,high
10.5502/ijw.v10i5.1501,human,not_applicable,high
10.5523/bris.3nfgkcm2ce6eg28rt02u86murj,human,treatment,high
10.54940/ep60466644,human,not_applicable,high
10.55295/psl.2024.ii1,human,not_applicable,high
10.5543/tkda.2019.32624,human,not_applicable,high
10.5539/gjhs.v5n2p94,human,not_applicable,high
10.56011/mind-mri-112-202215,human,not_applicable,high
10.55563/clinexprheumatol/ajiygc,human,not_applicable,high
10.55563/clinexprheumatol/1qj9zu,human,not_applicable,high
10.5539/ass.v6n12p167,human,not_applicable,high
10.5603/mrj.a2021.0013,other,not_applicable,high
10.5603/mrj.a2021.0049,human,not_applicable,high
10.5603/arm.a2020.0196,human,not_applicable,high
10.5553/tg/016774542025058004006,other,not_applicable,high
10.5604/01.3001.0016.2871,human,not_applicable,high
10.5603/njo.a2021.0068,other,not_applicable,high
10.56238/medcientifica-040,other,treatment,high
10.5620/eaht.2022033,human,not_applicable,high
10.56334/sei/8.10.32,human,not_applicable,high
10.5662/wjm.v5.i2.68,human,not_applicable,high
10.56173/bjcp.2021.1102,unclear,not_applicable,high
10.56367/oag-046-11332,other,not_applicable,high
10.56508/mhgcj.v8i1.265,human,not_applicable,high
10.5664/jcsm.4854,human,not_applicable,high
10.5664/jcsm.2276,human,not_applicable,high
10.5664/jcsm.6722,human,not_applicable,high
10.56367/oag-042-11308,other,not_applicable,high
10.5665/sleep.1396,human,not_applicable,high
10.5664/jcsm.8114,human,not_applicable,high
10.5664/jcsm.6924,human,not_applicable,high
10.5694/j.1326-5377.1988.tb104513.x,human,not_applicable,high
10.5665/sleep.5658,human,not_applicable,high
10.5694/j.1326-5377.1989.tb139594.x,human,not_applicable,high
10.5694/j.1326-5377.1990.tb126191.x,human,not_applicable,high
10.5694/j.1326-5377.1995.tb124593.x,human,not_applicable,high
10.5694/j.1326-5377.1995.tb124589.x,unclear,not_applicable,high
10.5694/j.1326-5377.1995.tb124601.x,human,not_applicable,high
10.5694/j.1326-5377.2004.tb06019.x,human,treatment,high
10.5694/mja2.50553,human,not_applicable,high
10.5694/j.1326-5377.2000.tb124069.x,unclear,not_applicable,high
10.5771/9781461647324,other,not_applicable,high
10.5772/1460,unclear,not_applicable,high
10.5772/28427,other,not_applicable,high
10.5772/28521,unclear,not_applicable,medium
10.5772/38572,human,not_applicable,high
10.5772/29415,human,not_applicable,high
10.5772/30342,human,not_applicable,high
10.5772/53440,other,not_applicable,high
10.5772/intechopen.91413,human,treatment,high
10.5750/ejpch.v5i3.1379,other,not_applicable,high
10.5772/intechopen.92570,human,treatment,high
10.5812/aapm.113629,human,not_applicable,high
10.5772/intechopen.80714,other,treatment,high
10.5812/ijpbs.9074,human,not_applicable,high
10.5812/jamm.12285,other,not_applicable,medium
10.5812/pedinfect.13107,human,not_applicable,high
10.58344/jws.v3i11.1231,human,treatment,high
10.58224/2658-3313-2024-7-8-50-61,other,not_applicable,high
10.58530/2022/4707,human,not_applicable,high
10.58530/2023/1731,human,not_applicable,high
10.58530/2022/3636,human,not_applicable,high
10.58530/2023/5325,human,not_applicable,high
10.58530/2024/0746,human,not_applicable,high
10.58530/2024/2082,human,not_applicable,high
10.58530/2024/4225,human,not_applicable,high
10.58530/2025/3606,human,not_applicable,high
10.5860/choice.34-1580,human,treatment,high
10.58530/2025/3937,human,not_applicable,high
10.5835/jecm.v13i1.648,unclear,not_applicable,high
10.58962/hsr.970,human,treatment,high
10.58680/ccc202332669,other,not_applicable,high
10.5897/jmld11.023,other,not_applicable,high
10.5897/jgmv.9000015,human,not_applicable,high
10.58530/2025/3931,human,not_applicable,high
10.59249/nhft4839,human,treatment,high
10.5923/j.ijpbs.20150502.07,human,not_applicable,high
10.5920/mhldrp.2010.7117,unclear,not_applicable,high
10.5946/ce.2015.117,human,treatment,high
10.5958/0976-5506.2016.00069.3,human,treatment,high
10.5944/rppc.vol.10.num.1.2005.3991,human,treatment,high
10.58530/2024/2074,human,not_applicable,high
10.6026/97320630006120,other,not_applicable,high
10.59934/jaiea.v5i1.1431,other,not_applicable,high
10.6000/1927-5951.2011.01.02.02,human,not_applicable,high
10.6084/m9.figshare.4253795.v1,other,not_applicable,high
10.6016/slovmedjour.v72i2.1798,other,not_applicable,high
10.60837/curare.v47i1-2.3841,other,not_applicable,high
10.6084/m9.figshare.4321112.v1,other,not_applicable,high
10.6084/m9.figshare.4321130.v1,unclear,not_applicable,high
10.6084/m9.figshare.4336976,human,not_applicable,high
10.6084/m9.figshare.4359635,human,not_applicable,high
10.6084/m9.figshare.4359653,other,not_applicable,high
10.6084/m9.figshare.4359674.v1,human,not_applicable,high
10.6084/m9.figshare.4359725,human,not_applicable,high
10.6084/m9.figshare.4359695,human,not_applicable,high
10.6084/m9.figshare.4359737,human,not_applicable,high
10.6084/m9.figshare.4359746.v1,human,not_applicable,high
10.6084/m9.figshare.4359767.v1,human,not_applicable,high
10.6084/m9.figshare.4359806.v1,human,not_applicable,high
10.6084/m9.figshare.4359791,human,not_applicable,high
10.6084/m9.figshare.4359707,human,not_applicable,high
10.6084/m9.figshare.4359815,human,not_applicable,high
10.6084/m9.figshare.4361684,human,not_applicable,high
10.6084/m9.figshare.4387469.v1,other,not_applicable,high
10.6084/m9.figshare.4361654,human,not_applicable,high
10.6084/m9.figshare.4361666,human,not_applicable,high
10.6084/m9.figshare.4398167,other,not_applicable,high
10.6084/m9.figshare.4387487.v1,human,not_applicable,high
10.6084/m9.figshare.4398185,human,not_applicable,high
10.6084/m9.figshare.4398200,human,not_applicable,high
10.6084/m9.figshare.4436150.v1,human,not_applicable,high
10.6084/m9.figshare.4415744,human,not_applicable,high
10.6084/m9.figshare.4436153,human,not_applicable,high
10.6084/m9.figshare.4436156.v1,human,not_applicable,high
10.6084/m9.figshare.4784821,unclear,unclear,low
10.6084/m9.figshare.4784833.v1,unclear,not_applicable,high
10.6084/m9.figshare.4793335.v1,other,not_applicable,high
10.6084/m9.figshare.5071951,human,not_applicable,high
10.6084/m9.figshare.4981004.v1,human,not_applicable,high
10.6084/m9.figshare.5121796.v1,human,not_applicable,high
10.6084/m9.figshare.5091091.v1,other,not_applicable,high
10.6084/m9.figshare.5211760,human,treatment,high
10.6084/m9.figshare.5665417.v1,human,not_applicable,high
10.6084/m9.figshare.c.3676606_d1,other,not_applicable,high
10.6084/m9.figshare.8858627,human,not_applicable,high
10.6084/m9.figshare.c.3603299_d1,animal,not_applicable,high
10.61440/oajpsd.2025.v1.13,human,treatment,high
10.61409/v07240476,human,treatment,high
10.6084/m9.figshare.5665435.v1,human,not_applicable,high
10.62225/2583049x.2025.5.6.5273,unclear,both,low
10.62202/2075-1761-2024-26-4-48-53,human,not_applicable,high
10.61838/ijbmc.v12i4.1119,human,not_applicable,high
10.62347/ryau2739,animal,not_applicable,high
10.62607/smt.v93i4.42296,human,not_applicable,high
10.62607/smt.v93i4.42317,unclear,not_applicable,high
10.62607/smt.v93i4.42308,unclear,not_applicable,high
10.62607/smt.v93i4.42314,unclear,not_applicable,high
10.62607/smt.v93i4.42323,other,not_applicable,high
10.62607/smt.v93i4.42326,human,not_applicable,high
10.62607/smt.v93i4.42344,unclear,not_applicable,high
10.62607/smt.v93i4.42335,human,treatment,high
10.62607/smt.v93i4.42347,other,not_applicable,high
10.62607/smt.v93i4.42311,unclear,not_applicable,high
10.62607/smt.v93i4.42350,human,treatment,high
10.63648/dy8k8x15,human,not_applicable,high
10.63282/3050-922x.ijeret-v1i4p102,human,treatment,high
10.62607/smt.v94i1.42146,other,not_applicable,high
10.64898/2026.02.25.26347081,human,not_applicable,high
10.64898/2026.01.22.26344661,human,not_applicable,high
10.64898/2026.02.16.26346394,human,not_applicable,high
10.62607/smt.v99i3.37802,unclear,not_applicable,high
10.64898/2026.04.06.26348924,human,not_applicable,high
10.64898/2026.04.10.26350613,human,not_applicable,high
10.64898/2026.06.08.26355171,other,not_applicable,high
10.64898/2026.05.29.26354333,human,both,high
10.64898/2026.06.08.26355197,human,not_applicable,high
10.64898/2026.06.05.26354983,human,not_applicable,high
10.6722/tes.202010_4(1).0003,human,not_applicable,medium
10.70252/daya4589,human,treatment,high
10.70492/2664-0554.1022,human,not_applicable,high
10.70251/hyjr2348.34148155,other,not_applicable,high
10.70537/ppm/210287,unclear,not_applicable,high
10.70609/g-tech.v9i3.7595,other,not_applicable,high
10.70749/ijbr.v3i8.2230,human,treatment,high
10.7150/ijms.12399,human,not_applicable,high
10.71152/ajms.v15i11.4239,human,not_applicable,high
10.7176/jhmn/91-01,human,not_applicable,high
10.7203/jo3t.3.4.2019.15546,human,treatment,high
10.64898/2026.06.17.26355870,human,not_applicable,high
10.7202/1023988ar,human,treatment,high
10.7205/milmed-d-13-00419,human,not_applicable,high
10.7189/jogh.13.04157,human,treatment,high
10.7224/1537-2073.2013-005,human,treatment,high
10.7205/milmed.171.7.577,human,not_applicable,high
10.7287/peerj.6500v0.1/reviews/1,other,not_applicable,high
10.7287/peerj.6500v0.1/reviews/2,other,not_applicable,high
10.7326/0003-4819-108-3-387,human,not_applicable,high
10.7326/0003-4819-103-6-951,human,not_applicable,high
10.7326/0003-4819-108-6-906_1,human,not_applicable,high
10.7326/0003-4819-109-12-997_3,unclear,not_applicable,high
10.7326/0003-4819-109-7-554,human,not_applicable,high
10.7326/0003-4819-110-1-92,human,not_applicable,high
10.7326/0003-4819-110-4-321_1,human,not_applicable,high
10.7326/0003-4819-111-10-860_1,human,not_applicable,high
10.7326/0003-4819-116-4-347_2,human,not_applicable,high
10.7326/0003-4819-117-4-325,human,not_applicable,high
10.7326/0003-4819-120-11-199406010-00020,human,not_applicable,high
10.7326/0003-4819-109-6-511,other,not_applicable,high
10.7326/0003-4819-116-9-779_3,unclear,not_applicable,medium
10.7326/0003-4819-118-4-199302150-00001,human,not_applicable,high
10.7326/0003-4819-120-11-199406010-00026,unclear,not_applicable,high
10.7326/0003-4819-121-12-199412150-00009,other,not_applicable,high
10.7326/0003-4819-123-1-199507010-00017,unclear,not_applicable,high
10.7326/0003-4819-120-5-199403010-00038,unclear,not_applicable,high
10.7326/0003-4819-129-2-199807150-00040,other,not_applicable,high
10.7326/0003-4819-130-11-199906010-00016,human,not_applicable,high
10.7326/0003-4819-134-9_part_2-200105011-00011,human,not_applicable,high
10.7326/0003-4819-131-10-199911160-00038,other,not_applicable,high
10.7326/0003-4819-134-9_part_2-200105011-00007,unclear,not_applicable,high
10.7326/0003-4819-137-9-200211050-00011,human,not_applicable,high
10.7326/0003-4819-149-4-200808190-00021,other,not_applicable,high
10.7326/0003-4819-142-11-200506070-00005,human,not_applicable,high
10.7326/acpjc-1991-114-2-050,human,treatment,high
10.7326/0003-4819-123-2-199507150-00001,human,not_applicable,high
10.7326/acpjc-1991-114-2-051,human,treatment,high
10.7326/acpjc-1999-130-2-040,human,treatment,high
10.7326/afed201704180,human,treatment,high
10.7326/acpjc-2016-164-10-055,human,treatment,high
10.7326/acpjc-2001-135-2-046,human,treatment,high
10.7326/awed201905070,human,treatment,high
10.7326/acpjc-2001-135-2-047,human,treatment,high
10.7326/l15-5174,human,treatment,high
10.7326/l15-5176,human,treatment,high
10.7326/l17-0317,human,treatment,high
10.7326/m15-0338,unclear,not_applicable,high
10.7326/m15-0114,human,treatment,high
10.7326/m15-0357,human,not_applicable,high
10.7326/m15-0647,human,not_applicable,high
10.7326/m15-0443,human,not_applicable,high
10.7326/m18-1451,human,treatment,high
10.7417/t.2018.2076,human,treatment,high
10.7326/m19-0643,human,treatment,high
10.7326/m16-2391,human,treatment,high
10.7453/gahmj.2012.1.1.008,human,treatment,high
10.7453/gahmj.2013.097cp.p05.07,human,treatment,high
10.7554/elife.104441,human,not_applicable,high
10.7557/14.6535,human,not_applicable,high
10.7556/jaoa.2019.081,human,not_applicable,high
10.7717/peerj.2421,human,not_applicable,high
10.7705/biomedica.v31i4.425,human,not_applicable,high
10.7717/peerj.4282,human,not_applicable,high
10.7717/peerj-cs.1857,other,not_applicable,high
10.7717/peerj.6500,human,not_applicable,high
10.7748/ns.19.52.36.s42,unclear,not_applicable,high
10.7556/jaoa.1996.96.1.34,human,not_applicable,high
10.7748/ns.21.3.11.s18,human,treatment,high
10.7748/ns.5.49.16.s33,human,not_applicable,high
10.7748/ns.7.24.46.s62,unclear,not_applicable,high
10.7748/ns2002.12.17.13.45.c3316,human,treatment,high
10.7748/ns2012.02.26.25.48.c8950,unclear,not_applicable,high
10.7748/ns2003.05.17.35.33.c3390,human,not_applicable,high
10.7748/ns2005.02.19.21.38.c3796,human,not_applicable,high
10.7759/cureus.102064,human,treatment,high
10.7748/phc2007.02.17.1.25.c4384,unclear,not_applicable,high
10.7748/phc.21.4.14.s16,human,treatment,high
10.7759/cureus.109798,human,not_applicable,high
10.7759/cureus.35174,human,treatment,high
10.7759/cureus.54742,human,treatment,high
10.7759/cureus.81030,human,not_applicable,high
10.7759/cureus.70616,human,not_applicable,high
10.7759/cureus.33777,human,treatment,high
10.7748/paed.22.8.12.s24,other,not_applicable,high
10.7759/cureus.90607,human,not_applicable,high
10.7763/ijmlc.2014.v4.400,human,not_applicable,high
10.7759/cureus.87178,human,treatment,high
10.7759/cureus.90494,human,treatment,high
10.7759/cureus.92435,human,not_applicable,high
10.7790/ejap.v1i1.6,human,not_applicable,high
10.7812/tpp/23.170,human,not_applicable,high
10.7861/clinmedicine.2-5-427,unclear,not_applicable,high
10.7861/clinmed.2020-0743,human,not_applicable,high
10.7861/clinmedicine.3-1-78,other,not_applicable,high
10.9734/jamps/2024/v26i6692,other,not_applicable,high
10.9734/jocamr/2023/v22i3457,human,treatment,high
10.9790/0853-13553033,other,not_applicable,high
pmid_10150189,other,not_applicable,high
pmid_10189612,human,not_applicable,high
pmid_10205371,human,treatment,high
pmid_10150382,human,not_applicable,high
pmid_10350771,human,not_applicable,high
pmid_10234084,human,not_applicable,medium
10.9758/cpn.2016.14.3.231,other,treatment,medium
10.9734/ajrid/2021/v8i430248,human,not_applicable,high
pmid_10360030,human,not_applicable,high
10.9734/air/2023/v24i61007,human,not_applicable,high
pmid_10423976,human,not_applicable,high
pmid_10440661,human,treatment,high
pmid_10380143,human,not_applicable,high
pmid_10384764,unclear,not_applicable,low
pmid_10507127,human,not_applicable,high
pmid_10451339,human,not_applicable,high
pmid_10540873,other,not_applicable,medium
pmid_10545311,human,not_applicable,high
pmid_10589213,human,not_applicable,high
pmid_10606381,human,not_applicable,high
pmid_10623963,human,treatment,high
pmid_10687348,human,not_applicable,high
pmid_10721210,human,not_applicable,high
pmid_10721550,human,not_applicable,high
pmid_10782836,human,not_applicable,high
pmid_10753161,unclear,not_applicable,high
pmid_10749295,human,not_applicable,high
pmid_10852283,human,not_applicable,high
pmid_10910092,human,not_applicable,high
pmid_10853374,human,not_applicable,high
pmid_10876679,human,not_applicable,high
pmid_10990237,human,treatment,high
pmid_11109397,human,treatment,high
pmid_11121511,other,not_applicable,high
pmid_11028837,human,treatment,high
pmid_11191044,unclear,not_applicable,high
pmid_11219326,human,not_applicable,high
pmid_11365013,other,treatment,medium
pmid_11365017,human,not_applicable,medium
pmid_11196514,human,not_applicable,high
pmid_11271868,human,treatment,high
pmid_11366542,other,treatment,medium
pmid_11366544,other,treatment,medium
pmid_11382899,human,not_applicable,high
pmid_11409131,human,not_applicable,high
pmid_11434196,human,not_applicable,high
pmid_11460087,human,treatment,high
pmid_11410076,other,not_applicable,high
pmid_11462315,human,not_applicable,high
pmid_11692551,human,not_applicable,high
pmid_11510514,human,not_applicable,high
pmid_11462117,human,treatment,high
pmid_11761783,unclear,not_applicable,high
pmid_11703165,other,not_applicable,medium
pmid_11768945,human,not_applicable,high
pmid_11771626,human,not_applicable,high
pmid_11790917,human,treatment,high
pmid_11806260,unclear,not_applicable,high
pmid_11817247,human,not_applicable,high
pmid_11867001,human,not_applicable,high
pmid_11887330,human,not_applicable,high
pmid_11877546,human,not_applicable,high
pmid_11874286,human,treatment,high
pmid_11894732,human,not_applicable,high
pmid_11911112,human,not_applicable,high
pmid_11925084,human,treatment,high
pmid_11974674,human,not_applicable,high
pmid_11933752,human,not_applicable,high
pmid_12035392,human,not_applicable,high
pmid_12073768,human,not_applicable,high
pmid_12090385,human,treatment,high
pmid_12030424,other,not_applicable,high
pmid_12125506,human,not_applicable,high
pmid_12098910,human,not_applicable,high
pmid_12174928,other,not_applicable,high
pmid_12182109,human,not_applicable,high
pmid_12362846,human,not_applicable,high
pmid_12410623,human,treatment,high
pmid_12388954,human,not_applicable,high
pmid_12412768,human,not_applicable,high
pmid_12410625,human,treatment,high
pmid_12422451,human,treatment,high
pmid_12422467,human,treatment,high
pmid_12599847,human,not_applicable,high
pmid_11980359,human,not_applicable,high
pmid_12593133,human,not_applicable,high
pmid_12660567,human,not_applicable,high
pmid_12625098,human,treatment,high
pmid_12635882,other,not_applicable,high
pmid_12672203,human,not_applicable,high
pmid_12661419,human,treatment,medium
pmid_12687153,human,not_applicable,medium
pmid_12685490,human,not_applicable,high
pmid_12718710,human,not_applicable,high
pmid_12800454,human,not_applicable,high
pmid_12851722,human,not_applicable,high
pmid_1287235,human,not_applicable,high
pmid_1287234,human,not_applicable,high
pmid_1287236,unclear,not_applicable,high
pmid_12852720,human,not_applicable,high
pmid_1287238,human,not_applicable,high
pmid_1287239,other,not_applicable,high
pmid_1287237,unclear,not_applicable,high
pmid_1287240,human,not_applicable,high
pmid_1287242,human,treatment,high
pmid_1287241,human,not_applicable,high
pmid_1290417,human,not_applicable,high
pmid_1310844,human,not_applicable,high
pmid_1312248,human,not_applicable,high
pmid_1323245,human,not_applicable,high
pmid_12939888,human,not_applicable,high
pmid_1322077,unclear,not_applicable,high
pmid_1323246,human,not_applicable,high
pmid_1329134,human,not_applicable,high
pmid_1328633,human,not_applicable,high
pmid_1337559,human,not_applicable,high
pmid_1337558,human,not_applicable,high
pmid_1337560,human,not_applicable,high
pmid_1337561,human,treatment,high
pmid_1337562,human,not_applicable,high
pmid_13678013,human,not_applicable,high
pmid_1337563,human,not_applicable,high
pmid_13677625,animal,treatment,high
pmid_14100144,human,not_applicable,high
pmid_1394166,human,not_applicable,high
pmid_14527077,human,treatment,high
pmid_1412405,human,not_applicable,high
pmid_14529252,human,not_applicable,high
pmid_14692438,human,treatment,high
pmid_14650782,human,not_applicable,high
pmid_14692441,human,treatment,high
pmid_1491843,human,not_applicable,high
pmid_1492795,human,treatment,high
pmid_14986443,human,treatment,high
pmid_1473316,human,treatment,high
pmid_15026831,human,not_applicable,high
pmid_14650107,human,not_applicable,high
pmid_15113035,human,not_applicable,high
pmid_15283620,human,not_applicable,high
pmid_15154366,human,both,high
pmid_15168991,human,not_applicable,high
pmid_15119315,other,not_applicable,high
pmid_15340544,human,not_applicable,high
pmid_15174234,human,not_applicable,high
pmid_15377055,human,treatment,high
pmid_15369178,human,not_applicable,high
pmid_15515404,other,not_applicable,high
pmid_15598093,other,not_applicable,high
pmid_15796202,human,not_applicable,high
pmid_15813284,human,not_applicable,high
pmid_1581154,human,not_applicable,high
pmid_16189951,human,treatment,high
pmid_16230991,human,treatment,high
pmid_15932738,human,not_applicable,high
pmid_16248250,human,treatment,high
pmid_15835623,human,both,high
pmid_1624312,human,not_applicable,high
pmid_16264414,human,not_applicable,high
pmid_16324367,human,not_applicable,high
pmid_16318125,human,treatment,high
pmid_16277015,human,not_applicable,high
pmid_16331774,human,not_applicable,high
pmid_16372029,other,not_applicable,high
pmid_16438814,human,not_applicable,high
pmid_16396296,human,treatment,high
pmid_16380690,human,not_applicable,high
pmid_1642616,human,treatment,high
pmid_16474312,human,not_applicable,medium
pmid_16483010,human,not_applicable,high
pmid_1654151,human,not_applicable,high
pmid_1654150,human,not_applicable,high
pmid_16541862,human,treatment,high
pmid_1654146,other,not_applicable,high
pmid_16558535,human,treatment,high
pmid_16642630,human,treatment,high
pmid_16594551,human,treatment,high
pmid_1669350,human,not_applicable,high
pmid_16634532,human,treatment,high
pmid_16762155,human,not_applicable,high
pmid_16767057,human,treatment,high
pmid_17159817,human,not_applicable,high
pmid_17147913,other,not_applicable,high
pmid_1754973,human,not_applicable,high
pmid_17285103,human,treatment,high
pmid_17338130,other,not_applicable,high
pmid_17561687,other,not_applicable,high
pmid_17561686,human,not_applicable,high
pmid_17561685,human,not_applicable,high
pmid_17561689,other,not_applicable,high
pmid_17561690,human,not_applicable,high
pmid_17561688,human,not_applicable,high
pmid_17561694,human,not_applicable,high
pmid_17561692,human,not_applicable,high
pmid_17561693,human,not_applicable,high
pmid_17561695,human,not_applicable,high
pmid_17561691,human,not_applicable,high
pmid_17078435,human,treatment,high
pmid_17561696,other,not_applicable,high
pmid_17561697,human,not_applicable,high
pmid_17561699,human,not_applicable,high
pmid_17561698,human,not_applicable,high
pmid_17561701,human,treatment,high
pmid_17561700,human,treatment,high
pmid_17561702,human,treatment,high
pmid_17561703,human,treatment,high
pmid_17561705,human,not_applicable,high
pmid_17561704,human,not_applicable,high
pmid_17561707,human,not_applicable,high
pmid_17561706,human,not_applicable,high
pmid_17599032,human,treatment,high
pmid_17635902,human,treatment,medium
pmid_17693977,human,not_applicable,high
pmid_17694487,human,treatment,high
pmid_17693979,other,not_applicable,high
pmid_17710799,human,treatment,high
pmid_17693978,other,not_applicable,high
pmid_1777276,human,not_applicable,high
pmid_18019402,human,treatment,high
pmid_18063928,human,treatment,high
pmid_17955647,unclear,not_applicable,high
pmid_18063934,human,not_applicable,high
pmid_1821821,other,not_applicable,high
pmid_18084366,human,not_applicable,high
pmid_1822108,human,treatment,high
pmid_18085145,human,treatment,high
pmid_18236904,human,not_applicable,high
pmid_18300582,human,not_applicable,high
pmid_1831558,human,not_applicable,high
pmid_18396793,human,not_applicable,high
pmid_18405228,unclear,not_applicable,high
pmid_1846641,human,not_applicable,high
pmid_18418978,unclear,not_applicable,high
pmid_18409979,human,not_applicable,high
pmid_18580855,human,not_applicable,high
pmid_18630535,human,treatment,high
pmid_1876612,human,not_applicable,medium
pmid_1861659,human,not_applicable,high
pmid_18625088,human,not_applicable,high
pmid_1876621,human,treatment,high
pmid_19051616,human,not_applicable,high
pmid_1893076,human,treatment,high
pmid_19024900,other,not_applicable,high
pmid_19066412,animal,treatment,high
pmid_19112401,human,treatment,high
pmid_19181009,human,not_applicable,high
pmid_19323439,animal,not_applicable,high
pmid_19414405,human,not_applicable,high
pmid_1942408,human,treatment,high
pmid_19436827,human,not_applicable,high
pmid_19567398,other,not_applicable,high
pmid_19557103,other,not_applicable,high
pmid_19602651,human,treatment,high
pmid_19623790,human,not_applicable,high
pmid_19685727,human,treatment,high
pmid_19658073,other,not_applicable,high
pmid_19702080,human,treatment,high
pmid_19768901,human,not_applicable,high
pmid_19768898,human,not_applicable,high
pmid_19768908,human,not_applicable,high
pmid_19807959,human,not_applicable,high
pmid_19768916,human,treatment,high
pmid_19855351,human,treatment,high
pmid_1998892,human,not_applicable,high
pmid_19821248,unclear,not_applicable,high
pmid_19855350,human,treatment,high
pmid_19873911,human,treatment,high
pmid_2000430,other,not_applicable,high
pmid_20010505,human,treatment,high
pmid_20032425,other,not_applicable,high
pmid_20034300,human,treatment,high
pmid_20035260,human,not_applicable,high
pmid_20038921,human,not_applicable,high
pmid_20154232,human,not_applicable,high
pmid_20209981,human,treatment,high
pmid_2020798,human,not_applicable,high
pmid_20141043,animal,not_applicable,high
pmid_2021024,human,not_applicable,high
pmid_20363992,human,not_applicable,high
pmid_2029596,unclear,not_applicable,high
pmid_2039419,unclear,not_applicable,high
pmid_20529781,human,not_applicable,high
pmid_20566160,other,not_applicable,high
pmid_20568438,human,treatment,high
pmid_2075278,human,not_applicable,high
pmid_21057412,other,not_applicable,medium
pmid_20929047,other,not_applicable,high
pmid_20862932,human,treatment,high
pmid_20842203,human,not_applicable,high
pmid_2107839,human,treatment,medium
pmid_20949245,other,not_applicable,high
pmid_21119582,human,not_applicable,high
pmid_21089211,human,treatment,high
pmid_21155461,other,treatment,medium
pmid_21234277,human,not_applicable,high
pmid_21228979,human,not_applicable,high
pmid_21221272,human,treatment,high
pmid_21246855,human,treatment,high
pmid_21243091,human,not_applicable,high
pmid_21322184,human,not_applicable,high
pmid_21253446,human,not_applicable,high
pmid_21249084,other,not_applicable,high
pmid_21268918,human,not_applicable,high
pmid_21322185,human,not_applicable,high
pmid_21407167,other,not_applicable,high
pmid_21164046,human,not_applicable,high
pmid_21576403,human,not_applicable,high
pmid_21552194,human,not_applicable,high
pmid_21882454,animal,not_applicable,high
pmid_21815500,human,not_applicable,medium
pmid_21585130,human,not_applicable,high
pmid_2188344,other,not_applicable,high
pmid_21888029,other,not_applicable,high
pmid_21950132,other,not_applicable,high
pmid_22379791,human,treatment,high
pmid_22021700,human,treatment,high
pmid_2202912,unclear,not_applicable,high
pmid_21966179,human,not_applicable,high
pmid_22471128,human,treatment,high
pmid_22466523,human,not_applicable,high
pmid_21563329,unclear,not_applicable,high
pmid_22516851,human,not_applicable,high
pmid_22574567,animal,treatment,high
pmid_22059223,human,treatment,high
pmid_22620017,other,not_applicable,high
pmid_22837795,human,not_applicable,high
pmid_22679716,human,treatment,high
pmid_22842604,human,not_applicable,high
pmid_2294610,human,not_applicable,high
pmid_22996861,human,treatment,high
pmid_22971428,human,not_applicable,high
pmid_23062157,human,treatment,high
pmid_23145212,human,not_applicable,high
pmid_23236553,human,treatment,high
pmid_23171754,human,treatment,high
pmid_23373381,human,not_applicable,medium
pmid_23390566,human,not_applicable,high
pmid_23261014,human,not_applicable,high
pmid_23511692,human,treatment,high
pmid_23550241,human,treatment,high
pmid_23682549,human,treatment,high
pmid_23685416,other,not_applicable,high
pmid_23981369,human,treatment,high
pmid_24084413,human,treatment,high
pmid_24254550,human,treatment,high
pmid_24231834,human,treatment,high
pmid_24340168,human,not_applicable,high
pmid_24340521,human,not_applicable,high
pmid_24425848,other,not_applicable,high
pmid_24445302,human,treatment,high
pmid_24445354,human,treatment,high
pmid_24509993,human,treatment,high
pmid_24511794,human,not_applicable,high
pmid_24501561,human,treatment,high
pmid_23422476,human,not_applicable,high
pmid_24531167,human,not_applicable,high
pmid_24312923,human,not_applicable,high
pmid_24588031,animal,treatment,high
pmid_24617226,human,treatment,high
pmid_24741953,animal,treatment,medium
pmid_24683425,human,not_applicable,high
pmid_24779252,human,treatment,high
pmid_24974723,human,not_applicable,high
pmid_25046951,human,not_applicable,high
pmid_25341286,human,not_applicable,high
pmid_25219128,human,treatment,high
pmid_2536690,human,not_applicable,high
pmid_25364305,human,not_applicable,high
pmid_25394351,human,treatment,high
pmid_25433843,human,not_applicable,high
pmid_2545980,human,not_applicable,high
pmid_25518113,animal,treatment,high
pmid_2561291,other,treatment,high
pmid_25617876,other,treatment,medium
pmid_24522022,other,not_applicable,medium
pmid_25617880,human,treatment,high
pmid_25630203,human,treatment,high
pmid_25786051,human,not_applicable,high
pmid_2545048,human,not_applicable,high
pmid_25786052,other,not_applicable,high
pmid_25789592,human,treatment,high
pmid_25812543,human,not_applicable,high
pmid_2594656,human,not_applicable,high
pmid_26062210,other,not_applicable,high
pmid_2607516,human,not_applicable,high
pmid_26151991,human,treatment,high
pmid_25971144,other,not_applicable,high
pmid_26168499,human,treatment,high
pmid_26211780,human,treatment,high
pmid_26259285,animal,not_applicable,high
pmid_26379906,human,treatment,high
pmid_26380022,human,treatment,high
pmid_26375519,human,treatment,high
pmid_26431138,human,not_applicable,high
pmid_26454487,human,not_applicable,high
pmid_26707044,human,not_applicable,high
pmid_26665393,other,not_applicable,high
pmid_2691680,human,not_applicable,high
pmid_2684076,human,treatment,high
pmid_2691676,human,not_applicable,high
pmid_27535808,human,not_applicable,high
pmid_26939325,human,treatment,high
pmid_27595126,human,not_applicable,high
pmid_27285346,human,treatment,high
pmid_27747291,human,not_applicable,high
pmid_28066845,human,not_applicable,high
pmid_2797553,human,not_applicable,high
pmid_2824604,human,not_applicable,high
pmid_28282079,human,treatment,high
pmid_2830563,human,not_applicable,high
pmid_28339438,human,not_applicable,high
pmid_2840523,human,not_applicable,high
pmid_27594717,unclear,not_applicable,high
pmid_28295128,human,not_applicable,high
pmid_28535557,human,not_applicable,high
pmid_28510411,human,treatment,high
pmid_28603794,human,not_applicable,high
pmid_2843138,human,not_applicable,high
pmid_28713879,human,not_applicable,high
pmid_28685531,other,not_applicable,high
pmid_28717787,human,prevention,high
pmid_29104961,human,not_applicable,high
pmid_29071982,animal,treatment,high
pmid_29261869,human,treatment,high
pmid_2927808,human,not_applicable,high
pmid_29320016,human,treatment,high
pmid_29357332,human,not_applicable,high
pmid_29489084,unclear,not_applicable,high
pmid_2856301,other,not_applicable,high
pmid_29600930,unclear,not_applicable,high
pmid_29662969,other,not_applicable,high
pmid_29898928,other,not_applicable,high
pmid_29920004,other,not_applicable,high
pmid_29671545,human,treatment,high
pmid_30220655,human,not_applicable,high
pmid_30079926,human,not_applicable,high
pmid_3033338,human,not_applicable,high
pmid_30574737,other,not_applicable,medium
pmid_30936800,unclear,not_applicable,high
pmid_3055363,human,not_applicable,high
pmid_31267953,human,not_applicable,high
pmid_32188192,human,treatment,high
pmid_32491608,unclear,not_applicable,high
pmid_3261407,human,not_applicable,high
pmid_33332043,unclear,not_applicable,high
pmid_34043303,unclear,not_applicable,high
pmid_3320358,human,not_applicable,high
pmid_33628951,human,not_applicable,high
pmid_34559786,other,not_applicable,medium
pmid_33638965,unclear,not_applicable,low
pmid_35438856,unclear,not_applicable,high
pmid_35438857,human,not_applicable,high
pmid_35438860,human,not_applicable,high
pmid_35438858,human,not_applicable,high
pmid_35438861,unclear,not_applicable,high
pmid_35438855,unclear,not_applicable,high
pmid_35656619,unclear,not_applicable,high
pmid_35467812,human,treatment,high
pmid_36170726,human,not_applicable,high
pmid_36507470,human,not_applicable,high
pmid_35736359,human,not_applicable,high
pmid_35438859,unclear,not_applicable,high
pmid_36698380,human,not_applicable,high
pmid_36698748,human,treatment,high
pmid_36996267,unclear,not_applicable,high
pmid_37129123,human,not_applicable,high
pmid_37440739,human,not_applicable,high
pmid_38404605,human,treatment,high
pmid_38085820,human,not_applicable,high
pmid_38160303,other,not_applicable,high
pmid_37043585,human,treatment,high
pmid_38700879,human,not_applicable,high
pmid_38630073,human,treatment,high
pmid_38506363,other,not_applicable,high
pmid_38702173,human,treatment,high
pmid_38911448,unclear,unclear,low
pmid_39440596,human,not_applicable,high
pmid_5066895,human,not_applicable,high
pmid_4042036,human,not_applicable,high
pmid_40980765,human,not_applicable,high
pmid_6310105,human,not_applicable,high
pmid_6319691,human,not_applicable,high
pmid_6310104,human,not_applicable,medium
pmid_7570537,human,not_applicable,high
pmid_7484295,human,treatment,high
pmid_7570529,human,not_applicable,high
pmid_7575071,human,not_applicable,high
pmid_7629762,human,not_applicable,high
pmid_7648237,human,not_applicable,high
pmid_7674527,human,treatment,high
pmid_7677561,human,not_applicable,high
pmid_7756168,other,not_applicable,high
pmid_7778111,human,not_applicable,high
pmid_7824153,human,not_applicable,high
pmid_7788624,human,not_applicable,high
pmid_7778113,human,not_applicable,high
pmid_7839497,other,not_applicable,high
pmid_7618502,human,treatment,high
pmid_7839498,human,not_applicable,high
pmid_7842527,human,not_applicable,high
pmid_7843049,unclear,not_applicable,high
pmid_7843055,human,treatment,high
pmid_7868552,human,not_applicable,high
pmid_7843056,other,not_applicable,high
pmid_7856214,human,not_applicable,high
pmid_7893974,human,not_applicable,high
pmid_7893988,human,treatment,high
pmid_7894992,human,not_applicable,medium
pmid_7960845,other,not_applicable,high
pmid_7971614,human,not_applicable,high
pmid_7893570,human,not_applicable,high
pmid_8007411,human,not_applicable,high
pmid_8035588,human,not_applicable,high
pmid_8053501,other,not_applicable,high
pmid_8092909,human,not_applicable,high
pmid_8007866,human,treatment,high
pmid_8201170,human,not_applicable,high
pmid_8257251,human,not_applicable,high
pmid_8289156,human,not_applicable,medium
pmid_8409778,human,not_applicable,high
pmid_8428892,human,treatment,high
pmid_8422193,human,not_applicable,high
pmid_8446093,human,not_applicable,high
pmid_8459495,human,not_applicable,high
pmid_8459513,human,not_applicable,high
pmid_8474729,human,not_applicable,high
pmid_8495124,human,not_applicable,high
pmid_8054029,unclear,not_applicable,low
pmid_8542261,human,not_applicable,high
pmid_8557833,human,not_applicable,high
pmid_8560138,human,not_applicable,high
pmid_8643052,human,not_applicable,high
pmid_8628527,human,not_applicable,high
pmid_8659056,unclear,not_applicable,high
pmid_8694980,human,not_applicable,medium
pmid_8659055,human,not_applicable,high
pmid_8710408,other,not_applicable,high
pmid_8730136,human,not_applicable,high
pmid_8553151,unclear,not_applicable,high
pmid_8745909,human,treatment,high
pmid_8738520,human,not_applicable,high
pmid_8873636,human,not_applicable,high
pmid_8909150,other,not_applicable,high
pmid_8914350,other,not_applicable,high
pmid_8939323,human,treatment,high
pmid_8945330,human,not_applicable,high
pmid_8986467,human,treatment,high
pmid_8984770,human,not_applicable,high
pmid_8986468,human,treatment,high
pmid_9118194,human,not_applicable,high
pmid_9034999,human,not_applicable,high
pmid_8711992,human,not_applicable,high
pmid_9082825,human,not_applicable,high
pmid_9253014,human,not_applicable,high
pmid_9254324,human,not_applicable,high
pmid_9125006,human,not_applicable,high
pmid_8961200,unclear,not_applicable,high
pmid_9282853,human,not_applicable,high
pmid_9326479,human,not_applicable,high
pmid_9392689,human,not_applicable,high
pmid_9396313,human,not_applicable,high
pmid_9445954,other,not_applicable,high
pmid_9395421,human,not_applicable,high
pmid_9397874,human,not_applicable,high
pmid_9453750,human,not_applicable,high
pmid_9474823,human,not_applicable,high
pmid_9487622,human,not_applicable,high
pmid_9507441,human,not_applicable,high
pmid_9456063,unclear,not_applicable,high
pmid_9513929,human,treatment,high
pmid_9543738,human,treatment,high
pmid_9543736,human,not_applicable,high
pmid_9543737,human,treatment,high
pmid_9543734,human,not_applicable,high
pmid_9553963,other,not_applicable,high
pmid_9543739,human,not_applicable,high
pmid_9623125,human,not_applicable,high
pmid_9543740,human,not_applicable,high
pmid_9740980,human,not_applicable,medium
pmid_9748798,human,not_applicable,high
pmid_9757184,unclear,not_applicable,high
pmid_9844768,other,not_applicable,high
pmid_9857114,human,not_applicable,high
pmid_9865452,human,not_applicable,high
