doi,study_design,confidence
10.1001/amaguidesnewsletters.2002.janfeb02,other,high
10.1001/archfami.2.2.181,other,high
10.1001/amaguidesnewsletters.1998.mayjun03,other,high
10.1001/amajethics.2021.590,other,high
10.1001/amaguidesnewsletters.1999.novdec04,other,high
10.1001/amajethics.2021.519,other,high
10.1001/archinte.152.8.1604,observational,high
10.1001/archfami.8.6.495,observational,high
10.1001/amajethics.2021.537,other,high
10.1001/archinte.155.12.1332,other,low
10.1001/archgenpsychiatry.2008.508,observational,high
10.1001/archinte.153.5.661a,case_series,high
10.1001/archinte.157.11.1264,case_series,high
10.1001/archinte.159.18.2129,observational,high
10.1001/archinte.157.22.2663,other,high
10.1001/archinte.160.2.221,observational,high
10.1001/archinte.158.8.908,crossover,high
10.1001/archinte.159.20.2481,unclear,high
10.1001/archinte.160.22.3461,observational,high
10.1001/archinte.163.13.1530,observational,high
10.1001/archinte.164.10.1098,other,high
10.1001/archinte.164.4.401,observational,high
10.1001/archinte.1990.00390170140036,other,low
10.1001/archinte.1992.00400200042008,observational,high
10.1001/archinte.166.15.1649,observational,high
10.1001/archinte.164.20.2241,observational,high
10.1001/archinte.160.21.3270,observational,high
10.1001/archneur.1994.00540190089021,observational,high
10.1001/archpedi.158.3.225,observational,high
10.1001/archneur.1997.00550230045015,observational,high
10.1001/archpedi.162.12.1196,observational,medium
10.1001/archinte.163.15.1832,observational,high
10.1001/archneur.1993.00540030065016,observational,high
10.1001/archneur.1996.00550070080014,observational,high
10.1001/archpediatrics.2010.145,observational,high
10.1001/archpediatrics.2010.149,unclear,low
10.1001/archpediatrics.2011.124,observational,high
10.1001/archpediatrics.2010.157,observational,high
10.1001/archpsyc.63.11.1267,observational,high
10.1001/jama.1988.03720060014020,other,high
10.1001/jama.1989.03420050044020,other,high
10.1001/jama.1991.03460030063028,case_series,high
10.1001/jama.1989.03420090041019,observational,medium
10.1001/jama.1991.03460080032011,other,high
10.1001/jama.1993.03510100027010,other,high
10.1001/archpediatrics.2010.144,observational,high
10.1001/jama.1996.03530290029024,other,high
10.1001/jama.1997.03550060098046,other,high
10.1001/jama.1997.03550200085043,case_series,high
10.1001/jama.1992.03490070051036,other,high
10.1001/jama.2019.8312,other,high
10.1001/jama.2015.5760,other,high
10.1001/jama.2011.1576,other,low
10.1001/jama.2019.8890,unclear,low
10.1001/jama.2024.3603,unclear,low
10.1001/jama.2015.5731,unclear,high
10.1001/archpsyc.63.11.1258,observational,high
10.1001/jama.2015.1346,other,high
10.1001/jama.265.8.964,other,high
10.1001/jama.280.4.372,case_series,high
10.1001/jama.280.12.1061,rct,high
10.1001/jama.286.11.1360,other,high
10.1001/jama.268.7.873,other,high
10.1001/jama.280.3.264,other,high
10.1001/jama.285.1.52,rct,high
10.1001/jama.1996.03530290029023,other,high
10.1001/jama.286.11.1378,other,high
10.1001/jama.292.10.1195,rct,high
10.1001/jama.289.11.1385-a,unclear,high
10.1001/jama.292.10.1234,unclear,low
10.1001/jama.286.24.3078-a,other,high
10.1001/jamanetworkopen.2024.23555,observational,high
10.1001/jamaoto.2020.0530,case_series,high
10.1002/(sici)1097-4598(199605)19:5<621::aid-mus10>3.0.co;2-q,observational,high
10.1002/(sici)1096-9071(199609)50:1<25::aid-jmv6>3.0.co;2-v,observational,high
10.1002/(sici)1097-4679(199711)53:7<635::aid-jclp1>3.0.co;2-h,observational,high
10.1002/(sici)1099-1077(199605)11:3<161::aid-hup784>3.0.co;2-5,observational,high
10.1002/(sici)1099-1077(199901)14:1<7::aid-hup64>3.0.co;2-o,other,high
10.1001/jama.292.22.2723-a,unclear,high
10.1002/(sici)1097-4679(199904)55:4<411::aid-jclp6>3.0.co;2-n,case_series,high
10.1001/jamanetworkopen.2022.33454,observational,high
10.1002/14651858.cd001027.pub2,other,high
10.1002/14651858.cd001027,other,high
10.1001/jamapediatrics.2013.4647,rct,high
10.1002/14651858.cd003200.pub9,rct,high
10.1002/14651858.cd006348.pub2,other,high
10.1002/14651858.cd006348.pub3,other,high
10.1002/14651858.cd006348,other,high
10.1002/1520-6629(199310)21:4<339::aid-jcop2290210410>3.0.co;2-1,observational,medium
10.1002/14651858.cd011040.pub2,other,high
10.1002/1520-6629(199504)23:2<143::aid-jcop2290230205>3.0.co;2-7,other,high
10.1002/1097-4679(200012)56:12<1497::aid-2>3.0.co;2-z,observational,high
10.1002/9780470514382.ch11,other,high
10.1002/9780470514382.ch13,other,high
10.1002/9780470514382.ch14,other,high
10.1002/9780470514382.ch15,other,high
10.1002/9780470514382.ch16,other,high
10.1002/9780470514382.ch18,other,high
10.1002/9780470514382.ch17,non_randomized_trial,medium
10.1002/9780470514382.ch2,other,high
10.1002/9780470514382.ch3,observational,high
10.1002/9780470514382.ch4,case_series,medium
10.1002/9780470514382.ch10,observational,high
10.1002/9780470514382.ch5,case_series,high
10.1002/9780470514382.ch7,observational,high
10.1001/jama.2010.1421,,
10.1002/9780470514382.ch8,other,high
10.1002/9780470750902.ch7,other,low
10.1002/9780470514382.ch6,observational,high
10.1002/acn3.51631,observational,high
10.1002/9781118453940.ch24,unclear,low
10.1002/acr.25210,other,high
10.1002/9781118663721.ch36,other,medium
10.1002/acr.80090,observational,high
10.1002/advs.202302146,observational,high
10.1002/acr.22639,observational,high
10.1002/adsr.202300178,case_series,high
10.1002/ajcp.12181,other,high
10.1002/alz.089661,other,high
10.1001/jamapediatrics.2013.3337,,
10.1002/ana.22389,case_series,high
10.1002/art.1780330311,case_series,high
10.1002/art.1780380510,case_series,high
10.1002/art.20779,observational,high
10.1002/art.1780400215,case_series,high
10.1002/ana.22529,other,high
10.1002/art.22124,observational,high
10.1002/art.41405,observational,high
10.1002/biof.1293,rct,high
10.1002/brb3.2040,non_randomized_trial,high
10.1002/ar.24953,other,high
10.1002/brb3.71428,observational,high
10.1002/alz.085905,non_randomized_trial,high
10.1002/cbdv.202403506,other,high
10.1002/bap.17,case_series,high
10.1002/biof.1726,other,high
10.1002/ccr3.72725,case_series,high
10.1002/cbl.30019,observational,high
10.1002/ccr3.6930,case_series,high
10.1002/bmc.5379,other,high
10.1002/chin.199507342,unclear,low
10.1002/cdt3.74,other,high
10.1002/clc.20227,observational,high
10.1002/clc.20962,observational,high
10.1002/cph4.70056,other,high
10.1002/cpp.1827,non_randomized_trial,high
10.1002/cpp.1906,case_series,high
10.1002/cpp.2042,case_series,high
10.1002/brb3.71513,observational,high
10.1002/cpp.2051,observational,high
10.1002/cpp.2417,non_randomized_trial,high
10.1002/cpp.2367,observational,high
10.1002/cpp.757,case_series,high
10.1002/cph4.70098,other,high
10.1002/cpp.70075,other,high
10.1002/cpp.793,rct,high
10.1002/ctm2.70346,observational,high
10.1002/cyto.b.10034,observational,high
10.1002/ehf2.12633,observational,high
10.1002/ejp.1750,observational,high
10.1002/hbm.70505,observational,high
10.1002/cncr.27612,observational,high
10.1002/ejp.701,other,high
10.1002/hup.554,unclear,low
10.1002/hep.22643,observational,high
10.1002/iid3.263,observational,high
10.1002/fsn3.70424,other,high
10.1002/hup.805,observational,high
10.1002/glia.22687,other,high
10.1002/iub.572,other,high
10.1002/fsn3.71685,other,high
10.1002/ijc.2910420526,other,high
10.1002/j.1556-6676.1998.tb02391.x,case_series,high
10.1002/jcla.10079,case_series,high
10.1002/jcb.24883,other,high
10.1002/jcla.20217,observational,high
10.1002/jcla.1860040617,case_series,high
10.1002/j.1532-2149.2013.00429.x,observational,high
10.1002/jclp.1040,other,high
10.1002/jcla.20325,case_series,high
10.1002/jclp.20676,other,high
10.1002/jclp.20827,observational,high
10.1002/jclp.20744,observational,medium
10.1002/jclp.21880,observational,high
10.1002/jclp.20648,rct,high
10.1002/jclp.22593,observational,high
10.1002/jclp.22692,observational,high
10.1002/jcsm.12896,other,high
10.1002/jcop.21984,observational,high
10.1002/jem.35,observational,high
10.1002/jev2.12403,observational,high
10.1002/jcsm.13669,other,high
10.1002/jgh3.12724,observational,high
10.1002/jmri.26247,observational,high
10.1002/jmri.25283,observational,high
10.1002/jmv.1890190302,observational,high
10.1002/jclp.20551,case_series,high
10.1002/jmv.1890330303,case_series,medium
10.1002/jmv.1890340209,observational,high
10.1002/jmv.10531,case_series,high
10.1002/jmv.1890420109,observational,high
10.1002/jmv.21873,observational,high
10.1002/jmv.23713,rct,high
10.1002/jmv.1890460404,observational,high
10.1002/jmv.24810,observational,high
10.1002/jmv.23411,case_series,high
10.1002/jmv.70769,observational,high
10.1002/jmv.28993,observational,high
10.1002/jmv.25744,observational,high
10.1002/jnr.25048,observational,high
10.1002/jnr.25392,observational,high
10.1002/jnr.25223,observational,high
10.1002/mbo3.70333,observational,high
10.1002/mnfr.200700075,other,high
10.1002/mus.20055,observational,high
10.1002/nbm.1512,observational,high
10.1002/nbm.3261,observational,high
10.1002/nbm.2772,observational,high
10.1002/nep3.70007,other,high
10.1002/nop2.70212,observational,high
10.1002/nbm.1692,observational,high
10.1002/nop2.70391,case_series,high
10.1002/nbm.3757,observational,high
10.1002/nbm.1315,observational,high
10.1002/oti.19,other,high
10.1002/oti.88,other,medium
10.1002/pcn5.70222,case_series,high
10.1002/pcn5.70111,case_series,high
10.1002/phy2.152,observational,high
10.1002/psb.1741,other,high
10.1002/pnp.109,other,medium
10.1002/pnp.698,other,high
10.1002/pmrj.12867,other,high
10.1002/rmv.70070,other,high
10.1002/rmv.2315,other,high
10.1002/sim.6579,observational,high
10.1002/smi.1233,observational,medium
10.1002/smi.1185,observational,high
10.1002/rmv.673,other,high
10.1002/sscp.70137,other,high
10.1002/tsm2.133,non_randomized_trial,medium
10.1006/bmme.1996.0012,observational,high
10.1006/bmme.1996.0036,observational,high
10.1006/clin.1996.4284,rct,high
10.1006/clin.1997.4512,case_series,high
10.1002/tre.776,other,high
10.1006/mcpr.1998.0186,case_series,high
10.1006/rtph.1996.0089,observational,high
10.1006/nimg.2002.1260,observational,high
10.1007/7854_2024_502,other,high
10.1006/clin.1998.4554,case_series,high
10.1007/7854_2022_368,other,high
10.1007/0-306-46835-2_21,unclear,high
10.1002/ptr.3499,other,high
10.1007/978-1-0716-4498-0_11,other,high
10.1007/978-1-0716-4498-0_10,other,medium
10.1007/978-1-0716-4498-0_12,case_series,medium
10.1007/978-1-0716-4498-0_13,non_randomized_trial,medium
10.1007/978-1-0716-4498-0_16,observational,high
10.1007/978-1-0716-4498-0_4,case_series,medium
10.1007/978-1-0716-4498-0_1,other,high
10.1007/978-1-0716-4498-0_5,observational,medium
10.1007/978-1-0716-4498-0_14,case_series,high
10.1007/978-1-0716-4498-0_2,case_series,high
10.1007/978-1-0716-4498-0_7,observational,high
10.1007/978-1-0716-4498-0_9,other,high
10.1007/978-1-0716-4498-0_15,other,high
10.1007/978-1-4612-4508-7_36,other,high
10.1007/978-1-4612-4508-7_61,case_series,high
10.1007/978-1-4612-4508-7_62,case_series,medium
10.1007/978-1-4612-4508-7_60,other,low
10.1006/exmp.1999.2248,case_series,high
10.1007/978-1-4612-4508-7_68,case_series,medium
10.1007/978-1-4899-1016-5_38,case_series,medium
10.1007/978-1-0716-4498-0_8,other,high
10.1007/978-1-4612-4508-7_64,other,high
10.1007/978-1-60327-343-5_8,other,high
10.1007/978-1-60327-343-5_25,other,high
10.1007/978-1-0716-4498-0_6,other,high
10.1007/978-1-4615-4709-9_90,observational,medium
10.1007/978-1-60327-571-2_21,other,low
10.1007/978-1-61779-803-0_29,other,low
10.1007/978-3-031-55529-9_20,other,high
10.1007/978-3-642-86812-2_34,other,medium
10.1007/bf00867358,case_series,high
10.1007/bf00226856,non_randomized_trial,high
10.1007/bf00920633,case_series,high
10.1007/978-1-59745-008-9_23,other,high
10.1007/bf01324655,other,high
10.1007/978-4-431-73464-2_9,unclear,high
10.1007/bf01776488,case_series,medium
10.1007/bf01541666,observational,high
10.1007/bf01826195,observational,high
10.1007/bf01796268,other,high
10.1007/bf01977671,case_series,high
10.1007/bf01875419,other,high
10.1007/bf02091794,case_series,high
10.1007/bf02207934,case_series,high
10.1007/bf02267720,observational,high
10.1007/bf02267980,non_randomized_trial,high
10.1007/bf02195983,other,high
10.1007/bf02318380,observational,high
10.1007/bf02267785,observational,high
10.1007/bf02556297,case_series,high
10.1007/bf02246661,non_randomized_trial,high
10.1007/bf02556303,observational,high
10.1007/bf02274883,case_series,high
10.1007/bf02506968,observational,high
10.1007/bf02628661,other,high
10.1007/bf02597420,observational,high
10.1007/bf02629522,observational,high
10.1007/bf02628662,case_series,high
10.1007/bf02628664,non_randomized_trial,high
10.1007/bf02688676,case_series,high
10.1007/bf02628663,non_randomized_trial,medium
10.1007/bf02691201,other,high
10.1007/bf03257157,observational,high
10.1007/bf02884843,other,high
10.1007/bf03040485,observational,high
10.1007/bf03043262,other,high
10.1007/bf03041320,case_series,high
10.1007/bf03003071,observational,high
10.1007/bf02688668,other,high
10.1007/s00018-022-04380-5,other,high
10.1007/s00018-018-2925-6,other,high
10.1007/s00052-023-00083-7,other,high
10.1007/s00011-025-02158-6,other,high
10.1007/s00103-017-2546-5,other,high
10.1007/s00109-004-0586-4,case_series,high
10.1007/s001060050275,observational,high
10.1007/s00066-026-02553-w,case_series,high
10.1007/s00112-021-01408-1,other,high
10.1007/s00108-022-01369-x,other,high
10.1007/s00112-025-02222-9,other,high
10.1007/s00115-011-3446-9,other,high
10.1007/s00112-025-02293-8,case_series,high
10.1007/s00115-022-01431-x,other,high
10.1007/s001270050266,observational,high
10.1007/s001150050045,other,high
10.1007/s00115-026-01944-9,other,high
10.1007/s00213-002-1129-8,non_randomized_trial,high
10.1007/s00213-021-05986-6,observational,high
10.1007/s00296-003-0355-7,case_series,medium
10.1007/s00296-009-1122-1,observational,high
10.1007/s00221-018-5301-8,observational,high
10.1007/s00380-009-1206-6,observational,high
10.1007/s00380-014-0510-y,observational,high
10.1007/s00210-026-05263-3,other,high
10.1007/s00393-011-0825-3,other,medium
10.1007/s00221-010-2296-1,observational,high
10.1007/s00296-014-3065-4,case_series,high
10.1007/s00380-015-0744-3,observational,high
10.1007/s00404-008-0795-0,case_series,high
10.1007/s003930050239,other,high
10.1007/s00417-013-2431-3,observational,high
10.1007/s00394-024-03546-0,rct,high
10.1007/s00406-023-01661-3,observational,high
10.1007/s00421-007-0634-1,observational,medium
10.1007/s00421-014-2910-1,observational,high
10.1007/s00429-023-02682-3,observational,high
10.1007/s00421-025-05759-5,rct,high
10.1007/s00421-018-3913-0,non_randomized_trial,high
10.1007/s00431-015-2626-1,observational,high
10.1007/s00421-010-1670-9,observational,high
10.1007/s00431-023-05351-z,case_series,high
10.1007/s00431-024-05458-x,rct,high
10.1007/s00431-026-06995-3,observational,high
10.1007/s00431-026-07125-9,case_series,high
10.1007/s00482-023-00761-2,other,medium
10.1007/s00431-013-2058-8,other,high
10.1007/s00482-026-00937-6,case_series,medium
10.1007/s00482-021-00535-8,other,high
10.1007/s00739-026-01152-9,other,high
10.1007/s00608-022-00989-8,case_series,high
10.1007/s00508-024-02372-y,other,high
10.1007/s00761-022-01102-1,other,high
10.1007/s00787-005-0493-4,observational,high
10.1007/s00787-005-0477-4,observational,high
10.1007/s00787-009-0029-4,observational,high
10.1007/s00787-021-01734-5,observational,medium
10.1007/s10067-005-1154-1,observational,high
10.1007/s007870050114,observational,high
10.1007/s00787-020-01646-w,observational,high
10.1007/s10067-006-0433-9,other,high
10.1007/s10067-010-1677-y,rct,high
10.1007/s10067-011-1702-9,observational,high
10.1007/s10067-012-1946-z,observational,high
10.1007/s10067-018-4009-2,other,high
10.1007/s10067-014-2793-x,observational,high
10.1007/s10067-013-2308-1,observational,high
10.1007/s10067-020-05528-z,other,high
10.1007/s10067-019-04447-y,case_series,high
10.1007/s10067-023-06743-0,other,high
10.1007/s10072-021-05786-y,observational,high
10.1007/s10067-009-1339-0,observational,high
10.1007/s10096-003-1062-8,rct,high
10.1007/s10096-013-1996-4,observational,high
10.1007/s10067-011-1772-8,observational,high
10.1007/s10165-010-0380-9,other,high
10.1007/s100960050420,case_series,high
10.1007/s10096-014-2095-x,observational,high
10.1007/s10165-004-0332-3,case_series,high
10.1007/s10286-008-0487-7,other,high
10.1007/s10286-002-0044-8,case_series,high
10.1007/s10286-025-01172-2,other,high
10.1007/s10354-026-01155-6,other,high
10.1007/s10354-025-01113-8,other,high
10.1007/s10464-011-9457-7,other,high
10.1007/s10566-019-09543-3,observational,high
10.1007/s10286-002-0014-1,observational,high
10.1007/s10484-022-09573-z,observational,high
10.1007/s10578-009-0147-8,case_series,high
10.1007/s10484-016-9331-3,observational,high
10.1007/s10865-008-9189-9,observational,high
10.1007/s10865-004-0004-y,observational,high
10.1007/s10865-009-9234-3,observational,high
10.1007/s10865-016-9720-3,observational,high
10.1007/s10912-016-9390-8,other,high
10.1007/s10865-019-00010-x,observational,high
10.1007/s11011-012-9324-8,other,high
10.1007/s10880-025-10074-4,observational,high
10.1007/s11011-013-9435-x,other,high
10.1007/s11011-012-9316-8,observational,high
10.1007/s11011-019-0388-6,other,high
10.1007/s11019-008-9126-2,other,high
10.1007/s11019-013-9501-5,other,high
10.1007/s10974-008-9128-y,other,high
10.1007/s11055-023-01364-1,other,medium
10.1007/s11019-020-09945-4,other,high
10.1007/s11101-022-09838-9,other,high
10.1007/s11065-005-3588-2,other,high
10.1007/s11136-004-1693-y,observational,high
10.1007/s11136-011-0048-8,observational,high
10.1007/s11064-008-9620-1,other,high
10.1007/s11136-014-0737-1,other,high
10.1007/s11136-015-1160-y,observational,high
10.1007/s11136-014-0819-0,other,high
10.1007/s11136-014-0705-9,other,high
10.1007/s11136-016-1406-3,observational,high
10.1007/s11136-011-9921-8,observational,high
10.1007/s11136-019-02289-4,observational,high
10.1007/s11136-019-02399-z,case_series,high
10.1007/s11055-010-9250-3,other,high
10.1007/s11136-019-02411-6,observational,high
10.1007/s11136-021-02919-w,observational,high
10.1007/s11136-022-03199-8,observational,high
10.1007/s11136-024-03794-x,observational,high
10.1007/s11136-024-03710-3,observational,high
10.1007/s11154-025-09996-z,other,high
10.1007/s11136-023-03498-8,observational,high
10.1007/s11306-017-1264-1,non_randomized_trial,high
10.1007/s11306-019-1620-4,observational,high
10.1007/s11325-025-03512-y,observational,high
10.1007/s11553-023-01070-3,observational,high
10.1007/s11553-023-01098-5,observational,high
10.1007/s11606-007-0140-5,observational,high
10.1007/s11606-024-09290-9,observational,high
10.1007/s11325-009-0305-z,observational,high
10.1007/s11655-020-3195-3,other,high
10.1007/s11673-018-9866-5,other,high
10.1007/s11136-024-03854-2,observational,high
10.1007/s11682-018-0029-4,observational,high
10.1007/s11682-019-00119-2,observational,high
10.1007/s11682-018-9897-x,observational,high
10.1007/s11596-010-0225-y,other,high
10.1007/s11916-000-0050-2,observational,medium
10.1007/s11845-010-0585-0,observational,high
10.1007/s11916-003-0031-3,case_series,medium
10.1007/s11920-010-0105-y,other,high
10.1007/s11920-013-0353-8,other,high
10.1007/s11916-003-0033-1,other,high
10.1007/s11926-001-0006-5,other,high
10.1007/s11926-012-0277-z,other,high
10.1007/s11926-006-0036-0,other,high
10.1007/s11926-007-0078-y,other,high
10.1007/s11926-016-0577-9,other,high
10.1007/s11926-008-0079-5,case_series,high
10.1007/s11926-017-0628-x,other,high
10.1007/s11926-019-0804-2,other,high
10.1007/s11926-019-0823-z,other,high
10.1007/s12016-020-08824-3,other,high
10.1007/s12018-026-09326-0,observational,high
10.1007/s12026-010-8165-y,other,high
10.1007/s12026-014-8604-2,case_series,high
10.1007/s12026-013-8413-z,unclear,medium
10.1007/s12026-018-9036-1,case_series,high
10.1007/s12017-010-8138-2,observational,high
10.1007/s11882-010-0106-2,other,high
10.1007/s12035-013-8477-8,other,high
10.1007/s12035-013-8553-0,other,high
10.1007/s12035-014-8705-x,other,high
10.1007/s12035-015-9262-7,other,high
10.1007/s12031-021-01845-3,other,high
10.1007/s12035-015-9090-9,other,high
10.1007/s12035-016-0170-2,other,high
10.1007/s12035-015-9392-y,other,high
10.1007/s12035-016-9975-2,other,high
10.1007/s12035-017-0598-z,other,high
10.1007/s12035-016-0334-0,case_series,high
10.1007/s12035-020-01939-w,other,high
10.1007/s12035-019-1549-7,case_series,high
10.1007/s12035-018-0928-9,other,high
10.1007/s12035-018-1354-8,observational,high
10.1007/s12035-023-03784-z,observational,high
10.1007/s12098-011-0463-4,observational,high
10.1007/s12471-016-0885-8,observational,high
10.1007/s12160-012-9381-6,rct,high
10.1007/s12192-012-0352-4,other,medium
10.1007/s12529-012-9253-2,observational,high
10.1007/s12160-012-9463-5,observational,high
10.1007/s12529-012-9273-y,observational,high
10.1007/s12529-017-9679-7,other,high
10.1007/s12529-012-9265-y,observational,high
10.1007/s12529-022-10111-8,rct,high
10.1007/s12529-018-9732-1,observational,high
10.1007/s12602-018-9397-8,other,high
10.1007/s12529-023-10254-2,other,high
10.1007/s12671-018-0945-9,observational,high
10.1007/s12272-013-0235-y,other,high
10.1007/s13142-013-0229-9,other,high
10.1007/s12529-017-9682-z,observational,high
10.1007/s13365-021-00949-1,observational,high
10.1007/s13365-021-01002-x,observational,high
10.1007/s12640-020-00231-y,other,high
10.1007/s13317-013-0051-x,other,high
10.1007/s15006-023-2894-z,observational,high
10.1007/s40124-022-00261-4,other,high
10.1007/s15010-024-02386-8,other,high
10.1007/s40258-025-01006-2,other,high
10.1007/s40264-016-0456-3,observational,high
10.1007/s40264-017-0593-3,case_series,high
10.1007/s40258-021-00635-7,other,high
10.1007/s40271-016-0171-2,observational,high
10.1007/s40271-021-00540-0,observational,high
10.1007/s40618-024-02334-1,observational,high
10.1007/s43657-022-00060-3,other,high
10.1007/s42087-020-00123-9,case_series,high
10.1007/s43440-025-00808-4,crossover,high
10.1007/s41669-018-0071-6,observational,high
10.1007/s44180-025-00227-0,other,high
10.1007/s44217-024-00282-9,observational,high
10.1007/s44470-026-00079-7,case_series,high
10.1016/0002-9343(92)90265-d,case_series,high
10.1016/0002-9343(90)90173-b,rct,high
10.1016/0002-9343(90)90172-a,rct,high
10.1016/0002-9343(91)90150-v,observational,high
10.1016/0002-9343(93)90183-p,rct,high
10.1016/0003-9993(94)90088-4,observational,high
10.1016/0002-9343(93)90310-l,observational,high
10.1016/0005-7967(94)00077-w,case_series,high
10.1016/0006-3223(92)90087-g,non_randomized_trial,high
10.1016/0006-3223(92)90187-5,case_series,high
10.1016/0006-3223(93)90100-r,observational,high
10.1016/0006-3223(94)00121-i,observational,high
10.1016/0002-9343(94)90095-7,other,high
10.1016/0006-3223(95)00131-x,non_randomized_trial,medium
10.1016/0014-5793(95)01439-x,case_series,high
10.1016/0006-3223(95)00422-x,observational,high
10.1016/0022-3956(94)90033-7,observational,high
10.1016/0022-3956(95)00040-2,observational,high
10.1016/0022-3999(94)00071-c,observational,high
10.1016/0022-3999(89)90103-7,case_series,high
10.1016/0022-3999(92)90089-k,observational,high
10.1016/0022-3999(90)90111-g,observational,high
10.1016/0022-3999(94)00125-o,observational,high
10.1016/0022-3999(94)90007-8,case_series,high
10.1016/0022-3999(94)90099-x,observational,high
10.1016/0022-3999(94)90082-5,observational,high
10.1016/0022-3999(95)00008-9,observational,high
10.1016/0022-3999(96)00036-0,observational,high
10.1016/0022-3999(95)00543-9,case_series,high
10.1016/0022-3999(96)00131-6,other,medium
10.1016/0022-510x(93)90276-5,observational,high
10.1016/0022-510x(95)00108-e,observational,high
10.1016/0091-6749(88)90933-5,case_series,medium
10.1016/0140-6736(91)91440-6,observational,high
10.1016/0140-6736(91)91371-z,rct,high
10.1016/0163-4453(91)92864-2,case_series,high
10.1016/0163-4453(92)92772-b,case_series,high
10.1016/0163-8343(94)90018-3,case_series,high
10.1016/0166-0934(88)90047-x,observational,medium
10.1016/0166-0934(96)02075-7,other,high
10.1016/0165-0327(96)00015-8,observational,high
10.1016/0166-0934(88)90050-x,case_series,medium
10.1016/0090-1229(92)90194-s,other,high
10.1016/0192-0561(95)00054-6,other,high
10.1016/0192-0561(95)00056-8,observational,high
10.1016/0277-9536(95)00124-p,observational,high
10.1016/0277-9536(93)90268-9,observational,high
10.1016/0277-9536(96)00108-6,other,high
10.1016/0306-9877(85)90053-2,case_series,low
10.1016/0304-3940(96)12559-3,case_series,high
10.1016/0306-9877(88)90146-6,case_series,medium
10.1016/0306-9877(90)90125-x,other,high
10.1016/0165-0327(95)00026-j,observational,high
10.1016/0306-9877(93)90197-x,other,high
10.1016/0306-9877(92)90184-e,case_series,high
10.1016/0306-9877(94)90046-9,case_series,high
10.1016/0306-9877(94)90049-3,other,high
10.1016/0278-5846(96)00057-7,other,high
10.1016/0306-9877(94)90097-3,other,high
10.1016/0306-9877(95)90263-5,other,high
10.1016/0306-9877(95)90515-4,other,high
10.1016/0928-0197(95)00020-9,case_series,high
10.1016/0887-2333(94)90233-x,case_series,high
10.1016/1043-4666(91)90497-2,case_series,high
10.1016/0924-9338(96)88851-1,unclear,low
10.1016/0960-5428(94)00048-s,unclear,high
10.1016/b978-0-12-801401-1.00005-0,other,high
10.1016/b978-0-443-29884-4.00007-8,other,high
10.1016/bs.irn.2019.08.002,rct,high
10.1016/j.acn.2006.07.002,other,high
10.1016/j.ajmo.2024.100085,observational,high
10.1016/j.ajp.2010.12.001,observational,high
10.1016/j.ajp.2016.06.003,other,high
10.1016/0165-0327(96)00075-4,observational,medium
10.1016/j.aap.2009.12.004,other,high
10.1016/j.amjcard.2006.10.067,observational,high
10.1016/j.amjmed.2005.06.013,observational,high
10.1016/j.amjmed.2005.07.047,crossover,high
10.1016/j.aca.2021.338678,other,high
10.1016/j.amjmed.2015.04.041,other,high
10.1016/j.amjmed.2021.10.040,observational,high
10.1016/j.amjmed.2023.09.013,observational,high
10.1016/j.amjmed.2023.06.028,case_series,high
10.1016/j.amjmed.2023.12.006,observational,high
10.1016/j.amjmed.2024.02.003,case_series,high
10.1016/j.ailsci.2025.100125,other,medium
10.1016/j.amjmed.2024.04.007,observational,high
10.1016/j.amjmed.2024.04.041,observational,high
10.1016/j.anaerobe.2013.06.002,observational,high
10.1016/j.amjmed.2024.05.020,case_series,high
10.1016/j.annepidem.2003.10.004,observational,high
10.1016/j.anai.2013.09.017,other,high
10.1016/j.annepidem.2013.04.003,other,high
10.1016/j.amjmed.2025.02.008,case_series,high
10.1016/j.annepidem.2010.12.003,observational,high
10.1016/j.anai.2023.10.032,other,high
10.1016/j.annrmp.2006.03.011,other,high
10.1016/j.apmr.2003.12.033,observational,high
10.1016/j.apmr.2010.04.020,rct,high
10.1016/j.apmr.2011.06.023,case_series,high
10.1016/j.apmr.2022.01.008,other,high
10.1016/j.annrmp.2007.03.021,other,high
10.1016/j.archger.2007.03.012,non_randomized_trial,high
10.1016/j.apunsm.2022.100379,observational,high
10.1016/j.ard.2025.05.351,crossover,high
10.1016/j.aprim.2019.04.004,other,high
10.1016/j.arcmed.2006.06.008,observational,high
10.1016/j.autneu.2004.05.001,observational,high
10.1016/j.autneu.2024.103156,other,high
10.1016/j.arcmed.2006.10.009,observational,high
10.1016/j.autneu.2024.103198,other,high
10.1016/j.autneu.2013.02.015,observational,high
10.1016/j.autrev.2008.07.026,case_series,high
10.1016/j.autneu.2025.103358,observational,high
10.1016/j.autneu.2007.08.002,observational,high
10.1016/j.autrev.2019.05.006,other,high
10.1016/j.autrev.2008.08.003,other,high
10.1016/j.autrev.2022.103129,other,high
10.1016/j.autrev.2016.02.011,other,high
10.1016/j.autrev.2020.102527,other,high
10.1016/j.autrev.2018.01.009,other,high
10.1016/j.autrev.2022.103230,other,high
10.1016/j.autrev.2023.103484,observational,high
10.1016/j.autrev.2024.103606,other,high
10.1016/j.autrev.2022.103231,unclear,high
10.1016/j.autrev.2025.103855,other,high
10.1016/j.autrev.2026.104043,other,high
10.1016/j.bbi.2003.12.011,observational,high
10.1016/j.bbi.2004.09.001,other,high
10.1016/j.bbi.2008.11.005,observational,high
10.1016/j.bbi.2010.04.012,observational,high
10.1016/j.bbi.2011.04.007,case_series,high
10.1016/j.bbi.2012.01.014,other,high
10.1016/j.bbi.2011.04.015,observational,high
10.1016/j.bbi.2007.04.007,observational,high
10.1016/j.bbi.2012.06.002,observational,high
10.1016/j.bbi.2012.06.006,other,high
10.1016/j.bbi.2011.01.010,other,high
10.1016/j.bbi.2012.02.008,observational,high
10.1016/j.bbi.2011.06.016,other,high
10.1016/j.bbi.2012.08.009,other,high
10.1016/j.bbi.2014.12.025,observational,high
10.1016/j.autrev.2023.103452,other,high
10.1016/j.bbi.2015.09.013,observational,high
10.1016/j.bbi.2017.01.007,other,high
10.1016/j.bbi.2012.11.007,observational,high
10.1016/j.bbi.2017.02.009,observational,high
10.1016/j.bbi.2018.09.023,observational,high
10.1016/j.bbi.2019.04.040,observational,high
10.1016/j.bbi.2018.11.008,observational,high
10.1016/j.bbi.2019.06.010,observational,high
10.1016/j.bbi.2021.08.219,observational,high
10.1016/j.bbi.2022.03.010,observational,high
10.1016/j.bbi.2021.03.023,observational,high
10.1016/j.bbi.2024.10.006,other,high
10.1016/j.bbih.2019.100028,observational,high
10.1016/j.bbi.2026.106837,observational,high
10.1016/j.bbi.2025.106098,observational,high
10.1016/j.bbi.2019.11.015,case_series,high
10.1016/j.bbi.2024.11.032,observational,high
10.1016/j.bbi.2015.07.004,observational,high
10.1016/j.bbih.2020.100047,other,high
10.1016/j.bbih.2020.100067,observational,high
10.1016/j.bbih.2022.100412,other,high
10.1016/j.bbih.2020.100107,observational,high
10.1016/j.bbih.2023.100627,observational,high
10.1016/j.bbih.2026.101187,case_series,high
10.1016/j.bbih.2025.101124,observational,high
10.1016/j.bbih.2025.101058,observational,high
10.1016/j.bbih.2023.100720,case_series,high
10.1016/j.bbii.2023.100022,other,high
10.1016/j.bbih.2026.101222,observational,high
10.1016/j.bbr.2024.114868,other,high
10.1016/j.bbr.2019.111975,other,high
10.1016/j.bbrc.2006.05.074,other,high
10.1016/j.bbrc.2008.08.135,observational,high
10.1016/j.bbrc.2003.09.207,case_series,high
10.1016/j.bbrc.2016.07.010,observational,medium
10.1016/j.bbrep.2026.102679,observational,high
10.1016/j.biopha.2018.10.076,other,high
10.1016/j.bbr.2009.07.020,other,high
10.1016/j.beth.2022.01.004,non_randomized_trial,high
10.1016/j.berh.2004.02.004,other,high
10.1016/j.biopha.2023.115723,rct,high
10.1016/j.biopsych.2004.10.031,observational,high
10.1016/j.biopsych.2016.07.016,observational,high
10.1016/j.biopsych.2026.01.004,observational,high
10.1016/j.biopsycho.2009.05.002,other,high
10.1016/j.biopsycho.2006.01.003,observational,high
10.1016/j.biopsycho.2004.03.015,observational,high
10.1016/j.bbr.2009.04.005,other,high
10.1016/j.biopsych.2013.05.001,other,high
10.1016/j.biosystems.2017.12.010,observational,high
10.1016/j.blre.2023.101075,other,high
10.1016/j.biopha.2023.114862,other,high
10.1016/j.biopsycho.2011.02.002,other,high
10.1016/j.biopsycho.2016.05.005,observational,high
10.1016/j.biopsycho.2018.05.016,observational,high
10.1016/j.bpsc.2018.01.015,observational,high
10.1016/j.braindev.2003.10.004,case_series,high
10.1016/j.braindev.2007.10.004,observational,high
10.1016/j.bpc.2015.03.009,other,high
10.1016/j.braindev.2010.12.009,non_randomized_trial,high
10.1016/j.brainresbull.2025.111671,observational,high
10.1016/j.brat.2006.08.019,observational,high
10.1016/j.brat.2007.03.002,non_randomized_trial,medium
10.1016/j.brainresbull.2023.110702,other,high
10.1016/j.biopsycho.2013.06.002,observational,high
10.1016/j.brat.2007.07.003,non_randomized_trial,high
10.1016/j.brainresbull.2011.06.007,other,high
10.1016/j.brat.2012.02.014,non_randomized_trial,high
10.1016/j.brat.2011.09.004,non_randomized_trial,high
10.1016/j.brat.2012.03.002,observational,high
10.1016/j.brat.2012.08.005,rct,high
10.1016/j.brainresbull.2016.09.015,other,high
10.1016/j.brat.2013.02.001,observational,high
10.1016/j.brat.2022.104243,non_randomized_trial,high
10.1016/j.brci.2025.100019,other,high
10.1016/j.brat.2013.10.005,observational,high
10.1016/j.brat.2014.08.013,non_randomized_trial,high
10.1016/j.brat.2025.104917,non_randomized_trial,low
10.1016/j.cca.2006.07.004,observational,high
10.1016/j.cca.2008.12.020,observational,high
10.1016/j.cca.2012.05.004,observational,high
10.1016/j.cca.2012.06.022,case_series,high
10.1016/j.cca.2009.02.010,observational,high
10.1016/j.cdtm.2020.11.002,other,high
10.1016/j.cdtm.2019.05.003,observational,high
10.1016/j.carbpol.2014.12.082,non_randomized_trial,high
10.1016/j.cccn.2005.05.036,observational,high
10.1016/j.cccn.2005.05.023,observational,high
10.1016/j.cca.2012.09.021,observational,high
10.1016/j.cccn.2005.04.029,observational,high
10.1016/j.chest.2023.03.049,other,high
10.1016/j.chom.2011.04.001,other,high
10.1016/j.chom.2023.01.001,observational,high
10.1016/j.chom.2023.01.011,observational,high
10.1016/j.chest.2022.04.146,rct,high
10.1016/j.clim.2022.109133,other,high
10.1016/j.chom.2023.01.004,observational,high
10.1016/j.cjca.2023.04.003,other,high
10.1016/j.clim.2020.108384,other,high
10.1016/j.clinbiomech.2016.07.008,observational,high
10.1016/j.clinbiomech.2020.01.003,observational,high
10.1016/j.clineuro.2010.12.002,observational,high
10.1016/j.clinph.2020.11.043,observational,high
10.1016/j.clinbiomech.2023.106055,observational,high
10.1016/j.clinph.2024.04.019,other,high
10.1016/j.clinph.2004.05.012,observational,high
10.1016/j.clinph.2004.06.007,observational,high
10.1016/j.clinthera.2016.04.038,other,high
10.1016/j.clinph.2014.12.016,observational,high
10.1016/j.clinthera.2018.10.019,non_randomized_trial,high
10.1016/j.clinthera.2019.02.010,observational,high
10.1016/j.clinthera.2018.12.016,other,high
10.1016/j.clinthera.2019.01.011,observational,high
10.1016/j.clinthera.2018.12.012,observational,high
10.1016/j.clinthera.2019.02.011,other,high
10.1016/j.clinthera.2019.03.002,observational,high
10.1016/j.clinthera.2019.02.014,case_series,high
10.1016/j.clinthera.2019.02.012,other,high
10.1016/j.clinthera.2019.04.001,observational,high
10.1016/j.clinthera.2019.04.009,other,high
10.1016/j.clnu.2015.07.010,rct,high
10.1016/j.clinthera.2024.05.010,case_series,high
10.1016/j.clinthera.2023.09.007,observational,high
10.1016/j.clinthera.2023.12.011,observational,high
10.1016/j.cnp.2020.01.003,observational,high
10.1016/j.cnp.2021.09.001,observational,high
10.1016/j.coi.2023.102305,other,high
10.1016/j.compbiomed.2015.06.005,other,high
10.1016/j.compbiolchem.2026.108995,observational,high
10.1016/j.chest.2021.01.082,observational,high
10.1016/j.comppsych.2009.02.002,observational,high
10.1016/j.comppsych.2013.04.015,observational,high
10.1016/j.comppsych.2016.02.002,non_randomized_trial,high
10.1016/j.comppsych.2016.02.006,observational,high
10.1016/j.comppsych.2017.07.006,observational,high
10.1016/j.coviro.2012.06.009,other,high
10.1016/j.coviro.2024.101437,other,high
10.1016/j.cpcardiol.2024.102554,other,high
10.1016/j.comppsych.2015.06.010,observational,high
10.1016/j.compbiomed.2025.110632,other,high
10.1016/j.cpr.2007.07.002,other,high
10.1016/j.cryobiol.2023.05.003,case_series,high
10.1016/j.cpr.2014.02.002,other,high
10.1016/j.cpr.2007.10.004,other,high
10.1016/j.cpr.2007.01.010,other,high
10.1016/j.csbj.2023.08.002,other,high
10.1016/j.ctim.2014.06.004,other,high
10.1016/j.ctcp.2020.101210,rct,high
10.1016/j.ctim.2025.103184,rct,high
10.1016/j.ctim.2026.103353,rct,high
10.1016/j.eclinm.2020.100392,observational,high
10.1016/j.cyto.2014.11.019,observational,high
10.1016/j.eclinm.2025.103073,other,high
10.1016/j.eclinm.2023.102146,observational,high
10.1016/j.diagmicrobio.2011.06.003,case_series,high
10.1016/j.cyto.2015.11.018,observational,high
10.1016/j.ejim.2007.08.003,observational,high
10.1016/j.dscb.2026.100318,other,high
10.1016/j.ejpain.2006.06.005,other,high
10.1016/j.ejpain.2006.02.001,observational,high
10.1016/j.ejpn.2018.10.006,observational,high
10.1016/j.endinu.2018.07.009,observational,high
10.1016/j.ensci.2025.100557,non_randomized_trial,medium
10.1016/j.eujim.2025.102550,other,high
10.1016/j.envres.2026.123874,non_randomized_trial,high
10.1016/j.ensci.2024.100537,case_series,high
10.1016/j.eprac.2025.12.020,case_series,high
10.1016/j.euroneuro.2010.10.008,non_randomized_trial,high
10.1016/j.euroneuro.2014.02.010,non_randomized_trial,high
10.1016/j.eurpsy.2017.01.1532,observational,high
10.1016/j.eujim.2025.102556,other,high
10.1016/j.eurpsy.2017.01.2245,observational,high
10.1016/j.freeradbiomed.2005.04.020,observational,high
10.1016/j.explore.2025.103231,non_randomized_trial,medium
10.1016/j.explore.2026.103374,case_series,high
10.1016/j.genhosppsych.2005.12.001,observational,high
10.1016/j.genhosppsych.2026.05.015,observational,high
10.1016/j.gaitpost.2009.09.002,observational,high
10.1016/j.gene.2023.147568,observational,high
10.1016/j.genhosppsych.2024.07.013,observational,high
10.1016/j.heliyon.2023.e15595,case_series,high
10.1016/j.heliyon.2023.e18250,observational,high
10.1016/j.heliyon.2023.e19605,observational,high
10.1016/j.heliyon.2025.e43478,other,high
10.1016/j.heliyon.2024.e27031,observational,high
10.1016/j.exger.2025.112860,other,high
10.1016/j.heliyon.2025.e43903,observational,high
10.1016/j.homp.2006.11.013,case_series,high
10.1016/j.homp.2008.06.005,case_series,high
10.1016/j.humic.2018.05.003,observational,high
10.1016/j.heliyon.2021.e08501,other,high
10.1016/j.humic.2019.100061,non_randomized_trial,high
10.1016/j.humimm.2015.09.028,case_series,high
10.1016/j.humimm.2015.06.014,case_series,high
10.1016/j.ibneur.2023.04.005,observational,high
10.1016/j.ibneur.2023.10.008,non_randomized_trial,high
10.1016/j.heliyon.2021.e07665,observational,high
10.1016/j.idc.2011.07.012,other,high
10.1016/j.ijbiomac.2024.133968,non_randomized_trial,medium
10.1016/j.ijchp.2019.11.003,case_series,high
10.1016/j.ijchp.2023.100420,observational,high
10.1016/j.ijcard.2008.04.051,observational,high
10.1016/j.ijchy.2020.100032,observational,high
10.1016/j.ijpsycho.2004.03.004,observational,high
10.1016/j.ijpsycho.2021.10.004,observational,high
10.1016/j.ijnurstu.2006.01.003,observational,high
10.1016/j.ijpsycho.2017.09.009,observational,high
10.1016/j.ijbiomac.2016.08.042,other,high
10.1016/j.imr.2024.101085,rct,high
10.1016/j.imr.2013.01.002,case_series,high
10.1016/j.imr.2019.04.005,other,medium
10.1016/j.invent.2018.12.003,other,high
10.1016/j.imr.2020.100664,rct,high
10.1016/j.isci.2025.114316,observational,high
10.1016/j.invent.2019.100290,other,high
10.1016/j.isci.2025.114178,other,high
10.1016/j.imbio.2008.04.003,other,high
10.1016/j.jad.2005.11.002,observational,high
10.1016/j.jacc.2021.06.045,other,high
10.1016/j.jad.2006.08.021,observational,high
10.1016/j.jad.2008.08.010,observational,high
10.1016/j.jad.2010.01.073,non_randomized_trial,high
10.1016/j.jad.2008.05.001,observational,high
10.1016/j.jad.2005.03.013,observational,high
10.1016/j.jad.2008.09.013,non_randomized_trial,high
10.1016/j.it.2025.10.010,other,high
10.1016/j.jad.2011.09.010,observational,high
10.1016/j.jad.2011.09.004,observational,high
10.1016/j.jad.2012.03.037,observational,high
10.1016/j.jad.2019.03.011,observational,high
10.1016/j.jad.2013.03.029,observational,high
10.1016/j.jad.2012.04.004,other,high
10.1016/j.jad.2010.11.028,observational,high
10.1016/j.jad.2020.05.113,observational,high
10.1016/j.jadohealth.2003.09.007,observational,high
10.1016/j.jad.2014.03.013,observational,high
10.1016/j.jadohealth.2013.03.009,other,high
10.1016/j.jadohealth.2009.08.001,observational,high
10.1016/j.jadohealth.2004.02.012,observational,high
10.1016/j.jare.2021.11.013,other,high
10.1016/j.jare.2024.11.011,observational,high
10.1016/j.java.2015.10.016,other,medium
10.1016/j.jbmt.2014.04.003,other,high
10.1016/j.jaut.2024.103267,observational,high
10.1016/j.jaut.2006.09.004,other,high
10.1016/j.jbmt.2019.03.006,case_series,high
10.1016/j.jaim.2017.08.008,other,high
10.1016/j.jbmt.2017.07.003,case_series,high
10.1016/j.jbmt.2025.05.048,other,high
10.1016/j.jaim.2017.06.011,other,high
10.1016/j.jbtep.2011.09.014,observational,high
10.1016/j.jbspin.2010.02.003,observational,high
10.1016/j.jbspin.2008.01.021,other,high
10.1016/j.jchf.2021.10.002,case_series,high
10.1016/j.jcte.2021.100284,other,high
10.1016/j.jcv.2014.11.021,case_series,high
10.1016/j.jchromb.2004.09.056,case_series,high
10.1016/j.jebo.2022.09.023,observational,high
10.1016/j.jchromb.2026.125179,other,high
10.1016/j.jelectrocard.2005.10.014,observational,high
10.1016/j.jad.2020.01.146,observational,high
10.1016/j.jcv.2020.104334,other,high
10.1016/j.jep.2011.08.030,other,high
10.1016/j.jep.2003.10.006,other,high
10.1016/j.jfma.2011.09.006,case_series,high
10.1016/j.jim.2021.113049,non_randomized_trial,medium
10.1016/j.jinf.2024.106297,other,high
10.1016/j.jep.2008.11.025,other,high
10.1016/j.jep.2017.03.041,other,high
10.1016/j.jiph.2024.102559,observational,high
10.1016/j.jiph.2024.102495,observational,high
10.1016/j.jep.2026.121604,other,high
10.1016/j.jjcc.2018.02.010,observational,high
10.1016/j.jmwh.2007.12.001,other,high
10.1016/j.jjcc.2009.02.008,observational,high
10.1016/j.jep.2024.119241,other,high
10.1016/j.jjcc.2016.06.003,non_randomized_trial,high
10.1016/j.jneuroim.2016.12.008,observational,high
10.1016/j.jmpt.2005.11.004,observational,high
10.1016/j.jep.2012.06.002,other,high
10.1016/j.jpain.2009.06.003,non_randomized_trial,high
10.1016/j.jns.2017.02.046,observational,high
10.1016/j.jns.2021.117326,non_randomized_trial,high
10.1016/j.jpain.2012.11.012,observational,high
10.1016/j.jneuroim.2023.578142,other,high
10.1016/j.jpain.2016.10.016,observational,high
10.1016/j.jpain.2022.03.180,observational,high
10.1016/j.jneuroim.2010.05.021,other,high
10.1016/j.jpainsymman.2006.10.014,observational,high
10.1016/j.jpeds.2007.03.012,case_series,high
10.1016/j.jpeds.2010.03.025,observational,high
10.1016/j.jpeds.2014.04.051,case_series,high
10.1016/j.jpeds.2018.05.012,observational,high
10.1016/j.jpeds.2021.09.014,observational,high
10.1016/j.jpsychires.2013.01.021,observational,high
10.1016/j.jpba.2026.117604,other,high
10.1016/j.jpsychires.2021.07.033,observational,high
10.1016/j.jpeds.2019.01.035,observational,high
10.1016/j.jpsychires.2025.01.056,observational,high
10.1016/j.jpsychires.2025.12.024,observational,high
10.1016/j.jpsychires.2026.02.026,other,high
10.1016/j.jpsychores.2004.03.005,observational,high
10.1016/j.jpsychores.2004.04.374,observational,high
10.1016/j.jpsychores.2004.03.015,observational,high
10.1016/j.jpsychores.2004.11.005,case_series,high
10.1016/j.jpsychores.2004.04.002,non_randomized_trial,high
10.1016/j.jpsychores.2005.02.002,case_series,high
10.1016/j.jpsychores.2005.04.003,observational,high
10.1016/j.jpsychores.2005.05.008,observational,high
10.1016/j.jpsychores.2005.07.008,observational,high
10.1016/j.jpsychores.2006.03.001,observational,high
10.1016/j.jpsychores.2005.08.015,observational,high
10.1016/j.jpsychores.2005.08.018,non_randomized_trial,high
10.1016/j.jpsychores.2007.03.003,other,high
10.1016/j.jpsychores.2005.12.006,non_randomized_trial,high
10.1016/j.jpsychores.2006.04.015,observational,high
10.1016/j.jpsychores.2006.04.002,observational,high
10.1016/j.jpsychores.2008.03.008,observational,high
10.1016/j.jpsychores.2007.12.006,observational,high
10.1016/j.jpsychores.2006.04.001,observational,high
10.1016/j.jpsychores.2007.07.009,observational,high
10.1016/j.jns.2010.11.018,observational,high
10.1016/j.jpsychores.2008.07.001,observational,high
10.1016/j.jpsychores.2008.03.015,observational,high
10.1016/j.jpsychires.2021.12.044,,
10.1016/j.jpsychores.2008.08.004,observational,high
10.1016/j.jpsychores.2009.02.004,observational,high
10.1016/j.jpsychores.2010.09.016,observational,high
10.1016/j.jpsychores.2010.01.022,other,high
10.1016/j.jpsychores.2010.01.008,other,high
10.1016/j.jpsychores.2009.09.014,non_randomized_trial,high
10.1016/j.jpsychores.2010.11.010,rct,high
10.1016/j.jpsychores.2010.02.004,observational,high
10.1016/j.jpsychores.2011.02.002,observational,medium
10.1016/j.jpsychores.2010.12.011,rct,high
10.1016/j.jpsychores.2011.02.009,observational,high
10.1016/j.jpsychores.2011.04.004,observational,high
10.1016/j.jpsychores.2011.08.001,non_randomized_trial,high
10.1016/j.jpsychores.2011.11.004,observational,high
10.1016/j.jpsychores.2011.05.005,non_randomized_trial,high
10.1016/j.jpsychores.2012.01.018,non_randomized_trial,high
10.1016/j.jpsychores.2012.09.006,rct,high
10.1016/j.jpsychores.2013.01.007,rct,high
10.1016/j.jpsychores.2012.09.010,rct,high
10.1016/j.jpsychores.2013.05.001,non_randomized_trial,high
10.1016/j.jpsychores.2013.02.011,non_randomized_trial,high
10.1016/j.jpsychores.2013.06.034,non_randomized_trial,high
10.1016/j.jpsychores.2013.07.011,non_randomized_trial,high
10.1016/j.jpsychores.2014.02.002,observational,high
10.1016/j.jpsychores.2013.07.010,case_series,high
10.1016/j.jpsychores.2014.08.018,non_randomized_trial,high
10.1016/j.jpsychores.2014.11.022,non_randomized_trial,high
10.1016/j.jpsychores.2015.05.004,observational,high
10.1016/j.jpsychores.2015.02.013,observational,high
10.1016/j.jpsychores.2014.04.002,rct,high
10.1016/j.jpsychores.2015.08.008,non_randomized_trial,high
10.1016/j.jpsychores.2015.07.005,observational,high
10.1016/j.jpsychores.2015.10.005,observational,high
10.1016/j.jpsychores.2016.06.005,observational,high
10.1016/j.jpsychores.2016.06.006,non_randomized_trial,high
10.1016/j.jpsychores.2016.02.004,rct,high
10.1016/j.jpsychores.2015.12.006,observational,high
10.1016/j.jpsychores.2008.08.002,observational,high
10.1016/j.jpsychores.2016.07.008,other,high
10.1016/j.jpsychores.2016.11.002,observational,high
10.1016/j.jpsychores.2016.11.014,rct,high
10.1016/j.jpsychores.2016.07.009,non_randomized_trial,high
10.1016/j.jpsychores.2016.12.004,non_randomized_trial,high
10.1016/j.jpsychores.2017.01.005,non_randomized_trial,medium
10.1016/j.jpsychores.2017.03.016,non_randomized_trial,high
10.1016/j.jpsychores.2017.05.007,observational,high
10.1016/j.jpsychores.2017.02.009,observational,high
10.1016/j.jpsychores.2017.09.005,observational,high
10.1016/j.jpsychores.2019.04.008,observational,high
10.1016/j.jpsychores.2019.03.017,observational,high
10.1016/j.jpsychores.2019.04.001,observational,high
10.1016/j.jpsychores.2017.10.010,non_randomized_trial,high
10.1016/j.jpsychores.2018.01.007,observational,high
10.1016/j.jpsychores.2017.11.011,observational,high
10.1016/j.jpsychores.2019.109893,observational,high
10.1016/j.jpsychores.2012.09.002,,
10.1016/j.jpsychores.2020.110133,non_randomized_trial,high
10.1016/j.jpsychores.2017.11.007,observational,high
10.1016/j.jpsychores.2020.110154,observational,high
10.1016/j.jpsychores.2021.110417,observational,high
10.1016/j.jpsychores.2020.110296,non_randomized_trial,high
10.1016/j.jpsychores.2021.110595,non_randomized_trial,high
10.1016/j.jpsychores.2021.110556,other,high
10.1016/j.jpsychores.2021.110486,other,high
10.1016/j.jpsychores.2021.110484,rct,high
10.1016/j.jpsychores.2020.110322,other,high
10.1016/j.jpsychores.2021.110533,other,high
10.1016/j.jpsychores.2021.110655,observational,high
10.1016/j.jpsychores.2021.110624,case_series,high
10.1016/j.jpsychores.2022.111063,observational,high
10.1016/j.jpsychores.2023.111491,other,high
10.1016/j.jpsychores.2024.111693,observational,high
10.1016/j.jpsychores.2024.111850,rct,high
10.1016/j.jpsychores.2024.111673,observational,high
10.1016/j.jpsychores.2024.112025,observational,high
10.1016/j.jpsychores.2024.111932,observational,high
10.1016/j.jpsychores.2024.111954,observational,high
10.1016/j.jpsychores.2025.112370,case_series,high
10.1016/j.jpsychores.2022.111130,other,high
10.1016/j.jpsychores.2026.112609,observational,high
10.1016/j.jpsychores.2025.112401,observational,high
10.1016/j.jpsychores.2026.112618,other,high
10.1016/j.jpsychores.2026.112677,other,high
10.1016/j.jviromet.2011.10.010,other,high
10.1016/j.jtumed.2022.12.019,observational,high
10.1016/j.jtherbio.2024.103813,case_series,high
10.1016/j.juro.2012.11.019,observational,medium
10.1016/j.jtos.2020.04.005,observational,high
10.1016/j.lana.2023.100460,observational,high
10.1016/j.lanepe.2024.101161,non_randomized_trial,high
10.1016/j.mayocp.2021.07.004,other,high
10.1016/j.math.2011.04.005,other,medium
10.1016/j.math.2006.03.008,other,high
10.1016/j.lfs.2010.03.007,observational,high
10.1016/j.mayocp.2012.08.015,observational,high
10.1016/j.lfs.2012.11.016,observational,high
10.1016/j.lfs.2021.119749,observational,high
10.1016/j.mayocpiqo.2020.08.002,other,high
10.1016/j.mayocp.2023.07.032,other,high
10.1016/j.mcn.2022.103731,case_series,high
10.1016/j.mcpro.2025.101467,observational,high
10.1016/j.medcli.2013.06.030,observational,high
10.1016/j.medcli.2009.04.044,observational,high
10.1016/j.medcli.2010.07.022,observational,high
10.1016/j.medmal.2019.01.006,other,high
10.1016/j.mehy.2003.11.030,other,high
10.1016/j.mehy.2004.01.010,other,high
10.1016/j.mehy.2004.01.025,unclear,medium
10.1016/j.jpsychores.2021.110715,other,high
10.1016/j.mehy.2004.01.012,other,high
10.1016/j.mehy.2004.07.037,other,high
10.1016/j.mehy.2004.08.013,other,high
10.1016/j.mehy.2005.02.014,other,high
10.1016/j.mehy.2005.02.031,other,high
10.1016/j.mce.2013.03.012,other,high
10.1016/j.mehy.2005.02.013,other,high
10.1016/j.mehy.2005.05.034,other,high
10.1016/j.mehy.2005.02.036,other,high
10.1016/j.mehy.2008.02.022,other,high
10.1016/j.mehy.2007.01.070,other,high
10.1016/j.mehy.2008.05.023,other,high
10.1016/j.mehy.2008.11.044,other,high
10.1016/j.mehy.2005.03.007,other,high
10.1016/j.mehy.2009.03.058,other,high
10.1016/j.mehy.2008.11.045,case_series,high
10.1016/j.mehy.2009.04.043,other,high
10.1016/j.mehy.2010.09.032,other,high
10.1016/j.mehy.2008.09.040,case_series,high
10.1016/j.mehy.2010.02.032,other,high
10.1016/j.mehy.2008.03.014,other,high
10.1016/j.mehy.2012.02.023,other,high
10.1016/j.mehy.2011.03.030,other,high
10.1016/j.mehy.2012.06.007,other,high
10.1016/j.mehy.2013.06.023,other,high
10.1016/j.mehy.2012.04.043,other,high
10.1016/j.mehy.2012.07.034,other,high
10.1016/j.mehy.2015.08.013,other,high
10.1016/j.mehy.2013.05.034,other,high
10.1016/j.mehy.2015.10.011,other,high
10.1016/j.mehy.2015.11.024,other,high
10.1016/j.mehy.2017.02.011,other,high
10.1016/j.mehy.2017.06.014,other,high
10.1016/j.mehy.2018.06.017,other,high
10.1016/j.mehy.2018.07.007,other,high
10.1016/j.mehy.2019.109260,other,high
10.1016/j.mehy.2019.109444,other,high
10.1016/j.mehy.2018.03.002,non_randomized_trial,high
10.1016/j.mehy.2020.109648,observational,medium
10.1016/j.mehy.2020.109731,other,high
10.1016/j.mehy.2020.110469,other,high
10.1016/j.mehy.2021.110647,other,high
10.1016/j.mehy.2021.110543,other,high
10.1016/j.mehy.2023.111243,case_series,high
10.1016/j.mehy.2015.12.011,other,high
10.1016/j.mehy.2025.111812,other,high
10.1016/j.mito.2011.05.005,observational,high
10.1016/j.micinf.2003.07.002,observational,high
10.1016/j.mito.2015.04.005,case_series,high
10.1016/j.mito.2016.10.007,case_series,high
10.1016/j.molmed.2021.06.002,other,high
10.1016/j.molmed.2024.10.001,other,high
10.1016/j.molmed.2024.02.003,other,high
10.1016/j.mri.2015.12.008,observational,high
10.1016/j.neubiorev.2019.08.011,other,high
10.1016/j.neucli.2017.01.012,other,high
10.1016/j.neucli.2017.02.002,other,high
10.1016/j.mehy.2018.08.014,non_randomized_trial,high
10.1016/j.neucli.2017.03.003,other,high
10.1016/j.neuroimage.2005.02.037,observational,high
10.1016/j.neuroimage.2005.02.011,observational,high
10.1016/j.neuroimage.2006.11.007,observational,high
10.1016/j.neuroimage.2007.02.033,observational,high
10.1016/j.metabol.2009.12.019,observational,high
10.1016/j.nicl.2012.12.006,case_series,high
10.1016/j.nicl.2015.09.001,observational,high
10.1016/j.metabol.2019.153951,other,high
10.1016/j.nicl.2016.09.016,observational,high
10.1016/j.nicl.2016.03.017,observational,high
10.1016/j.neures.2026.105021,other,high
10.1016/j.neures.2020.04.005,other,high
10.1016/j.nicl.2017.09.024,observational,high
10.1016/j.nicl.2018.07.011,observational,high
10.1016/j.nicl.2018.04.025,observational,high
10.1016/j.neuroscience.2017.06.048,other,high
10.1016/j.nmd.2012.10.018,other,high
10.1016/j.nut.2025.112718,case_series,high
10.1016/j.nmd.2012.10.003,other,high
10.1016/j.nrl.2015.11.019,other,high
10.1016/j.pain.2004.02.029,case_series,high
10.1016/j.numecd.2014.10.007,rct,high
10.1016/j.pec.2007.04.002,observational,high
10.1016/j.nicl.2019.102045,observational,high
10.1016/j.pec.2008.04.001,case_series,high
10.1016/j.pec.2007.06.008,other,high
10.1016/j.pec.2010.05.027,case_series,high
10.1016/j.pec.2009.02.015,observational,medium
10.1016/j.pec.2011.04.016,other,high
10.1016/j.pec.2010.05.023,non_randomized_trial,high
10.1016/j.pain.2008.05.018,observational,high
10.1016/j.pec.2017.12.002,other,high
10.1016/j.pec.2019.04.016,non_randomized_trial,high
10.1016/j.pec.2018.10.011,non_randomized_trial,high
10.1016/j.phrs.2019.104450,other,high
10.1016/j.nicl.2020.102366,observational,high
10.1016/j.phymed.2024.155636,rct,high
10.1016/j.phrs.2021.105465,other,high
10.1016/j.pec.2009.05.015,non_randomized_trial,high
10.1016/j.physio.2012.12.003,other,high
10.1016/j.physbeh.2007.07.001,non_randomized_trial,high
10.1016/j.physio.2017.07.005,observational,high
10.1016/j.physio.2019.01.006,observational,high
10.1016/j.plefa.2003.12.010,other,medium
10.1016/j.physio.2015.08.001,case_series,high
10.1016/j.plefa.2003.12.015,case_series,high
10.1016/j.phymed.2025.156459,other,high
10.1016/j.plefa.2004.03.009,other,high
10.1016/j.plefa.2018.11.006,observational,high
10.1016/j.plefa.2009.10.002,observational,high
10.1016/j.pmn.2025.10.006,observational,high
10.1016/j.plefa.2003.12.016,observational,medium
10.1016/j.pmrj.2010.04.008,other,high
10.1016/j.pmrj.2009.04.007,observational,high
10.1016/j.pmrj.2010.04.003,other,high
10.1016/j.pmrj.2010.04.010,other,high
10.1016/j.pmrj.2013.08.117,case_series,high
10.1016/j.pnpbp.2010.07.030,other,high
10.1016/j.pnpbp.2007.07.019,non_randomized_trial,high
10.1016/j.physbeh.2004.07.005,observational,high
10.1016/j.pnpbp.2010.06.023,other,high
10.1016/j.pscychresns.2009.10.007,observational,high
10.1016/j.psychres.2005.01.002,observational,high
10.1016/j.pscychresns.2015.10.014,observational,high
10.1016/j.procs.2022.10.011,other,low
10.1016/j.pnpbp.2020.109976,other,high
10.1016/j.psychres.2010.02.010,observational,high
10.1016/j.psychres.2010.07.022,observational,high
10.1016/j.psychres.2010.09.016,observational,high
10.1016/j.psychres.2011.07.015,observational,high
10.1016/j.psychres.2011.04.012,observational,high
10.1016/j.psychres.2012.04.041,observational,high
10.1016/j.prmcm.2022.100139,other,high
10.1016/j.psychres.2012.06.027,observational,high
10.1016/j.psychres.2010.12.005,observational,high
10.1016/j.psychres.2012.09.007,rct,high
10.1016/j.psym.2014.12.003,rct,high
10.1016/j.psym.2017.04.010,observational,high
10.1016/j.psym.2011.04.001,observational,high
10.1016/j.psym.2011.08.007,observational,high
10.1016/j.phymed.2021.153602,other,high
10.1016/j.psyneuen.2004.06.008,observational,high
10.1016/j.psychres.2017.08.035,non_randomized_trial,high
10.1016/j.psyneuen.2005.04.006,other,high
10.1016/j.psyneuen.2006.12.003,observational,high
10.1016/j.psyneuen.2006.12.005,case_series,high
10.1016/j.psyneuen.2007.11.007,other,high
10.1016/j.psyneuen.2008.10.022,observational,high
10.1016/j.psyneuen.2007.12.005,observational,high
10.1016/j.psyneuen.2013.07.004,observational,high
10.1016/j.psyneuen.2013.08.008,observational,high
10.1016/j.psychres.2012.03.031,observational,high
10.1016/j.psyneuen.2014.10.027,observational,high
10.1016/j.psyneuen.2018.11.032,observational,high
10.1016/j.psyneuen.2014.06.021,observational,high
10.1016/j.psyneuen.2019.104578,observational,high
10.1016/j.psyneuen.2014.01.017,observational,high
10.1016/j.pt.2017.08.001,other,high
10.1016/j.puhip.2020.100067,other,high
10.1016/j.psyneuen.2024.107117,non_randomized_trial,high
10.1016/j.psyneuen.2021.105287,observational,high
10.1016/j.rce.2009.09.015,rct,high
10.1016/j.rce.2011.02.013,case_series,high
10.1016/j.resp.2024.104360,non_randomized_trial,high
10.1016/j.pvr.2017.03.001,observational,high
10.1016/j.redox.2023.102796,observational,high
10.1016/j.reuma.2015.05.007,observational,high
10.1016/j.revmed.2016.05.003,other,high
10.1016/j.revmed.2016.12.005,other,high
10.1016/j.sbspro.2014.01.723,case_series,high
10.1016/j.semarthrit.2006.12.009,other,high
10.1016/j.revmed.2023.05.007,other,high
10.1016/j.semarthrit.2007.04.003,other,high
10.1016/j.semarthrit.2013.03.004,other,high
10.1016/j.semarthrit.2024.152455,other,high
10.1016/j.psyneuen.2007.11.001,observational,high
10.1016/j.shaw.2014.07.002,non_randomized_trial,high
10.1016/j.semerg.2020.05.018,other,high
10.1016/j.shpsa.2024.08.001,other,high
10.1016/j.semerg.2021.03.006,other,high
10.1016/j.shpsc.2018.05.009,other,high
10.1016/j.psychres.2014.02.031,observational,high
10.1016/j.sleep.2016.11.016,observational,high
10.1016/j.sleep.2018.01.005,observational,high
10.1016/j.sleep.2025.03.003,crossover,high
10.1016/j.slsci.2015.10.001,non_randomized_trial,high
10.1016/j.smrv.2018.03.007,other,high
10.1016/j.smrv.2012.06.003,other,high
10.1016/j.smrv.2016.05.001,other,high
10.1016/j.sleep.2006.03.016,observational,high
10.1016/j.socscimed.2003.08.031,other,high
10.1016/j.socscimed.2005.09.008,case_series,high
10.1016/j.smrv.2023.101771,observational,high
10.1016/j.socscimed.2007.09.003,case_series,high
10.1016/j.socscimed.2005.06.018,other,high
10.1016/j.socscimed.2016.06.029,observational,high
10.1016/j.socscimed.2023.115951,other,high
10.1016/j.socscimed.2019.112392,observational,high
10.1016/j.socscimed.2020.113369,other,high
10.1016/j.socscimed.2025.118766,case_series,medium
10.1016/j.tem.2003.12.002,other,high
10.1016/j.ssaho.2024.101206,observational,high
10.1016/j.tox.2008.01.022,other,high
10.1016/j.transm.2025.100193,non_randomized_trial,high
10.1016/j.vaccine.2015.10.018,observational,high
10.1016/j.vaccine.2013.08.024,observational,high
10.1016/j.virol.2011.08.018,case_series,high
10.1016/j.vaccine.2017.06.031,observational,high
10.1016/j.urology.2008.06.031,observational,high
10.1016/j.virusres.2012.04.004,other,medium
10.1016/j.vph.2023.107250,other,high
10.1016/j.wjam.2023.03.002,other,high
10.1016/j.xcrm.2025.102449,observational,high
10.1016/j.xcrm.2023.101373,observational,high
10.1016/j.xcrm.2025.102514,observational,high
10.1016/j.xcrm.2025.102259,other,high
10.1016/j.virol.2009.12.028,other,high
10.1016/j.vph.2022.106953,other,high
10.1016/j.xcrm.2026.102647,observational,high
10.1016/j.yexmp.2005.01.003,case_series,medium
10.1016/j.yfrne.2026.101268,other,high
10.1016/j.yfrne.2022.100995,other,high
10.1016/j.yexmp.2006.09.008,other,high
10.1016/j.ygeno.2008.08.008,observational,high
10.1016/j.ymthe.2025.01.007,observational,high
10.1016/j.zefq.2025.01.006,observational,high
10.1016/j.yhbeh.2018.05.016,non_randomized_trial,high
10.1016/s0002-9343(03)00182-7,crossover,high
10.1016/s0002-9343(01)00922-6,other,high
10.1016/j.ygeno.2009.06.002,other,high
10.1016/j.ygeno.2008.06.006,other,medium
10.1016/j.vaccine.2008.10.043,,
10.1016/s0002-9343(96)00174-x,observational,high
10.1016/j.urology.2010.08.059,,
10.1016/s0002-9343(96)00041-1,observational,high
10.1016/s0002-9343(96)00234-3,case_series,high
10.1016/s0002-9343(97)00087-9,observational,high
10.1016/s0002-9343(97)90045-0,rct,high
10.1016/s0002-9343(96)90012-1,observational,high
10.1016/s0002-9343(98)00155-7,other,high
10.1016/s0002-9343(98)00159-4,observational,high
10.1016/s0002-9343(98)00157-0,other,high
10.1016/s0002-9343(98)00158-2,observational,high
10.1016/s0002-9343(98)00160-0,other,high
10.1016/s0002-9343(98)00161-2,other,high
10.1016/s0002-9343(98)00162-4,other,high
10.1016/s0002-9343(98)00165-x,observational,high
10.1016/s0002-9343(98)00168-5,observational,high
10.1016/s0002-9343(98)00170-3,other,high
10.1016/s0002-9343(98)00167-3,other,medium
10.1016/s0002-9343(98)00173-9,case_series,high
10.1016/s0002-9343(98)00171-5,observational,high
10.1016/s0002-9343(98)00172-7,observational,high
10.1016/s0002-9343(98)00174-0,non_randomized_trial,high
10.1016/s0002-9343(98)00179-x,observational,high
10.1016/s0002-9343(98)00181-8,other,high
10.1016/s0002-9343(98)00175-2,other,high
10.1016/s0005-7967(00)00116-9,observational,high
10.1016/s0002-9343(99)00300-9,observational,high
10.1016/s0002-9343(99)80403-3,observational,high
10.1016/s0003-9993(99)90066-7,observational,high
10.1016/s0005-7916(99)00032-4,case_series,high
10.1016/s0002-9343(96)00017-4,,
10.1016/s0006-3223(97)00404-6,observational,high
10.1016/s0005-7916(02)00038-1,case_series,high
10.1016/s0006-3223(96)00074-1,observational,high
10.1016/s0006-3223(97)83214-3,observational,high
10.1016/s0022-3476(99)70025-9,observational,high
10.1016/s0006-3223(98)00232-7,non_randomized_trial,high
10.1016/s0007-0785(89)80123-1,other,medium
10.1016/s0022-3476(99)70173-3,case_series,high
10.1016/s0022-3956(96)00046-5,observational,high
10.1016/s0022-3956(96)00047-7,rct,high
10.1016/s0022-3956(96)00048-9,case_series,high
10.1016/s0022-3956(96)00053-2,observational,high
10.1016/s0022-3956(96)00052-0,observational,high
10.1016/s0022-3956(96)00050-7,case_series,high
10.1016/s0022-3956(96)00056-8,observational,high
10.1016/s0022-3956(96)00058-1,other,high
10.1016/s0022-3956(96)00059-3,other,high
10.1016/s0022-3956(96)00054-4,case_series,high
10.1016/s0021-9258(19)31562-5,other,high
10.1016/s0022-3956(96)00063-5,case_series,high
10.1016/s0022-3956(96)00049-0,observational,high
10.1016/s0022-3956(97)00039-3,observational,high
10.1016/s0022-3999(00)00088-x,observational,high
10.1016/s0022-3999(00)00197-5,observational,high
10.1016/s0022-3999(00)00087-8,observational,high
10.1016/s0022-3999(00)00093-3,observational,high
10.1016/s0022-3999(00)00204-x,observational,high
10.1016/s0022-3999(00)00211-7,observational,high
10.1016/s0022-3999(01)00193-3,other,high
10.1016/s0022-3999(00)00220-8,non_randomized_trial,high
10.1016/s0022-3999(01)00220-3,observational,high
10.1016/s0022-3999(01)00284-7,observational,high
10.1016/s0022-3999(01)00267-7,observational,high
10.1016/s0022-3999(01)00315-4,non_randomized_trial,high
10.1016/s0022-3999(01)00247-1,observational,high
10.1016/s0022-3999(01)00298-7,observational,high
10.1016/s0022-3999(02)00290-8,observational,high
10.1016/s0022-3999(02)00300-8,observational,high
10.1016/s0022-3999(02)00318-5,observational,high
10.1016/s0022-3999(02)00324-0,observational,high
10.1016/s0022-3999(02)00329-x,observational,high
10.1016/s0022-3999(02)00332-x,observational,high
10.1016/s0022-3999(02)00429-4,other,high
10.1016/s0022-3999(02)00515-9,other,high
10.1016/s0022-3999(03)00013-8,observational,high
10.1016/s0022-3999(03)00065-5,observational,high
10.1016/s0022-3999(02)00525-1,observational,high
10.1016/s0022-3999(03)00039-4,observational,high
10.1016/s0022-3999(02)00566-4,observational,high
10.1016/s0022-3999(03)00543-9,observational,high
10.1016/s0022-3999(03)00546-4,observational,high
10.1016/s0022-3999(03)00598-1,observational,high
10.1016/s0022-3999(03)00571-3,case_series,high
10.1016/s0022-3999(03)00629-9,other,high
10.1016/s0022-3999(03)00625-1,observational,high
10.1016/s0022-3999(96)00190-0,other,medium
10.1016/s0022-3999(96)00297-8,observational,high
10.1016/s0022-3999(97)00087-1,case_series,high
10.1016/s0022-3999(03)00077-1,case_series,high
10.1016/s0022-3999(96)00234-6,case_series,high
10.1016/s0022-3999(97)00111-6,observational,high
10.1016/s0022-3999(97)00265-1,observational,high
10.1016/s0022-3999(97)00169-4,observational,high
10.1016/s0022-3999(97)00297-3,observational,high
10.1016/s0022-3999(98)00022-1,observational,high
10.1016/s0022-3999(98)00021-x,rct,high
10.1016/s0022-3999(98)00023-3,observational,high
10.1016/s0022-3999(98)00024-5,observational,high
10.1016/s0022-3999(98)00120-2,observational,high
10.1016/s0022-3999(97)89895-9,observational,high
10.1016/s0022-3999(99)00063-x,observational,high
10.1016/s0022-3999(99)00025-2,observational,high
10.1016/s0022-510x(97)00200-1,observational,high
10.1016/s0022-510x(99)00243-9,observational,high
10.1016/s0022-3999(99)00077-x,observational,high
10.1016/s0031-9384(02)00808-9,observational,high
10.1016/s0024-3205(01)01001-3,observational,high
10.1016/s0033-3182(90)72185-8,other,high
10.1016/s0048-9697(00)00777-4,case_series,high
10.1016/s0091-6749(98)70090-9,observational,high
10.1016/s0091-6749(96)70290-7,rct,high
10.1016/s0033-3182(97)71443-9,other,medium
10.1016/s0022-3999(02)00458-0,,
10.1016/s0140-6736(00)04198-2,rct,high
10.1016/s0140-6736(04)15794-2,other,high
10.1016/s0140-6736(15)01223-4,observational,high
10.1016/s0140-6736(16)00270-1,observational,high
10.1016/s0140-6736(11)60096-2,rct,high
10.1016/s0140-6736(12)60025-7,rct,high
10.1016/s0031-9384(97)00539-8,other,high
10.1016/s0140-6736(16)32589-2,rct,high
10.1016/s0140-6736(17)30577-9,rct,high
10.1016/s0140-6736(80)92552-0,case_series,high
10.1016/s0140-6736(95)90525-1,case_series,high
10.1016/s0140-6736(95)92537-6,observational,high
10.1016/s0140-6736(96)91345-8,rct,high
10.1016/s0140-6736(98)04074-4,crossover,high
10.1016/s0140-6736(98)08320-2,other,high
10.1016/s0163-4453(89)91150-x,case_series,high
10.1016/s0022-3999(99)00013-6,,
10.1016/s0147-9571(01)00012-1,case_series,high
10.1016/s0140-6736(01)06961-6,observational,high
10.1016/s0163-4453(98)94099-3,observational,high
10.1016/s0163-8343(01)00154-2,non_randomized_trial,high
10.1016/s0165-0327(97)00134-1,observational,high
10.1016/s0165-0327(98)00118-9,observational,high
10.1016/s0165-0327(98)00163-3,other,high
10.1016/s0163-8343(98)00036-x,observational,high
10.1016/s0165-0327(98)00218-3,observational,high
10.1016/s0165-0327(97)00101-8,observational,high
10.1016/s0165-1781(00)00148-7,observational,high
10.1016/s0162-3109(96)00125-7,other,high
10.1016/s0165-0327(98)00169-4,observational,high
10.1016/s0165-1781(03)00185-9,observational,high
10.1016/s0165-1781(00)00219-5,observational,high
10.1016/s0165-1781(97)00141-8,observational,high
10.1016/s0165-1838(98)00177-5,observational,high
10.1016/s0165-5728(01)00400-3,observational,high
10.1016/s0165-5728(97)00032-5,rct,high
10.1016/s0193-953x(05)70031-9,other,high
10.1016/s0165-5876(02)00039-3,case_series,high
10.1016/s0163-8343(97)80315-5,other,high
10.1016/s0193-953x(05)70292-6,other,high
10.1016/s0254-6272(15)30152-7,rct,high
10.1016/s0272-7358(99)00031-8,other,high
10.1016/s0277-9536(00)00302-6,observational,high
10.1016/s0277-9536(00)00117-9,observational,high
10.1016/s0254-6272(09)60026-1,non_randomized_trial,high
10.1016/s0277-9536(03)00157-6,other,high
10.1016/s0277-9536(02)00420-3,observational,high
10.1016/s0254-6272(09)60007-8,case_series,high
10.1016/s0277-9536(02)00515-4,other,high
10.1016/s0301-0511(01)00092-8,other,high
10.1016/s0301-0511(01)00120-x,observational,high
10.1016/s0304-3959(98)00134-1,case_series,high
10.1016/s0300-2977(00)00030-9,observational,high
10.1016/s0306-4530(03)00026-x,observational,high
10.1016/s0306-4530(00)00044-5,observational,high
10.1016/s0304-3940(02)01058-3,observational,high
10.1016/s0306-4530(97)00002-4,observational,high
10.1016/s0306-4530(99)00035-9,other,high
10.1016/s0306-9877(02)00294-3,other,high
10.1016/s0306-4530(99)00028-1,case_series,high
10.1016/s0306-9877(02)00332-8,other,high
10.1016/s0306-9877(02)00321-3,other,high
10.1016/s0306-4530(03)00104-5,non_randomized_trial,high
10.1016/s0306-9877(03)00062-8,other,high
10.1016/s0306-9877(03)00016-1,other,medium
10.1016/s0306-9877(03)00103-8,other,high
10.1016/s0306-9877(03)00096-3,other,high
10.1016/s0306-9877(02)00353-5,other,high
10.1016/s0306-9877(96)90001-8,other,high
10.1016/s0306-9877(03)00185-3,other,high
10.1016/s0361-9230(01)00478-6,observational,high
10.1016/s0387-7604(99)00111-4,case_series,high
10.1016/s0344-0338(89)80299-7,other,high
10.1016/s0306-9877(03)00331-1,case_series,medium
10.1016/s0399-8320(09)71521-0,other,medium
10.1016/s0889-857x(05)70270-2,observational,medium
10.1016/s0889-857x(05)70180-0,other,high
10.1016/s0889-857x(05)70272-6,other,high
10.1016/s0924-9338(00)94855-7,unclear,low
10.1016/s0924-9338(00)94661-3,unclear,low
10.1016/s0924-9338(10)71019-1,non_randomized_trial,high
10.1016/s0924-9338(10)71020-8,non_randomized_trial,medium
10.1016/s0891-5849(00)00419-6,observational,high
10.1016/s0924-9338(11)73278-3,observational,high
10.1016/s0924-9338(12)74396-1,observational,high
10.1016/s0924-9338(13)76145-5,non_randomized_trial,high
10.1016/s0924-9338(13)76148-0,non_randomized_trial,high
10.1016/s0924-9338(14)78232-x,observational,high
10.1016/s0924-9338(99)80035-2,other,low
10.1016/s0924-9338(99)80037-6,case_series,low
10.1016/s0924-9338(99)80033-9,unclear,low
10.1016/s0924-9338(99)80040-6,other,low
10.1016/s0960-8966(98)00021-2,case_series,high
10.1016/s0928-4680(03)00007-5,case_series,high
10.1016/s0924-9338(99)80036-4,unclear,low
10.1016/s1047-2797(00)00083-1,observational,high
10.1016/s0966-6362(00)00105-3,observational,high
10.1016/s1047-2797(00)00119-8,observational,high
10.1016/s0960-8966(03)00042-7,other,high
10.1016/s1047-2797(97)00203-2,observational,high
10.1016/s1081-1206(10)62229-6,observational,high
10.1016/s1079-2104(98)90366-3,case_series,high
10.1016/s1081-1206(10)63129-8,observational,high
10.1016/s1096-2190(99)00017-7,observational,high
10.1016/s1090-3801(02)00044-7,rct,high
10.1016/s1087-0792(99)90020-5,other,high
10.1016/s1081-1206(10)62595-1,crossover,high
10.1016/s1090-3801(98)90006-4,non_randomized_trial,medium
10.1016/s1096-6374(98)80037-3,non_randomized_trial,high
10.1016/s1240-1307(00)88835-4,other,high
10.1016/s0924-9338(99)80455-6,unclear,low
10.1016/s1365-6937(15)30071-x,observational,high
10.1016/s1386-6532(06)70011-7,case_series,high
10.1016/s1386-6532(06)70010-5,unclear,high
10.1016/s1386-6532(99)00079-7,observational,high
10.1016/s1096-6374(98)80036-1,observational,high
10.1016/s1388-2457(00)00444-2,observational,high
10.1016/s1388-2457(99)00144-3,observational,high
10.1016/s1566-0702(03)00155-3,observational,high
10.1016/s1521-6942(03)00033-0,other,high
10.1016/s1697-2600(14)70041-9,observational,high
10.1016/s2215-0366(14)00069-8,rct,high
10.1016/s2215-0366(15)00317-x,rct,high
10.1016/s2215-0366(17)30126-8,rct,high
10.1017/cbo9780511549700.003,rct,high
10.1017/cbo9780511722240.004,other,high
10.1016/s1389-9457(00)00028-9,other,high
10.1017/cbo9780511543845.022,other,high
10.1017/neu.2017.35,rct,high
10.1017/neu.2024.10,observational,high
10.1017/s0022172400064718,case_series,high
10.1017/s0029665122001057,observational,high
10.1017/ipm.2020.40,other,high
10.1017/s0033291700013210,other,high
10.1017/s003329170002225x,case_series,high
10.1017/s0033291700020456,observational,high
10.1017/s0033291700025629,unclear,high
10.1017/s0033291700037818,observational,high
10.1017/s0033291700037417,observational,high
10.1017/s0033291700027811,observational,high
10.1017/s0033291700037429,observational,high
10.1017/s0033291701003580,observational,high
10.1017/cts.2023.488,observational,high
10.1017/s0033291701003610,observational,high
10.1017/s0033291700035923,observational,high
10.1017/s0033291700026453,observational,high
10.1017/s0033291701004664,other,high
10.1017/s0033291702006529,observational,high
10.1017/s0033291702005834,observational,high
10.1017/s0033291702006086,non_randomized_trial,high
10.1017/s0033291703001302,observational,high
10.1017/s0033291702006980,observational,high
10.1017/s0033291700038277,unclear,high
10.1017/s0033291704213204,other,high
10.1017/s0033291705005210,observational,high
10.1017/s0033291705006926,other,high
10.1017/s0033291705005052,observational,high
10.1017/s0033291705006975,observational,high
10.1017/s0033291706008099,observational,high
10.1017/s0033291706007975,observational,high
10.1017/s0033291707001444,observational,high
10.1017/s0033291703008791,rct,high
10.1017/s0033291707001560,observational,high
10.1017/s0033291707001900,observational,high
10.1017/s003329170999153x,rct,high
10.1017/s0033291708004960,observational,high
10.1017/s0033291708003450,observational,medium
10.1017/s0033291709990390,observational,high
10.1017/s0033291709992054,other,high
10.1017/s0033291710000504,other,high
10.1017/s0033291712001936,observational,high
10.1017/s003329171000139x,observational,high
10.1017/s0033291709992212,non_randomized_trial,high
10.1017/s0033291712000979,observational,high
10.1017/s0033291712000232,rct,high
10.1017/s0033291713000020,rct,high
10.1017/s0033291713001268,other,high
10.1017/s003329171300127x,other,high
10.1017/s0033291713001281,other,medium
10.1017/s003329171300130x,other,high
10.1017/s0033291713002006,non_randomized_trial,high
10.1017/s0033291713001311,other,high
10.1017/s0033291713002201,rct,high
10.1017/s0033291713002468,other,high
10.1017/s0033291715000288,non_randomized_trial,high
10.1017/s0033291715002366,other,high
10.1017/s0033291716003615,observational,high
10.1017/s0033291716002890,observational,high
10.1017/s0033291720001774,observational,high
10.1017/s0033291722002471,other,high
10.1017/s0033291722000526,observational,high
10.1017/s0033291723003148,observational,high
10.1017/s0033291723001885,observational,high
10.1017/s0033291723003355,observational,high
10.1017/s0033291707001602,other,high
10.1017/s0033291723003690,non_randomized_trial,high
10.1017/s0033291703008274,,
10.1017/s003329172500100x,observational,high
10.1017/s0033291725100603,observational,high
10.1017/s0033291796004035,observational,high
10.1017/s0033291797004893,other,high
10.1017/s0033291796004357,observational,high
10.1017/s0033291709005601,,
10.1017/s0033291797005370,other,high
10.1017/s0033291797006260,observational,medium
10.1017/s0033291798008265,other,medium
10.1017/s0033291799001816,observational,high
10.1017/s0033291799003189,observational,high
10.1017/s0266462311000213,other,high
10.1017/s0033291799003001,observational,high
10.1017/s081651220002722x,other,high
10.1017/s003329179800748x,observational,high
10.1017/s0790966700005218,other,high
10.1017/s0924270800035870,other,high
10.1017/s0033291799002500,observational,high
10.1017/s1037291100001515,case_series,high
10.1017/s1041610223003733,case_series,high
10.1017/s1092852900014358,other,high
10.1017/s1092852900014395,other,high
10.1017/s1092852900014383,other,high
10.1017/s1092852900022604,other,high
10.1017/s1121189x00007089,observational,medium
10.1017/s0033291720002470,,
10.1017/s1352465801004052,case_series,high
10.1017/s1352465800015241,case_series,high
10.1017/s1352465804001109,case_series,high
10.1017/s096719942000057x,other,high
10.1017/s1352465810000792,non_randomized_trial,high
10.1017/s135246580400181x,non_randomized_trial,high
10.1017/s1352465811000543,rct,high
10.1017/s1352465811000373,unclear,high
10.1017/s1352465814000290,other,high
10.1017/s1352465805002092,case_series,high
10.1017/s135246581700025x,non_randomized_trial,high
10.1017/s1352465816000631,case_series,high
10.1017/s1352465819000110,non_randomized_trial,high
10.1017/s1352465817000261,other,high
10.1017/s1352465820000193,case_series,high
10.1017/s1352465825100945,observational,high
10.1017/s1352465817000108,other,high
10.1017/s1352465899273067,case_series,high
10.1017/s1355617701733024,observational,high
10.1017/s1355617704102178,observational,high
10.1017/s1355617704101124,observational,high
10.1017/s1352465819000390,case_series,high
10.1017/s1355617721000643,non_randomized_trial,high
10.1017/s1360641700272481,unclear,low
10.1017/s135561779845505x,observational,high
10.1017/s135246581500017x,non_randomized_trial,high
10.1017/s146342361000037x,case_series,high
10.1017/s1360641798291763,unclear,low
10.1017/s146239949700001x,other,high
10.1017/s1463423613000145,observational,high
10.1017/s1463423613000121,case_series,high
10.1017/upo9780987073051.020,other,high
10.1017/s1754470x2400045x,observational,high
10.1017/s1754470x20000525,other,high
10.1021/acs.biochem.3c00433,case_series,high
10.1021/cen-09718-scicon10,case_series,high
10.1021/acsptsci.5c00229,other,high
10.1021/cen-09436-notw3,observational,high
10.1021/acschemneuro.4c00444,observational,high
10.1021/cen-10233-reactions,other,high
10.1021/cen-10230-cover,other,high
10.1023/a:1014248301721,other,high
10.1023/a:1014328319297,observational,medium
10.1023/a:1018726713470,observational,medium
10.1023/a:1005577823045,case_series,high
10.1023/a:1020423124675,observational,high
10.1023/a:1020475108745,case_series,high
10.1023/a:1020510718013,observational,high
10.1023/a:1020595709352,observational,high
10.1023/a:1018788427100,observational,medium
10.1023/a:1020558917955,observational,high
10.1023/a:1015635113159,observational,high
10.1023/a:1027330616073,observational,high
10.1023/a:1026459027453,observational,high
10.1023/b:apbi.0000026635.03016.ef,non_randomized_trial,high
10.1023/a:1027314713231,observational,high
10.1024//1422-4917.30.2.135,case_series,high
10.1023/a:1027389907780,observational,high
10.1024/0040-5930.64.10.567,other,high
10.1023/b:boli.0000016637.43041.a3,observational,high
10.1024/86282-000,other,high
10.1024/0040-5930/a001092,other,medium
10.1024/0300-9831.79.4.250,observational,high
10.1027/1015-5759/a000281,observational,high
10.1024/86371-000,other,high
10.1026/0942-5403/a000456,observational,high
10.1027/0269-8803/a000088,non_randomized_trial,high
10.1027/2698-1866/a000076,observational,high
10.1027/1015-5759.13.3.164,observational,high
10.1034/j.1600-0447.2002.01300.x,observational,high
10.1034/j.1600-0447.2001.00017.x,other,high
10.1034/j.1600-0463.2003.1110504.x,observational,high
10.1034/j.1601-5215.2003.00029.x,other,high
10.1034/j.1601-5215.2002.140207.x,other,high
10.1023/a:1024176016962,case_series,high
10.1034/j.1601-5215.2002.140306.x,other,high
10.1037//1076-8998.4.1.63,observational,high
10.1037//0003-066x.52.9.973,other,high
10.1034/j.1601-5215.2003.00045.x,case_series,high
10.1034/j.1601-5215.2003.00033.x,observational,high
10.1037/0022-006x.76.1.163,non_randomized_trial,high
10.1037/0278-6133.27.3.369,observational,high
10.1037/0894-4105.21.4.507,observational,high
10.1037/10300-000,other,high
10.1037/a0020052,rct,high
10.1037/0894-4105.18.2.232,observational,high
10.1037/a0024118,rct,high
10.1037/a0032084,observational,high
10.1037/a0022595,observational,high
10.1037/a0033561,rct,high
10.1037/bul0000473,observational,high
10.1037/ccp0000085,rct,high
10.1037/h0085818,other,high
10.1037/hea0000086,observational,high
10.1037/hea0000299,non_randomized_trial,high
10.1037/hea0000341,observational,high
10.1037/hea0001346,rct,high
10.1037/hea0000621,observational,high
10.1037/met0000154,other,high
10.1037/neu0000025,observational,high
10.1037/hea0000422,observational,high
10.1037/men0000220,case_series,high
10.1037/neu0000550,observational,high
10.1037/rep0000285,observational,high
10.1038/362458a0,case_series,medium
10.1037/neu0000982,observational,high
10.1038/ajg.2010.159,observational,high
10.1037/str0000324,other,high
10.1038/npre.2012.6847.1,other,high
10.1038/nrendo.2011.153,other,high
10.1038/nrurol.2010.77,other,high
10.1038/nrn3087,other,high
10.1038/mp.2015.29,observational,high
10.1038/s41380-021-01148-4,case_series,medium
10.1038/s41380-025-03108-8,observational,high
10.1038/s41419-025-08162-2,other,high
10.1038/npre.2010.4669.1,other,high
10.1038/s41398-022-02046-1,observational,high
10.1038/s41467-022-32507-6,observational,high
10.1038/s41467-022-33784-x,observational,high
10.1038/s41467-025-56427-3,unclear,low
10.1038/s41467-024-45107-3,observational,high
10.1038/s41467-025-56428-2,case_series,medium
10.1038/s41380-026-03608-1,other,high
10.1038/s41467-025-64538-0,other,high
10.1038/s41591-025-03788-3,observational,high
10.1038/s41598-017-18585-3,observational,high
10.1038/s41598-017-15383-9,observational,high
10.1038/s41598-018-23238-0,observational,high
10.1038/s41598-018-20941-w,observational,high
10.1038/s41591-022-01810-6,other,high
10.1038/s41598-019-39060-1,observational,high
10.1038/s41598-018-28477-9,observational,high
10.1038/s41598-019-55473-4,observational,high
10.1038/s41598-019-47966-z,observational,high
10.1038/s41598-020-58506-5,case_series,high
10.1038/s41598-020-62771-9,observational,high
10.1038/s41598-020-75406-w,case_series,high
10.1038/s41598-020-76438-y,non_randomized_trial,high
10.1038/s41598-020-62157-x,observational,high
10.1038/s41598-019-46249-x,other,high
10.1038/s41598-021-04764-w,other,high
10.1038/s41598-021-87018-z,observational,high
10.1038/s41598-020-77105-y,observational,high
10.1038/s41598-021-89834-9,case_series,high
10.1038/s41598-021-95087-3,case_series,medium
10.1038/s41598-021-86425-6,observational,high
10.1038/s41598-021-83660-9,observational,high
10.1038/s41598-023-28955-9,observational,high
10.1038/s41598-023-29329-x,observational,high
10.1038/s41598-023-32581-w,non_randomized_trial,high
10.1038/s41598-023-49402-9,case_series,high
10.1038/s41598-025-09379-z,observational,high
10.1038/s41598-024-52368-x,observational,high
10.1038/s41598-024-75651-3,observational,medium
10.1038/s41598-025-16438-y,observational,high
10.1038/s41598-025-27564-y,observational,high
10.1038/s41598-025-86609-4,observational,high
10.1038/s41598-026-49131-9,observational,high
10.1038/s41598-025-91324-1,observational,high
10.1038/s41598-025-85217-6,other,high
10.1038/s41746-025-01939-x,other,high
10.1038/s41598-026-46965-1,observational,high
10.1038/s41598-025-21230-z,other,high
10.1038/s41598-025-93313-w,other,high
10.1038/s41598-023-40364-6,other,high
10.1038/s44321-025-00258-8,observational,high
10.1038/s43856-024-00669-7,observational,high
10.1038/s43856-025-00827-5,observational,high
10.1038/s44324-025-00079-w,observational,high
10.1038/s44294-025-00120-9,observational,high
10.1038/sj.jhh.1001517,observational,high
10.1038/srep19171,observational,high
10.1038/s41598-026-40848-1,observational,high
10.1038/tp.2015.208,observational,high
10.1038/tp.2016.184,case_series,high
10.1038/sj.npp.1301005,observational,high
10.1038/srep34990,case_series,high
10.1038/tp.2017.44,case_series,high
10.1038/srep37846,non_randomized_trial,high
10.1039/c6mb00600k,observational,high
10.1038/tpj.2016.53,rct,high
10.1039/d2mo00124a,observational,high
10.1042/bcj20220016,other,medium
10.1042/bio03902010,observational,medium
10.1042/bcj20220154,other,high
10.1042/bst20170503,other,high
10.1042/cs084046p,observational,medium
10.1042/cs088025pb,case_series,medium
10.1042/bsr20180242,other,high
10.1042/cs0900295,case_series,high
10.1042/cs20020279,observational,high
10.1042/cs078034p,unclear,low
10.1042/cs0870655,observational,high
10.1042/cs20020354,observational,high
10.1039/d4fo04195j,other,high
10.1039/c8an01437j,observational,high
10.1042/cs20070274,observational,high
10.1042/cs20090055,observational,high
10.1038/s41598-026-51666-w,observational,high
10.1042/cs20160200,other,high
10.1042/cs20171330,other,high
10.1042/cs20090327,observational,high
10.1042/cs20110200,observational,high
10.1046/j.1360-0443.2001.9611159.x,other,high
10.1046/j.1365-2222.2003.01745.x,case_series,high
10.1042/cs20030246,observational,high
10.1046/j.1365-2249.2002.01912.x,observational,high
10.1046/j.1365-2249.2003.02149.x,case_series,high
10.1046/j.1365-2281.1999.00154.x,observational,high
10.1046/j.1365-2265.1999.00856.x,observational,high
10.1046/j.1365-2265.2000.01049.x,observational,high
10.1046/j.1365-2265.1998.00418.x,observational,high
10.1046/j.1365-2265.2001.01341.x,crossover,high
10.1046/j.1365-2281.2001.00321.x,observational,high
10.1046/j.1365-2362.1998.00373.x,observational,high
10.1046/j.1365-2362.1997.1120664.x,other,high
10.1046/j.1365-2362.2002.01058.x,crossover,high
10.1046/j.1365-2648.2001.00628.x,other,high
10.1046/j.1365-2648.2001.01767.x,case_series,high
10.1046/j.1365-2796.1999.00478.x,case_series,medium
10.1046/j.1365-2648.2003.02934.x,case_series,medium
10.1046/j.1365-2796.1999.00479.x,case_series,medium
10.1046/j.1365-2796.2000.00695.x,case_series,medium
10.1046/j.1365-2796.1999.00513.x,other,high
10.1046/j.1365-2796.2001.00890.x,observational,high
10.1046/j.1440-1614.1999.00532.x,case_series,high
10.1046/j.1440-1614.2000.0716b.x,other,low
10.1046/j.1440-0979.1999.00145.x,case_series,medium
10.1046/j.1440-1665.2003.00559.x,non_randomized_trial,high
10.1046/j.1440-1614.2001.00888.x,observational,high
10.1046/j.1440-1614.2002.01017.x,other,high
10.1046/j.1440-1665.2003.00569.x,case_series,high
10.1046/j.1440-1630.2003.00336.x,case_series,high
10.1046/j.1440-1754.2002.00786.x,case_series,high
10.1046/j.1365-2370.2001.00235.x,observational,high
10.1046/j.1440-1819.2003.01132.x,observational,high
10.1046/j.1468-1331.1999.610063.x,observational,high
10.1046/j.1533-2500.2002.02003.x,other,high
10.1042/cs20110241,observational,high
10.1046/j.1467-0658.2000.00065.x,case_series,high
10.1046/j.1475-097x.2003.00511.x,observational,high
10.1046/j.1601-5215.2003.00050.x,other,high
10.1051/medsci/2026036,other,high
10.1053/berh.2000.0113,other,high
10.1053/sarh.2001.27738,observational,high
10.1053/berh.2001.0191,other,high
10.1053/sarh.2002.34608,observational,high
10.1054/homp.2002.0009,case_series,high
10.1053/gast.2002.32392,other,high
10.1054/mehy.1998.0825,other,high
10.1054/mehy.1998.0780,other,high
10.1054/mehy.1998.0822,other,high
10.1054/mehy.1999.0964,other,high
10.1054/mehy.2001.1325,other,high
10.1053/sarh.2000.9201,observational,high
10.1054/mehy.2001.1507,other,high
10.1054/mehy.2001.1306,other,high
10.1055/a-0596-7981,case_series,high
10.1055/a-0802-9175,other,high
10.1055/a-1767-7695,other,high
10.1055/a-1935-6399,other,high
10.1055/a-1849-8953,other,medium
10.1055/a-1935-6658,other,high
10.1055/a-1972-9450,case_series,medium
10.1055/a-2197-6479,observational,high
10.1055/a-2212-2344,unclear,high
10.1055/a-2230-6195,other,high
10.1055/a-2231-5381,unclear,high
10.1055/a-1956-0321,case_series,high
10.1055/a-2445-8593,case_series,high
10.1055/a-2323-4108,other,high
10.1055/a-2323-9507,observational,high
10.1055/a-2678-7739,case_series,high
10.1055/a-2628-2844,case_series,high
10.1055/a-2773-9655,case_series,high
10.1055/a-2818-3438,unclear,low
10.1055/a-2701-7947,other,low
10.1055/a-2866-9127,other,high
10.1055/s-0031-1287654,other,high
10.1055/s-0032-1327706,other,high
10.1053/berh.1999.0032,other,high
10.1055/s-0031-1296741,case_series,high
10.1055/a-2823-6976,observational,high
10.1055/s-0035-1557320,non_randomized_trial,high
10.1055/s-0034-1395804,non_randomized_trial,high
10.1055/s-0029-1234284,other,high
10.1055/s-0035-1557385,observational,high
10.1055/s-0042-120962,other,high
10.1055/s-0035-1564060,case_series,high
10.1055/s-0043-100651,other,medium
10.1055/s-0044-1778972,unclear,low
10.1055/s-0042-121259,other,high
10.1055/s-2001-12681,other,high
10.1055/s-2005-865120,other,high
10.1055/s-2000-9429,other,high
10.1055/s-2006-946706,case_series,high
10.1055/s-2006-945639,other,low
10.1055/s-2007-964888,case_series,high
10.1055/s-2007-978690,observational,high
10.1055/s-2007-1015121,observational,high
10.1055/s-2007-996379,other,high
10.1055/s-2008-1040876,other,high
10.1056/id199811010000020,non_randomized_trial,medium
10.1056/id200012210000013,unclear,low
10.1056/id200910210000002,unclear,low
10.1056/jn200412300000004,unclear,low
10.1056/jn200309050000008,unclear,low
10.1056/jn200410210000007,observational,high
10.1056/jn200610310000006,unclear,low
10.1056/jp199511010000004,observational,high
10.1056/jp199509010000017,observational,medium
10.1056/jp199601010000020,case_series,medium
10.1056/jp199604010000010,unclear,low
10.1056/jp199606010000006,unclear,low
10.1056/jp199709010000016,non_randomized_trial,medium
10.1056/jp200004010000019,observational,medium
10.1056/jp200107260000004,case_series,medium
10.1056/jp200106210000013,unclear,low
10.1056/jp200305070000005,unclear,low
10.1056/jp200111150000002,observational,high
10.1056/jp200912140000004,unclear,low
10.1055/s-2005-872939,case_series,medium
10.1056/jp201103210000005,unclear,low
10.1056/jw199102120000005,case_series,low
10.1056/jw199205120000006,observational,low
10.1056/jw198808230000005,unclear,low
10.1056/jw199304130000001,observational,medium
10.1056/jw199511070000004,other,high
10.1056/jw199602090000002,non_randomized_trial,medium
10.1056/jw199511070000003,observational,medium
10.1056/jw199708120000007,unclear,low
10.1056/jw199810060000006,unclear,low
10.1056/jw200002220000002,observational,medium
10.1056/jw200910220000001,observational,medium
10.1056/jw201103010000004,non_randomized_trial,medium
10.1056/jw199410120000003,unclear,low
10.1056/nejm-jw.na37817,other,high
10.1056/nejm-jw.na49222,unclear,low
10.1056/nejm-jw.na46472,unclear,low
10.1056/nejm-jw.na40492,unclear,low
10.1056/nejm-jw.na44320,unclear,low
10.1056/nejm-jw.na43613,unclear,low
10.1056/nejm195708222570801,case_series,high
10.1056/nejm-jw.na37816,unclear,low
10.1056/nejm195708222570802,case_series,high
10.1056/nejm-jw.na48830,case_series,high
10.1056/nejm198812293192602,rct,high
10.1056/pa200211120000004,unclear,low
10.1056/pa200806250000003,case_series,high
10.1056/pa201201250000003,observational,high
10.1056/nejm198812293192608,unclear,low
10.1056/pa201205090000002,unclear,low
10.1056/nejm198907203210310,rct,high
10.1057/9781137467324_10,other,high
10.1057/9781137467324_13,other,high
10.1057/9781137467324_4,other,high
10.1057/9781137467324_3,other,low
10.1057/9781137467324_14,other,high
10.1057/9781137467324_11,other,high
10.1057/9781137467324_5,other,high
10.1057/9781137467324_15,other,high
10.1057/9781137467324_12,other,high
10.1057/9781137467324_8,case_series,high
10.1057/9781137467324_9,other,high
10.1057/9781137467324_7,observational,high
10.1063/5.0026633,observational,high
10.1063/1.2759765,observational,high
10.1067/mai.2003.1615,observational,high
10.1067/mpd.2002.122725,observational,high
10.1067/mhn.2002.129038,observational,high
10.1057/9781137467324,other,high
10.1067/moe.2000.107363,case_series,high
10.1071/hc19041,other,high
10.1071/py09023,other,high
10.1071/ah23106,observational,high
10.1071/py02030,observational,high
10.1071/py99020,other,high
10.1071/py09063,other,high
10.1073/pnas.1006901107,case_series,high
10.1073/pnas.1012441107,case_series,medium
10.1073/pnas.1012930107,other,high
10.1073/pnas.1012780107,other,high
10.1073/pnas.1119641109,unclear,high
10.1073/pnas.1615143113,observational,medium
10.1073/pnas.1607571113,observational,high
10.1073/pnas.1007944107,other,medium
10.1073/pnas.0913650107,other,high
10.1073/pnas.1703858114,other,high
10.1073/pnas.1618984114,other,high
10.1073/pnas.1710519114,observational,high
10.1073/pnas.1712475114,observational,medium
10.1073/pnas.1714011114,observational,medium
10.1073/pnas.2426874122,observational,high
10.1073/pnas.2415119121,observational,high
10.1073/pnas.2024358118,other,high
10.1073/pnas.2426564122,observational,high
10.1073/pnas.1616261113,other,high
10.1073/pnas.1901274116,case_series,high
10.1073/pnas.2507345122,observational,high
10.1073/pnas.1618447114,observational,medium
10.1075/ni.13.1.03bul,other,high
10.1073/pnas.2302738120,case_series,high
10.1076/clin.12.4.503.7237,observational,high
10.1067/mpd.2002.127496,,
10.1074/jbc.m201263200,case_series,high
10.1076/clin.15.2.210.1896,observational,high
10.1076/jcen.20.2.144.1160,observational,high
10.1076/jcen.21.5.709.875,observational,high
10.1080/00029157.2003.10403556,other,high
10.1080/00039899909602493,observational,high
10.1078/1438-4639-00103,non_randomized_trial,high
10.1080/00048670802534432,observational,high
10.1080/00050069908257428,observational,high
10.1073/pnas.88.7.2922,case_series,high
10.1080/00140138808966801,case_series,high
10.1080/00207450390200026,case_series,high
10.1080/00207411.1990.11449173,other,medium
10.1080/00325481.1994.11945923,other,high
10.1080/00365520701580397,case_series,medium
10.1080/00335630.2023.2291895,other,high
10.1080/00325481.1992.11701326,other,high
10.1080/00913847.1989.11709813,unclear,low
10.1080/00325481.1991.11700814,other,high
10.1080/00365521.2023.2173533,observational,high
10.1080/00913847.1989.11709812,other,medium
10.1080/00039890209601419,observational,high
10.1080/00926230701866232,observational,high
10.1080/01443619965174,case_series,high
10.1080/00207454.2019.1663189,non_randomized_trial,high
10.1080/016128400247979,observational,high
10.1080/01421590801946970,other,high
10.1080/01459740.2001.9966180,case_series,high
10.1080/0092623x.2013.864370,observational,high
10.1080/01688639608408290,observational,high
10.1080/01621459.2013.830071,observational,high
10.1080/01688639708403744,other,high
10.1080/00926230903065179,case_series,low
10.1080/0266736990150305,other,high
10.1080/02667363.2011.629461,other,high
10.1080/028134300453377,case_series,high
10.1080/01926187.2011.642651,other,high
10.1080/02691728.2023.2171748,other,high
10.1080/02699052.2025.2575479,observational,high
10.1080/02668734.2012.678644,other,high
10.1080/02813430500254034,case_series,high
10.1080/02813432.2026.2637743,case_series,high
10.1080/02813432.2023.2235609,other,high
10.1080/03069885.2014.987725,case_series,high
10.1080/0306988031000147884,case_series,medium
10.1080/03007995.2023.2242244,observational,high
10.1080/030097400750001798,observational,high
10.1080/07315724.2000.10718934,non_randomized_trial,high
10.1080/03630240802131965,observational,high
10.1080/073993300245249,other,high
10.1080/07399330600803741,observational,high
10.1080/073993300245258,case_series,high
10.1080/07399332.2012.684816,observational,high
10.1080/07399332.2019.1663195,case_series,high
10.1080/07399332.2018.1521811,case_series,medium
10.1080/07399330600803766,case_series,high
10.1080/07399332.2022.2043862,case_series,high
10.1080/07399330050082263,observational,high
10.1080/07407709908571322,other,high
10.1080/07399332.2014.962139,other,high
10.1080/07420528.2024.2380020,observational,high
10.1080/07481187.2020.1776789,case_series,high
10.1080/07853890.2023.2208372,observational,high
10.1080/07853890.2019.1683601,observational,high
10.1080/07399332.2021.1925900,other,high
10.1080/07481187.2022.2132551,observational,high
10.1080/08039488.2018.1493747,observational,high
10.1080/08039488.2024.2332442,observational,high
10.1080/08854726.2010.492713,other,high
10.1080/08870440108405506,other,high
10.1080/08870440290029575,observational,high
10.1080/08870440802403863,observational,high
10.1080/08870440701757393,case_series,high
10.1080/08870440701619957,observational,high
10.1080/08870440903494191,other,high
10.1080/08870446.2010.519769,observational,high
10.1080/08870446.2019.1579331,case_series,high
10.1080/08870446.2012.721882,case_series,high
10.1080/08870448908400373,case_series,high
10.1080/08870449808406134,case_series,high
10.1080/08870446.2023.2220009,case_series,high
10.1080/08870446.2013.863885,observational,high
10.1080/08870449208404293,case_series,medium
10.1080/08870449808407452,case_series,high
10.1080/08870449908407340,observational,high
10.1080/08870446.2016.1167209,observational,high
10.1080/08916930701197273,other,high
10.1080/08916930902736663,case_series,high
10.1080/08995601003638892,observational,high
10.1080/08989575.2016.1138359,case_series,medium
10.1080/09084282.2013.771264,case_series,high
10.1080/08964289.1996.9933767,case_series,high
10.1080/08964289.1995.9933737,other,high
10.1080/08964280903521370,case_series,high
10.1080/09540260600581852,other,high
10.1080/08923970802391525,other,high
10.1080/09540261.2016.1191448,other,high
10.1080/09553002.2018.1422871,other,high
10.1080/09593980701429406,non_randomized_trial,high
10.1080/09593985.2017.1331481,observational,high
10.1080/09540260600583015,other,medium
10.1080/09593980490424950,observational,high
10.1080/09638230021000058346,observational,high
10.1080/09638230124091,observational,high
10.1080/09638230500076165,observational,high
10.1080/09084282.2011.595448,observational,high
10.1080/09638230500136308,other,high
10.1080/09638230500136571,other,high
10.1080/09638230500136548,other,high
10.1080/09638230500136621,other,high
10.1080/09638280701654518,case_series,high
10.1080/09638288.2017.1383518,case_series,high
10.1080/09638288.2018.1499822,case_series,high
10.1080/09638288.2022.2059112,other,low
10.1080/09638239917274,observational,high
10.1080/09638288.2018.1481149,other,high
10.1080/09638288.2022.2135776,other,high
10.1080/09638288.2022.2043462,observational,high
10.1080/09687599.2012.669107,case_series,medium
10.1080/09638288.2021.1949049,observational,high
10.1080/09638280802652015,observational,high
10.1080/09687599.2013.796876,other,high
10.1080/09687599.2025.2492653,other,high
10.1080/10253890601130823,other,high
10.1080/10304312.2013.794190,case_series,medium
10.1080/10284150400004148,other,high
10.1080/10284150310001640356,observational,high
10.1080/10503307.2010.535571,observational,high
10.1080/10573320802092039,non_randomized_trial,high
10.1080/10582450801960255,other,high
10.1080/10582450802161838,observational,high
10.1080/10582450802479784,other,high
10.1080/10810730.2024.2369810,other,high
10.1080/10615806.2014.888060,observational,high
10.1080/10833196.2017.1300624,other,high
10.1080/10833196.2025.2459537,other,high
10.1080/10833196.2017.1327131,other,high
10.1080/10852352.2014.973233,observational,high
10.1080/10550887.2025.2541133,observational,high
10.1080/10852352.2014.973237,other,high
10.1080/10852352.2014.973239,case_series,high
10.1080/10852352.2014.973240,case_series,high
10.1080/10852352.2014.973235,case_series,medium
10.1080/10852352.2014.973238,observational,medium
10.1080/10911359.2012.707896,observational,high
10.1080/10911359.2015.1011256,other,high
10.1080/10926771.2011.566035,observational,high
10.1080/11038128.2018.1455895,case_series,high
10.1080/109158199225116,case_series,medium
10.1080/11038128.2023.2200580,observational,high
10.1080/10852352.2014.973242,observational,medium
10.1080/135468098396099,observational,high
10.1080/13548500701335698,observational,high
10.1080/13543784.2023.2242773,other,high
10.1080/13548506.2014.951370,observational,high
10.1080/1354850310001604568,observational,high
10.1080/13548506.2025.2495891,case_series,high
10.1080/13548506.2025.2606183,other,high
10.1080/13548506.2011.582124,observational,high
10.1080/13548506.2023.2195670,observational,high
10.1080/13557850500138613,observational,high
10.1080/13590840310001642003,case_series,high
10.1080/13590840050000852,observational,high
10.1080/13590840120103085,case_series,high
10.1080/13590840600681751,observational,high
10.1080/13590840400010284,observational,high
10.1080/13590849961492,observational,high
10.1080/13590849961690,observational,medium
10.1080/13590849961834,non_randomized_trial,high
10.1080/13648470.1999.9964583,other,high
10.1080/13648470.1998.9964567,other,high
10.1080/1369118x.2012.656139,case_series,medium
10.1080/13603110903045996,other,high
10.1080/13803390490510095,other,high
10.1080/13623699808409384,other,high
10.1080/13803395.2016.1230180,observational,high
10.1080/13803395.2012.668176,observational,high
10.1080/14427591.2013.804619,case_series,high
10.1080/13854040802441135,case_series,high
10.1080/1464936042000317730,case_series,high
10.1080/14680777.2019.1595694,other,high
10.1080/14733140600711955,non_randomized_trial,high
10.1080/14733140701526294,non_randomized_trial,high
10.1080/14737159.2020.1681976,observational,low
10.1080/14737175.2025.2516097,other,high
10.1080/14768320701246469,other,high
10.1080/14768320600774595,observational,high
10.1080/14768320600976224,case_series,high
10.1080/15438629609512057,case_series,high
10.1080/15502783.2025.2517278,other,high
10.1080/15438620500222562,observational,high
10.1080/15438620601184331,observational,medium
10.1080/14780887.2011.616621,case_series,high
10.1080/15592294.2018.1549769,observational,high
10.1080/15622970701310971,other,high
10.1080/16506070410025823,other,high
10.1080/17402520600568252,other,high
10.1080/17405904.2013.829114,other,high
10.1080/1744666x.2022.2116002,other,high
10.1080/17468840701680413,observational,high
10.1080/17482631.2020.1764830,other,high
10.1080/17482631.2022.2146244,case_series,high
10.1080/17482631.2025.2595829,case_series,high
10.1080/17482631.2023.2223420,case_series,high
10.1080/17533010903495306,case_series,high
10.1080/17843286.1994.11718404,other,high
10.1080/17843286.2016.1200816,observational,high
10.1080/17843286.2016.1165396,observational,high
10.1080/17843286.2016.1196862,other,high
10.1080/19404159909546606,case_series,high
10.1080/19371910802053232,observational,high
10.1080/19490976.2016.1256524,observational,high
10.1080/21507740.2013.796325,other,high
10.1080/17513758.2012.704083,other,high
10.1080/21548331.1997.11443513,other,high
10.1080/20013078.2018.1453730,case_series,high
10.1080/21641846.2012.733602,other,medium
10.1080/21507740.2013.806376,other,low
10.1080/21641846.2013.795085,other,high
10.1080/21635781.2016.1175980,observational,high
10.1080/21641846.2013.774556,observational,high
10.1080/21641846.2013.812831,other,high
10.1080/21641846.2013.828960,other,high
10.1080/21641846.2013.843255,observational,high
10.1080/21641846.2013.838444,observational,high
10.1080/21641846.2013.862993,observational,high
10.1080/21641846.2014.892755,non_randomized_trial,high
10.1080/21641846.2014.906066,other,high
10.1080/21641846.2014.928014,observational,high
10.1080/21641846.2014.904066,non_randomized_trial,high
10.1080/21641846.2014.978109,observational,high
10.1080/21641846.2014.935607,other,high
10.1080/21641846.2014.978110,observational,high
10.1080/21641846.2015.1004831,other,high
10.1080/21641846.2015.1017344,observational,medium
10.1080/21641846.2013.860779,other,high
10.1080/21641846.2015.1023652,observational,high
10.1080/21641846.2015.1024003,other,high
10.1080/21641846.2014.993873,non_randomized_trial,high
10.1080/21641846.2015.1033271,observational,high
10.1080/21641846.2015.1024004,observational,high
10.1080/21641846.2015.1035519,other,high
10.1080/21641846.2015.1039289,observational,high
10.1080/21641846.2015.1091152,observational,high
10.1080/21641846.2015.1090816,case_series,high
10.1080/21641846.2015.1106176,observational,high
10.1080/21641846.2015.1041336,observational,medium
10.1080/21641846.2015.1051291,observational,high
10.1080/21641846.2015.1126025,other,high
10.1080/21641846.2015.1097102,observational,high
10.1080/21641846.2015.1126026,observational,high
10.1080/21641846.2016.1167470,observational,high
10.1080/21641846.2016.1200884,other,medium
10.1080/21641846.2016.1160598,other,high
10.1080/21641846.2016.1206176,observational,medium
10.1080/21641846.2016.1207400,observational,high
10.1080/21641846.2016.1205876,rct,high
10.1080/21641846.2016.1217666,non_randomized_trial,medium
10.1080/21641846.2015.1124520,observational,high
10.1080/21641846.2017.1259724,other,high
10.1080/21641846.2016.1247971,case_series,high
10.1080/21641846.2016.1250862,observational,high
10.1080/21641846.2016.1222699,non_randomized_trial,high
10.1080/21641846.2016.1236588,case_series,high
10.1080/21641846.2017.1273863,other,high
10.1080/21641846.2017.1288629,observational,high
10.1080/21641846.2017.1278634,non_randomized_trial,high
10.1080/21641846.2017.1287546,observational,high
10.1080/21641846.2017.1280114,observational,high
10.1080/21641846.2017.1299079,observational,high
10.1080/21641846.2017.1311824,other,high
10.1080/21641846.2017.1299077,observational,high
10.1080/21641846.2017.1322235,case_series,high
10.1080/21641846.2017.1321166,observational,high
10.1080/21641846.2017.1322236,observational,high
10.1080/21641846.2017.1323576,observational,high
10.1080/21641846.2017.1333185,other,high
10.1080/21641846.2017.1299358,other,high
10.1080/21641846.2017.1335237,observational,high
10.1080/21641846.2017.1353578,observational,high
10.1080/21641846.2017.1343171,non_randomized_trial,medium
10.1080/21641846.2017.1297280,observational,high
10.1080/21641846.2017.1362750,unclear,low
10.1080/21641846.2017.1362780,other,high
10.1080/21641846.2018.1384095,observational,high
10.1080/21641846.2018.1419553,observational,high
10.1080/21641846.2018.1389336,other,high
10.1080/21641846.2018.1426086,observational,high
10.1080/21641846.2018.1453265,case_series,medium
10.1080/21641846.2018.1453919,observational,high
10.1080/21641846.2018.1426371,observational,high
10.1080/21641846.2018.1503125,observational,high
10.1080/21641846.2018.1488525,observational,high
10.1080/21641846.2018.1494530,observational,high
10.1080/21641846.2018.1515583,observational,high
10.1080/21641846.2019.1580855,other,high
10.1080/21641846.2018.1524216,observational,high
10.1080/21641846.2019.1600825,observational,high
10.1080/21641846.2019.1653471,observational,high
10.1080/21641846.2019.1629760,observational,high
10.1080/21641846.2019.1652417,observational,high
10.1080/21641846.2019.1687117,observational,high
10.1080/21641846.2020.1718292,other,high
10.1080/21641846.2020.1757809,other,high
10.1080/21641846.2019.1692770,case_series,high
10.1080/21641846.2020.1751455,case_series,high
10.1080/21641846.2020.1827503,observational,medium
10.1080/21641846.2020.1816879,other,high
10.1080/21641846.2020.1834295,other,high
10.1080/21641846.2020.1845287,observational,high
10.1080/21641846.2021.1878716,other,high
10.1080/21641846.2021.1890347,other,high
10.1080/21641846.2021.1915131,observational,high
10.1080/21641846.2020.1793058,other,high
10.1080/21641846.2020.1848262,other,high
10.1080/21641846.2021.1876613,case_series,high
10.1080/21641846.2021.1922140,observational,high
10.1080/21641846.2021.1935373,other,high
10.1080/21641846.2021.1950406,observational,high
10.1080/21641846.2021.1956223,other,high
10.1080/21641846.2021.1969800,case_series,high
10.1080/21641846.2021.1994222,case_series,medium
10.1080/21641846.2021.1976560,other,high
10.1080/21641846.2022.2038519,rct,high
10.1080/21641846.2021.1905415,observational,high
10.1080/21641846.2022.2108628,observational,high
10.1080/21641846.2022.2124775,other,high
10.1080/21641846.2022.2062169,other,high
10.1080/21641846.2022.2124064,other,high
10.1080/21641846.2022.2150487,other,high
10.1080/21641846.2023.2175579,observational,high
10.1080/21641846.2023.2239977,observational,high
10.1080/21641846.2022.2128576,other,high
10.1080/21641846.2023.2252613,other,high
10.1080/21641846.2023.2245584,case_series,high
10.1080/21641846.2023.2175521,rct,high
10.1080/21641846.2023.2286029,observational,high
10.1080/21641846.2024.2314409,observational,medium
10.1080/21641846.2024.2303887,observational,high
10.1080/21641846.2024.2322915,observational,medium
10.1080/21641846.2024.2350301,observational,high
10.1080/21641846.2024.2367921,case_series,high
10.1080/21641846.2024.2335861,other,high
10.1080/21641846.2024.2433390,other,high
10.1080/21641846.2024.2444826,case_series,high
10.1080/21641846.2026.2671625,observational,high
10.1080/21641846.2024.2306801,rct,high
10.1080/21641846.2026.2684907,non_randomized_trial,high
10.1080/21641846.2025.2513807,other,high
10.1080/21642850.2014.1000908,other,high
10.1080/21641846.2025.2556941,other,high
10.1080/21641846.2019.1675856,unclear,low
10.1080/22201173.2014.936754,case_series,high
10.1080/21641846.2026.2688051,observational,high
10.1080/21642850.2015.1014489,observational,medium
10.1080/23279095.2018.1519509,non_randomized_trial,high
10.1080/23311908.2015.1079945,observational,high
10.1080/23311908.2025.2517870,case_series,high
10.1080/25785826.2024.2445399,case_series,high
10.1080/21642850.2015.1027706,other,high
10.1080/23279095.2024.2434557,observational,high
10.1080/27707571.2024.2359958,case_series,high
10.1080/j.1440-1614.2000.00810.x,other,high
10.1080/j003v17n02_05,case_series,high
10.1080/j003v17n02_04,other,high
10.1080/j354v16n04_15,other,high
10.1080/j003v19n04_02,case_series,high
10.1080/j003v18n03_03,other,high
10.1080/j354v18n01_09,other,high
10.1081/cbi-100101035,observational,high
10.1081/erc-200035599,observational,high
10.1081/cbi-100103194,observational,high
10.1080/j354v20n03_19,other,high
10.1081/txr-120026913,case_series,high
10.1086/324357,observational,high
10.1086/319362,other,high
10.1086/341774,observational,high
10.1086/339194,observational,high
10.1081/iph-120026435,other,high
10.1086/367666,case_series,medium
10.1086/513627,case_series,high
10.1080/21642850.2013.869176,,
10.1086/374666,case_series,high
10.1086/533471,observational,high
10.1086/657167,observational,high
10.1086/517373,case_series,high
10.1086/533453,observational,high
10.1086/730432,other,high
10.1086/657168,observational,high
10.1088/0967-3334/33/2/231,observational,high
10.1086/736031,other,high
10.1089/acm.2006.12.857,non_randomized_trial,high
10.1089/10799900252952235,case_series,high
10.1089/acm.2008.0496,observational,high
10.1089/acm.2008.0376,other,high
10.1089/acm.2014.0055,case_series,high
10.1088/1758-5090/adf66c,other,high
10.1089/acu.2007.0601,case_series,high
10.1089/acu.2013.1009,case_series,high
10.1089/aid.2011.0149,observational,high
10.1089/aid.2012.0014,observational,high
10.1086/313908,,
10.1089/acm.2010.0258,other,high
10.1089/ars.2020.8230,observational,high
10.1089/ars.2014.6181,rct,high
10.1089/ars.2022.0018,non_randomized_trial,high
10.1089/brain.2022.0049,observational,high
10.1089/brain.2015.0366,observational,high
10.1089/brain.2017.0549,observational,high
10.1089/cpb.2009.0002,observational,high
10.1089/109662002763003366,other,high
10.1089/jmf.2014.7000,other,high
10.1089/jir.2016.29001.rjs,case_series,medium
10.1089/jwh.1998.7.1135,observational,high
10.1089/cmb.2007.0041,other,high
10.1089/jmf.2005.8.47,other,high
10.1089/jwh.2009.1507,observational,high
10.1089/jir.1997.17.377,case_series,high
10.1089/jwh.2009.1697,observational,high
10.1089/nsm.2019.0009,observational,high
10.1089/whr.2022.0052,case_series,high
10.1093/abm/16.3.228,observational,high
10.1093/aje/kwf187,observational,high
10.1093/aje/153.6.604,observational,high
10.1093/aje/kwx029,observational,high
10.1089/ars.2013.5346,observational,high
10.1093/arclin/10.4.348,unclear,low
10.1093/arclin/10.4.376,case_series,high
10.1093/annhyg/meg042,observational,high
10.1093/bja/aen242,case_series,high
10.1093/bjsopen/zrab032,observational,medium
10.1093/bmb/ldv057,other,high
10.1093/brain/awag016,other,high
10.1093/bioinformatics/btz686,other,high
10.1093/brain/awn140,non_randomized_trial,high
10.1093/brain/awn208,other,high
10.1093/bmb/ldr010,other,high
10.1093/brain/awh225,observational,high
10.1093/brain/awn358,other,high
10.1093/brain/awn207,non_randomized_trial,high
10.1093/braincomms/fcag101,observational,high
10.1093/braincomms/fcaa070,observational,high
10.1093/braincomms/fcag173,observational,high
10.1093/cdj/bsm043,other,high
10.1093/cdn/nzac062.014,observational,high
10.1093/cid/ciab075,unclear,low
10.1093/cid/ciaa1886,observational,high
10.1093/cid/ciae632,observational,high
10.1093/cid/ciaf624,observational,high
10.1093/cid/ciag240,other,high
10.1089/jwh.2009.1900,,
10.1093/cid/cit086,observational,high
10.1093/cid/ciw767,observational,high
10.1093/clind/15.6.1049,observational,medium
10.1093/clinids/13.supplement_1.s119,other,high
10.1093/clinids/13.supplement_1.s112,other,high
10.1093/clinids/13.supplement_1.s114,other,high
10.1093/cid/civ699,other,medium
10.1093/clinids/13.supplement_1.s109,case_series,medium
10.1093/clinids/13.supplement_1.s123,other,high
10.1093/clinids/13.supplement_1.s138,other,high
10.1093/clinids/13.supplement_1.s12,case_series,medium
10.1093/clinids/13.supplement_1.s26,observational,medium
10.1093/clinids/13.supplement_1.s19,other,high
10.1093/clinids/13.supplement_1.s45,other,high
10.1093/clinids/13.supplement_1.s39,case_series,high
10.1093/clinids/13.supplement_1.s56,other,high
10.1093/clinids/13.supplement_1.s60,other,high
10.1093/clinids/13.supplement_1.s73,other,high
10.1093/clinids/13.supplement_1.s32,observational,high
10.1093/clinids/13.supplement_1.s87,other,high
10.1093/clinids/13.supplement_1.s68,other,high
10.1093/clinids/13.supplement_1.s8,case_series,high
10.1093/clinids/13.supplement_1.s90,other,high
10.1089/jwh.2008.1255,,
10.1093/clinids/13.supplement_1.s94,other,high
10.1093/clinids/17.6.1074,case_series,high
10.1093/clinids/13.supplement_1.s98,other,high
10.1093/clinids/14.2.623,case_series,high
10.1093/clinids/18.supplement_1.s111,non_randomized_trial,medium
10.1093/clinids/18.supplement_1.s105,non_randomized_trial,high
10.1093/clinids/18.supplement_1.s112-a,non_randomized_trial,medium
10.1093/cid/civ470,,
10.1093/clinids/18.supplement_1.s11,observational,high
10.1093/clinids/18.supplement_1.s115,unclear,medium
10.1093/clinids/18.supplement_1.s126,observational,high
10.1093/clinids/18.supplement_1.s114,non_randomized_trial,high
10.1093/clinids/18.supplement_1.s142,observational,high
10.1093/clinids/18.supplement_1.s136,observational,high
10.1093/clinids/18.supplement_1.s130,other,low
10.1093/clinids/18.supplement_1.s147,observational,high
10.1093/clinids/18.supplement_1.s157,case_series,high
10.1093/clinids/18.supplement_1.s121,case_series,high
10.1093/clinids/18.supplement_1.s166,other,high
10.1093/clinids/18.supplement_1.s16,other,high
10.1093/clinids/18.supplement_1.s160,case_series,low
10.1093/clinids/18.supplement_1.s3,other,high
10.1093/clinids/18.supplement_1.s28,case_series,high
10.1093/clinids/18.supplement_1.s21,case_series,high
10.1093/clinids/18.supplement_1.s32,case_series,high
10.1093/clinids/18.supplement_1.s43,case_series,high
10.1093/clinids/18.supplement_1.s54-a,observational,medium
10.1093/clinids/18.supplement_1.s54-b,observational,high
10.1093/clinids/18.supplement_1.s49,observational,high
10.1093/clinids/18.supplement_1.s54,case_series,medium
10.1093/clinids/18.supplement_1.s57,other,medium
10.1093/clinids/18.supplement_1.s62,case_series,medium
10.1093/clinids/18.supplement_1.s55,case_series,high
10.1093/clinids/18.supplement_1.s68,observational,high
10.1093/clinids/18.supplement_1.s73,observational,high
10.1093/clinids/18.supplement_1.s84,other,medium
10.1093/clinids/18.supplement_1.s7,other,high
10.1093/clinids/18.supplement_1.s96,non_randomized_trial,high
10.1093/clinids/19.3.448,observational,high
10.1093/clinids/18.supplement_1.s86,observational,medium
10.1093/clinids/18.supplement_1.s86-a,observational,high
10.1093/clinids/18.supplement_1.s88,rct,high
10.1093/clinids/20.2.467,case_series,high
10.1093/clinids/19.5.860,observational,high
10.1093/clinids/19.4.804,observational,medium
10.1093/clinids/20.5.1390,case_series,high
10.1093/clinids/21.3.708-a,case_series,high
10.1093/clinids/21.5.1204,observational,high
10.1093/clinids/23.2.385,observational,high
10.1093/ecco-jcc/jjad212.0067,observational,high
10.1093/eurheartj/eht310.p5066,observational,high
10.1093/ehjcr/ytaf425,case_series,high
10.1093/ecam/nek012,other,high
10.1093/clinids/21.6.1386,observational,high
10.1093/ecam/nen017,other,high
10.1093/eurheartj/suab133.018,case_series,high
10.1093/eurheartj/suac012.408,case_series,high
10.1093/ecam/nep208,other,high
10.1093/europace/eum235,case_series,high
10.1093/ecam/neh020,other,high
10.1093/eurpub/ckae144.1317,observational,high
10.1093/eurheartj/ehz746.0311,observational,high
10.1093/eurpub/ckaf161.1581,observational,high
10.1093/eurpub/ckp113,observational,high
10.1093/fampra/16.6.602,observational,high
10.1093/fampra/13.1.106,case_series,high
10.1093/fampra/cmac060,case_series,high
10.1093/fampra/10.1.14,other,high
10.1093/fampra/cmi019,observational,high
10.1093/fampra/cmn064,observational,high
10.1093/fampra/cmi021,observational,high
10.1093/fampra/cmr016,case_series,medium
10.1093/hmg/ddaa169,other,high
10.1093/fampra/cmt081,observational,high
10.1093/fampra/7.2.152,unclear,high
10.1093/hmg/4.4.751,case_series,high
10.1093/hsw/hlx029,other,high
10.1093/humrep/17.10.2715,observational,high
10.1093/infdis/159.2.362,case_series,medium
10.1093/ije/dyp147,observational,high
10.1093/ijnp/pyae059.104,observational,high
10.1093/infdis/160.4.722-a,other,high
10.1093/infdis/170.1.1,other,high
10.1093/infdis/165.6.994,observational,high
10.1093/infdis/173.2.460,observational,high
10.1093/infdis/jir612,observational,high
10.1093/intimm/dxt068,observational,high
10.1093/jimmun/vkaf087,observational,high
10.1093/jimmun/vkaf283.2111,observational,high
10.1093/infdis/175.1.136,case_series,high
10.1093/jimmun/vkaf283.2434,observational,high
10.1093/jpepsy/jsaf048,observational,high
10.1093/jpepsy/jsag007,other,high
10.1093/infdis/165.1.184,unclear,low
10.1093/jpepsy/jsl032,observational,high
10.1093/jpepsy/jsq104,other,high
10.1093/jimmun/vkaf283.149,other,high
10.1093/jpepsy/jsr042,other,high
10.1093/infdis/172.5.1364,observational,high
10.1093/med/9780198713005.003.0131,other,high
10.1093/med/9780198962137.001.0001,other,high
10.1093/occmed/47.4.217,other,high
10.1093/occmed/kqi012,other,high
10.1093/occmed/kqq091,other,high
10.1093/occmed/kqz108,observational,high
10.1093/med/9780197575390.003.0007,other,high
10.1093/occmed/kqi015,other,high
10.1093/occmed/kqi014,other,high
10.1093/occmed/kqi013,other,high
10.1093/ofid/ofae080,other,high
10.1093/ofid/ofae631.2132,observational,high
10.1093/ofid/ofae631.2514,case_series,high
10.1093/ofid/ofag209,observational,high
10.1093/oxfimm/iqaf010,case_series,high
10.1093/oxfimm/iqag007,observational,high
10.1093/oxfimm/iqad003,rct,high
10.1093/ofid/ofaf695.1837,observational,high
10.1093/oso/9780198801740.003.0051,other,high
10.1093/oxfordjournals.aje.a009562,observational,high
10.1093/oxfordjournals.bjsw.a011264,other,high
10.1093/oxfordjournals.aje.a009911,other,high
10.1093/oxfordhb/9780198817338.013.72,other,high
10.1093/oxfordjournals.bmb.a072511,case_series,medium
10.1093/oxfordjournals.bmb.a072520,other,high
10.1093/oxfordjournals.epirev.a017977,other,high
10.1093/pm/pnaa068,case_series,high
10.1093/oxfordjournals.pubmed.a024516,other,high
10.1093/pm/pnaa410,observational,high
10.1093/oxfordjournals.bmb.a072523,other,high
10.1093/pm/pnab308,observational,high
10.1093/oxfordjournals.bmb.a072522,other,high
10.1093/qjmed/91.7.465,observational,high
10.1093/qjmed/95.10.677,rct,high
10.1093/qjmed/95.8.539,observational,high
10.1093/qjmed/90.3.223,observational,high
10.1093/qjmed/95.8.527,observational,high
10.1093/qjmed/hch032,observational,high
10.1093/qjmed/91.7.475,observational,high
10.1093/qjmed/hch067,other,low
10.1093/qjmed/hcg018,observational,high
10.1093/qjmed/hcm057,observational,high
10.1093/qjmed/hcg057,unclear,low
10.1093/qjmed/hcn123,observational,high
10.1093/qjmed/hcq113,case_series,high
10.1093/qjmed/hcq140,case_series,high
10.1093/qjmed/hcq094,observational,high
10.1093/qjmed/hcl063,rct,high
10.1093/qjmed/hcs085,observational,high
10.1093/qjmed/hcr029,observational,high
10.1093/qjmed/hcs003,case_series,high
10.1093/qjmed/hcs156,other,high
10.1093/qjmed/hcu037,observational,high
10.1093/rheumatology/35.5.471,case_series,high
10.1093/rheumatology/keu106.010,other,high
10.1093/qjmed/hct169,observational,medium
10.1093/sleep/27.5.973,observational,high
10.1093/rheumatology/40.7.806,observational,high
10.1093/sleep/26.3.324,observational,high
10.1093/sleep/30.5.657,observational,high
10.1093/sleep/34.5.671,observational,high
10.1093/sleep/19.3.200,observational,high
10.1093/sleepj/zsx050.657,observational,high
10.1093/sleep/zsae243,observational,high
10.1093/toxsci/kfr009,non_randomized_trial,high
10.1093/sleep/zsag090,observational,high
10.1093/sleep/zsad077.0948,observational,high
10.1096/fasebj.11.13.9367343,other,high
10.1093/sleep/zsy061.279,observational,high
10.1096/fasebj.20.5.a1102,case_series,high
10.1096/fasebj.20.5.lb124-a,observational,high
10.1096/fasebj.2021.35.s1.03298,other,high
10.1093/sleep/zsad077.0025,other,high
10.1096/fasebj.21.6.a767-c,case_series,high
10.1096/fasebj.23.1_supplement.lb202,observational,high
10.1096/fasebj.2020.34.s1.09487,case_series,high
10.1096/fasebj.28.1_supplement.628.16,observational,high
10.1096/fasebj.26.1_supplement.1035.20,observational,high
10.1096/fasebj.30.1_supplement.lb459,observational,high
10.1096/fasebj.21.5.a377-c,other,high
10.1096/fasebj.22.1_supplement.897.13,other,high
10.1096/fasebj.26.1_supplement.678.10,non_randomized_trial,high
10.1096/fasebj.29.1_supplement.1055.34,observational,high
10.1096/fasebj.31.1_supplement.lb789,observational,high
10.1097/00000441-199902000-00006,other,high
10.1097/00000441-200007000-00001,observational,high
10.1097/00000441-199201000-00007,other,medium
10.1097/00000441-200002000-00004,observational,high
10.1097/00000441-200308000-00001,observational,high
10.1097/00000441-200103000-00001,observational,high
10.1097/00000441-200702000-00003,case_series,high
10.1097/00001432-199210000-00004,other,low
10.1097/00000446-200001000-00004,case_series,high
10.1097/00000446-199805000-00010,unclear,low
10.1097/00001504-199503000-00005,observational,medium
10.1097/00001504-199104000-00006,other,medium
10.1097/00001504-199204000-00005,other,high
10.1097/00000441-200606000-00001,observational,high
10.1097/00001504-199611000-00013,other,medium
10.1097/00001504-199911000-00024,other,high
10.1097/00001504-200301000-00005,other,high
10.1097/00001504-200303000-00014,other,high
10.1097/00001721-199910000-00006,case_series,medium
10.1097/00001574-199212000-00010,other,high
10.1097/00001721-200010000-00013,case_series,high
10.1097/00001756-200412030-00002,observational,high
10.1097/00002060-199803000-00018,other,high
10.1097/00002060-200211001-00011,other,medium
10.1097/00001756-199804200-00036,observational,high
10.1097/00001756-200302100-00013,observational,high
10.1097/00002281-199803000-00002,observational,medium
10.1097/00002281-199603000-00013,other,medium
10.1097/00002281-199110000-00018,other,high
10.1097/00002281-199002020-00007,other,low
10.1097/00002371-199311000-00031,non_randomized_trial,medium
10.1097/00003072-199904000-00036,case_series,high
10.1097/00003072-199408000-00005,case_series,high
10.1097/00002508-200207000-00008,observational,high
10.1097/00002281-200103000-00005,observational,medium
10.1097/00002800-200309000-00008,case_series,high
10.1097/00004583-199912000-00012,case_series,high
10.1097/00004583-200502000-00007,observational,high
10.1097/00004691-199503000-00009,observational,high
10.1097/00004703-199908000-00010,other,high
10.1097/00004650-199804000-00010,other,high
10.1097/00004850-199701000-00007,non_randomized_trial,high
10.1097/00004703-200108000-00004,case_series,high
10.1097/00005053-199706000-00001,observational,high
10.1097/00005053-199701000-00010,unclear,low
10.1097/00005053-200009000-00002,observational,high
10.1097/00005053-199710000-00003,observational,high
10.1097/00005053-200305000-00008,observational,high
10.1097/00005768-199705001-01190,case_series,high
10.1097/00004703-200010000-00003,observational,high
10.1097/00005650-199609000-00005,observational,high
10.1097/00005768-199711000-00034,other,high
10.1097/00005053-200110000-00008,observational,high
10.1097/00005053-199909000-00006,observational,high
10.1097/00005768-199805001-00436,case_series,high
10.1097/00005768-199805001-00912,observational,high
10.1097/00005768-199805001-00914,observational,medium
10.1097/00005768-199905001-02055,case_series,high
10.1097/00005768-199809000-00001,case_series,high
10.1097/00005768-200105001-00486,observational,high
10.1097/00005768-199805001-00913,observational,high
10.1097/00005768-200109000-00007,observational,high
10.1097/00005768-200201000-00009,observational,high
10.1097/00005768-200105001-00739,observational,high
10.1097/00005768-200205001-00409,case_series,high
10.1097/00005768-200205001-01189,rct,high
10.1097/00005768-200207000-00027,other,high
10.1097/00005768-200207000-00026,case_series,high
10.1097/00005768-200210000-00023,other,high
10.1097/00005768-200305001-01299,observational,high
10.1097/00005768-200305001-01302,observational,high
10.1097/00005768-200305001-01301,observational,high
10.1097/00005768-200305001-01606,observational,high
10.1097/00005768-200305001-00665,observational,high
10.1097/00005768-200305001-01303,non_randomized_trial,high
10.1097/00005768-200305001-01607,observational,high
10.1097/00005768-200405001-00765,non_randomized_trial,high
10.1097/00005768-200505001-01200,observational,high
10.1097/00006199-199705000-00004,observational,high
10.1097/00006231-199811000-00006,case_series,high
10.1097/00006454-198910000-00022,case_series,high
10.1097/00006416-200411000-00005,observational,medium
10.1097/00006324-199210000-00011,observational,high
10.1097/00006324-199708000-00027,observational,high
10.1097/00006842-199409000-00001,observational,high
10.1097/00006231-200108000-00054,observational,medium
10.1097/00006842-199411000-00006,observational,high
10.1097/00006842-199209000-00003,observational,medium
10.1097/00006842-199507000-00002,observational,high
10.1097/00006842-199601000-00007,observational,high
10.1097/00006842-199805000-00022,observational,high
10.1097/00006842-199601000-00008,observational,high
10.1097/00006842-199807000-00003,observational,high
10.1097/00006842-199811000-00017,observational,high
10.1097/00006842-199701000-00008,observational,high
10.1097/00006842-200005000-00018,observational,high
10.1097/00006842-200009000-00009,observational,high
10.1097/00006842-200109000-00009,observational,high
10.1097/00007611-199404000-00008,observational,high
10.1097/00007611-199107000-00005,observational,high
10.1097/00006842-200111000-00012,observational,high
10.1097/00006842-200203000-00015,observational,high
10.1097/00006842-200203000-00016,observational,high
10.1097/00007611-199510000-00001,other,high
10.1097/00006842-199711000-00006,observational,high
10.1097/00019048-199702000-00010,case_series,high
10.1097/00019048-199706050-00010,case_series,high
10.1097/00019048-199705000-00005,other,low
10.1097/00019616-199905000-00003,other,medium
10.1097/00006842-199905000-00009,observational,high
10.1097/00013542-199701000-00003,other,high
10.1097/00020840-200006000-00024,other,high
10.1097/00019048-200203000-00001,other,high
10.1097/00041444-200109000-00003,observational,high
10.1097/00043764-199906000-00010,observational,medium
10.1097/00043764-199601000-00003,case_series,high
10.1097/00043764-200006000-00012,observational,high
10.1097/00045415-199805000-00008,observational,medium
10.1097/00019616-200211000-00008,other,medium
10.1097/01.jcp.0000193483.89260.a7,case_series,medium
10.1097/00135124-200511000-00008,other,high
10.1097/00124743-199904000-00004,case_series,high
10.1097/01.cnj.0000306004.27747.ce,other,high
10.1097/01.ju.0001008584.88541.ff.01,observational,high
10.1097/00075197-200004000-00010,other,high
10.1097/01.mpg.0000215310.71040.c0,case_series,high
10.1097/01.jcp.0000253315.66210.22,other,high
10.1097/01.nmd.0000066155.65473.26,observational,high
10.1097/01.nrl.0000038586.58012.4c,other,high
10.1097/01.nrl.0000106921.76055.24,other,high
10.1097/01.nurse.0000657068.67389.47,other,high
10.1097/01.psy.0000038937.67401.61,observational,high
10.1097/01.psy.0000033125.08272.a9,observational,high
10.1097/01.psy.0000038942.33335.9b,observational,high
10.1097/01.naj.0000737248.67484.2e,unclear,high
10.1097/01.psy.0000116249.60477.e9,rct,high
10.1097/01.psy.0000088587.29901.69,observational,high
10.1097/01.psy.0000079408.62277.3d,observational,high
10.1097/01.psy.0000138116.12495.a2,observational,high
10.1097/01.psy.0000161207.73744.4e,observational,high
10.1097/01.psy.0000161206.55324.8a,observational,high
10.1097/01.psy.0000156969.76986.e0,other,high
10.1097/01.psy.0000124757.10167.b1,observational,high
10.1097/01.mbc.0000214705.80997.73,observational,high
10.1097/01.psy.0000075977.90337.e7,observational,high
10.1097/01.psy.0000221384.07521.05,observational,high
10.1097/01.ten.0000157885.71463.43,observational,high
10.1097/01.wox.0000412075.90903.e1,observational,high
10.1097/01.yco.0000194370.40062.b0,other,high
10.1097/01.yco.0000245753.83502.d9,other,high
10.1097/01.wox.0000412067.14667.ab,observational,high
10.1097/01253086-199317030-00020,unclear,low
10.1097/01.psy.0000222358.01096.54,observational,high
10.1097/00043764-200112000-00005,observational,high
10.1097/01720610-200803000-00006,other,high
10.1097/01.psy.0000242770.50979.5f,observational,high
10.1097/01823246-201122040-00008,observational,high
10.1097/ajp.0000000000000099,other,high
10.1097/01823246-201122040-00036,observational,medium
10.1097/ajp.0000000000000191,non_randomized_trial,high
10.1097/01823246-201412000-00021,observational,high
10.1097/ajp.0000000000000401,observational,high
10.1097/ajp.0000000000001384,observational,high
10.1097/cm9.0000000000001387,case_series,high
10.1097/cpt.0000000000000100,case_series,high
10.1097/cpt.0000000000000308,case_series,high
10.1097/cpt.0000000000000291,observational,high
10.1097/cpt.0000000000000136,observational,high
10.1097/ebp.0000000000000082,unclear,low
10.1097/cpt.0000000000000317,other,high
10.1097/hm9.0000000000000098,observational,high
10.1097/ajp.0000000000000769,observational,high
10.1097/hnp.0000000000000671,unclear,low
10.1097/hm9.0000000000000180,other,high
10.1097/in9.0000000000000068,other,high
10.1097/hnp.0000000000000744,other,high
10.1097/hnp.0000000000000727,other,high
10.1097/inf.0000000000003477,other,high
10.1097/j.pain.0000000000000110,observational,high
10.1097/ipc.0b013e31822949c8,other,high
10.1097/jcp.0b013e3181611240,case_series,high
10.1097/j.pain.0000000000002711,observational,high
10.1097/jom.0b013e3181a2feeb,observational,high
10.1097/jwh.0000000000000121,other,high
10.1097/md.0000000000001211,observational,high
10.1097/mbc.0000000000001439,other,high
10.1097/md.0000000000007027,case_series,high
10.1097/md.0000000000009716,observational,high
10.1097/md.0000000000016720,non_randomized_trial,high
10.1097/jcp.0b013e318225848c,other,high
10.1097/md.0000000000017600,observational,high
10.1097/md.0000000000023946,other,high
10.1097/md.0000000000024572,other,high
10.1097/mao.0000000000002020,observational,high
10.1097/md.0000000000025742,other,high
10.1097/md.0000000000029310,other,high
10.1097/md.0000000000027700,other,high
10.1097/md.0000000000033637,non_randomized_trial,medium
10.1097/md.0000000000031819,observational,high
10.1097/md.0000000000035754,other,high
10.1097/md.0000000000037973,other,high
10.1097/md.0000000000035767,other,high
10.1097/md9.0000000000000193,rct,high
10.1097/mog.0b013e3283505a3b,other,high
10.1097/md.0000000000042111,other,high
10.1097/mop.0000000000000777,other,high
10.1097/ms9.0000000000000929,other,high
10.1097/mlr.0000000000000314,observational,high
10.1097/gme.0000000000000411,,
10.1097/nmd.0b013e3181a2081f,observational,high
10.1097/nmd.0b013e3181e4ce0b,observational,high
10.1097/nnr.0b013e3181ac156f,case_series,high
10.1097/mop.0b013e32835c1108,observational,high
10.1097/opx.0b013e318294c232,observational,high
10.1097/psy.0000000000000010,observational,high
10.1097/psy.0000000000000061,observational,high
10.1097/psy.0000000000000161,observational,high
10.1097/psy.0000000000000536,observational,high
10.1097/psy.0000000000000527,observational,high
10.1097/psy.0000000000000692,observational,high
10.1097/psy.0000000000000821,observational,high
10.1097/psy.0000000000000874,observational,high
10.1097/psy.0000000000001082,observational,high
10.1097/psy.0000000000001038,observational,high
10.1097/psy.0000000000001237,other,high
10.1097/psy.0b013e31802b873e,observational,high
10.1097/psy.0000000000001117,observational,high
10.1097/psy.0b013e31816a8dbc,observational,high
10.1097/psy.0b013e3181651025,observational,high
10.1097/psy.0b013e31817b9793,observational,high
10.1097/psy.0000000000000224,observational,high
10.1097/psy.0b013e31819ccd2a,observational,high
10.1097/psy.0b013e31819ea179,observational,high
10.1097/psy.0b013e3181e21e43,other,low
10.1097/psy.0b013e31824152ed,observational,high
10.1097/psy.0b013e31829dbed4,rct,high
10.1097/psy.0b013e31827264aa,observational,high
10.1097/qai.0b013e318238b596,observational,high
10.1097/rhu.0000000000000089,other,high
10.1097/qad.0b013e32833b76fb,observational,high
10.1097/tp.0b013e31820cfd7b,case_series,high
10.1097/xce.0000000000000271,other,high
10.1099/0022-1317-76-7-1701,case_series,high
10.1097/yco.0b013e32831a4728,other,high
10.1099/0022-1317-78-2-307,case_series,high
10.1099/jmm.0.05316-0,observational,medium
10.1097/psy.0b013e3181a4fea8,observational,high
10.1099/0022-1317-71-6-1399,case_series,high
10.1099/0022-1317-76-6-1393,case_series,high
10.1099/vir.0.041038-0,other,high
10.1097/wnr.0000000000000797,other,high
10.1099/vir.0.017590-0,observational,high
10.1101/2019.12.20.19015438,case_series,high
10.1101/133926,other,high
10.1101/2019.12.23.887505,observational,high
10.1101/2020.02.20.958249,rct,high
10.1101/2020.08.17.20164715,observational,medium
10.1097/wnp.0b013e3181a1841b,observational,high
10.1101/2021.03.19.21253905,observational,high
10.1101/2021.03.08.21252807,observational,high
10.1101/2021.02.06.21249256,observational,high
10.1101/2021.01.29.21250755,observational,high
10.1101/2021.03.23.21254175,observational,high
10.1101/2021.04.20.21255804,other,high
10.1101/2021.06.14.21258895,observational,high
10.1101/2021.01.28.428686,other,high
10.1101/2022.04.25.22274251,observational,high
10.1101/2021.10.27.21265575,observational,high
10.1101/2021.12.20.473375,observational,high
10.1101/2022.06.08.22276100,other,high
10.1101/2023.04.24.23288821,observational,high
10.1101/2022.08.03.22278363,case_series,high
10.1101/2023.04.15.23288582,observational,high
10.1101/2023.05.16.23290031,observational,high
10.1101/2022.10.11.511846,case_series,medium
10.1101/2023.05.21.23290299,case_series,high
10.1101/2023.06.29.23291738,observational,high
10.1101/2023.11.07.23297764,case_series,high
10.1101/2023.11.06.23298171,other,high
10.1101/2024.05.15.24307344,observational,high
10.1101/2024.05.16.24307437,observational,high
10.1101/2024.05.17.24307333,observational,high
10.1101/2024.04.23.24306162,observational,high
10.1101/2024.01.25.24301776,observational,high
10.1101/2024.05.25.24307912,observational,high
10.1101/2024.08.02.24311436,observational,high
10.1101/2024.06.24.600378,observational,high
10.1101/2023.06.23.23291827,observational,medium
10.1101/2024.10.07.24315052,observational,high
10.1101/2024.11.07.24316777,observational,high
10.1101/2024.09.25.24314345,case_series,high
10.1101/2024.07.29.605643,observational,high
10.1101/2024.08.04.24311483,observational,high
10.1101/2024.11.08.24316976,observational,high
10.1101/2024.11.11.24317084,observational,high
10.1101/2024.12.04.24318508,observational,high
10.1101/2024.12.30.24319800,observational,high
10.1101/2025.01.02.24319359,observational,high
10.1101/2025.01.24.25321092,observational,high
10.1101/2025.02.06.25321788,observational,high
10.1101/2023.08.28.555033,observational,high
10.1101/2025.05.02.25326885,observational,high
10.1101/2025.05.28.25328245,observational,high
10.1101/2025.01.09.25320264,other,high
10.1101/2025.08.06.25332978,other,high
10.1101/2025.08.06.25333109,observational,high
10.1101/2025.04.13.25325733,other,high
10.1101/2025.04.02.646883,other,high
10.1101/2025.04.15.25325899,other,high
10.1101/2025.10.22.25338573,observational,high
10.1101/2025.10.23.25338705,other,high
10.1101/2025.10.29.25339096,non_randomized_trial,high
10.1101/2025.10.27.25338891,other,high
10.1101/2025.11.06.25339689,observational,high
10.1101/2025.06.03.657595,other,high
10.1101/2025.08.20.671358,other,high
10.1108/01443339810788470,other,high
10.1108/ijot-08-2022-0032,case_series,high
10.1108/s0163-2396(2013)0000040005,other,high
10.1109/apcit65661.2025.11411515,other,high
10.1109/compsac61105.2024.00115,other,high
10.1109/ccece49351.2022.9918211,other,high
10.1108/s1479-354720190000011028,other,high
10.1109/embc.2019.8857427,observational,high
10.1108/qaoa-05-2022-0029,case_series,medium
10.1109/crmico.2003.158751,case_series,low
10.1109/biosmart66413.2025.11046171,other,high
10.1109/icnn.1996.548995,other,high
10.1109/iembs.2010.5626478,observational,high
10.1109/iembs.2004.1403306,observational,high
10.1109/hhbe.2011.6027994,other,high
10.1109/itme.2015.31,rct,high
10.1109/icbbe.2008.816,other,high
10.1109/iceca66444.2025.11383011,other,high
10.1109/nebc.1993.404437,observational,high
10.1109/icicnis66685.2025.11315511,other,high
10.1109/icmla55696.2022.00091,observational,high
10.1109/nebc.2004.1300005,observational,high
10.1109/tbme.2020.2978801,observational,high
10.1109/ner.2019.8717037,observational,medium
10.1111/1348-0421.12966,non_randomized_trial,high
10.1111/1467-9450.00284,other,medium
10.1111/1467-9515.00250,observational,medium
10.1111/1467-8330.00110,case_series,high
10.1109/cbms.2006.96,other,high
10.1111/1467-9566.12546,case_series,high
10.1111/1467-9566.13301,other,high
10.1109/nebc.1997.594946,other,high
10.1111/1467-9566.13545,case_series,high
10.1111/1467-9566.ep10934404,case_series,high
10.1111/1467-9566.13732,case_series,high
10.1111/1467-9566.ep10934730,observational,high
10.1111/1467-9566.70153,other,high
10.1111/1753-6405.12670,other,high
10.1111/1469-7610.00010,other,high
10.1111/acps.12182,other,high
10.1111/andr.12052,observational,high
10.1111/apa.13476,observational,high
10.1111/apa.15054,observational,high
10.1111/apha.12756,other,high
10.1111/apha.14122,other,high
10.1111/1467-9604.00229,other,high
10.1111/apt.12783,other,high
10.1111/apa.15084,case_series,medium
10.1111/bioe.12559,other,high
10.1111/bjhp.12136,case_series,high
10.1111/bjhp.12202,other,high
10.1111/bjhp.12207,other,high
10.1111/bjhp.12179,observational,high
10.1111/bjhp.12235,observational,high
10.1111/bjhp.12717,case_series,high
10.1111/apa.12950,observational,high
10.1111/bjhp.12214,other,high
10.1111/bph.13702,other,high
10.1111/cch.12135,other,high
10.1111/bjhp.12644,observational,high
10.1111/cch.12626,observational,high
10.1111/cei.12043,observational,high
10.1111/cei.12749,observational,high
10.1111/cei.12882,observational,high
10.1111/ceo.14313,observational,high
10.1111/cns.12522,observational,high
10.1111/cpf.12460,observational,high
10.1111/cpf.12393,observational,high
10.1111/cpsp.12042,unclear,high
10.1111/crj.12667,observational,high
10.1111/cpsp.12093,other,high
10.1111/eci.12046,observational,high
10.1111/eci.14318,observational,high
10.1111/ejn.15413,observational,high
10.1111/eci.12256,observational,high
10.1111/ene.70016,observational,high
10.1111/ejn.15828,case_series,high
10.1111/ene.70273,observational,high
10.1111/ene.70509,other,high
10.1111/ene.70511,other,high
10.1111/hex.12922,other,high
10.1111/hex.13326,case_series,high
10.1111/ejn.12668,other,high
10.1111/hex.13833,non_randomized_trial,high
10.1111/eci.12201,observational,high
10.1111/hex.12857,case_series,low
10.1111/hex.13900,case_series,high
10.1111/hex.70214,other,high
10.1111/cei.13023,observational,high
10.1111/hsc.13029,case_series,low
10.1111/hsc.13942,case_series,high
10.1111/hsc.13376,observational,high
10.1111/ijcp.12967,case_series,high
10.1111/ijcp.12139,observational,high
10.1111/imj.13251,non_randomized_trial,high
10.1111/ijcp.14886,observational,high
10.1111/j.1348-0421.1993.tb01705.x,case_series,high
10.1111/imj.23_15766,case_series,medium
10.1111/j.0021-8774.2005.00520.x,case_series,high
10.1111/j.0021-9029.2006.00004.x,observational,high
10.1111/j.1348-0421.1994.tb01827.x,observational,high
10.1111/j.1348-0421.1996.tb01094.x,case_series,medium
10.1111/j.1365-2141.1995.tb05579.x,case_series,high
10.1111/j.1365-2214.2005.00517_2.x,rct,high
10.1111/j.1348-0421.1999.tb02456.x,case_series,high
10.1111/j.1365-2249.1991.tb05658.x,observational,high
10.1111/j.1365-2214.2012.01397.x,other,high
10.1111/j.1365-2214.2011.01298.x,observational,high
10.1111/j.1365-2214.2004.00474.x,other,high
10.1111/j.1365-2362.2009.02225.x,rct,high
10.1111/j.1365-2249.2005.02833.x,observational,high
10.1111/j.1365-2362.2010.02310.x,observational,high
10.1111/j.1365-2249.2004.02354.x,observational,high
10.1111/j.1365-2362.2003.01272.x,other,high
10.1111/j.1365-2249.2005.02935.x,case_series,high
10.1111/j.1365-2249.1992.tb06416.x,observational,high
10.1111/j.1365-2362.2011.02567.x,case_series,medium
10.1111/j.1365-2362.2011.02575.x,other,high
10.1111/j.1365-2362.2012.02701.x,other,high
10.1111/j.1365-277x.2008.00857.x,rct,high
10.1111/j.1365-2753.2010.01512.x,other,high
10.1111/j.1365-277x.2008.00933.x,observational,high
10.1111/j.1365-2796.2004.01378.x,observational,high
10.1111/j.1365-2524.2004.00485.x,other,high
10.1111/j.1365-2796.2005.01452.x,case_series,high
10.1111/j.1365-2796.2005.01526.x,other,high
10.1111/j.1365-2796.1997.tb00019.x,observational,high
10.1111/j.1365-2796.2005.01548.x,observational,high
10.1111/j.1365-2796.2009.02079.x,case_series,high
10.1111/j.1365-2796.2010.02228.x,non_randomized_trial,high
10.1111/j.1365-2796.2010.02240.x,other,high
10.1111/j.1365-2796.2009.02160.x,observational,high
10.1111/j.1365-2796.2010.02306.x,observational,high
10.1111/j.1365-2796.2009.02178.x,non_randomized_trial,high
10.1111/j.1365-2796.2010.02341.x,observational,high
10.1111/j.1365-2796.2011.02468.x,other,high
10.1111/j.1365-2796.2011.02488.x,case_series,high
10.1111/j.1365-2796.2011.02405.x,observational,high
10.1111/j.1365-2850.2009.01464.x,other,high
10.1111/j.1365-2796.2011.02429.x,observational,high
10.1111/j.1365-2982.2012.01993.x,other,high
10.1111/j.1365-2796.2011.02499.x,other,high
10.1111/j.1365-3083.1989.tb01183.x,case_series,high
10.1111/j.1365-3083.1991.tb01777.x,observational,high
10.1111/j.1365-2869.2008.00679.x,observational,high
10.1111/j.1365-3083.1994.tb03511.x,case_series,high
10.1111/j.1369-7625.2010.00590.x,case_series,high
10.1111/j.1368-5031.2004.00073.x,case_series,high
10.1111/j.1439-0450.2005.00859.x,observational,high
10.1111/j.1440-1630.1998.tb00780.x,other,high
10.1111/j.1365-2982.2011.01861.x,other,high
10.1111/j.1365-2265.2005.02220.x,,
10.1111/j.1440-1754.2009.01493.x,case_series,high
10.1111/j.1440-1819.2009.01954.x,observational,high
10.1111/j.1445-5994.1985.tb04042.x,case_series,high
10.1111/j.1440-1754.2011.02264.x,observational,high
10.1111/j.1465-5922.1997.00191.x,case_series,high
10.1111/j.1442-200x.2011.03514.x,case_series,high
10.1111/j.1467-9566.2009.1168_1.x,other,high
10.1111/j.1465-5922.1997.00201.x,case_series,high
10.1111/j.1468-1331.1995.tb00151.x,observational,high
10.1111/j.1465-5922.1997.00237.x,case_series,high
10.1111/j.1465-5922.1997.00217.x,case_series,high
10.1111/j.1468-1331.2006.01132.x,non_randomized_trial,high
10.1111/j.1468-2850.2011.01262.x,other,high
10.1111/j.1469-7610.2004.00244.x,observational,high
10.1111/j.1468-2850.2011.01263.x,other,medium
10.1111/j.1469-7610.2005.01424.x,other,high
10.1111/j.1469-8986.2010.00978.x,observational,high
10.1111/j.1475-097x.2006.00649.x,observational,high
10.1111/j.1475-097x.2007.00743.x,observational,high
10.1111/j.1475-097x.1996.tb00722.x,observational,high
10.1111/j.1475-3588.2004.00101.x,case_series,high
10.1111/j.1475-097x.2008.00822.x,observational,high
10.1111/j.1475-3588.2005.00383.x,case_series,high
10.1111/j.1475-3588.2006.00409.x,case_series,high
10.1111/j.1526-4637.2006.00277.x,observational,high
10.1111/j.1472-8206.2008.00638.x,other,high
10.1111/j.1472-8206.2009.00675.x,other,high
10.1111/j.1526-4637.2007.00368.x,observational,high
10.1111/j.1526-4610.2009.01558.x,observational,high
10.1111/j.1526-4637.2009.00688.x,other,high
10.1111/j.1526-4637.2009.00690.x,other,low
10.1111/j.1533-2500.2009.00334.x,case_series,high
10.1111/j.1537-2995.2011.03070.x,other,high
10.1111/j.1533-2500.2009.00352.x,case_series,high
10.1111/j.1574-695x.1998.tb01226.x,observational,high
10.1111/j.1552-6909.1995.tb02467.x,observational,high
10.1111/j.1600-0404.1990.tb04490.x,rct,high
10.1111/j.1574-695x.2002.tb00626.x,observational,high
10.1111/j.1600-0404.1999.tb00667.x,rct,high
10.1111/j.1542-474x.2007.00202.x,observational,high
10.1111/j.1600-0404.2007.00840.x,other,high
10.1111/j.1600-0447.1998.tb10030.x,observational,high
10.1111/j.1600-0447.1995.tb05923.x,other,high
10.1111/j.1600-0447.1997.tb09653.x,observational,high
10.1111/j.1600-0447.2008.01200.x,observational,high
10.1111/j.1600-0838.2006.00520.x,other,high
10.1111/j.1651-2227.2010.01701.x,observational,high
10.1111/j.1600-0838.2009.00895.x,observational,high
10.1111/j.1651-2227.2010.02072.x,case_series,high
10.1111/j.1601-183x.2006.00244.x,observational,high
10.1111/j.1651-2227.2010.02073.x,observational,high
10.1111/j.1651-2227.2010.02121.x,other,high
10.1111/j.1651-2227.2011.02223.x,other,high
10.1111/j.1745-7599.1994.tb00911.x,other,high
10.1111/j.1749-6632.1998.tb09607.x,observational,high
10.1111/j.1749-6632.1995.tb44723.x,other,medium
10.1111/j.1749-6632.2000.tb05453.x,other,medium
10.1111/j.1749-6632.2001.tb05819.x,other,high
10.1111/j.1749-6632.2001.tb05824.x,other,high
10.1111/j.1749-6632.2001.tb05825.x,other,high
10.1111/j.1749-6632.2001.tb05836.x,other,high
10.1111/j.1749-6632.2001.tb05828.x,other,high
10.1111/j.1749-6632.2009.04799.x,other,high
10.1111/j.1749-6632.2009.04875.x,observational,high
10.1111/j.1742-7843.2009.00525.x,other,high
10.1111/j.1749-6632.2009.04802.x,case_series,high
10.1111/j.1751-9861.1998.tb00041.x,observational,high
10.1111/j.1751-9861.2005.tb00004.x,observational,high
10.1111/j.1751-9861.2008.00033.x,observational,high
10.1111/j.2044-8260.1993.tb01068.x,observational,high
10.1111/j.1756-5391.2012.01173.x,other,high
10.1111/j.1751-9861.2010.00053.x,observational,high
10.1111/j.2044-8260.1992.tb00975.x,case_series,high
10.1111/j.2044-8287.1996.tb00488.x,observational,high
10.1111/j.2044-8287.1998.tb00560.x,observational,high
10.1111/j.2044-8295.1993.tb02492.x,observational,high
10.1111/jan.13244,other,high
10.1111/j.1751-2824.2011.01538.x,other,high
10.1111/j.2044-8341.1995.tb01839.x,observational,high
10.1111/j.2044-8260.1993.tb01070.x,observational,high
10.1111/j.2044-8287.2012.02093.x,case_series,high
10.1111/jan.14312,observational,high
10.1111/jcap.12125,case_series,high
10.1111/jcmm.15260,observational,high
10.1111/jcpp.12711,observational,high
10.1111/jep.12584,other,high
10.1111/jep.13938,case_series,high
10.1111/jhn.12435,other,high
10.1111/jep.14047,other,high
10.1111/jocn.12522,case_series,high
10.1111/jnp.12030,observational,high
10.1111/joim.12161,observational,high
10.1111/joim.12022,observational,high
10.1111/joim.12034,observational,high
10.1111/jep.13240,other,high
10.1111/joim.12431,other,low
10.1111/joim.12402,rct,high
10.1111/joim.13792,other,high
10.1111/jon.13128,observational,high
10.1111/joor.12367,other,high
10.1111/joim.12564,observational,high
10.1111/jon.12751,observational,high
10.1111/jpc.12425,case_series,high
10.1111/jpc.12653,non_randomized_trial,high
10.1111/josh.12580,other,high
10.1111/jpc.12677,observational,high
10.1111/jpc.12721,other,low
10.1111/jsr.12547,observational,high
10.1111/jsr.12689,case_series,high
10.1111/jsr.12703,observational,high
10.1111/ncn3.12524,other,high
10.1111/maq.70040,other,high
10.1111/nin.12625,case_series,medium
10.1111/papr.12181,rct,high
10.1111/maq.12701,other,high
10.1111/papr.12613,crossover,high
10.1111/papr.12440,observational,high
10.1111/pme.12181,observational,high
10.1111/papr.12817,observational,high
10.1111/papt.12118,observational,high
10.1111/sjop.12332,observational,high
10.1111/sji.12388,observational,high
10.1111/tbed.14224,observational,high
10.1111/sjop.12451,observational,high
10.1111/trf.18099,other,high
10.1113/ep085328,other,high
10.1111/sjop.13060,observational,high
10.1124/jpet.118.250845,other,high
10.1113/eph8602244,observational,high
10.1126/science.1179052,case_series,high
10.11124/jbies-20-00125,other,high
10.1126/sciadv.1400121,observational,high
10.1126/sciadv.abq2422,observational,high
10.1126/science.1183545,observational,medium
10.1126/science.1184548,observational,high
10.1126/science.1181349,unclear,low
10.1126/science.1204963,case_series,high
10.1126/science.1208542,other,high
10.1126/science.1213841,observational,high
10.1126/science.312.5774.669,unclear,medium
10.1126/science.326_215a,unclear,low
10.1126/science.287.5452.427a,other,high
10.1126/science.327.5963.254,unclear,high
10.1126/science.329.5987.18,unclear,low
10.1126/science.329.5988.129,observational,high
10.1126/science.331.6013.17,other,high
10.1126/science.329.5995.1000,unclear,low
10.1126/science.332.6031.774-a,observational,medium
10.1126/science.333.6050.1694,other,high
10.1126/science.334.6063.1636-a,unclear,low
10.1126/science.337.6101.1441,unclear,low
10.1126/science.333.6051.1810,unclear,low
10.1126/science.abo1261,unclear,high
10.1128/9781555815486.ch26,other,high
10.1128/cdli.1.2.222-226.1994,observational,high
10.1128/9781555818326.ch16,case_series,high
10.1128/cdli.2.2.238-240.1995,observational,high
10.1128/cdli.12.1.52-55.2005,case_series,high
10.1128/cdli.6.2.216-223.1999,observational,high
10.1128/cdli.12.2.366.2005,observational,medium
10.1128/cdli.8.3.658-662.2001,observational,high
10.1128/cmr.00086-15,other,high
10.1128/cdli.9.4.747-752.2002,other,high
10.1128/cvi.00379-09,observational,high
10.1128/cvi.00391-12,observational,high
10.1128/cvi.00527-13,observational,high
10.1128/jcm.28.6.1403-1410.1990,case_series,high
10.1128/jcm.33.6.1660-1661.1995,case_series,medium
10.1128/jcm.38.6.2457-2457.2000,case_series,medium
10.1128/jvi.00693-11,observational,high
10.1128/jvi.00827-11,other,high
10.1128/jvi.05205-11,observational,high
10.1128/jvi.00046-11,other,high
10.1128/jvi.00134-10,other,high
10.1128/jvi.02333-10,other,high
10.1128/jvi.02411-10,other,high
10.1128/mbio.00266-12,observational,high
10.1134/s0362119722030021,other,high
10.1128/jvi.00886-10,other,high
10.1136/adc.2003.046649,non_randomized_trial,medium
10.1128/cdli.10.2.315-316.2003,,
10.1136/adc.2003.035154,non_randomized_trial,high
10.1136/adc.2005.074583,observational,high
10.1136/adc.2003.033019,other,high
10.1136/acupmed-2017-011582,other,high
10.1128/jvi.06073-11,other,high
10.1136/adc.2006.110502,other,low
10.1136/adc.2008.143032,case_series,high
10.1136/adc.2007.126649,case_series,high
10.1136/adc.2006.094623,observational,high
10.1136/adc.2008.143537,observational,high
10.1136/adc.2009.172072,rct,high
10.1136/adc.2009.173161,unclear,high
10.1128/cdli.6.1.6-13.1999,observational,high
10.1136/adc.2009.158162,observational,high
10.1136/adc.68.3.384,observational,high
10.1136/adc.86.2.95,case_series,high
10.1136/adc.2005.080085,other,high
10.1136/archdischild-2012-301863,other,high
10.1136/adc.88.10.894,observational,high
10.1136/aim.23.3.141,case_series,high
10.1136/archdischild-2012-302156,other,high
10.1136/archdischild-2012-301885.261,case_series,high
10.1136/archdischild-2012-303396,observational,high
10.1136/archdischild-2012-302484,rct,high
10.1136/archdischild-2012-301885.248,case_series,high
10.1136/archdischild-2013-304307,other,high
10.1136/archdischild-2013-304306,observational,high
10.1136/archdischild-2014-306237.168,case_series,high
10.1136/archdischild-2012-302582,unclear,low
10.1136/archdischild-2015-308599.314,other,high
10.1136/archdischild-2016-310622,other,high
10.1136/archdischild-2015-308831,case_series,high
10.1136/archdischild-2016-310863.70,non_randomized_trial,medium
10.1136/archdischild-2017-313087.123,observational,high
10.1136/archdischild-2016-311198,observational,high
10.1136/archdischild-2016-311293,observational,high
10.1136/archdischild-2017-313375,rct,high
10.1136/archdischild-2018-316450,observational,high
10.1136/archdischild-2018-316720,observational,high
10.1136/archdischild-2017-313375ednote,rct,high
10.1136/archdischild-2018-rcpch.17,other,high
10.1136/archdischild-2018-rcpch.13,observational,high
10.1136/archdischild-2019-rcpch.138,case_series,high
10.1136/archdischild-2019-rcpch.330,observational,high
10.1136/archdischild-2019-rcpch.594,case_series,high
10.1136/archdischild-2019-rcpch.580,case_series,high
10.1136/archdischild-2019-rcpch.592,case_series,high
10.1136/archdischild-2019-rcpch.595,case_series,high
10.1136/archdischild-2019-rcpch.596,case_series,high
10.1136/archdischild-2020-320196,other,high
10.1136/archdischild-2020-rcpch.453,other,high
10.1136/archdischild-2020-rcpch.133,other,high
10.1136/archdischild-2020-rcpch.449,observational,high
10.1136/archdischild-2021-rcpch.170,case_series,high
10.1136/archdischild-2021-rcpch.469,other,high
10.1136/archdischild-2021-rcpch.471,other,high
10.1136/archdischild-2022-324319,observational,high
10.1136/archdischild-2021-rcpch.460,case_series,high
10.1136/archdischild-2021-rcpch.844,non_randomized_trial,high
10.1136/archdischild-2024-rcpch.160,case_series,high
10.1136/bcr-2019-232502,case_series,high
10.1136/bcr-2020-238605,case_series,high
10.1136/archdischild-2024-rcpch.669,case_series,high
10.1136/bcr.01.2011.3716,case_series,high
10.1136/bcr-2020-240283,case_series,high
10.1136/bcr.08.2008.0819,case_series,high
10.1136/bjsports-2017-098407,other,high
10.1136/bjsm.33.5.352,observational,high
10.1136/bjsports-2018-099553,other,high
10.1136/bjophthalmol-2013-304439,observational,medium
10.1136/bmj.1.5687.11,case_series,medium
10.1136/bmj.1.5122.616,case_series,medium
10.1136/bmj.1.5903.301,case_series,high
10.1136/bmj.2.5918.559-a,unclear,low
10.1136/bmj.287.6406.1675-a,case_series,high
10.1136/bmj.296.6623.696,other,high
10.1136/bmj.301.6755.816,case_series,medium
10.1136/bmj.301.6758.953,observational,high
10.1136/bmj.307.6906.735,unclear,low
10.1136/bmj.308.6929.659b,other,high
10.1136/bmj.308.6931.732,observational,high
10.1136/bmj.308.6931.776,observational,high
10.1136/bmj.306.6886.1161,observational,high
10.1136/bmj.307.6898.264-d,case_series,high
10.1136/bmj.308.6931.797,case_series,high
10.1136/bmj.308.6931.798,other,high
10.1136/bmj.308.6931.756,observational,high
10.1136/bmj.310.6978.508,observational,medium
10.1136/bmj.311.6996.15,observational,high
10.1136/bmj.311.7004.544,observational,high
10.1136/bmj.311.7012.1092b,observational,medium
10.1136/bmj.311.7011.1021,other,high
10.1136/bmj.312.7022.22,rct,high
10.1136/bmj.312.7038.1096,other,medium
10.1136/bmj.312.7038.1096b,other,high
10.1136/bmj.311.7012.1093,other,low
10.1136/bmj.309.6962.1160d,case_series,medium
10.1136/bmj.312.7038.1097a,other,high
10.1136/bmj.312.7038.1097,rct,high
10.1136/bmj.312.7038.1097c,other,low
10.1136/bmj.312.7038.1098b,unclear,high
10.1136/bmj.312.7038.1097b,other,high
10.1136/bmj.314.7095.0a,rct,high
10.1136/bmj.314.7074.146,other,high
10.1136/bmj.313.7061.885a,other,high
10.1136/bmj.314.7095.1647,non_randomized_trial,high
10.1136/bmj.314.7095.1635,unclear,low
10.1136/bmj.314.7095.1663,non_randomized_trial,medium
10.1136/bmj.314.7095.1700,observational,medium
10.1136/bmj.315.7103.269d,unclear,high
10.1136/bmj.315.7101.0d,observational,high
10.1136/bmj.316.7134.796,other,high
10.1136/bmj.315.7116.1111e,case_series,high
10.1136/bmj.319.7225.1645,case_series,high
10.1136/bmj.317.7164.966b,other,high
10.1136/bmj.320.7230.292,other,high
10.1136/bmj.322.7283.0/b,rct,high
10.1136/bmj.322.7291.934,other,high
10.1136/bmj.322.7283.387,rct,high
10.1136/bmj.324.7342.912,other,high
10.1136/bmj.324.7330.131,other,high
10.1136/bmj.324.7330.124,other,high
10.1136/bmj.324.7348.1284,other,high
10.1136/bmj.324.7342.914,other,high
10.1136/bmj.324.7349.1298/a,observational,high
10.1136/bmj.325.7372.1082,other,high
10.1136/bmj.326.7397.1005,case_series,high
10.1136/bmj.325.7372.0/e,other,medium
10.1136/bmj.329.7472.0,observational,high
10.1136/bmj.330.7481.0-a,rct,high
10.1136/bmj.329.7467.s118,case_series,low
10.1136/bmj.329.7472.928,observational,high
10.1136/bmj.330.7492.0-b,case_series,high
10.1136/bmj.330.7492.648,case_series,high
10.1136/bmj.330.7494.790,non_randomized_trial,medium
10.1136/bmj.38078.503819.ee,other,high
10.1136/bmj.330.7494.789-b,rct,high
10.1136/bmj.330.7501.0-c,observational,high
10.1136/bmj.38258.507928.55,observational,high
10.1136/bmj.38933.585764.ae,observational,high
10.1136/bmj.327.7416.654,observational,high
10.1136/bmj.39332.455706.3a,other,low
10.1136/bmj.38301.587106.63,rct,high
10.1136/bmj.b1110,other,high
10.1136/bmj.39302.509005.ae,other,high
10.1136/bmj.b1371,other,medium
10.1136/bmj.c1018,observational,high
10.1136/bmj.c1179,case_series,high
10.1136/bmj.328.7452.0-e,observational,high
10.1136/bmj.c1033,observational,high
10.1136/bmj.c1181,other,high
10.1136/bmj.c1799,rct,high
10.1136/bmj.c1777,rct,high
10.1136/bmj.c7358,other,high
10.1136/bmj.c1266,unclear,high
10.1136/bmj.c2988,unclear,low
10.1136/bmj.d3505,case_series,high
10.1136/bmj.d3774,other,low
10.1136/bmj.d3836,case_series,high
10.1136/bmj.d5905,observational,high
10.1136/bmj.f2630,unclear,high
10.1136/bmj.d8281,unclear,high
10.1136/bmj.d6097,observational,high
10.1136/bmj.d6541,other,high
10.1136/bmj.f5731,rct,high
10.1136/bmj.h2087,other,high
10.1136/bmj.h227,rct,high
10.1136/bmj.h5771,non_randomized_trial,medium
10.1136/bmj.i4614,rct,high
10.1136/bmj.h932,other,high
10.1136/bmj.i5230,rct,high
10.1136/bmj.i5860,rct,high
10.1136/bmj.i5053,unclear,medium
10.1136/bmj.j4372,rct,high
10.1136/bmj.j3057,rct,high
10.1136/bmj.k3621,rct,high
10.1136/bmj.l639,rct,high
10.1136/bmj.m2922,unclear,low
10.1136/bmj.m2930,observational,high
10.1136/bmj.m4356,other,high
10.1136/bmj.m3981,observational,medium
10.1136/bmj.n1559,unclear,high
10.1136/bmj.n1854,other,high
10.1136/bmj.n1863,other,high
10.1136/bmj.n1995,other,low
10.1136/bmj.n2643,other,high
10.1136/bmj.n2046,other,high
10.1136/bmj.n2647,other,high
10.1136/bmj.o1691,other,high
10.1136/bmjno-2023-000529,observational,high
10.1136/bmj.c1099,,
10.1136/bmjopen-2012-001079,non_randomized_trial,high
10.1136/bmj.r977,other,medium
10.1136/bmjopen-2011-000252,observational,high
10.1136/bmjopen-2013-002999,observational,high
10.1136/bmjopen-2012-001417,observational,high
10.1136/bmjopen-2013-003973,other,high
10.1136/bmjopen-2014-005798,observational,high
10.1136/bmj.n1937,other,high
10.1136/bmjopen-2015-008830,observational,high
10.1136/bmjopen-2015-010277,observational,high
10.1136/bmjopen-2014-005920,observational,high
10.1136/bmjopen-2016-011255,non_randomized_trial,medium
10.1136/bmjopen-2016-012633,other,high
10.1136/bmjopen-2016-014133,rct,high
10.1136/bmjopen-2016-015296,observational,high
10.1136/bmjopen-2016-012271,other,high
10.1136/bmjopen-2016-015481,other,high
10.1136/bmjopen-2017-020775,observational,high
10.1136/bmjopen-2014-005083,observational,high
10.1136/bmjopen-2017-020817,other,high
10.1136/bmjopen-2018-023955,observational,high
10.1136/bmjopen-2017-017521,observational,high
10.1136/bmjopen-2018-025436,other,high
10.1136/bmjopen-2020-041947,non_randomized_trial,high
10.1136/bmjopen-2021-051094,observational,high
10.1136/bmjopen-2019-031672,other,high
10.1136/bmjopen-2020-045398,non_randomized_trial,high
10.1136/bmjopen-2021-051358,other,high
10.1136/bmjopen-2022-069110,observational,high
10.1136/bmjopen-2021-058128,observational,high
10.1136/bmjopen-2023-073275,rct,high
10.1136/bmjopen-2022-070366,other,high
10.1136/bmjopen-2023-076904,other,high
10.1136/bmjopen-2024-089038,observational,high
10.1136/bmjopen-2025-099557,observational,high
10.1136/bmjopen-2024-094658,observational,high
10.1136/bmjpo-2017-000233,observational,high
10.1136/bmjpo-2018-000281,case_series,high
10.1136/bmjopen-2025-113095,observational,high
10.1136/bmjpo-2018-000299,case_series,high
10.1136/bmjpo-2019-000617,other,high
10.1136/bmjpo-2018-000425,observational,high
10.1136/bmjpo-2019-000620,rct,high
10.1136/bmjpo-2019-000525,case_series,high
10.1136/bmjpo-2019-rcpch-sahm.32,case_series,high
10.1136/bmjpo-2021-001139,case_series,high
10.1136/bmjpo-2019-rcpch-sahm.81,case_series,high
10.1136/bmjpo-2019-rcpch-sahm.21,observational,high
10.1136/bmjpo-2021-001201,case_series,high
10.1136/eb-2013-101652,other,high
10.1136/bmjpo-2024-epac.102,observational,high
10.1136/bmjpo-2023-002436,observational,high
10.1136/eb-2014-101961,other,low
10.1136/ebm-2025-pod.25,other,high
10.1136/eb-2015-102300,other,high
10.1136/ebm.6.5.156,rct,high
10.1136/ebm.6.5.157,rct,high
10.1136/ebm.8.3.88,other,high
10.1136/ebmental-2012-100818,non_randomized_trial,medium
10.1136/ebmh.5.2.54,other,high
10.1136/ebmh.1.1.14,rct,high
10.1136/ebmh.5.4.127,case_series,high
10.1136/ebmh.6.2.55,other,high
10.1136/ebn.5.2.46,other,high
10.1136/ebn1086,rct,high
10.1136/ewjm.172.2.128,other,high
10.1136/jclinpath-2014-202597,case_series,high
10.1136/ewjm.174.4.241,other,high
10.1136/gutjnl-2017-313713,observational,high
10.1136/gutjnl-2018-316133,observational,high
10.1136/ewjm.173.6.416,other,high
10.1136/jcp.2003.015511,observational,high
10.1136/jcp.2004.020255,other,high
10.1136/jclinpath-2019-205822,other,high
10.1136/jcp.2006.042408,other,high
10.1136/jcp.2006.042374,other,high
10.1136/jcp.2004.022681,observational,high
10.1136/jcp.2006.042424,other,high
10.1136/jcp.2006.042432,other,high
10.1136/jcp.2006.042606,other,high
10.1136/jcp.2005.025718,observational,high
10.1136/jcp.2005.035956,observational,high
10.1136/bmjpo-2019-rcpch-sahm.77,case_series,high
10.1136/jcp.2006.042754,other,high
10.1136/jcp.2007.051342,unclear,medium
10.1136/jcp.2007.050054,case_series,high
10.1136/jcp.2007.050633,case_series,high
10.1136/jcp.2009.070466,case_series,high
10.1136/jcp.2007.053553,observational,high
10.1136/jcp.2010.082032,other,high
10.1136/jcp.2009.072561,observational,high
10.1136/jcp.46.8.722,case_series,high
10.1136/jcp.2009.071944,case_series,high
10.1136/jcp.54.4.335-a,observational,medium
10.1136/jcp.45.12.1058,case_series,high
10.1136/jech-2022-ssmabstracts.71,other,high
10.1136/jech.2003.017939,observational,high
10.1136/jech.2006.047308,observational,high
10.1136/jnnp-2011-301216,observational,medium
10.1136/jme.2003.007153,other,high
10.1136/jim-2016-000390,case_series,high
10.1136/jech.2011.142976i.19,observational,high
10.1136/jnnp-2015-311750.4,other,high
10.1136/jnnp-2012-304824,other,high
10.1136/jnnp-2012-303208,other,high
10.1136/jnnp-2017-317823,other,high
10.1136/jnnp-2019-bnpa.13,other,medium
10.1136/jme-2023-109627,other,high
10.1136/jnnp-2021-bnpa.10,non_randomized_trial,high
10.1136/jnnp-2021-327899,observational,high
10.1136/jnnp-2023-332731,other,high
10.1136/jnnp.53.3.247,case_series,high
10.1136/jnnp-2025-abn.76,case_series,high
10.1136/jnnp.2006.100974,non_randomized_trial,high
10.1136/jnnp.55.1.85-b,other,high
10.1136/jnnp.48.7.691,case_series,high
10.1136/jnnp-2022-330463,other,high
10.1136/jnnp.54.2.153,non_randomized_trial,high
10.1136/jnnp.56.6.679,case_series,high
10.1136/jnnp.56.6.684,case_series,high
10.1136/jnnp.56.9.993,observational,medium
10.1136/jnnp.57.5.617,observational,high
10.1136/jnnp.57.9.1157-a,case_series,medium
10.1136/jnnp.57.5.662-a,unclear,low
10.1136/jnnp.60.5.504,observational,high
10.1136/jnnp.58.1.38,observational,high
10.1136/jnnp.60.5.489,observational,high
10.1136/jnnp.62.2.151,observational,high
10.1136/jnnp.64.3.362,observational,high
10.1136/jnnp.64.4.431,observational,high
10.1136/jnnp.69.3.302,observational,medium
10.1136/jnnp.64.4.430,other,low
10.1136/jnnp.65.4.541,observational,medium
10.1136/jnnp.74.7.922,observational,high
10.1136/jnnp.74.10.1382,case_series,high
10.1136/jrnms-70-91,case_series,high
10.1136/medhum-2018-011598,other,high
10.1136/jnnp.60.5.495,observational,high
10.1136/medhum-2019-011743,other,high
10.1136/medethics-2016-103691,other,high
10.1136/medhum-2019-011756,other,high
10.1136/medhum-2019-011807,other,high
10.1136/oem.2005.023176,observational,high
10.1136/oem.2003.008912,observational,high
10.1136/medhum-2020-011873,other,high
10.1136/oem.60.suppl_1.i26,observational,high
10.1136/oemed-2018-icohabstracts.1120,observational,high
10.1136/openhrt-2015-000381,observational,high
10.1136/pgmj.54.637.718,case_series,high
10.1136/pgmj.54.637.711,case_series,high
10.1136/pgmj.54.637.737,case_series,high
10.1136/pgmj.2003.011429,case_series,high
10.1136/pgmj.54.637.731,case_series,high
10.1136/pgmj.54.637.725,case_series,high
10.1136/pgmj.54.637.747,other,high
10.1136/pgmj.54.637.755,other,medium
10.1136/pgmj.54.637.752,case_series,high
10.1136/pgmj.54.637.768,other,high
10.1136/pgmj.66.777.526,case_series,high
10.1136/pgmj.64.753.559,other,high
10.1136/pgmj.68.795.66,case_series,medium
10.1136/pgmj.55.650.856,case_series,high
10.1136/qhc.11.3.284,other,high
10.1136/pgmj.74.870.229,observational,high
10.1136/pmj.79.929.185-a,case_series,medium
10.1136/qshc.2004.013227,other,high
10.1136/spcare-2023-004595,rct,high
10.1136/qhc.11.4.e2,unclear,high
10.1142/s0192415x05002734,case_series,high
10.1145/3357236.3395490,other,high
10.1145/3322276.3322319,case_series,high
10.1136/sti.8.1.56,case_series,high
10.1142/s0192415x08005540,other,high
10.1145/3290605.3300452,observational,medium
10.1136/openhrt-2017-000697,case_series,high
10.1145/3613904.3642553,observational,medium
10.1145/3588967.3588976,other,high
10.1145/3715336.3735419,other,high
10.1145/3706598.3713990,other,high
10.1146/annurev-virology-111821-125122,other,high
10.11477/mf.1416200943,other,high
10.11477/mf.1416200946,observational,high
10.11477/mf.1416200944,other,high
10.11477/mf.1416200945,observational,high
10.11477/mf.1416200947,other,medium
10.11477/mf.1416201164,observational,medium
10.1145/3377929.3389947,other,high
10.11477/mf.1416202094,unclear,high
10.11477/mf.1416200948,other,high
10.1148/radiol.14141079,observational,high
10.11477/mf.1416202311,other,high
10.11477/mf.1416202093,other,high
10.1152/ajpheart.2002.282.1.h66,observational,high
10.1152/ajpheart.00994.2011,observational,high
10.1152/ajpendo.00242.2023,other,high
10.1148/radiology.219.3.r01jn18766,case_series,medium
10.1152/ajpregu.00071.2024,non_randomized_trial,high
10.1152/ajpregu.00925.2007,observational,high
10.1152/japplphysiol.00141.2003,observational,high
10.1152/japplphysiol.00527.2014,non_randomized_trial,high
10.1152/physiol.00056.2024,other,high
10.1152/japplphysiol.00821.2012,non_randomized_trial,high
10.1152/physiol.2024.39.s1.2025,observational,high
10.1155/2009/701019,observational,high
10.1155/2002/892374,case_series,high
10.1155/1993/414602,observational,high
10.1155/2008/263751,observational,high
10.1155/2000/602862,rct,high
10.1155/2011/281425,other,medium
10.1155/2011/787394,other,high
10.1155/2011/854540,observational,high
10.1155/2012/584573,observational,medium
10.1155/2013/784520,other,high
10.1155/2012/205085,observational,high
10.1155/2013/485341,rct,high
10.1155/2012/427869,other,high
10.1155/2013/831969,observational,high
10.1155/2011/341294,other,medium
10.1155/2013/270373,case_series,high
10.1155/2015/245308,observational,high
10.1155/2015/380615,other,high
10.1155/2015/528487,other,high
10.1155/2015/929720,case_series,high
10.1155/2015/945901,other,high
10.1155/2016/2497348,other,high
10.1155/2015/631410,non_randomized_trial,high
10.1155/2015/191489,other,high
10.1155/2016/9064529,observational,high
10.1155/2014/106048,non_randomized_trial,high
10.1155/2018/3972104,observational,high
10.1155/2018/5801510,observational,high
10.1155/2019/3849692,other,high
10.1155/2019/1684198,non_randomized_trial,high
10.1155/2018/9014232,observational,high
10.1155/2020/4708374,rct,high
10.1155/2020/2974268,other,high
10.1155/2021/6418217,other,high
10.1155/2020/4715679,other,high
10.1155/2017/8182020,other,high
10.1155/2018/9140896,other,high
10.1155/2021/8867098,other,high
10.1155/2024/6475425,case_series,high
10.1157/13073217,case_series,high
10.1157/13089106,case_series,high
10.1157/13107370,case_series,high
10.1157/13070608,observational,high
10.1157/13108085,case_series,high
10.11575/jah.v0i0.53334,other,high
10.1158/1538-7445.am2022-34,observational,high
10.1159/000026469,observational,high
10.1159/000026511,observational,high
10.1159/000026543,observational,high
10.1159/000026494,non_randomized_trial,high
10.1155/jpas/5014500,other,high
10.1159/000027996,case_series,high
10.1159/000054863,observational,high
10.1159/000056234,non_randomized_trial,high
10.1155/2024/3256273,observational,high
10.1158/1538-7445.am2026-6275,observational,high
10.1159/000063646,observational,high
10.1159/000067176,other,high
10.1159/000065185,observational,high
10.1159/000075315,other,high
10.1159/000071894,other,high
10.1159/000076455,observational,high
10.1159/000064267,rct,high
10.1159/000080144,other,high
10.1159/000099844,case_series,high
10.1159/000085145,non_randomized_trial,high
10.1159/000097332,other,high
10.1159/000104468,other,high
10.1159/000101498,other,high
10.1159/000104864,other,high
10.1159/000110727,observational,high
10.1159/000116426,case_series,high
10.1159/000116609,rct,high
10.1159/000119233,observational,high
10.1159/000119307,observational,high
10.1159/000116723,case_series,high
10.1159/000119325,crossover,high
10.1159/000119331,observational,high
10.1159/000150450,case_series,high
10.1159/000152375,observational,high
10.1159/000119278,observational,high
10.1159/000163999,case_series,high
10.1159/000164104,case_series,high
10.1159/000164010,case_series,high
10.1159/000164000,case_series,high
10.1159/000288016,observational,high
10.1159/000288612,other,high
10.1159/000289050,observational,high
10.1159/000247075,case_series,medium
10.1159/000315130,observational,high
10.1159/000320778,other,high
10.1159/000319312,observational,high
10.1159/000324349,other,high
10.1159/000119226,case_series,high
10.1159/000163942,case_series,high
10.1159/000326692,observational,high
10.1159/000320974,other,high
10.1159/000326465,other,high
10.1159/000327582,non_randomized_trial,high
10.1159/000329996,observational,high
10.1159/000336803,observational,high
10.1159/000339011,other,high
10.1159/000343982,other,high
10.1159/000365174,observational,high
10.1159/000369085,other,high
10.1159/000438867,rct,high
10.1159/000431258,observational,high
10.1159/000369087,other,high
10.1159/000448957,other,high
10.11603/2411-1597.2015.2.5158,unclear,low
10.1159/000528827,rct,high
10.1159/000547484,other,high
10.1159/000517930,other,high
10.1159/000493531,other,high
10.1163/156856900750232506,case_series,medium
10.1161/jaha.124.036752,other,high
10.1164/ajrccm.2025.211.abstracts.a7881,observational,high
10.1172/jci.insight.149217,observational,high
10.1164/rccm.200403-357oc,observational,high
10.1172/jci.insight.157621,observational,high
10.1163/ej.9789004124011.i-226.46,other,high
10.1163/156856901753421007,case_series,high
10.1172/jci.insight.89376,observational,high
10.1172/jci.insight.158193,observational,high
10.1172/jci118990,case_series,high
10.1172/jci132185,observational,high
10.1172/jci.insight.183810,observational,high
10.1172/jci134985,other,medium
10.1176/ajp.153.8.1050,observational,high
10.1176/ajp.154.3.408,rct,high
10.1176/ajp.148.12.1638,other,high
10.1176/appi.ajp.158.12.2038,rct,high
10.1176/appi.neuropsych.14060132,case_series,high
10.1176/appi.pn.2014.12b5,observational,high
10.1176/appi.pn.2020.3a3,observational,high
10.1176/appi.ajp.158.4.641,observational,high
10.1176/appi.psy.44.1.38,rct,high
10.1176/appi.psy.42.1.21,observational,high
10.1176/appi.psy.44.2.113,observational,high
10.1176/appi.neuropsych.15.2.254,observational,high
10.1176/appi.pn.2015.3b17,other,high
10.1176/ajp.155.6.824,observational,high
10.1176/appi.psy.49.3.235,observational,high
10.1176/jnp.5.2.200,observational,high
10.1176/appi.psy.50.2.147,observational,high
10.1176/pn.36.24.0023,non_randomized_trial,high
10.1176/pn.38.14.0027a,other,high
10.1176/appi.psy.49.6.470,other,high
10.1176/pn.2001.36.1.20,other,high
10.1176/jnp.6.2.189,other,high
10.1177/000456329403100507,case_series,high
10.1177/0003065118798043,observational,high
10.1177/000456329703400416,observational,medium
10.1177/0011392101049003003,other,high
10.1177/00048674211043788,case_series,high
10.1177/0009922812455094,observational,high
10.1177/008124630503500208,case_series,high
10.1177/000331979804901105,non_randomized_trial,high
10.1177/008124639402400103,case_series,high
10.1177/014107680009300608,case_series,high
10.1177/008124639602600108,observational,medium
10.1177/014107680009300306,case_series,high
10.1177/014107680609901012,other,high
10.1177/014107680409701204,observational,high
10.1177/014107680209500904,observational,high
10.1177/0141076817702530,observational,high
10.1177/000456329403100506,case_series,high
10.1177/014107688808100608,case_series,high
10.1177/014107689008301204,case_series,high
10.1177/0141076820951545,non_randomized_trial,high
10.1177/014107688808100609,observational,high
10.1177/014107689208500909,observational,high
10.1177/01632780022034598,observational,high
10.1177/014107689709000505,case_series,high
10.1177/014107689909200405,observational,high
10.1177/0163278713497014,observational,high
10.1177/0163278711424281,observational,high
10.1177/01632780122034993,observational,high
10.1177/014107689809100706,observational,high
10.1177/016327879301600403,observational,high
10.1177/016327879601900204,observational,high
10.1177/0163278709338558,observational,high
10.1177/01632789922034400,other,high
10.1177/0269215507080769,other,high
10.1177/02610183241229050,other,high
10.1177/0163278702250071,observational,high
10.1177/0269215510371429,rct,high
10.1177/0269215510380831,other,high
10.1177/0269215507084410,non_randomized_trial,high
10.1177/0269215515621362,rct,high
10.1177/0269215514542635,other,high
10.1177/02698811251368371,rct,high
10.1177/026921559400800110,case_series,high
10.1177/0269881105053293,observational,high
10.1177/0269881105056531,crossover,high
10.1177/0271678x241270528,observational,high
10.1177/0300060516671622,observational,high
10.1177/0301006615614467,observational,high
10.1177/030802260206500103,other,high
10.1177/030802260206501005,non_randomized_trial,high
10.1177/030802260707000803,case_series,high
10.1177/030802260006300404,observational,high
10.1177/030802260406700606,case_series,high
10.1177/03080226211020656,case_series,high
10.1177/030802260907200102,observational,high
10.1177/0308022620966254,case_series,high
10.1177/03080226241249279,observational,high
10.1177/03080226241254720,observational,high
10.1177/030802269405701003,other,medium
10.1177/030802269806100907,case_series,high
10.1177/039463200101400103,observational,high
10.1177/036012931998023003025,unclear,high
10.1177/03601293251408245,non_randomized_trial,high
10.1177/03946320040170s210,observational,high
10.1177/039463200902200219,case_series,medium
10.1177/039463200902200320,observational,high
10.1177/039463200902200326,case_series,high
10.1177/039463201102400313,observational,high
10.1177/039463201002300402,other,high
10.1177/070674370505000402,observational,high
10.1177/0394632015572074,observational,high
10.1177/039463201202500224,observational,high
10.1177/039463201102400419,observational,high
10.1177/0907568203104004,observational,medium
10.1177/0886260519888515,observational,high
10.1177/089801019301100206,other,medium
10.1177/070674379003500714,other,high
10.1177/0957926504038943,other,high
10.1177/0957154x08097199,other,high
10.1177/0962280216666111,non_randomized_trial,medium
10.1177/09593535261421588,other,high
10.1177/1044207308325995,observational,high
10.1177/10442073040140040401,other,high
10.1177/1044207309359515,other,high
10.1177/1044207309346310,other,high
10.1177/1049732303260682,case_series,high
10.1177/104973230201200202,case_series,high
10.1177/1049732314562893,other,high
10.1177/0962280217713347,other,high
10.1177/10598405221144259,case_series,medium
10.1177/1049732320969395,case_series,high
10.1177/1054773819838679,case_series,high
10.1177/1049732315573954,case_series,high
10.1177/1049732311421914,case_series,medium
10.1177/1066480711429426,case_series,medium
10.1177/1066480714533652,case_series,medium
10.1177/10442073231154027,other,high
10.1177/11786469231220781,observational,high
10.1177/107839039500100104,case_series,medium
10.1177/1359104500005001005,other,high
10.1177/1206331213512235,observational,medium
10.1177/1359104509340940,case_series,high
10.1177/1359104506059133,case_series,high
10.1177/1179557320941478,observational,high
10.1177/1359104512455814,observational,high
10.1177/1359104511403585,case_series,medium
10.1177/11795735241271675,other,high
10.1177/1359104511403680,case_series,high
10.1177/1359104512460862,case_series,high
10.1177/1359104516646813,case_series,high
10.1177/1359104515602373,observational,high
10.1177/1359104516672507,case_series,high
10.1177/1359104517736357,observational,high
10.1177/1359104518794764,case_series,high
10.1177/1359104519838584,case_series,medium
10.1177/1359104519829796,observational,high
10.1177/1359104520964528,case_series,high
10.1177/1359104520918364,case_series,high
10.1177/13591045211005515,observational,high
10.1177/1359104521994880,observational,high
10.1177/135910530100600210,other,high
10.1177/1359105302007001649,other,high
10.1177/13591053030084005,observational,high
10.1177/135910530100600105,observational,high
10.1177/1359104519835583,observational,high
10.1177/1359105305049774,rct,high
10.1177/1359105306066628,observational,medium
10.1177/1359105307076233,observational,medium
10.1177/1359105308088525,observational,high
10.1177/1359105309344895,observational,high
10.1177/1359105308100205,observational,high
10.1177/1359105309349453,observational,high
10.1177/1359105312464670,case_series,high
10.1177/1359105309350515,observational,high
10.1177/1359105307071747,case_series,high
10.1177/1359105311424470,case_series,high
10.1177/1359105313520335,observational,medium
10.1177/1359105309355336,observational,high
10.1177/1359105313501534,other,high
10.1177/1359105314535458,non_randomized_trial,high
10.1177/1359105315583367,case_series,medium
10.1177/1359105316643376,case_series,high
10.1177/1359105316664139,observational,medium
10.1177/1359105315587137,case_series,high
10.1177/1359105316667798,other,high
10.1177/1359105317697323,other,high
10.1177/1359105316688953,rct,high
10.1177/1359105317695803,other,high
10.1177/1359105316675213,rct,high
10.1177/1359105317700885,other,high
10.1177/1359105317700886,unclear,high
10.1177/1359105317703787,other,high
10.1177/1359105317703785,rct,high
10.1177/1359105317703786,other,high
10.1177/1359105317707259,observational,high
10.1177/1359105317703789,other,high
10.1177/1359105317707215,other,high
10.1177/1359105317707216,other,high
10.1177/1359105317710246,other,high
10.1177/1359105317707531,other,high
10.1177/1359105317726152,observational,high
10.1177/1359105318784161,other,high
10.1177/1359105318785450,case_series,high
10.1177/1359105317742195,case_series,medium
10.1177/1359105317715476,other,high
10.1177/1359105319847261,other,high
10.1177/1359105318805819,other,high
10.1177/1359105318796906,observational,high
10.1177/1359105319854532,observational,high
10.1177/13591053211008203,case_series,high
10.1177/13591053211038042,other,high
10.1177/1359105319834678,case_series,high
10.1177/13591053211027631,observational,high
10.1177/1359105321990810,other,high
10.1177/13591053231169191,observational,high
10.1177/13591053221084494,other,high
10.1177/13591053231223882,observational,high
10.1177/13591053231186385,case_series,high
10.1177/13591053251325690,observational,high
10.1177/13591053261420598,observational,medium
10.1177/135910539800300107,observational,medium
10.1177/1363459307070806,other,high
10.1177/1363459303007002876,other,high
10.1177/1363459309103919,other,high
10.1177/1363459315622041,case_series,high
10.1177/1363459315583158,observational,high
10.1177/1363459308094420,observational,high
10.1177/1363459315628044,other,high
10.1177/136346159403100206,other,high
10.1177/13634615030403006,observational,high
10.1177/1367493519864747,other,high
10.1177/1367493505049644,other,high
10.1177/136346159403100302,other,high
10.1177/136749359900300207,other,medium
10.1177/1403494819868592,observational,high
10.1177/14034948211056752,observational,high
10.1177/136345939800200204,other,high
10.1177/135910539800300406,observational,high
10.1177/147323000803600501,other,high
10.1177/147323001103900122,observational,high
10.1177/1478271520023202013,case_series,high
10.1177/14782715241257968,other,high
10.1177/14782715241255977,case_series,medium
10.1177/1524838007303196,other,high
10.1177/15350102001003001,case_series,high
10.1177/146642400212200113,case_series,high
10.1177/153537020322800206,observational,high
10.1177/153944920502500205,observational,high
10.1177/153944929701700303,observational,high
10.1177/1740774518760300,non_randomized_trial,medium
10.1177/1742395312474478,case_series,high
10.1177/1742395316644770,observational,high
10.1177/17423953060020020901,other,high
10.1177/1742395317703175,other,high
10.1177/1742395317746470,observational,high
10.1177/1742395318815965,case_series,high
10.1177/1742395319836472,other,high
10.1177/1742395313478220,observational,high
10.1177/17423953211043106,observational,high
10.1177/1742395320949613,observational,high
10.1177/17423953211064989,case_series,medium
10.1177/17423953221101606,observational,high
10.1177/17423953231178185,other,high
10.1177/17423953221121696,observational,high
10.1177/17423953251347108,observational,high
10.1177/17448069241275097,other,high
10.1177/19714009980110s220,case_series,medium
10.1177/1942602x18795299,other,high
10.1177/2049463719875164,non_randomized_trial,high
10.1177/20420986251395925,other,high
10.1177/2055102918792648,other,high
10.1177/20499361211009385,other,high
10.1177/2055102919838907,other,high
10.1177/2055102918805187,other,high
10.1177/2058738418820402,observational,high
10.1177/2055102919840614,other,high
10.1177/2150131910385843,observational,high
10.1177/2058738418812342,other,high
10.1177/2042533313507920,observational,high
10.1177/2156587217712763,other,high
10.1177/2156587216659400,rct,high
10.1177/2164957x221079790,other,high
10.1177/216507991306100705,observational,high
10.1177/23743735241272158,non_randomized_trial,high
10.1177/21925682231217706,other,high
10.1177/23743735261442541,observational,high
10.1177/23743735261449971,case_series,high
10.1177/2324709615607908,case_series,high
10.1177/26331055221114817,other,high
10.1177/27536130241275607,other,high
10.1177/27536130241311594,other,high
10.1177/2380084419872135,observational,high
10.1179/135100000101535519,case_series,medium
10.1179/174592006x111012,other,high
10.1179/174328808x252064,case_series,high
10.1179/2295333714y.0000000075,other,high
10.1182/blood-2018-99-117260,case_series,high
10.1179/2295333714y.0000000076,unclear,high
10.1183/13993003.congress-2023.pa4574,observational,high
10.1183/13993003.congress-2023.pa2960,observational,high
10.1183/13993003.congress-2023.pa4639,non_randomized_trial,high
10.1183/13993003.congress-2025.pa4128,observational,high
10.1179/rer.2000.5.1.35,observational,high
10.1177/2156587213485436,other,high
10.1185/03007995.2015.1045472,other,high
10.1186/1471-2172-13-71,observational,high
10.1186/1471-2180-2-39,observational,high
10.1179/2295333714y.0000000056,other,high
10.1186/1471-2180-11-2,observational,high
10.1186/1471-2172-14-29,observational,high
10.1186/1471-2296-11-16,observational,high
10.1186/1471-2296-11-28,observational,high
10.1186/1471-2296-15-44,other,high
10.1186/1471-2296-14-12,rct,high
10.1186/1471-2296-13-93,other,high
10.1186/1471-2296-6-49,observational,high
10.1186/1471-2296-6-33,observational,high
10.1186/1471-230x-13-28,observational,high
10.1186/1471-230x-12-13,case_series,high
10.1186/1471-2296-11-89,case_series,high
10.1186/1471-230x-4-32,observational,high
10.1186/1471-2334-12-258,observational,high
10.1186/1471-2377-11-23,rct,high
10.1186/1471-2377-10-73,observational,high
10.1186/1471-2377-11-30,observational,high
10.1186/1471-2377-11-62,observational,high
10.1186/1471-2377-4-14,observational,high
10.1186/1471-2377-4-6,observational,high
10.1186/1471-2377-6-9,observational,high
10.1186/1471-2377-6-41,observational,high
10.1186/1471-2377-7-40,observational,high
10.1186/1471-2377-7-6,rct,high
10.1186/1471-244x-13-281,observational,high
10.1186/1471-2377-5-22,case_series,high
10.1186/1471-2377-9-28,case_series,high
10.1186/1471-2458-12-202,rct,high
10.1186/1471-2458-11-402,observational,high
10.1186/1471-2458-13-414,observational,high
10.1186/1471-2458-9-458,other,high
10.1186/1471-244x-9-s1-s1,other,high
10.1186/1471-2474-5-47,observational,high
10.1186/1471-244x-6-53,observational,high
10.1186/1472-6793-5-5,observational,high
10.1186/1472-6882-11-87,other,high
10.1186/1472-6882-11-47,observational,high
10.1186/1472-6882-12-s1-p123,case_series,high
10.1186/1472-6882-7-12,observational,high
10.1186/1472-6920-8-49,other,high
10.1186/1472-6963-11-217,observational,high
10.1186/1472-6920-9-70,other,high
10.1186/1472-6955-8-2,case_series,low
10.1186/1475-2891-8-4,non_randomized_trial,high
10.1186/1472-6963-9-13,observational,high
10.1186/1475-2891-9-55,crossover,high
10.1186/1471-2377-11-82,case_series,high
10.1186/1472-6963-5-37,other,high
10.1186/1471-2334-5-78,,
10.1186/1472-6963-11-308,observational,high
10.1186/1472-6963-8-175,non_randomized_trial,high
10.1186/1476-5918-4-10,non_randomized_trial,high
10.1186/1475-9276-10-46,observational,high
10.1186/1476-5918-4-3,non_randomized_trial,high
10.1186/1476-5918-6-2,observational,high
10.1186/1477-7525-1-48,observational,high
10.1186/1476-5918-5-1,observational,high
10.1186/1476-5918-6-6,observational,high
10.1186/1476-5918-7-6,observational,high
10.1186/1477-7525-1-49,observational,high
10.1186/1477-7525-1-74,observational,high
10.1186/1477-7525-1-52,observational,high
10.1186/1477-7525-12-64,observational,high
10.1186/1477-7525-7-29,observational,high
10.1186/1478-7547-2-4,observational,high
10.1186/1478-7954-3-8,observational,high
10.1186/1478-7954-4-12,case_series,high
10.1186/1478-7954-7-17,observational,high
10.1186/1478-7954-5-5,observational,high
10.1186/1478-7954-7-18,observational,high
10.1186/1478-7954-2-1,observational,high
10.1186/1478-7954-5-6,other,high
10.1186/1479-5876-1-10,observational,high
10.1186/1479-5876-10-191,observational,high
10.1186/1479-5876-11-243,case_series,high
10.1186/1479-5876-10-88,observational,high
10.1186/1479-5876-11-93,observational,high
10.1186/1477-7525-7-67,observational,high
10.1186/1479-5876-11-68,observational,high
10.1186/1479-5876-12-104,case_series,high
10.1186/1479-5876-12-20,observational,high
10.1186/1479-5876-4-34,case_series,high
10.1186/1479-5876-8-1,observational,high
10.1186/1479-5876-8-93,observational,high
10.1186/1479-5876-9-81,observational,high
10.1186/1479-5876-7-96,observational,high
10.1186/1741-7015-11-205,other,high
10.1186/1740-2557-2-5,observational,high
10.1186/1479-5876-7-81,other,high
10.1186/1741-7007-8-124,other,high
10.1186/1741-7015-11-64,other,high
10.1186/1741-7015-4-9,rct,high
10.1186/1741-7015-7-57,observational,high
10.1186/1741-7015-7-58,other,medium
10.1186/1742-4682-9-22,case_series,high
10.1186/1741-7015-9-91,observational,high
10.1186/1741-7015-8-35,other,high
10.1186/1478-7547-9-1,observational,high
10.1186/1741-7015-9-26,observational,high
10.1186/1742-4690-7-10,observational,high
10.1186/1742-4690-7-109,observational,high
10.1186/1742-4690-7-113,other,high
10.1186/1742-4690-7-16,other,high
10.1186/1742-4690-7-57,observational,high
10.1186/1742-4690-7-63,observational,high
10.1186/1742-4682-4-8,other,high
10.1186/1742-4690-8-12,case_series,high
10.1186/1742-4690-8-20,observational,high
10.1186/1742-4690-8-s1-a222,observational,high
10.1186/1742-4690-7-110,other,high
10.1186/1742-4690-8-s1-a238,observational,high
10.1186/1742-4690-8-s1-a230,case_series,high
10.1186/1742-4690-8-13,case_series,high
10.1186/1742-4690-8-s1-a241,other,high
10.1186/1742-4690-8-s1-a219,other,high
10.1186/1742-4690-7-68,other,high
10.1186/1743-0003-5-16,observational,high
10.1186/1742-4690-8-s2-o11,other,high
10.1186/1741-7015-3-19,observational,high
10.1186/1743-422x-10-332,case_series,high
10.1186/1743-422x-7-224,observational,high
10.1186/1742-4690-8-s1-a225,other,high
10.1186/1743-422x-8-450,observational,high
10.1186/1744-859x-9-s1-s25,other,medium
10.1186/1743-7075-7-79,other,high
10.1186/1744-9081-4-44,observational,high
10.1186/1744-9081-3-55,other,high
10.1186/1744-9081-5-10,other,high
10.1186/1744-9081-5-43,observational,high
10.1186/1743-422x-8-423,other,high
10.1186/1744-9081-6-76,observational,high
10.1186/1745-6215-12-s1-a144,rct,high
10.1186/1745-6215-14-147,rct,high
10.1186/1745-6215-14-415,rct,high
10.1186/1745-6215-16-s1-p21,case_series,high
10.1186/1745-6215-14-444,rct,high
10.1186/1745-6215-16-s2-o43,rct,high
10.1186/1745-6215-14-386,rct,high
10.1186/1751-0759-3-7,case_series,high
10.1186/1751-0759-4-22,observational,high
10.1186/1748-5908-6-132,observational,high
10.1186/1751-0759-6-10,observational,high
10.1186/1751-0759-8-22,observational,high
10.1186/1751-0759-7-7,case_series,high
10.1186/1756-0500-4-139,observational,high
10.1186/1755-8794-2-38,observational,high
10.1186/1756-0500-5-418,case_series,high
10.1186/1756-0500-6-309,observational,high
10.1186/1756-0500-7-370,other,high
10.1186/1751-0759-7-5,observational,high
10.1186/1756-0500-7-650,crossover,high
10.1186/1756-0500-7-461,observational,high
10.1186/1757-4749-1-6,rct,high
10.1186/1752-0509-2-95,other,high
10.1186/1878-5085-5-s1-a149,unclear,low
10.1186/2052-1847-5-16,rct,high
10.1186/ar1163,observational,high
10.1186/1745-6215-13-71,rct,high
10.1186/ar2425,observational,high
10.1186/s10020-018-0046-1,observational,high
10.1186/ar2690,other,high
10.1186/s10020-019-0083-4,case_series,high
10.1186/ar2691,observational,high
10.1186/s12865-015-0101-4,observational,high
10.1186/s10020-022-00528-y,case_series,high
10.1186/s12865-016-0142-3,observational,high
10.1186/s12865-024-00657-5,other,high
10.1186/s12865-026-00849-1,observational,high
10.1186/s12865-017-0190-3,observational,high
10.1186/s12874-019-0730-z,case_series,low
10.1186/s12874-020-01131-7,other,high
10.1186/s12866-025-04650-9,observational,high
10.1186/s12875-016-0453-8,observational,high
10.1186/s12875-016-0527-7,observational,high
10.1186/s12875-016-0493-0,other,medium
10.1186/s12875-017-0635-z,observational,high
10.1186/s10020-023-00766-8,other,high
10.1186/s12879-025-11754-0,other,high
10.1186/s12875-020-01160-7,observational,high
10.1186/s12879-024-10238-x,observational,high
10.1186/s12883-017-0896-0,observational,high
10.1186/s12881-017-0387-6,observational,high
10.1186/s12881-016-0342-y,observational,high
10.1186/s12883-015-0308-2,observational,high
10.1186/s12883-019-1433-0,other,high
10.1186/s12883-019-1468-2,observational,high
10.1186/s12883-022-02763-6,observational,high
10.1186/s12883-015-0392-3,rct,high
10.1186/s12887-016-0596-8,observational,high
10.1186/s12887-015-0428-2,rct,high
10.1186/s12887-017-0799-7,other,high
10.1186/s12888-026-07797-5,observational,high
10.1186/s12887-020-02461-7,observational,high
10.1186/s12889-017-4968-2,case_series,high
10.1186/s12889-019-7225-z,observational,high
10.1186/s12889-022-13929-9,observational,high
10.1186/s12888-015-0515-9,rct,high
10.1186/s12889-025-22603-9,observational,high
10.1186/s12889-024-18757-7,observational,high
10.1186/s12889-026-27499-7,observational,high
10.1186/s12891-021-04293-7,observational,high
10.1186/s12906-017-1783-3,non_randomized_trial,high
10.1186/s12902-022-01237-7,observational,high
10.1186/s12883-024-03872-0,observational,high
10.1186/s12889-026-27598-5,observational,high
10.1186/s12906-025-04800-6,rct,high
10.1186/s12906-017-1647-x,other,high
10.1186/s12912-015-0115-5,case_series,high
10.1186/s12912-026-04749-y,other,high
10.1186/s12916-014-0167-5,observational,high
10.1186/s12913-016-1909-1,observational,high
10.1186/s12913-017-2437-3,observational,high
10.1186/s12916-014-0259-2,other,high
10.1186/s12913-017-2337-6,case_series,high
10.1186/s12909-024-05990-2,non_randomized_trial,high
10.1186/s12913-026-14962-9,observational,high
10.1186/s12906-025-04882-2,other,high
10.1186/s12916-015-0388-2,other,high
10.1186/s12916-023-02893-9,other,high
10.1186/s12916-025-04293-7,observational,high
10.1186/s12920-017-0248-3,observational,high
10.1186/s12955-018-1028-2,observational,high
10.1186/s12916-015-0310-y,other,high
10.1186/s12933-024-02315-x,observational,high
10.1186/s12955-015-0288-3,observational,high
10.1186/s12955-020-01430-z,observational,high
10.1186/s12963-016-0077-1,observational,high
10.1186/s12918-018-0599-1,other,high
10.1186/s12955-025-02431-6,observational,high
10.1186/s12967-016-0771-6,observational,high
10.1186/s12967-016-0859-z,case_series,high
10.1186/s12967-015-0653-3,observational,high
10.1186/s12967-016-0873-1,observational,high
10.1186/s12967-015-0628-4,observational,high
10.1186/s12967-016-1010-x,observational,high
10.1186/s12967-016-1104-5,observational,high
10.1186/s12967-017-1161-4,observational,high
10.1186/s12967-015-0527-8,case_series,high
10.1186/s12967-017-1263-z,other,high
10.1186/s12967-017-1371-9,non_randomized_trial,high
10.1186/s12967-017-1229-1,other,high
10.1186/s12967-017-1350-1,observational,high
10.1186/s12967-018-1414-x,observational,high
10.1186/s12967-018-1413-y,non_randomized_trial,high
10.1186/s12967-018-1392-z,non_randomized_trial,high
10.1186/s12967-018-1397-7,case_series,high
10.1186/s12967-018-1473-z,observational,high
10.1186/s12967-018-1600-x,observational,high
10.1186/s12967-017-1201-0,observational,high
10.1186/s12967-018-1713-2,observational,high
10.1186/s12967-019-02153-6,observational,high
10.1186/s12967-019-02184-z,observational,high
10.1186/s12967-018-1644-y,other,high
10.1186/s12967-018-1696-z,observational,high
10.1186/s12967-019-1797-3,observational,high
10.1186/s12967-019-1888-1,observational,high
10.1186/s12967-019-1906-3,observational,high
10.1186/s12967-019-1935-y,observational,high
10.1186/s12967-019-1948-6,other,high
10.1186/s12967-020-02269-0,observational,high
10.1186/s12967-019-1836-0,observational,high
10.1186/s12967-020-02341-9,observational,high
10.1186/s12967-020-02356-2,other,high
10.1186/s12967-020-02397-7,observational,high
10.1186/s12967-020-02419-4,observational,high
10.1186/s12967-020-02452-3,other,high
10.1186/s12967-019-02196-9,other,high
10.1186/s12967-020-02455-0,other,high
10.1186/s12967-020-02506-6,other,high
10.1186/s12967-020-02481-y,observational,high
10.1186/s12967-019-02155-4,case_series,high
10.1186/s12967-020-02575-7,other,high
10.1186/s12967-020-02603-6,other,high
10.1186/s12967-020-02560-0,observational,high
10.1186/s12967-020-02585-5,observational,high
10.1186/s12967-020-02583-7,case_series,high
10.1186/s12967-020-02665-6,observational,high
10.1186/s12967-020-02533-3,observational,high
10.1186/s12967-021-02713-9,observational,high
10.1186/s12967-020-02683-4,observational,high
10.1186/s12967-021-02721-9,case_series,high
10.1186/s12967-021-02742-4,other,high
10.1186/s12967-021-02819-0,observational,high
10.1186/s12967-021-02875-6,case_series,high
10.1186/s12967-021-02833-2,other,high
10.1186/s12967-021-03035-6,observational,high
10.1186/s12967-021-02774-w,observational,high
10.1186/s12967-021-03127-3,other,high
10.1186/s12967-021-02974-4,case_series,high
10.1186/s12967-021-03153-1,observational,high
10.1186/s12967-021-03170-0,observational,high
10.1186/s12967-021-03143-3,other,high
10.1186/s12967-022-03289-8,observational,high
10.1186/s12967-022-03244-7,other,high
10.1186/s12967-022-03301-1,observational,high
10.1186/s12967-022-03460-1,non_randomized_trial,high
10.1186/s12967-022-03346-2,observational,high
10.1186/s12967-022-03461-0,observational,high
10.1186/s12967-022-03616-z,observational,high
10.1186/s12967-022-03488-3,non_randomized_trial,high
10.1186/s12967-022-03297-8,other,high
10.1186/s12967-022-03638-7,observational,high
10.1186/s12967-022-03682-3,observational,high
10.1186/s12967-022-03662-7,case_series,high
10.1186/s12967-022-03769-x,observational,high
10.1186/s12967-023-03886-1,observational,high
10.1186/s12967-022-03764-2,observational,high
10.1186/s12967-022-03815-8,observational,high
10.1186/s12967-023-03946-6,observational,high
10.1186/s12967-023-04179-3,observational,high
10.1186/s12967-023-04226-z,other,high
10.1186/s12967-023-03958-2,observational,high
10.1186/s12967-023-04227-y,rct,high
10.1186/s12967-023-04295-0,other,high
10.1186/s12967-023-04412-z,observational,high
10.1186/s12967-023-04250-z,non_randomized_trial,high
10.1186/s12967-023-04515-7,other,high
10.1186/s12967-023-04678-3,observational,high
10.1186/s12967-023-04588-4,observational,high
10.1186/s12967-023-04636-z,observational,high
10.1186/s12967-023-04635-0,observational,high
10.1186/s12967-023-04587-5,other,high
10.1186/s12967-023-04711-5,case_series,high
10.1186/s12967-024-04979-1,observational,high
10.1186/s12967-024-05349-7,observational,high
10.1186/s12967-023-03887-0,observational,high
10.1186/s12967-024-05148-0,observational,high
10.1186/s12967-024-05915-z,other,high
10.1186/s12967-024-05710-w,observational,high
10.1186/s12967-025-06131-z,other,high
10.1186/s12967-024-05410-5,observational,high
10.1186/s12967-023-04808-x,other,high
10.1186/s12967-024-05412-3,other,high
10.1186/s12967-025-06137-7,case_series,high
10.1186/s12967-025-06220-z,other,high
10.1186/s12967-025-06146-6,other,high
10.1186/s12967-025-06527-x,other,high
10.1186/s12967-025-06625-w,observational,high
10.1186/s12967-025-06600-5,observational,high
10.1186/s12967-025-07006-z,observational,high
10.1186/s12967-025-07203-w,observational,high
10.1186/s12967-025-06954-w,other,high
10.1186/s12967-025-06829-0,case_series,low
10.1186/s12967-025-07213-8,non_randomized_trial,high
10.1186/s12967-025-07506-y,other,high
10.1186/s12967-025-07624-7,rct,high
10.1186/s12967-025-07579-9,observational,high
10.1186/s12967-025-07620-x,case_series,high
10.1186/s12967-025-07507-x,observational,high
10.1186/s12967-026-07708-y,observational,high
10.1186/s12967-025-07586-w,case_series,high
10.1186/s12967-025-07433-y,observational,high
10.1186/s12967-026-07740-y,observational,high
10.1186/s12967-026-07807-w,case_series,high
10.1186/s12967-026-07889-6,other,high
10.1186/s12967-026-08167-1,observational,high
10.1186/s12967-026-08159-1,observational,high
10.1186/s12967-026-08162-6,observational,high
10.1186/s12967-026-08157-3,observational,high
10.1186/s12967-026-08319-3,other,high
10.1186/s12967-026-08321-9,observational,high
10.1186/s12967-026-08156-4,other,high
10.1186/s12967-026-08324-6,non_randomized_trial,high
10.1186/s12967-026-08442-1,observational,high
10.1186/s13020-016-0092-y,observational,high
10.1186/s12982-025-00936-5,observational,high
10.1186/s13030-014-0027-8,rct,high
10.1186/s13027-023-00485-z,other,high
10.1186/s13030-017-0090-z,non_randomized_trial,high
10.1186/s12982-025-01036-0,case_series,high
10.1186/s12974-019-1456-x,other,high
10.1186/s13030-019-0168-x,non_randomized_trial,high
10.1186/s12967-025-06841-4,,
10.1186/s13030-019-0171-2,non_randomized_trial,high
10.1186/s12974-014-0168-5,other,high
10.1186/s13030-021-00219-w,other,high
10.1186/s13030-018-0123-2,non_randomized_trial,high
10.1186/s13030-022-00250-5,other,high
10.1186/s13030-022-00260-3,case_series,high
10.1186/s12974-016-0539-1,other,high
10.1186/s13030-024-00305-9,observational,high
10.1186/s13063-018-2763-8,rct,high
10.1186/s13030-025-00336-w,non_randomized_trial,high
10.1186/s13030-022-00255-0,non_randomized_trial,high
10.1186/s13063-015-0971-z,rct,high
10.1186/s13063-015-0857-0,rct,high
10.1186/s13063-018-2500-3,rct,high
10.1186/s13063-019-3243-5,rct,high
10.1186/s13063-019-3895-1,rct,high
10.1186/s13063-020-04901-2,non_randomized_trial,medium
10.1186/s13063-024-07982-5,rct,high
10.1186/s13063-022-06620-2,rct,high
10.1186/s13063-024-08077-x,rct,high
10.1186/s13104-023-06616-4,observational,high
10.1186/s13148-020-00960-z,observational,high
10.1186/s13063-023-07550-3,rct,high
10.1186/s13030-025-00339-7,rct,high
10.1186/s13063-026-09769-2,rct,high
10.1186/s13643-018-0909-0,other,high
10.1186/s13223-020-0417-3,observational,high
10.1186/s13643-019-1202-6,observational,high
10.1186/s13317-019-0122-8,observational,high
10.1186/s40168-016-0171-4,observational,high
10.1186/s40001-024-01747-1,observational,high
10.1186/s40168-024-01858-1,observational,high
10.1186/s40168-017-0261-y,observational,high
10.1186/s40359-019-0288-x,rct,high
10.1186/s40359-017-0174-3,observational,high
10.1186/s40359-023-01358-1,observational,high
10.1186/s40246-015-0030-6,other,high
10.1186/s40659-016-0087-2,observational,high
10.1186/s40359-020-0380-2,other,high
10.1186/s40359-019-0296-x,other,high
10.1186/s40359-018-0218-3,rct,high
10.1186/s40814-019-0525-3,rct,high
10.1186/s13643-022-01972-x,other,high
10.1186/s40900-015-0011-x,observational,high
10.1191/0269215504cr708oa,observational,high
10.1186/s41687-019-0156-8,other,high
10.1186/s40360-018-0203-8,case_series,high
10.1191/0269215504cr751oa,observational,high
10.1191/0269215505cr882oa,observational,high
10.1191/0269215506cr914oa,non_randomized_trial,high
10.1191/1478088704qp008oa,case_series,high
10.1186/s40798-026-00995-1,observational,high
10.1192/apt.6.2.145,other,high
10.1191/1478088706qrp061oa,other,high
10.1192/apt.23.5.288,other,high
10.1192/apt.12.5.349,other,high
10.1192/apt.8.5.351,other,high
10.1192/apt.9.1.78,unclear,high
10.1186/s40814-020-00595-0,rct,high
10.1192/bjp.113.501.833,case_series,medium
10.1192/bjo.2022.209,non_randomized_trial,high
10.1192/bjp.122.2.141,observational,high
10.1192/bja.2017.34,other,high
10.1192/apt.bp.116.016261,other,medium
10.1192/bjp.156.4.534,case_series,high
10.1192/bjp.166.6.793,observational,high
10.1192/bjp.166.6.798,case_series,high
10.1192/bjp.167.1.86,observational,high
10.1192/bjp.172.6.491,other,high
10.1192/bjp.168.1.121,observational,high
10.1192/bjp.172.6.485,rct,high
10.1192/bjp.168.3.354,observational,high
10.1192/bjp.167.4.503,observational,high
10.1192/bjp.171.4.377,observational,high
10.1192/bjp.173.6.475,observational,high
10.1192/bjp.176.6.550,observational,high
10.1192/bjp.184.3.240,rct,high
10.1192/bjp.184.2.136,observational,high
10.1192/bjp.184.2.142,non_randomized_trial,high
10.1192/bjp.181.3.248,rct,high
10.1192/bjp.184.6.477,observational,high
10.1192/bjp.187.2.184,non_randomized_trial,high
10.1192/bjp.186.4.350,non_randomized_trial,high
10.1192/bjp.200.2.164a,unclear,low
10.1192/bjp.2017.22,rct,high
10.1192/bjp.188.4.395-a,unclear,low
10.1192/bjp.2018.136,unclear,high
10.1192/bjp.2018.215,unclear,low
10.1192/bjp.2024.23,other,high
10.1192/bjp.2024.22,other,high
10.1192/bjp.bp.106.031815,rct,high
10.1192/bjp.bp.108.051292,rct,high
10.1192/bjp.bp.108.051813,observational,high
10.1192/bjp.bp.110.082974,observational,high
10.1192/bjp.bp.110.083956,observational,high
10.1192/bjp.122.6.735,,
10.1192/bjp.bp.115.169300,non_randomized_trial,high
10.1192/j.eurpsy.2021.1163,other,high
10.1192/bjp.bp.111.107474,non_randomized_trial,high
10.1192/j.eurpsy.2021.382,crossover,high
10.1192/bjpo.bp.115.002808,other,high
10.1192/j.eurpsy.2025.1226,other,high
10.1192/j.eurpsy.2025.189,other,high
10.1192/pb.22.4.193,unclear,low
10.1192/j.eurpsy.2025.408,observational,high
10.1192/pb.22.4.203,observational,high
10.1192/pb.22.4.198,case_series,high
10.1192/pb.23.11.691-a,other,high
10.1192/pb.bp.113.045005,rct,high
10.1192/s000712500003703x,unclear,high
10.1192/s000712500018211x,unclear,high
10.1196/annals.1320.012,other,high
10.1200/jco.2012.30.15_suppl.9070,observational,high
10.1201/9781315275147,other,high
10.1192/bjp.173.4.353a,,
10.1201/9781315557366-18,other,medium
10.1201/9781003417835,other,high
10.1201/9781420048193,other,high
10.1201/9781420041002,other,medium
10.1201/9781482269840,other,high
10.1201/9781420001143,other,high
10.1192/bjp.195.4.369a,,
10.1201/b20221-10,other,high
10.1201/b13956,other,high
10.1196/annals.1366.020,other,high
10.1203/00006450-200008000-00016,observational,high
10.1207/s15324796abm2402_07,observational,high
10.1203/pdr.0b013e31815ed612,observational,high
10.12047/j.cjap.5633.2018.078,non_randomized_trial,high
10.1207/s15324826an0801_2,observational,high
10.1207/s15324826an0403_1,observational,high
10.1207/s15324826an0801_3,observational,high
10.1207/s15324826an0801_5,observational,high
10.1207/s15327558ijbm1002_05,crossover,high
10.1207/s15327027hc1101_2,observational,high
10.1207/s15327558ijbm1303_8,case_series,high
10.1207/s15324826an0801_6,observational,high
10.1207/s15327655jchn0502_2,other,high
10.1207/s15324826an0801_4,observational,high
10.1207/s15327876mp1204_01,observational,high
10.1207/s15324826an0801_7,other,high
10.1210/er.2002-0014,other,high
10.1210/endrev/bnag009,other,high
10.1210/jcem.81.5.8626849,non_randomized_trial,high
10.1210/jcem.85.2.6379,observational,medium
10.1210/jcem-73-6-1224,observational,high
10.1210/jcem.85.10.6857,observational,high
10.1210/jcem.85.4.6513,non_randomized_trial,high
10.1210/jcem.86.8.7724,case_series,high
10.1210/jc.2007-1747,observational,high
10.1210/jcem.86.8.7735,crossover,high
10.1210/jendso/bvac150.578,case_series,medium
10.1211/pj.2016.20201439,unclear,low
10.12114/j.issn.1007-9572.2024.0288,observational,high
10.1210/jendso/bvad114.1370,observational,high
10.1211/pj.2022.1.147009,other,low
10.1211/pj.2020.20208536,other,high
10.1212/nxi.0000000000001113,observational,high
10.1212/nxi.0000000000200244,case_series,high
10.1212/wnl.0000000000204829,observational,high
10.1212/wnl.0000000000205761,observational,low
10.1212/wnl.0000000000211884,observational,medium
10.1212/wnl.0000000000217363,other,high
10.1212/wnl.42.9.1667,observational,high
10.1212/wnl.34.6.845-a,other,high
10.1212/wnl.43.12.2645,case_series,high
10.1212/wnl.0000000000217681,observational,medium
10.1210/clinem/dgab429,observational,high
10.1212/wnl.47.6.1410,observational,high
10.1212/wnl.48.6.1717,case_series,high
10.1212/wnl.53.6.1340,case_series,high
10.1212/wnl.82.10_supplement.p1.093,case_series,high
10.1212/wnl.90.15_supplement.p2.016,other,high
10.1212/wnl.82.10_supplement.p7.305,other,high
10.1212/wnl.43.1_part_1.125,observational,high
10.1214/23-aoas1834,observational,high
10.1248/bpb.b15-00623,rct,high
10.1215/9781478021544-004,other,high
10.1249/00005768-199405001-00269,case_series,medium
10.1249/00005768-199205001-00211,observational,medium
10.1249/00005768-199305001-00094,observational,medium
10.1214/24-ejs2222,other,high
10.1248/bpb.b19-00009,other,high
10.1234/jgpt.v3i2.349,other,high
10.1249/00005768-199505001-00177,case_series,high
10.1248/bpb.34.354,other,high
10.1249/00005768-200505001-01743,observational,high
10.1249/00005768-200405001-01314,non_randomized_trial,high
10.1248/bpb.b19-00616,other,high
10.1249/00005768-200605001-01259,observational,high
10.1249/00005768-200605001-02398,case_series,high
10.1249/01.mss.0000058360.61448.6c,observational,high
10.1249/01.mss.0000062828.48337.44,other,high
10.1249/00005768-200605001-02399,observational,high
10.1249/01.mss.0000058438.25278.33,observational,high
10.1249/01.mss.0000069510.58763.e8,observational,high
10.1249/01.mss.0000179921.48404.ef,non_randomized_trial,high
10.1249/01.mss.0000181680.35503.ce,observational,high
10.1249/01.mss.0000128184.57911.21,other,high
10.1249/01.mss.0000274761.36146.5f,observational,high
10.1249/00005768-200605001-00571,observational,high
10.1249/01.mss.0000274760.28522.df,observational,high
10.1249/01.mss.0000355322.61578.e7,observational,high
10.1249/01.mss.0000400896.52640.52,observational,medium
10.1249/01.mss.0000476560.85673.81,observational,high
10.1249/01.mss.0000476561.62802.88,rct,high
10.1249/01.mss.0000477153.95274.bc,non_randomized_trial,high
10.1249/01.mss.0000485353.37124.aa,observational,high
10.1249/01.mss.0000486153.17319.06,observational,high
10.1249/01.mss.0000517145.84069.44,observational,high
10.1249/01.mss.0000495526.97940.0a,crossover,high
10.1249/01.mss.0000535866.44178.11,observational,high
10.1249/01.mss.0000519479.78263.d1,observational,medium
10.1249/01.mss.0000538712.91111.69,observational,high
10.1249/01.mss.0000675296.08816.68,observational,high
10.1249/01.mss.0000679540.68177.0f,observational,high
10.1249/01.mss.0000878040.35829.4e,observational,high
10.1249/01.mss.0000981104.11713.e0,observational,high
10.1249/01.mss.0000882640.56534.fe,observational,high
10.1249/01.mss.0000142406.79093.90,observational,high
10.1249/01.mss.0000762864.68507.3a,observational,high
10.1249/01.mss.0000981076.43817.c0,case_series,high
10.1249/01.mss.0001060360.80310.99,case_series,high
10.1249/01.mss.0001054112.23253.0a,observational,high
10.1249/01.mss.0000981320.13705.b1,case_series,high
10.1249/01.mss.0001154540.80808.f0,observational,medium
10.1249/01.mss.0001155392.02552.12,observational,high
10.1249/fit.0000000000000876,unclear,low
10.1249/01.mss.0001161516.33476.0b,case_series,high
10.1249/fit.0b013e318201ca17,other,low
10.1249/fit.0b013e318201c22d,other,high
10.1249/mss.0000000000000983,crossover,high
10.1249/mss.0000000000000990,other,high
10.1249/mss.0000000000002421,observational,high
10.1249/mss.0000000000000957,non_randomized_trial,high
10.1249/mss.0b013e3181b11bc7,observational,high
10.1249/mss.0000000000003891,observational,high
10.1253/circrep.cr-22-0114,case_series,high
10.1258/jrsm.2009.09k038,other,high
10.1258/135763302320939220,observational,high
10.1249/mss.0b013e3182417b9a,observational,medium
10.1258/shorts.2011.011016,other,high
10.1258/shorts.2011.011127,observational,high
10.1258/shorts.2011.011167,observational,high
10.1258/shorts.2012.012051,other,high
10.1258/shorts.2010.010042,case_series,high
10.1258/jicp.2011.011024,case_series,medium
10.1249/01.mss.0000983844.93238.9d,observational,high
10.1259/bjr.73.875.11144799,case_series,high
10.1259/bjr/85621779,observational,high
10.1259/bjr/93889091,observational,high
10.12659/ajcr.900314,case_series,high
10.12659/ajcr.896949,case_series,high
10.12659/msm.889333,non_randomized_trial,high
10.12659/msm.890423,case_series,high
10.12659/msm.881699,observational,high
10.12677/acm.2025.1561811,other,medium
10.12688/f1000research.18660.1,other,medium
10.12677/tcm.2025.147467,other,high
10.1272/jnms.66.239,case_series,high
10.12688/hrbopenres.13181.1,case_series,medium
10.12731/2658-6649-2023-15-5-951,other,high
10.12775/jehs.2022.12.09.084,other,high
10.12783/dtssehs/mess2016/9698,observational,high
10.12775/qs.2024.17.52946,other,high
10.12775/jehs.2026.88.69423,other,high
10.12775/jehs.2020.10.09.076,other,high
10.1289/ehp.02110s4597,other,high
10.12775/jehs.2025.85.66478,other,high
10.1289/ehp.02110s4607,other,high
10.1289/ehp.02110s4641,other,high
10.1289/ehp.02110s4591,other,high
10.12891/ceog5179.2019,case_series,high
10.1289/ehp.02110s4673,other,high
10.1292/jvms.11-0362,other,high
10.1289/ehp.99107s3469,other,high
10.12891/ceog3883.2017,case_series,high
10.12932/ap-200517-0086,observational,high
10.1289/ehp.97105s2417,case_series,high
10.12932/ap0733,observational,high
10.12932/ap0771,observational,high
10.12968/bjhc.2023.0034,other,high
10.12968/bjhc.2021.0095,other,high
10.12968/bjom.2012.20.6.389,other,high
10.12968/bjon.2006.15.12.21399,other,high
10.12968/bjon.1992.1.9.440,other,high
10.12968/bjon.2007.16.16.27071,other,low
10.12968/bjtr.1997.4.12.14326,other,medium
10.12968/bjha.2009.3.5.42368,unclear,high
10.12968/bjtr.1997.4.12.14327,case_series,medium
10.12968/bjon.2010.19.14.49051,other,medium
10.12968/bjsn.2009.4.2.40658,unclear,high
10.12968/bjtr.1998.5.2.14101,case_series,high
10.12968/bjtr.1997.4.12.14328,observational,medium
10.12968/bjtr.1998.5.4.14088,case_series,medium
10.12968/chhe.2023.4.4.165,other,high
10.12968/bjnn.2009.5.10.44669,other,high
10.12968/npre.2009.7.8.43686,other,high
10.12968/ijtr.2013.20.4.180,non_randomized_trial,high
10.12968/opti.2024.270.6986.28,other,high
10.12968/hmed.2006.67.sup9.21994,observational,medium
10.12968/ijtr.2016.0035,case_series,high
10.12968/pnur.2025.0098,other,low
10.12968/pnur.2003.14.6.276,other,medium
10.12970/2310-9874.2014.02.01.5,other,high
10.12988/bmgt.2014.3122,other,high
10.12968/pnur.2022.33.1.34,other,high
10.1300/j004v19n02_04,case_series,high
10.12991/201014445,other,high
10.1300/10911350802107652,observational,high
10.1300/j005v21n02_03,observational,medium
10.1300/j013v37n01_01,observational,high
10.1300/j010v30n03_05,other,high
10.1300/j015v14n03_16,other,high
10.1300/j092v01n01_04,case_series,high
10.1300/j079v34n02_04,case_series,high
10.1300/j045v18n01_03,other,high
10.1300/j092v01n01_06,case_series,high
10.1300/j092v01n02_03,case_series,high
10.1300/j092v01n02_02,other,high
10.1300/j092v01n02_05,observational,high
10.1300/j092v01n03_09,other,high
10.1300/j092v01n03_05,observational,high
10.1300/j092v01n03_10,case_series,high
10.1300/j092v01n03_23,other,low
10.1300/j092v01n03_24,case_series,medium
10.1300/j092v02n01_02,case_series,medium
10.1300/j092v01n03_17,observational,high
10.1300/j092v02n01_03,observational,high
10.1300/j092v02n02_04,crossover,high
10.1300/j092v01n01_05,observational,high
10.1300/j092v02n02_02,non_randomized_trial,medium
10.1300/j092v02n01_05,observational,high
10.1300/j092v02n04_02,case_series,high
10.1300/j092v02n04_03,observational,high
10.1300/j092v02n04_04,observational,high
10.1300/j092v03n01_02,unclear,low
10.1300/j092v03n01_04,observational,high
10.1300/j092v03n01_05,case_series,high
10.1300/j092v03n01_03,observational,high
10.1300/j092v03n01_06,other,low
10.1300/j092v03n02_03,observational,high
10.1300/j092v03n02_05,case_series,high
10.1300/j092v03n02_08,case_series,high
10.1300/j092v03n02_02,other,high
10.1300/j092v03n03_01,case_series,high
10.1300/j092v03n03_03,non_randomized_trial,medium
10.1300/j092v03n01_07,observational,high
10.1300/j092v03n03_05,other,high
10.1300/j092v03n03_04,case_series,medium
10.1300/j092v03n03_07,case_series,high
10.1300/j092v03n04_08,other,high
10.1300/j092v03n04_02,unclear,low
10.1300/j092v03n04_04,observational,high
10.1300/j092v03n02_04,observational,high
10.1300/j092v04n01_02,case_series,high
10.1300/j092v04n01_05,case_series,high
10.1300/j092v04n01_03,observational,high
10.1300/j092v04n01_06,observational,high
10.1300/j092v04n01_10,observational,high
10.1300/j092v04n01_11,other,low
10.1300/j092v01n02_04,observational,high
10.1300/j092v04n01_13,unclear,low
10.1300/j092v04n01_04,case_series,high
10.1300/j092v04n02_02,rct,high
10.1300/j092v04n01_12,observational,high
10.1300/j092v04n02_03,observational,high
10.1300/j092v04n01_14,case_series,high
10.1300/j092v04n02_04,observational,high
10.1300/j092v04n01_15,observational,medium
10.1300/j092v04n02_05,case_series,high
10.1300/j092v04n03_03,observational,high
10.1300/j092v04n01_09,rct,high
10.1300/j092v04n03_04,case_series,high
10.1300/j092v04n03_02,observational,high
10.1300/j092v04n03_05,unclear,high
10.1300/j092v04n03_06,observational,high
10.1300/j092v04n04_03,observational,high
10.1300/j092v04n04_02,observational,high
10.1300/j092v04n04_05,observational,high
10.1300/j092v04n04_06,case_series,high
10.1300/j092v04n04_07,other,high
10.1300/j092v05n01_03,observational,high
10.1300/j092v05n01_06,other,low
10.1300/j092v05n01_04,case_series,medium
10.1300/j092v05n02_03,observational,high
10.1300/j092v05n02_04,observational,high
10.1300/j092v05n01_02,other,high
10.1300/j092v05n03_02,observational,medium
10.1300/j092v05n03_03,non_randomized_trial,medium
10.1300/j092v05n01_05,case_series,high
10.1300/j092v04n03_07,observational,high
10.1300/j092v05n03_04,other,high
10.1300/j092v05n03_05,case_series,high
10.1300/j092v05n03_06,case_series,high
10.1300/j092v05n03_08,non_randomized_trial,high
10.1300/j092v05n03_13,other,high
10.1300/j092v05n03_16,observational,high
10.1300/j092v05n03_18,case_series,high
10.1300/j092v05n03_17,case_series,high
10.1300/j092v05n03_12,observational,high
10.1300/j092v05n01_08,other,high
10.1300/j092v05n03_19,observational,high
10.1300/j092v06n01_03,observational,medium
10.1300/j092v06n01_04,observational,high
10.1300/j092v06n01_02,observational,high
10.1300/j092v06n01_05,case_series,medium
10.1300/j092v06n02_02,case_series,high
10.1300/j092v06n02_07,observational,high
10.1300/j092v06n02_06,other,high
10.1300/j092v06n02_08,observational,high
10.1300/j092v06n02_09,unclear,medium
10.1300/j092v06n03_04,other,high
10.1300/j092v06n03_03,case_series,medium
10.1300/j092v06n02_05,observational,high
10.1300/j092v06n03_05,other,high
10.1300/j092v06n03_06,other,high
10.1300/j092v06n02_04,other,high
10.1300/j092v06n03_07,unclear,low
10.1300/j092v06n03_10,non_randomized_trial,high
10.1300/j092v07n01_05,observational,high
10.1300/j092v06n03_08,case_series,high
10.1300/j092v07n01_07,other,high
10.1300/j092v07n01_04,observational,high
10.1300/j092v07n01_03,observational,medium
10.1300/j092v07n01_08,non_randomized_trial,high
10.1300/j092v07n01_06,other,medium
10.1300/j092v07n02_02,observational,high
10.1300/j092v07n02_08,other,high
10.1300/j092v07n03_03,observational,medium
10.1300/j092v07n03_02,case_series,high
10.1300/j092v07n02_03,observational,high
10.1300/j092v07n03_05,observational,high
10.1300/j092v07n03_06,case_series,high
10.1300/j092v07n03_04,case_series,high
10.1300/j092v07n03_07,case_series,high
10.1300/j092v07n04_02,observational,high
10.1300/j092v07n04_03,other,high
10.1300/j092v08n01_02,other,high
10.1300/j092v07n04_05,other,high
10.1300/j092v08n01_03,non_randomized_trial,high
10.1300/j092v07n04_04,case_series,high
10.1300/j092v08n02_06,case_series,high
10.1300/j092v08n02_03,case_series,high
10.1300/j092v08n01_04,observational,high
10.1300/j092v08n02_02,rct,high
10.1300/j092v08n03_04,other,high
10.1300/j092v08n03_03,observational,high
10.1300/j092v08n03_02,observational,medium
10.1300/j092v08n02_07,unclear,high
10.1300/j092v08n03_05,observational,high
10.1300/j092v08n03_07,case_series,high
10.1300/j092v08n03_09,case_series,high
10.1300/j092v08n03_10,case_series,high
10.1300/j092v09n01_05,case_series,high
10.1300/j092v09n01_04,observational,high
10.1300/j092v09n03_03,case_series,medium
10.1300/j092v08n03_11,case_series,high
10.1300/j092v09n03_02,case_series,high
10.1300/j092v09n01_03,case_series,high
10.1300/j092v10n01_02,observational,high
10.1300/j092v08n02_04,other,high
10.1300/j092v08n03_08,other,high
10.1300/j092v10n01_03,observational,high
10.1300/j092v10n02_03,observational,high
10.1300/j092v10n01_05,non_randomized_trial,high
10.1300/j092v10n02_02,observational,high
10.1300/j092v10n02_05,case_series,high
10.1300/j092v10n03_02,case_series,high
10.1300/j092v10n02_04,other,high
10.1300/j092v10n03_04,case_series,high
10.1300/j092v10n01_04,observational,high
10.1300/j092v10n03_06,other,high
10.1300/j092v10n03_05,other,medium
10.1300/j092v11n01_02,other,high
10.1300/j092v11n01_04,other,high
10.1300/j092v11n02_02,observational,high
10.1300/j092v11n02_03,case_series,high
10.1300/j092v11n02_04,observational,high
10.1300/j092v11n02_06,non_randomized_trial,high
10.1300/j092v11n01_03,observational,high
10.1300/j092v11n02_05,observational,high
10.1300/j092v11n02_07,other,high
10.1300/j092v11n03_04,non_randomized_trial,medium
10.1300/j092v11n04_03,case_series,high
10.1300/j092v11n03_05,other,high
10.1300/j092v11n04_02,observational,high
10.1300/j092v11n04_05,unclear,low
10.1300/j092v11n03_06,case_series,low
10.1300/j092v12n01_04,observational,medium
10.1300/j092v12n01_03,observational,high
10.1300/j092v12n01_02,observational,high
10.1300/j092v11n04_04,observational,high
10.1300/j092v12n02_03,observational,medium
10.1300/j092v12n02_02,observational,high
10.1300/j092v12n02_04,case_series,high
10.1300/j092v12n02_06,observational,high
10.1300/j092v12n03_03,observational,high
10.1300/j092v12n03_04,observational,high
10.1300/j092v12n04_02,observational,high
10.1300/j092v12n03_05,case_series,high
10.1300/j092v12n02_08,other,high
10.1300/j092v12n04_03,observational,high
10.1300/j092v12n03_02,observational,high
10.1300/j092v13n01_02,observational,high
10.1300/j092v13n01_04,observational,high
10.1300/j092v13n01_03,other,high
10.1300/j092v13n01_06,non_randomized_trial,medium
10.1300/j092v12n04_04,other,high
10.1300/j092v13n02_02,case_series,high
10.1300/j092v13n02_01,other,high
10.1300/j092v13n02_04,observational,high
10.1300/j092v12n02_05,case_series,medium
10.1300/j092v13n01_05,other,high
10.1300/j092v13n02_05,other,high
10.1300/j092v13n04_03,case_series,high
10.1300/j092v13n04_02,observational,high
10.1300/j092v13n02_06,case_series,high
10.1300/j092v13n04_05,case_series,high
10.1300/j092v14n01_02,observational,high
10.1300/j092v13n04_07,other,high
10.1300/j092v13n04_04,non_randomized_trial,high
10.1300/j092v14n01_05,observational,high
10.1300/j092v14n01_03,case_series,high
10.1300/j092v14n01_04,observational,high
10.1300/j092v14n01_06,case_series,high
10.1300/j092v14n02_02,observational,high
10.1300/j092v14n02_04,observational,high
10.1300/j092v14n02_05,observational,high
10.1300/j092v14n02_03,non_randomized_trial,high
10.1300/j092v14n02_06,case_series,medium
10.1300/j092v14n01_07,observational,high
10.1300/j092v14n02_07,observational,high
10.1300/j092v14n03_06,other,high
10.1300/j092v14n03_02,observational,high
10.1300/j092v14n03_07,observational,high
10.1300/j094v03n02_12,other,high
10.1300/j092v14n03_04,observational,high
10.1300/j094v03n02_05,other,high
10.1300/j094v06n01_03,observational,medium
10.1300/j094v03n02_24,observational,high
10.1300/j094v03n02_03,other,low
10.1300/j094v07n01_20,case_series,medium
10.1300/j094v07n01_31,case_series,high
10.1300/j094v10n01_16,other,high
10.1300/j138v01n04_07,other,high
10.1300/j094v12n01_03,observational,high
10.1300/j354v16n02_12,other,high
10.1300/j184v07n01_02,observational,medium
10.1300/j184v02n02_04,observational,high
10.1300/j095v09n03_08,other,high
10.1300/j137v03n01_04,non_randomized_trial,medium
10.1300/j425v02n04_06,other,high
10.13045/jar.2022.00143,other,high
10.13045/acupunct.2017086,other,high
10.13048/jkm.20007,other,high
10.13048/jkm.13017,observational,high
10.13048/jkm.19043,other,high
10.13075/ijomeh.1896.01274,observational,high
10.13048/jkm.20036,other,high
10.13005/bpj/3342,other,high
10.13109/prkk.2017.66.9.656,other,high
10.13109/zptm.2023.69.oa7,other,high
10.13128/ijae-12221,other,medium
10.13189/ujph.2013.010404,observational,high
10.13169/intljofdissocjus.5.3.0004,other,high
10.13189/ujph.2015.030101,observational,high
10.13345/j.cjb.210253,other,high
10.1348/014466505x82379,observational,high
10.1348/014466503762842057,observational,high
10.1348/135910703321649169,observational,high
10.13128/ijae-14897,other,high
10.1348/135910703770238310,non_randomized_trial,high
10.1348/135910705x26317,observational,high
10.1348/014466510x519215,observational,high
10.1348/135910706x171469,observational,high
10.1348/135910709x480346,observational,high
10.1348/135910709x440034,other,high
10.1348/135910799168678,observational,high
10.1348/135910708x283760,other,high
10.1348/135910799168713,other,high
10.1348/147608309x481829,observational,high
10.1353/gia.2021.0002,other,high
10.1348/147608308x306888,case_series,high
10.1353/bhm.2007.0039,other,high
10.1353/jlc.0.0026,other,high
10.1353/hub.2002.0044,observational,high
10.1353/hub.2002.0038,observational,high
10.1353/pbm.1999.0043,other,high
10.1353/nib.2018.0079,case_series,high
10.1353/ppp.2020.0052,other,high
10.1353/ppp.2020.0054,other,high
10.1353/ppp.2020.0053,other,high
10.1360/n972014-00120,other,high
10.1358/dot.2002.38.8.820095,non_randomized_trial,high
10.1360/n972019-00270,other,high
10.1370/afm.867,observational,high
10.1370/afm.240494,other,high
10.1370/afm.250266,observational,high
10.13702/j.1000-0607.200998,other,high
10.13702/j.1000-0607.20220628,other,high
10.13702/j.1000-0607.200827,other,high
10.13702/j.1000-0607.171010,other,high
10.13703/j.0255-2930.2017.08.004,non_randomized_trial,high
10.13703/j.0255-2930.2019.02.003,rct,high
10.13702/j.1000-0607.20220017,other,high
10.13702/j.1000-0607.20230441,other,high
10.13703/j.0255-2930.2017.12.006,rct,high
10.13702/j.1000-0607.20230180,other,high
10.13702/j.1000-0607.20250074,other,high
10.13703/j.0255-2930.2019.02.004,non_randomized_trial,high
10.13703/j.0255-2930.20190722-k0001,rct,high
10.13702/j.1000-0607.20221032,other,high
10.13703/j.0255-2930.20190801-k0006,non_randomized_trial,high
10.13703/j.0255-2930.20210106-0001,other,high
10.13703/j.0255-2930.20200210-k0001,non_randomized_trial,high
10.13703/j.0255-2930.20220818-k0001,rct,high
10.13703/j.0255-2930.20220124-k0006,rct,high
10.13703/j.0255-2930.20230307-0002,non_randomized_trial,high
10.13703/j.0255-2930.20230603-k0003,non_randomized_trial,high
10.13703/j.0255-2930.20210829-k0003,other,high
10.13703/j.0255-2930.20250222-k0003,other,high
10.1371/journal.pone.0005805,case_series,high
10.1371/journal.pctr.0020019,rct,high
10.1371/journal.pone.0008519,observational,high
10.1371/journal.pone.0010817,case_series,high
10.1371/journal.pone.0015632,observational,high
10.1371/journal.pone.0009948,other,high
10.1371/annotation/913fdc1e-877e-4c70-ac20-761d2d72400d,other,high
10.1371/journal.pone.0017287,observational,high
10.13703/j.0255-2930.2017.11.013,non_randomized_trial,high
10.1371/journal.pone.0016872,observational,high
10.1371/journal.pone.0017592,case_series,high
10.1371/journal.pcbi.1000273,other,high
10.1371/journal.pone.0019953,other,high
10.1371/journal.pone.0024602,observational,high
10.1371/journal.pone.0026358,rct,high
10.1371/journal.pone.0037482,other,high
10.1371/journal.pone.0027391,observational,high
10.1371/journal.pone.0030889,case_series,high
10.1371/journal.pone.0031334,rct,high
10.1371/journal.pone.0011738,other,high
10.1371/journal.pone.0018272,other,high
10.1371/journal.pone.0027870,observational,high
10.1371/journal.pone.0040808,other,high
10.1371/journal.pone.0047891,case_series,high
10.1371/journal.pone.0049518,observational,high
10.1371/journal.pone.0051515,observational,high
10.1371/journal.pone.0081155,observational,high
10.1371/journal.pone.0071834,other,high
10.1371/journal.pone.0085387,observational,high
10.1371/journal.pone.0098156,observational,high
10.1371/journal.pone.0074427,other,high
10.1371/journal.pone.0104757,observational,high
10.1371/journal.pone.0102783,observational,high
10.1371/journal.pone.0124648,observational,high
10.1371/journal.pone.0117136,observational,high
10.1371/journal.pone.0129898,non_randomized_trial,high
10.1371/journal.pone.0084839,other,high
10.1371/journal.pone.0140883,observational,high
10.1371/journal.pone.0132421,observational,high
10.1371/journal.pone.0144623,rct,high
10.1371/journal.pone.0159386,rct,high
10.1371/journal.pone.0157199,observational,medium
10.1371/journal.pone.0145453,observational,high
10.1371/journal.pone.0159351,observational,high
10.1371/journal.pone.0150904,observational,high
10.1371/journal.pone.0130643,other,high
10.1371/journal.pone.0122982,other,high
10.1371/journal.pone.0161226,non_randomized_trial,high
10.1371/journal.pone.0165691,observational,high
10.1371/journal.pone.0179124,observational,high
10.1371/journal.pone.0177260,rct,high
10.1371/journal.pone.0177037,unclear,medium
10.1371/journal.pone.0176631,other,high
10.1371/journal.pone.0186885,case_series,high
10.1371/journal.pone.0192817,unclear,low
10.1371/journal.pone.0184325,observational,high
10.1371/journal.pone.0186802,case_series,high
10.1371/journal.pone.0195111,observational,high
10.1371/journal.pone.0198106,observational,high
10.1371/journal.pone.0200068,observational,high
10.1371/journal.pone.0201066,observational,high
10.1371/journal.pone.0197811,observational,high
10.1371/journal.pone.0193672,case_series,high
10.1371/journal.pone.0210394,observational,high
10.1371/journal.pone.0205278,other,high
10.1371/journal.pone.0212193,observational,high
10.1371/journal.pone.0203503,observational,high
10.1371/journal.pone.0213724,observational,high
10.1371/journal.pone.0236148,observational,high
10.1371/journal.pone.0232475,other,high
10.1371/journal.pone.0225995,other,high
10.1371/journal.pone.0240403,rct,high
10.1371/journal.pone.0265315,observational,high
10.1371/journal.pone.0231136,observational,high
10.1371/journal.pone.0272703,case_series,high
10.1371/journal.pone.0244116,observational,high
10.1371/journal.pone.0265765,observational,high
10.1371/journal.pone.0274472,observational,high
10.1371/journal.pone.0276009,other,high
10.1371/journal.pone.0278415,non_randomized_trial,high
10.1371/journal.pone.0286410,observational,high
10.1371/journal.pone.0287287,rct,high
10.1371/journal.pone.0291364,other,high
10.1371/journal.pone.0307086,other,high
10.1371/journal.pone.0291173,observational,high
10.1371/journal.pone.0307484,non_randomized_trial,high
10.1371/journal.pone.0316373,observational,high
10.1371/journal.pone.0309810,observational,high
10.1371/journal.pone.0338433,observational,high
10.1371/journal.pone.0316625,observational,high
10.1371/journal.pone.0315385,observational,high
10.1371/journal.pone.0341278,observational,high
10.1371/journal.pone.0343374,case_series,high
10.1375/136905299320565870,observational,high
10.1378/chest.102.6.1716,observational,high
10.1371/journal.ppat.1011523,other,high
10.1375/183242706779462417,observational,high
10.1371/journal.pone.0296060,other,high
10.1378/chest.104.5.1417,observational,high
10.1371/journal.pone.0280942,non_randomized_trial,high
10.1378/chest.123.4.998,observational,high
10.1378/chest.95.4.779,observational,high
10.1371/journal.pone.0341334,other,high
10.1375/twin.10.5.729,observational,high
10.14264/131286,observational,high
10.14288/1.0085567,observational,medium
10.1386/sfc.10.1.57/1,observational,high
10.14288/1.0087225,case_series,high
10.14288/1.0087830,observational,high
10.14309/00000434-201010001-01324,observational,high
10.14309/00000434-201110002-01228,non_randomized_trial,high
10.14309/00000434-200609001-01276,observational,high
10.14288/1.0091905,observational,high
10.14309/00000434-201210001-01481,case_series,high
10.14309/00000434-200410001-00866,case_series,high
10.14300/mnnc.2016.11059,non_randomized_trial,medium
10.14309/00000434-201710001-02891,case_series,high
10.14309/01.ajg.0000956924.26236.c4,observational,high
10.14336/ad.2021.0824,other,high
10.14341/2071-8713-4977,other,high
10.14412/2074-2711-2018-4-101-110,other,high
10.14601/tutor-19142,other,high
10.14624/nr2404002,case_series,high
10.14393/bj-v38n0a2022-65195,other,high
10.14457/tru.the.2010.46,case_series,high
10.14412/2074-2711-2021-6-105-110,other,high
10.14341/omet2014337-41,observational,high
10.14670/hh-17.273,other,high
10.14814/phy2.13091,non_randomized_trial,high
10.14814/phy2.15639,observational,high
10.14744/etd.2020.06767,unclear,medium
10.14814/phy2.14564,observational,high
10.14814/phy2.70535,observational,high
10.14814/phy2.14138,observational,medium
10.1503/cmaj.1060097,unclear,low
10.14428/ebr.v1i4.10353,other,high
10.15005/00000256,observational,high
10.1503/cmaj.1095929,observational,high
10.15123/pub.5378,case_series,high
10.1503/cmaj.1060137,unclear,high
10.1515/bams-2015-0029,observational,high
10.1515/ijamh-2017-0197,case_series,high
10.1515/9781478021544-005,other,high
10.1515/ijamh-2023-0030,other,high
10.1515/em-2021-0033,observational,high
10.1515/cdbme-2021-2094,other,medium
10.1515/ijamh.2002.14.4.307,case_series,high
10.1504/ijmic.2009.029028,other,high
10.1515/jcim-2021-0200,other,high
10.1515/reveh-2015-0026,other,high
10.1515/nor-2016-0002,case_series,medium
10.1515/sjpain-2018-0075,non_randomized_trial,high
10.1515/sjpain-2019-0072,other,high
10.1515/sjpain-2018-0095,observational,high
10.1515/sjpain-2018-2007,other,high
10.1515/sjpain-2020-0031,observational,high
10.1515/jpem.2005.18.3.295,observational,high
10.1516/002075702320888684,other,high
10.1515/teb-2025-0017,non_randomized_trial,high
10.1517/17530059.2013.776039,other,high
10.1517/14656560903487744,other,high
10.1517/14728222.12.3.281,other,high
10.1517/14728222.2013.818657,other,high
10.15173/nexus.v14i1.170,other,high
10.15188/kjopp.2020.06.34.3.117,other,high
10.1517/13543776.2.7.1016,other,high
10.1519/ssc.0b013e31818eb19a,other,low
10.15190/d.2016.1,other,high
10.1521/psyc.2011.74.1.21,observational,high
10.1525/abt.2019.81.6.387,other,high
10.15226/2575-6303/2/1/00113,observational,high
10.1530/endoabs.32.p119,non_randomized_trial,medium
10.1525/maq.1992.6.4.02a00030,other,high
10.15225/pnn.2020.9.2.5,other,high
10.1530/endoabs.37.ep1209,case_series,high
10.15406/ijcam.2016.04.00129,non_randomized_trial,high
10.1530/endoabs.86.hdi2.2,other,high
10.1517/14656560902988510,other,high
10.15406/ijcam.2021.14.00567,case_series,high
10.15406/ijvv.2015.01.00003,case_series,high
10.15406/jhvrv.2014.01.00020,other,medium
10.15406/jhvrv.2020.08.00224,case_series,high
10.15406/jhvrv.2023.10.00255,case_series,high
10.15406/jnsk.2019.09.00337,other,medium
10.15406/jpcpy.2017.07.00442,case_series,high
10.1542/peds.103.1.116,observational,high
10.1542/peds.100.2.270,other,high
10.15406/jnsk.2024.14.00582,case_series,medium
10.15406/jhvrv.2019.07.00211,case_series,high
10.15406/jhvrv.2022.09.00242,case_series,high
10.1542/peds.107.5.994,case_series,high
10.1542/peds.107.3.e35,case_series,high
10.1542/peds.2004-1515,observational,high
10.1542/peds.2005-2575,observational,high
10.1542/peds.2005-2307,observational,high
10.1542/peds.2006-2231,observational,high
10.1542/peds.2006-2045,other,high
10.1542/peds.2006-2759,observational,high
10.1542/peds.2009-2644,observational,high
10.1542/peds.2007-1488,non_randomized_trial,high
10.1542/peds.2007-0493,case_series,high
10.1542/peds.2008-1879,observational,high
10.1542/peds.2010-1147,observational,high
10.1542/peds.2015-3434,observational,high
10.15540/nr.3.1.28,other,high
10.1542/peds.2023-062570,other,high
10.1556/oh.2010.28848,other,high
10.15584/ejcem.2018.3.11,other,high
10.15540/nr.8.2.73,observational,medium
10.15540/nr.4.3-4.125,observational,high
10.15585/mmwr.mm655051a4,other,high
10.1542/peds.111.4.e376,observational,high
10.1542/peds.2012-2007,observational,high
10.1556/650.2025.33259,other,high
10.15605/jafes.040.s1.016,case_series,high
10.15640/ijhs.v3n4a7,observational,medium
10.15714/scandpsychol.4.e1,other,high
10.15766/mep_2374-8265.11507,other,high
10.15766/mep_2374-8265.10170,other,high
10.15761/mri.1000118,other,high
10.15789/1563-0625-edo-2315,case_series,medium
10.15789/1563-0625-pop-2826,observational,high
10.15766/mep_2374-8265.10527,other,high
10.15789/2220-7619-eot-1928,case_series,high
10.15789/2220-7619-2011-3-267-270,unclear,medium
10.1586/14737175.8.6.917,other,high
10.1586/eem.12.20,other,high
10.1586/17512433.2016.1172960,other,high
10.1588/medver.2005.02.00049,other,low
10.1586/ern.12.41,other,high
10.1588/medver.2005.02.00071,case_series,high
10.1590/1517-8692202127032021_0085,observational,high
10.1590/1517-8692202127082021_0359,observational,medium
10.1590/1517-8692202127082021_0376,non_randomized_trial,medium
10.1590/s0104-59702010000200002,other,high
10.1590/s1413-81232011000400012,other,high
10.1590/1517-8692202228022021_0494,non_randomized_trial,medium
10.16016/j.1000-5404.201901083,observational,high
10.1590/s1516-44462005000300003,other,high
10.1590/s0212-16112012000200046,observational,high
10.1590/s0120-41572011000400017,observational,medium
10.16016/j.1000-5404.201905187,case_series,medium
10.1590/s1516-44462007000500005,other,high
10.1620/tjem.186.33,observational,high
10.1682/jrrd.2006.12.0153,non_randomized_trial,medium
10.1682/jrrd.2009.01.0007,case_series,high
10.1682/jrrd.2012.08.0156,observational,high
10.1682/jrrd.2014.11.0293,case_series,medium
10.15829/1728-8800-2023-3517,non_randomized_trial,high
10.1682/jrrd.2014.03.0086,observational,high
10.16966/2379-7150.112,unclear,low
10.16966/2469-6714.103,case_series,high
10.16966/2379-7150.114,observational,high
10.16966/2469-6714.110,case_series,high
10.16966/2469-6714.112,case_series,low
10.17116/jnevro2021121081125,other,high
10.16966/2470-1009.103,rct,high
10.17116/jnevro2021121402113,other,medium
10.17116/jnevro20171174140-44,non_randomized_trial,high
10.17116/jnevro202112110292,other,high
10.17098/amj.339335,observational,high
10.17116/jnevro202412409128,other,high
10.17116/jnevro202312305138,other,medium
10.17116/rosstomat20191203137,other,high
10.17116/jnevro202512503127,other,high
10.17116/rosstomat20211403121,observational,high
10.17226/19012,other,high
10.17352/2455-2976.000020,other,high
10.17226/27462,other,high
10.17192/z2015.0217,other,medium
10.17554/j.issn.2224-3992.2016.05.603-1,case_series,medium
10.17605/osf.io/cdxn5,other,high
10.17352/2455-5363.000063,other,high
10.17554/j.issn.2313-5611.2015.01.13,other,high
10.17605/osf.io/ft5v4,case_series,medium
10.17635/lancaster/thesis/50,other,high
10.17638/03100418,other,high
10.17795/ajnpp-37281,observational,high
10.17795/mejrh-37972,case_series,high
10.17816/0869-2106-2021-27-4-407-418,other,high
10.17816/brmma71302,non_randomized_trial,medium
10.17816/cs676890,other,high
10.17816/maj104161-174,other,medium
10.17816/maj108690,observational,high
10.17816/rjpbr79779,other,high
10.18043/ncm.79.3.189,observational,high
10.18041/2215-8944/academia.22.8914,other,high
10.18061/dsq.v23i1.398,non_randomized_trial,high
10.18061/dsq.v29i3.938,observational,high
10.17816/mechnikov201911447-54,observational,high
10.18061/dsq.v31i2.1598,other,high
10.17816/maj191s174-76,other,high
10.18103/mra.v10i6.2858,observational,high
10.17816/maj634020,other,high
10.18103/mra.v10i6.2891,observational,high
10.18103/mra.v12i6.5368,other,high
10.18103/mra.v13i11.7104,other,high
10.18103/mra.v10i9.3050,other,high
10.18103/mra.v14i3.7255,case_series,high
10.18103/mra.v11i7.1.4083,other,high
10.18103/mra.v5i11.1645,case_series,high
10.18103/mra.v12i9.5644,other,high
10.18332/popmed/165669,observational,high
10.18416/rab.2018.1809024,other,high
10.18573/bsdj.308,observational,high
10.18632/oncotarget.25544,observational,high
10.18745/th.17195,case_series,high
10.18745/th.17472,case_series,high
10.18745/th.17597,case_series,high
10.1891/0889-8391.11.2.127,case_series,high
10.1891/1559-4343.18.2.150,observational,medium
10.18103/mra.v9i6.2494,observational,high
10.1891/emdr-2022-0060,case_series,high
10.1891/1933-3196.2.3.226,case_series,high
10.19116/theory.2022.27.1.195,other,high
10.18910/71615,other,high
10.18910/71746,other,high
10.19540/j.cnki.cjcmm.20240621.401,non_randomized_trial,high
10.18910/73802,case_series,high
10.19852/j.cnki.jtcm.20211214.003,rct,high
10.20448/801.51.104.115,observational,high
10.20452/pamw.2973,other,high
10.20473/j.djmkg.v38.i4.p169-172,case_series,high
10.20933/100001243,case_series,high
10.19852/j.cnki.jtcm.2025.03.012,other,high
10.19852/j.cnki.jtcm.2026.03.006,other,high
10.20944/preprints201909.0188.v1,other,high
10.20944/preprints201902.0029.v1,other,high
10.20883/medical.e877,other,high
10.20944/preprints202007.0754.v1,other,high
10.20944/preprints202009.0264.v1,non_randomized_trial,high
10.20944/preprints201807.0057.v1,other,high
10.19852/j.cnki.jtcm.20231018.004,other,high
10.20944/preprints202009.0744.v1,other,high
10.20944/preprints202111.0478.v1,observational,high
10.20935/acadmolbiogen7314,other,high
10.20969/vskm.2025.18(5).93-100,other,high
10.21037/apm-19-461,rct,high
10.21037/atm-22-3787,non_randomized_trial,high
10.20960/nh.03788,other,medium
10.21037/atm.2019.09.136,rct,high
10.2105/ajph.84.2.282,other,medium
10.2105/ajph.87.9.1449,observational,high
10.20944/preprints202109.0201.v1,other,high
10.2119/molmed.2008.00098,observational,high
10.21203/rs.2.22444/v1,observational,high
10.21037/apm-20-1714,other,high
10.21203/rs.2.12496/v1,rct,high
10.21203/rs.3.rs-100155/v1,non_randomized_trial,high
10.21203/rs.3.rs-154011/v1,observational,high
10.21203/rs.3.rs-267403/v1,non_randomized_trial,high
10.21203/rs.3.rs-384347/v1,observational,high
10.2119/2007-00059.saiki,case_series,high
10.21203/rs.3.rs-6596158/v1,non_randomized_trial,high
10.21203/rs.3.rs-408624/v1,observational,high
10.21203/rs.3.rs-820696/v1,other,high
10.21203/rs.3.rs-962672/v1,case_series,high
10.21203/rs.3.rs-925403/v1,case_series,high
10.21203/rs.3.rs-965010/v1,rct,high
10.21203/rs.3.rs-64733/v1,rct,high
10.21236/ada608724,observational,medium
10.2139/ssrn.4573649,other,high
10.2143/acb.67.1.2062621,observational,high
10.2139/ssrn.4332223,observational,high
10.21203/rs.3.rs-7189456/v1,other,high
10.2143/tvg.73.13.2002371,observational,high
10.2147/clep.s39876,other,high
10.2147/clep.s129335,observational,high
10.21276/bpr.2016.6.3.3,other,high
10.2147/imcrj.s306641,case_series,high
10.2147/ahmt.s317314,other,high
10.2147/jir.s195165,non_randomized_trial,high
10.2147/clep.s96797,observational,high
10.2147/jmdh.s482100,other,high
10.2147/itt.s581262,other,high
10.2147/jmdh.s4147,case_series,high
10.2147/aabc.s3624,other,high
10.2147/jmdh.s5220,non_randomized_trial,high
10.2147/imcrj.s476044,case_series,high
10.2147/jpr.s127038,observational,high
10.2147/ndt.s379653,other,high
10.2147/jpr.s369470,observational,high
10.2147/jpr.s40014,case_series,high
10.2147/jpr.s394321,other,high
10.2147/jpr.s439412,observational,high
10.2147/ndt.s92911,observational,high
10.2147/jpr.s186878,other,high
10.2147/jpr.s139466,rct,high
10.2147/oaem.s176843,observational,high
10.2147/opth.s565596,observational,high
10.2147/phmt.s126253,other,high
10.2147/prom.s155642,other,high
10.2147/prbm.s63193,non_randomized_trial,high
10.2147/prbm.s50645,observational,high
10.2147/tacg.s99405,observational,high
10.2147/vaat.s15105,other,high
10.2147/vaat.s36540,case_series,high
10.2147/vaat.s10695,non_randomized_trial,high
10.2147/vaat.s6749,case_series,high
10.21474/ijar01/22171,other,high
10.21518/2079-701x-2018-2-156-161,other,high
10.21508/1027-4065-2019-64-2-38-46,other,high
10.21518/2079-701x-2015-2-20-24,other,medium
10.2149/tmh.36.23,rct,high
10.21518/ms2024-150,other,high
10.21518/2079-701x-2022-16-18-95-99,rct,high
10.21518/ms2023-401,other,high
10.21518/ms2026-086,other,high
10.21518/ms2025-510,other,high
10.21508/1027-4065-2018-63-1-22-27,other,high
10.2165/00003495-199346040-00005,other,high
10.21608/jshp.2020.170915,observational,high
10.21608/bfsa.2023.199974.1690,other,high
10.2165/00003495-200262170-00003,other,high
10.2165/00003495-200868130-00003,other,high
10.2165/00007256-200131090-00001,other,high
10.2169/internalmedicine.31.313,case_series,high
10.2165/00126839-200405050-00006,other,high
10.2169/internalmedicine.3218-19,case_series,high
10.2165/00007256-199621010-00004,other,high
10.2169/internalmedicine.40.1158,case_series,high
10.2169/internalmedicine.48.2347,case_series,high
10.2169/internalmedicine.56.8001,non_randomized_trial,high
10.2169/internalmedicine.55.7354,case_series,high
10.2169/internalmedicine.44.1258,non_randomized_trial,high
10.2169/internalmedicine.6082-20,non_randomized_trial,high
10.2174/0109298673398178251117112014,other,high
10.2169/internalmedicine.54.3042,non_randomized_trial,high
10.2169/internalmedicine.7182-21,other,high
10.2174/0929867054367202,other,high
10.2174/1381612033454234,other,high
10.2174/1381612822666151215102420,other,high
10.2174/138161208799316348,other,high
10.2174/1568026617666181119154247,other,high
10.2174/1381612822666160914182822,other,high
10.2174/156720206776875894,other,high
10.2174/1568026621666210727170147,observational,high
10.2174/092986710791233689,other,high
10.2174/1568026618666181115100610,other,high
10.2174/1570159x13666150928105725,other,high
10.2174/157339707779815830,other,high
10.2174/1570159x11666131120224653,other,high
10.2174/157340011796391184,other,high
10.2174/1573397112666151231111104,other,high
10.2174/157339707782408937,other,high
10.2174/1573401319666221221102057,other,high
10.2174/157488409789375311,other,high
10.2174/1871527314666150325235247,other,high
10.2174/1874196700902010020,observational,high
10.2174/1874205x00903010013,case_series,medium
10.2174/1876386301205010032,non_randomized_trial,high
10.2174/1874620900902010020,observational,medium
10.2174/1874620901003010006,non_randomized_trial,medium
10.2174/2215083810666230626115456,other,high
10.2174/1876386302013010052,non_randomized_trial,high
10.2174/187221407779814561,other,high
10.21767/2572-5610.10027,observational,high
10.21760/jaims.9.4.7,other,high
10.2177/jsci.14.313,case_series,high
10.2177/jsci.16.324,case_series,high
10.2177/jsci.16.64,case_series,high
10.2177/jsci.40.306b,observational,high
10.2190/1af2-3c2r-tyll-qax3,other,high
10.2188/jea.6.75,observational,high
10.21885/wvmj.2018.8,case_series,high
10.2190/20ap-d23d-ymf5-eltl,other,high
10.2190/8r67-n9er-xr74-9ra7,observational,high
10.2190/pm.39.3.h,observational,high
10.2190/pnf9-xfwj-da24-r3pu,observational,high
10.2190/t6gx-jj2l-vcvv-t81b,case_series,high
10.21926/obm.icm.2504049,rct,high
10.2196/11215,other,high
10.2196/11276,rct,high
10.2196/17768,rct,high
10.2196/14037,non_randomized_trial,high
10.2196/36798,observational,high
10.2196/24839,observational,high
10.2196/53347,rct,high
10.21926/obm.neurobiol.2501267,other,high
10.2196/50157,non_randomized_trial,high
10.2196/65087,observational,high
10.2196/54679,non_randomized_trial,medium
10.2196/82633,rct,high
10.2196/65958,rct,high
10.2196/jmir.1278,other,high
10.2196/jmir.1643,observational,high
10.2196/77644,observational,high
10.2196/jmir.6019,observational,high
10.2196/preprints.104721,other,high
10.2196/54321,other,high
10.2196/preprints.11276,rct,high
10.2196/preprints.11215,other,high
10.2196/preprints.36798,observational,high
10.2196/preprints.82633,rct,high
10.2196/resprot.5395,rct,high
10.2196/resprot.7242,non_randomized_trial,medium
10.22075/jcp.2017.2096,observational,high
10.22054/qccpc.2025.75766.3193,non_randomized_trial,high
10.2196/preprints.14037,observational,high
10.2214/ajr.162.4.8141022,observational,high
10.22141/2224-0713.4.106.2019.174046,other,high
10.2214/ajr.162.4.8141020,observational,high
10.2217/14622416.7.2.211,other,high
10.2217/14622416.7.3.345,observational,high
10.2217/14622416.7.3.365,observational,high
10.22141/2224-0713.21.5.2025.1200,non_randomized_trial,high
10.2217/14622416.7.3.355,observational,high
10.2217/14622416.7.3.387,observational,high
10.2217/14622416.7.3.375,observational,high
10.2217/14622416.7.3.395,observational,high
10.2217/14622416.7.3.407,observational,high
10.2217/14622416.7.3.421,observational,high
10.2217/14622416.7.3.429,observational,high
10.2217/14622416.7.3.441,observational,high
10.2217/14622416.7.3.455,observational,high
10.2217/14622416.7.3.475,case_series,high
10.2217/14622416.10.1.35,observational,high
10.2217/14622416.7.3.485,observational,high
10.2217/pmt.12.84,case_series,high
10.2217/14622416.7.3.521,other,high
10.2217/thy.10.39,other,high
10.2217/epi-2017-0150,observational,high
10.2218/eor.2023.8125,other,high
10.2217/14622416.7.3.503,other,high
10.2217/fmb.11.24,other,high
10.22209/ic.v62n2a00,other,high
10.2217/epi-2017-0106,observational,medium
10.2224/sbp.2009.37.10.1357,observational,high
10.22246/jikm.2020.41.3.293,observational,high
10.2224/sbp.2008.36.5.585,observational,high
10.22270/jddt.v15i8.7295,other,high
10.22246/jikm.2020.41.6.1015,observational,high
10.22246/jikm.2024.45.6.1164,other,high
10.22359/cswhi_13_6_03,other,low
10.22374/cjgim.v10i4.88,other,high
10.22452/jummec.vol5no2.4,other,high
10.22452/jummec.vol5no2.10,case_series,high
10.22533/at.ed.1592462208084,other,high
10.22541/au.176281856.69732818/v1,case_series,high
10.22541/au.177067531.10473859/v1,case_series,high
10.22606/mcmr.2017.11005,observational,high
10.2298/sarh200628091p,other,high
10.2310/6650.2001.34047,case_series,high
10.2217/14622416.7.3.467,,
10.2307/40111616,other,high
10.2310/7060.1999.00005,case_series,high
10.2340/16501977-0595,observational,medium
10.2310/neuro.6294,other,high
10.2310/psych.6294,other,high
10.2340/16501977-0185,other,high
10.2340/16501977-1976,non_randomized_trial,high
10.23736/s0390-5616.18.04384-9,non_randomized_trial,high
10.23937/2378-3001/4/1/1066,observational,high
10.23937/2378-3001/1410066,unclear,high
10.23990/sa.100457,case_series,high
10.23937/2474-3658/1510106,other,low
10.23937/2572-3243.1510090,other,high
10.24061/1727-4338.xiii.1.47.2014.32,case_series,high
10.23990/sa.146273,case_series,high
10.24061/2413-0737.xvii.1.65.2013.28,case_series,high
10.24087/iam.2017.1.10.347,other,high
10.24217/2531-0151.16v1.00002,observational,medium
10.2466/pms.1992.74.3c.1123,unclear,low
10.2466/pms.1996.83.1.51,observational,high
10.2298/sarh0310370z,observational,high
10.24095/hpcdp.35.1.02,observational,high
10.2340/16501977-2697,observational,high
10.2466/pms.2001.93.2.486,observational,high
10.2466/pms.1996.83.2.508,case_series,high
10.2466/pr0.103.3.682-690,observational,high
10.2466/pr0.1992.71.3.977,observational,high
10.2466/pr0.1997.80.2.643,observational,high
10.2466/pr0.106.2.383-393,observational,high
10.2466/pr0.1997.81.3f.1223,case_series,high
10.2478/prolas-2021-0061,observational,high
10.2466/pr0.2002.91.3.963,observational,high
10.2478/arsm-2023-0032,other,high
10.2466/pr0.1999.85.1.121,case_series,high
10.2478/prolas-2019-0065,observational,high
10.24911/ijmdc.51-1764852130,observational,high
10.24884/1609-2201-2024-103-2-42-50,other,high
10.2478/s11536-013-0243-9,case_series,high
10.24966/acim-7562/100002,other,high
10.2500/105065898780707964,observational,high
10.2492/jsir1981.16.419,case_series,high
10.24875/aidsrev.22000025,other,high
10.25011/cim.v31i6.4917,observational,high
10.2519/josptcases.2026.0194,case_series,high
10.2500/aap.2010.31.3311,other,high
10.25105/pdk.v7i2.14044,observational,high
10.2519/jospt.2021.0106,other,high
10.2519/jospt.2002.32.11.594,other,high
10.2522/ptj.20090047,other,high
10.25250/thescbr.brk515,unclear,low
10.26021/11754,rct,high
10.2522/ptj.20140405,observational,high
10.25904/1912/4166,case_series,high
10.26021/4267,case_series,high
10.2522/ptj.20110368,observational,high
10.26021/8464,observational,high
10.26181/611484ed44157,other,high
10.26180/14967966.v1,unclear,low
10.26226/morressier.5afadd88f314ac000849af0e,observational,medium
10.26442/20751753.2025.11.203497,case_series,high
10.26226/morressier.5b5f2d47b56e9b003813d9f8,case_series,high
10.26502/acbr.50170337,non_randomized_trial,high
10.26182/j0qh-6m95,other,high
10.26686/wgtn.17003698,case_series,high
10.26442/00403660.2022.03.201408,other,high
10.26717/bjstr.2019.21.003602,case_series,high
10.26481/dis.20240425kv,unclear,high
10.2741/4698,other,high
10.28951/rbb.v39i1.533,observational,high
10.26717/bjstr.2025.61.009536,other,high
10.29011/2577-2201.100214,non_randomized_trial,high
10.29328/journal.jprr.1001020,other,high
10.29245/2767-5122/2021/1.1129,observational,high
10.2967/jnumed.113.131045,observational,high
10.29219/fnr.v65.5730,observational,high
10.2991/icmmct-17.2017.137,unclear,high
10.30773/pi.2018.10.26,observational,high
10.30574/wjarr.2022.14.3.0612,case_series,high
10.2522/ptj.20130367,observational,high
10.30820/1664-9583-2021-1-51,other,high
10.30978/unj2019-4-5,other,high
10.31031/cjmi.2020.03.000567,case_series,high
10.31014/aior.1994.02.02.29,case_series,high
10.30978/utj2019-2-87,other,high
10.30978/utj2019-3-64,other,high
10.30564/jams.v2i2.456,other,high
10.31031/cjmi.2020.03.000593,case_series,high
10.31031/ggs.2020.06.000628,other,high
10.31031/cjmi.2021.04.000599,other,high
10.3109/00016489509133339,case_series,high
10.3109/00048679209068310,case_series,high
10.3109/00048679809068326,other,high
10.3109/00207450109149754,observational,high
10.31083/jin25488,non_randomized_trial,high
10.31038/idt.2025622,observational,high
10.3109/00048679609065052,case_series,high
10.3109/00365549609027178,case_series,high
10.3109/00313028609059457,case_series,high
10.3109/00365549509047066,case_series,high
10.3109/00207459908994302,observational,medium
10.3109/03009749709105320,case_series,high
10.3109/03091909809009993,unclear,medium
10.3109/07420529509057266,case_series,high
10.3109/08820139509066853,other,high
10.3109/08916934.2011.523277,other,high
10.3109/08820139609059298,crossover,high
10.3109/08923979909052757,case_series,medium
10.3109/08958379409003039,observational,high
10.3109/09540269209066328,observational,medium
10.3109/09638230903191249,observational,high
10.3109/09513599809012838,other,high
10.3109/09638237.2012.670879,observational,high
10.3109/09638288.2010.483307,observational,high
10.3109/09638288.2010.503256,observational,high
10.3109/09638288.2010.541543,observational,high
10.3109/09638288.2010.546936,observational,high
10.3109/09593985.2010.502554,observational,high
10.3109/09638288.2011.635746,other,high
10.3109/09638288.2011.582925,non_randomized_trial,high
10.3109/09638288.2011.641661,observational,high
10.3109/09638288.2011.568663,case_series,high
10.3109/09638288.2013.797508,observational,high
10.3109/09638288.2013.874503,case_series,high
10.3109/09638288.2014.952453,observational,low
10.3109/09638288.2014.952456,observational,medium
10.3109/09638288.2014.978507,other,high
10.3109/10253890.2014.1001975,observational,high
10.3109/10573320802091841,observational,high
10.3109/10398569809084835,other,high
10.3109/09638288.2014.993093,observational,high
10.3109/10573320802091809,observational,high
10.3109/10573320802092146,other,high
10.3109/10582450903495908,observational,medium
10.3109/10573320802092112,other,high
10.3109/10582450903284745,other,high
10.3109/13550289909045378,observational,high
10.3109/13590849009003150,non_randomized_trial,medium
10.3109/10582452.2010.483966,case_series,high
10.3109/10253890.2015.1087502,other,high
10.3109/13590849009003131,case_series,high
10.3109/13590849409034536,crossover,high
10.3109/13590849109084139,observational,high
10.3109/11038128.2014.985608,other,high
10.31128/ajgp-03-25-7614,other,low
10.3109/13590849609007262,observational,medium
10.31219/osf.io/ef3n4,other,high
10.31146/1682-8658-ecg-170-10-79-89,other,high
10.31146/1682-8658-ecg-188-4-170-177,other,high
10.31219/osf.io/7gcnv,other,high
10.31219/osf.io/pa75u,other,high
10.31219/osf.io/qwn5h,observational,medium
10.31128/ajgp-09-25-7845,other,high
10.31219/osf.io/xjbcy_v3,other,high
10.31219/osf.io/xjbcy_v1,other,high
10.31234/osf.io/9tjer_v2,other,high
10.31234/osf.io/jpzaw,other,high
10.31234/osf.io/wfs8c_v1,other,high
10.31234/osf.io/p28bj_v1,other,high
10.31254/sportmed.3202,case_series,high
10.31640/jvd.7-8.2018(4),case_series,medium
10.31525/ct1-nct04301609,unclear,low
10.3126/ajms.v11i1.26500,non_randomized_trial,medium
10.31651/2076-5835-2018-1-2024-1-7-17,observational,high
10.31718/2077-1096.25.3.284,other,high
10.31979/etd.qn62-mwjz,observational,medium
10.31989/ffhd.v4i1.26,other,high
10.31989/ffhd.v1i4.134,other,high
10.31989/ffhd.v5i4.177,case_series,high
10.3200/bmed.34.1.29-38,observational,high
10.32000/2072-1757-2024-3-37-41,other,high
10.3138/ptc.65.4.rev02,other,high
10.3201/eid1606.100066,observational,high
10.3200/bmed.29.4.167-174,observational,high
10.3201/eid1702.100978,case_series,medium
10.3233/bmr-210081,observational,high
10.3233/jvr-221208,observational,medium
10.3233/nib-012906,unclear,low
10.3181/0702-rm-44,observational,high
10.3233/ch-180469,observational,high
10.32322/jhsm.1689609,observational,high
10.3233/nib-130065,unclear,low
10.3233/nib-130068,unclear,low
10.3233/nib-130071,unclear,low
10.3233/nib-130072,observational,medium
10.3233/nib-130075,other,low
10.3233/nib-130070,unclear,low
10.3233/nre-141146,observational,high
10.3233/nib-130077,other,high
10.3233/nre-172245,observational,high
10.3233/nib-130074,unclear,low
10.3233/thc-202669,observational,high
10.3233/shti200130,other,high
10.3233/wor-203169,observational,high
10.3233/wor-203171,case_series,high
10.3233/wor-203168,observational,high
10.3233/wor-203170,observational,high
10.3233/wor-203174,other,high
10.3233/wor-203175,case_series,high
10.3233/wor-203173,other,high
10.3233/wor-203177,case_series,medium
10.3233/wor-203176,other,high
10.3233/wor-203178,other,high
10.3233/wor-220484,observational,high
10.3233/wor-203214,case_series,high
10.3233/wor-220428,observational,high
10.3233/wor-220512,observational,high
10.3233/wor-220553,other,high
10.3233/wor-220487,case_series,high
10.3233/wor-220554,observational,medium
10.3233/wor-220569,unclear,low
10.3233/wor-220581,observational,high
10.32388/803yys,unclear,low
10.32388/578upd.2,other,high
10.32388/je31eo.5,other,high
10.32388/fz1y68.2,other,high
10.32388/xug3pt,other,medium
10.32388/t9sxeu.2,other,high
10.32440/ar.2024.141.03.rev01,other,high
10.32581/jkifm.2023.6.1.7,other,low
10.32592/jpsimedilam.2022.1.1.101,observational,high
10.32388/zigiwp,other,high
10.32553/jbpr.v9i3.754,other,high
10.3262/sz2404438,other,low
10.32652/tmfvs.2016.4.47-51,other,medium
10.32581/jkifm.2025.8.1.103,other,high
10.32872/cpe.11179,other,high
10.32739/uha.id.65029,unclear,low
10.3310/btbd8846,other,high
10.32739/uha.id.64877,unclear,low
10.3310/nihropenres.1115288.1,other,high
10.3310/hta10370,rct,high
10.32885/2220-0975-2018-1-2-19-27,case_series,high
10.3310/nihropenres.13421.4,observational,high
10.3310/nihropenres.13956.1,observational,high
10.3310/vlrw6701,rct,high
