paper_id,verdict,rationale,confidence
10.1001/jamanetworkopen.2025.0728,no_difference,Conservative projection from reconciled primary between-group results; otherwise inconclusive,
10.1001/jamainternmed.2024.2007,inconclusive,Conservative projection from reconciled primary between-group results; otherwise inconclusive,
10.1001/jamanetworkopen.2024.36874,no_difference,Conservative projection from reconciled primary between-group results; otherwise inconclusive,
10.1001/jamanetworkopen.2025.34304,favors_treatment,Conservative projection from reconciled primary between-group results; otherwise inconclusive,
10.1001/jamaneurol.2025.4415,no_difference,Conservative projection from reconciled primary between-group results; otherwise inconclusive,
10.1002/ctm2.1436,inconclusive,Conservative projection from reconciled primary between-group results; otherwise inconclusive,
10.1002/clc.70110,inconclusive,Conservative projection from reconciled primary between-group results; otherwise inconclusive,
10.1002/jcsm.13530,favors_treatment,Conservative projection from reconciled primary between-group results; otherwise inconclusive,
10.1002/jcsm.13628,inconclusive,Conservative projection from reconciled primary between-group results; otherwise inconclusive,
10.1002/fsn3.3597,inconclusive,Conservative projection from reconciled primary between-group results; otherwise inconclusive,
10.1007/s00394-024-03546-0,inconclusive,Conservative projection from reconciled primary between-group results; otherwise inconclusive,
10.1007/s00406-024-01904-x,inconclusive,Conservative projection from reconciled primary between-group results; otherwise inconclusive,
10.1007/s00431-025-06705-5,inconclusive,Conservative projection from reconciled primary between-group results; otherwise inconclusive,
10.1007/s10072-023-07268-9,inconclusive,Conservative projection from reconciled primary between-group results; otherwise inconclusive,
10.1007/s00508-025-02501-1,inconclusive,Conservative projection from reconciled primary between-group results; otherwise inconclusive,
10.1007/s12325-024-02826-9,inconclusive,Conservative projection from reconciled primary between-group results; otherwise inconclusive,
10.1007/s40121-025-01287-z,favors_treatment,Conservative projection from reconciled primary between-group results; otherwise inconclusive,
10.1007/s11845-025-03899-3,favors_control,Conservative projection from reconciled primary between-group results; otherwise inconclusive,
10.1007/s00508-025-02522-w,inconclusive,Conservative projection from reconciled primary between-group results; otherwise inconclusive,
10.1007/s11357-024-01179-z,inconclusive,Conservative projection from reconciled primary between-group results; otherwise inconclusive,
10.1016/j.brs.2021.10.368,inconclusive,Conservative projection from reconciled primary between-group results; otherwise inconclusive,
10.1016/j.brs.2024.12.534,inconclusive,Conservative projection from reconciled primary between-group results; otherwise inconclusive,
10.1016/j.apmr.2025.05.008,inconclusive,Conservative projection from reconciled primary between-group results; otherwise inconclusive,
10.1016/j.brs.2023.01.1672,no_difference,Conservative projection from reconciled primary between-group results; otherwise inconclusive,
10.1016/j.bjpt.2025.101247,no_difference,Conservative projection from reconciled primary between-group results; otherwise inconclusive,
10.1016/j.brat.2025.104917,inconclusive,Conservative projection from reconciled primary between-group results; otherwise inconclusive,
10.1016/j.ctim.2022.102823,favors_treatment,Conservative projection from reconciled primary between-group results; otherwise inconclusive,
10.1016/j.brs.2025.08.018,no_difference,Conservative projection from reconciled primary between-group results; otherwise inconclusive,
10.1016/j.clinph.2022.10.017,inconclusive,Conservative projection from reconciled primary between-group results; otherwise inconclusive,
10.1016/j.clinme.2024.100251,inconclusive,Conservative projection from reconciled primary between-group results; otherwise inconclusive,
10.1016/j.eclinm.2023.101946,no_difference,Conservative projection from reconciled primary between-group results; otherwise inconclusive,
10.1016/j.eclinm.2025.103358,no_difference,Conservative projection from reconciled primary between-group results; otherwise inconclusive,
10.1016/j.eclinm.2025.103730,no_difference,Conservative projection from reconciled primary between-group results; otherwise inconclusive,
10.1016/j.eclinm.2025.103633,no_difference,Conservative projection from reconciled primary between-group results; otherwise inconclusive,
10.1016/j.imr.2024.101084,mixed,Conservative projection from reconciled primary between-group results; otherwise inconclusive,
10.1016/j.eclinm.2025.103737,inconclusive,Conservative projection from reconciled primary between-group results; otherwise inconclusive,
10.1016/j.lanepe.2022.100539,no_difference,Conservative projection from reconciled primary between-group results; otherwise inconclusive,
10.1016/j.jpsychores.2023.111389,mixed,Conservative projection from reconciled primary between-group results; otherwise inconclusive,
10.1016/j.heliyon.2024.e40453,no_difference,Conservative projection from reconciled primary between-group results; otherwise inconclusive,
10.1016/j.rehab.2023.101765,inconclusive,Conservative projection from reconciled primary between-group results; otherwise inconclusive,
10.1017/s1355617723007634,inconclusive,Conservative projection from reconciled primary between-group results; otherwise inconclusive,
10.1016/s1473-3099(23)00685-0,favors_treatment,Conservative projection from reconciled primary between-group results; otherwise inconclusive,
10.1037/rep0000626,inconclusive,Conservative projection from reconciled primary between-group results; otherwise inconclusive,
10.1016/s2213-2600(22)00125-4,mixed,Conservative projection from reconciled primary between-group results; otherwise inconclusive,
10.1038/s41386-024-01995-z,inconclusive,Conservative projection from reconciled primary between-group results; otherwise inconclusive,
10.1016/j.rehab.2022.101709,inconclusive,Conservative projection from reconciled primary between-group results; otherwise inconclusive,
10.1038/s41467-025-57198-7,inconclusive,Conservative projection from reconciled primary between-group results; otherwise inconclusive,
10.1038/s41467-025-59909-6,inconclusive,Conservative projection from reconciled primary between-group results; otherwise inconclusive,
10.1038/s41598-024-51904-z,inconclusive,Conservative projection from reconciled primary between-group results; otherwise inconclusive,
10.1038/s41467-025-64831-y,inconclusive,Conservative projection from reconciled primary between-group results; otherwise inconclusive,
10.1038/s41591-024-03384-x,favors_treatment,Conservative projection from reconciled primary between-group results; otherwise inconclusive,
10.1038/s41598-023-35058-y,no_difference,Conservative projection from reconciled primary between-group results; otherwise inconclusive,
10.1038/s41598-023-36570-x,inconclusive,Conservative projection from reconciled primary between-group results; otherwise inconclusive,
10.1038/s41598-024-52763-4,no_difference,Conservative projection from reconciled primary between-group results; otherwise inconclusive,
10.1038/s41598-022-15565-0,mixed,Conservative projection from reconciled primary between-group results; otherwise inconclusive,
10.1038/s41598-025-07461-0,inconclusive,Conservative projection from reconciled primary between-group results; otherwise inconclusive,
10.1038/s41598-025-09772-8,inconclusive,Conservative projection from reconciled primary between-group results; otherwise inconclusive,
10.1038/s41598-024-78651-5,favors_treatment,Conservative projection from reconciled primary between-group results; otherwise inconclusive,
10.1038/s41598-025-96555-w,mixed,Conservative projection from reconciled primary between-group results; otherwise inconclusive,
10.1038/s41598-024-82584-4,inconclusive,Conservative projection from reconciled primary between-group results; otherwise inconclusive,
10.1038/s41598-025-27036-3,inconclusive,Conservative projection from reconciled primary between-group results; otherwise inconclusive,
10.1093/cid/ciac226,inconclusive,Conservative projection from reconciled primary between-group results; otherwise inconclusive,
10.1093/braincomms/fcad117,inconclusive,Conservative projection from reconciled primary between-group results; otherwise inconclusive,
10.1080/13548506.2024.2439180,mixed,Conservative projection from reconciled primary between-group results; otherwise inconclusive,
10.1089/can.2022.0135,inconclusive,Conservative projection from reconciled primary between-group results; otherwise inconclusive,
10.1093/braincomms/fcaf447,no_difference,Conservative projection from reconciled primary between-group results; otherwise inconclusive,
10.1093/eurheartj/ehad655.2594,inconclusive,Conservative projection from reconciled primary between-group results; otherwise inconclusive,
10.1093/cid/ciad257,inconclusive,Conservative projection from reconciled primary between-group results; otherwise inconclusive,
10.1080/09602011.2024.2338613,inconclusive,Conservative projection from reconciled primary between-group results; otherwise inconclusive,
10.1093/eurheartj/ehae666.298,mixed,Conservative projection from reconciled primary between-group results; otherwise inconclusive,
10.1093/eurheartj/ehad655.2601,inconclusive,Conservative projection from reconciled primary between-group results; otherwise inconclusive,
10.1080/21679169.2025.2479676,no_difference,Conservative projection from reconciled primary between-group results; otherwise inconclusive,
10.1101/2022.08.29.22279327,no_difference,Conservative projection from reconciled primary between-group results; otherwise inconclusive,
10.1101/2023.05.31.23290798,inconclusive,Conservative projection from reconciled primary between-group results; otherwise inconclusive,
10.1109/jiot.2022.3188914,inconclusive,Conservative projection from reconciled primary between-group results; otherwise inconclusive,
10.1097/md.0000000000041583,no_difference,Conservative projection from reconciled primary between-group results; otherwise inconclusive,
10.1101/2022.10.04.22280680,inconclusive,Conservative projection from reconciled primary between-group results; otherwise inconclusive,
10.1101/2023.06.28.23291986,inconclusive,Conservative projection from reconciled primary between-group results; otherwise inconclusive,
10.1111/hex.70399,inconclusive,Conservative projection from reconciled primary between-group results; otherwise inconclusive,
10.1111/jebm.12465,favors_treatment,Conservative projection from reconciled primary between-group results; otherwise inconclusive,
10.1111/hex.70357,inconclusive,Conservative projection from reconciled primary between-group results; otherwise inconclusive,
10.1111/hex.70079,inconclusive,Conservative projection from reconciled primary between-group results; otherwise inconclusive,
10.1136/annrheumdis-2022-eular.3861,inconclusive,Conservative projection from reconciled primary between-group results; otherwise inconclusive,
10.1126/scitranslmed.adu4284,inconclusive,Conservative projection from reconciled primary between-group results; otherwise inconclusive,
10.1113/ep092099,favors_treatment,Conservative projection from reconciled primary between-group results; otherwise inconclusive,
10.1136/bmj.q346,favors_treatment,Conservative projection from reconciled primary between-group results; otherwise inconclusive,
10.1111/sms.14240,favors_treatment,Conservative projection from reconciled primary between-group results; otherwise inconclusive,
10.1136/spcare-2023-004595,favors_control,Conservative projection from reconciled primary between-group results; otherwise inconclusive,
10.1155/2023/7068326,mixed,Conservative projection from reconciled primary between-group results; otherwise inconclusive,
10.1136/bmjresp-2022-001439,inconclusive,Conservative projection from reconciled primary between-group results; otherwise inconclusive,
10.1136/bmjmed-2024-001068,mixed,Conservative projection from reconciled primary between-group results; otherwise inconclusive,
10.1136/bjsports-2022-106681,inconclusive,Conservative projection from reconciled primary between-group results; otherwise inconclusive,
10.1136/bmjopen-2024-094386,no_difference,Conservative projection from reconciled primary between-group results; otherwise inconclusive,
10.1136/bmjresp-2025-003653,favors_treatment,Conservative projection from reconciled primary between-group results; otherwise inconclusive,
10.1152/japplphysiol.00489.2022,inconclusive,Conservative projection from reconciled primary between-group results; otherwise inconclusive,
10.1155/ijcp/5641307,mixed,Conservative projection from reconciled primary between-group results; otherwise inconclusive,
10.1177/09727531241306849,inconclusive,Conservative projection from reconciled primary between-group results; otherwise inconclusive,
10.11606/issn.2317-0190.v30i4a214740,mixed,Conservative projection from reconciled primary between-group results; otherwise inconclusive,
10.11604/pamj.2023.46.65.36615,inconclusive,Conservative projection from reconciled primary between-group results; otherwise inconclusive,
10.1164/rccm.202309-1572oc,no_difference,Conservative projection from reconciled primary between-group results; otherwise inconclusive,
10.1155/ijcp/7692776,mixed,Conservative projection from reconciled primary between-group results; otherwise inconclusive,
10.1182/blood-2024-210709,inconclusive,Conservative projection from reconciled primary between-group results; otherwise inconclusive,
10.1177/27536130251385551,mixed,Conservative projection from reconciled primary between-group results; otherwise inconclusive,
10.1183/23120541.00031-2024,inconclusive,Conservative projection from reconciled primary between-group results; otherwise inconclusive,
10.1183/23120541.01142-2024,no_difference,Conservative projection from reconciled primary between-group results; otherwise inconclusive,
10.1186/s12868-025-00989-x,inconclusive,Conservative projection from reconciled primary between-group results; otherwise inconclusive,
10.1183/13993003.03101-2021,inconclusive,Conservative projection from reconciled primary between-group results; otherwise inconclusive,
10.1186/s12879-023-08002-8,inconclusive,Conservative projection from reconciled primary between-group results; otherwise inconclusive,
10.1186/s12872-024-04196-0,mixed,Conservative projection from reconciled primary between-group results; otherwise inconclusive,
10.1183/23120541.00838-2024,inconclusive,Conservative projection from reconciled primary between-group results; otherwise inconclusive,
10.1186/s12913-024-11679-5,no_difference,Conservative projection from reconciled primary between-group results; otherwise inconclusive,
10.1186/s12991-024-00494-1,favors_treatment,Conservative projection from reconciled primary between-group results; otherwise inconclusive,
10.1186/s12984-024-01340-x,inconclusive,Conservative projection from reconciled primary between-group results; otherwise inconclusive,
10.1186/s12906-025-04784-3,mixed,Conservative projection from reconciled primary between-group results; otherwise inconclusive,
10.1186/s12967-022-03488-3,inconclusive,Conservative projection from reconciled primary between-group results; otherwise inconclusive,
10.1186/s12967-022-03660-9,inconclusive,Conservative projection from reconciled primary between-group results; otherwise inconclusive,
10.1186/s13287-025-04148-1,inconclusive,Conservative projection from reconciled primary between-group results; otherwise inconclusive,
10.1186/s13102-024-00817-5,inconclusive,Conservative projection from reconciled primary between-group results; otherwise inconclusive,
10.1192/j.eurpsy.2024.257,inconclusive,Conservative projection from reconciled primary between-group results; otherwise inconclusive,
10.1186/s13690-024-01354-w,mixed,Conservative projection from reconciled primary between-group results; otherwise inconclusive,
10.1186/s13063-024-08473-3,favors_treatment,Conservative projection from reconciled primary between-group results; otherwise inconclusive,
10.1186/s42234-022-00094-y,inconclusive,Conservative projection from reconciled primary between-group results; otherwise inconclusive,
10.1192/j.eurpsy.2025.463,inconclusive,Conservative projection from reconciled primary between-group results; otherwise inconclusive,
10.1183/13993003.02152-2024,inconclusive,Conservative projection from reconciled primary between-group results; otherwise inconclusive,
10.14412/2074-2711-2021-2-65-72,inconclusive,Conservative projection from reconciled primary between-group results; otherwise inconclusive,
10.14744/ejp.2024.1204,inconclusive,Conservative projection from reconciled primary between-group results; otherwise inconclusive,
10.14814/phy2.15636,mixed,Conservative projection from reconciled primary between-group results; otherwise inconclusive,
10.15212/amm-2024-0089,inconclusive,Conservative projection from reconciled primary between-group results; otherwise inconclusive,
10.13189/saj.2025.130406,favors_treatment,Conservative projection from reconciled primary between-group results; otherwise inconclusive,
10.15395/mkb.v55n2.2753,inconclusive,Conservative projection from reconciled primary between-group results; otherwise inconclusive,
10.15407/fz71.06.095,inconclusive,Conservative projection from reconciled primary between-group results; otherwise inconclusive,
10.15789/2220-7619-doc-2042,favors_treatment,Conservative projection from reconciled primary between-group results; otherwise inconclusive,
10.15829/1728-8800-2021-2986,inconclusive,Conservative projection from reconciled primary between-group results; otherwise inconclusive,
10.1371/journal.pone.0340965,mixed,Conservative projection from reconciled primary between-group results; otherwise inconclusive,
10.1590/fm.2023.36112,no_difference,Conservative projection from reconciled primary between-group results; otherwise inconclusive,
10.1371/journal.pone.0312714,inconclusive,Conservative projection from reconciled primary between-group results; otherwise inconclusive,
10.17267/2238-2704rpf.2024.e5840,mixed,Conservative projection from reconciled primary between-group results; otherwise inconclusive,
10.17816/568265,inconclusive,Conservative projection from reconciled primary between-group results; otherwise inconclusive,
10.17816/acen.1358,inconclusive,Conservative projection from reconciled primary between-group results; otherwise inconclusive,
10.17816/rjpbr109501,inconclusive,Conservative projection from reconciled primary between-group results; otherwise inconclusive,
10.17816/rjpbr628759,inconclusive,Conservative projection from reconciled primary between-group results; otherwise inconclusive,
10.17816/rjpbr692686,inconclusive,Conservative projection from reconciled primary between-group results; otherwise inconclusive,
10.18093/0869-0189-2023-33-1-52-63,mixed,Conservative projection from reconciled primary between-group results; otherwise inconclusive,
10.18370/2309-4117.2023.69.104-112,inconclusive,Conservative projection from reconciled primary between-group results; otherwise inconclusive,
10.19163/2307-9266-2025-13-4-270-284,inconclusive,Conservative projection from reconciled primary between-group results; otherwise inconclusive,
10.19163/1994-9480-2022-19-2-43-52,inconclusive,Conservative projection from reconciled primary between-group results; otherwise inconclusive,
10.20953/1729-9225-2021-4-15-22,mixed,Conservative projection from reconciled primary between-group results; otherwise inconclusive,
10.14393/hygeia2071233,inconclusive,Conservative projection from reconciled primary between-group results; otherwise inconclusive,
10.20953/1817-7646-2023-1-28-35,favors_treatment,Conservative projection from reconciled primary between-group results; otherwise inconclusive,
10.14393/hygeia2071051,inconclusive,Conservative projection from reconciled primary between-group results; otherwise inconclusive,
10.20969/vskm.2022.15(1).26-33,inconclusive,Conservative projection from reconciled primary between-group results; otherwise inconclusive,
10.20969/vskm.2025.18(6).64-71,inconclusive,Conservative projection from reconciled primary between-group results; otherwise inconclusive,
10.21518/ms2023-111,inconclusive,Conservative projection from reconciled primary between-group results; otherwise inconclusive,
10.14412/1996-7012-2022-3-67-74,inconclusive,Conservative projection from reconciled primary between-group results; otherwise inconclusive,
10.21760/jaims.10.11.10,inconclusive,Conservative projection from reconciled primary between-group results; otherwise inconclusive,
10.21802/artm.2024.1.29.142,inconclusive,Conservative projection from reconciled primary between-group results; otherwise inconclusive,
10.1371/journal.pone.0312735,inconclusive,Conservative projection from reconciled primary between-group results; otherwise inconclusive,
10.21802/artm.2025.1.33.13,inconclusive,Conservative projection from reconciled primary between-group results; otherwise inconclusive,
10.21926/obm.icm.2401010,inconclusive,Conservative projection from reconciled primary between-group results; otherwise inconclusive,
10.2196/49342,inconclusive,Conservative projection from reconciled primary between-group results; otherwise inconclusive,
10.22141/2308-2097.58.2.2024.605,inconclusive,Conservative projection from reconciled primary between-group results; otherwise inconclusive,
10.22416/1382-4376-2022-32-6-47-52,inconclusive,Conservative projection from reconciled primary between-group results; otherwise inconclusive,
10.2340/jrm.v54.3972,inconclusive,Conservative projection from reconciled primary between-group results; otherwise inconclusive,
10.2340/jrm.v56.25491,inconclusive,Conservative projection from reconciled primary between-group results; otherwise inconclusive,
10.23736/s1973-9087.24.08487-9,inconclusive,Conservative projection from reconciled primary between-group results; otherwise inconclusive,
10.24075/brsmu.2024.034,inconclusive,Conservative projection from reconciled primary between-group results; otherwise inconclusive,
10.24884/1682-6655-2025-24-1-47-56,inconclusive,Conservative projection from reconciled primary between-group results; otherwise inconclusive,
10.25259/ijmr_827_2024,inconclusive,Conservative projection from reconciled primary between-group results; otherwise inconclusive,
10.26442/00403660.2022.11.201981,inconclusive,Conservative projection from reconciled primary between-group results; otherwise inconclusive,
10.26442/00403660.2024.03.202639,inconclusive,Conservative projection from reconciled primary between-group results; otherwise inconclusive,
10.26442/00403660.2023.05.202224,inconclusive,Conservative projection from reconciled primary between-group results; otherwise inconclusive,
10.26717/bjstr.2024.59.009252,favors_treatment,Conservative projection from reconciled primary between-group results; otherwise inconclusive,
10.26766/pmgp.v10i1.546,inconclusive,Conservative projection from reconciled primary between-group results; otherwise inconclusive,
10.26766/pmgp.v9i3.526,no_difference,Conservative projection from reconciled primary between-group results; otherwise inconclusive,
10.26766/pmgp.v9i4.545,no_difference,Conservative projection from reconciled primary between-group results; otherwise inconclusive,
10.28920/dhm55.2.104-113,inconclusive,Conservative projection from reconciled primary between-group results; otherwise inconclusive,
10.15275/rusomj.2025.0109,inconclusive,Conservative projection from reconciled primary between-group results; otherwise inconclusive,
10.26442/00403660.2022.03.201398,inconclusive,Conservative projection from reconciled primary between-group results; otherwise inconclusive,
10.31080/asms.2023.07.1491,inconclusive,Conservative projection from reconciled primary between-group results; otherwise inconclusive,
10.31532/physmedrehabil.2.1.005,inconclusive,Conservative projection from reconciled primary between-group results; otherwise inconclusive,
10.30629/2658-7947-2025-30-3-53-60,inconclusive,Conservative projection from reconciled primary between-group results; otherwise inconclusive,
10.31655/2307-3373-2024-3-5-15,inconclusive,Conservative projection from reconciled primary between-group results; otherwise inconclusive,
10.32598/jrh.12.6.2046.1,favors_treatment,Conservative projection from reconciled primary between-group results; otherwise inconclusive,
10.29296/25877305-2023-08-11,inconclusive,Conservative projection from reconciled primary between-group results; otherwise inconclusive,
10.29296/25877305-2023-09-11,inconclusive,Conservative projection from reconciled primary between-group results; otherwise inconclusive,
10.3177/jnsv.70.174,inconclusive,Conservative projection from reconciled primary between-group results; otherwise inconclusive,
10.33667/2078-5631-2022-35-8-14,inconclusive,Conservative projection from reconciled primary between-group results; otherwise inconclusive,
10.3389/fcogn.2025.1692578,inconclusive,Conservative projection from reconciled primary between-group results; otherwise inconclusive,
10.3389/fcvm.2022.866113,inconclusive,Conservative projection from reconciled primary between-group results; otherwise inconclusive,
10.3389/fmolb.2022.1016352,inconclusive,Conservative projection from reconciled primary between-group results; otherwise inconclusive,
10.3389/fneur.2025.1523814,inconclusive,Conservative projection from reconciled primary between-group results; otherwise inconclusive,
10.3389/fnins.2025.1627462,no_difference,Conservative projection from reconciled primary between-group results; otherwise inconclusive,
10.3389/fphys.2024.1416639,inconclusive,Conservative projection from reconciled primary between-group results; otherwise inconclusive,
10.3389/fnut.2023.1131192,no_difference,Conservative projection from reconciled primary between-group results; otherwise inconclusive,
10.3389/fpubh.2023.1115393,favors_treatment,Conservative projection from reconciled primary between-group results; otherwise inconclusive,
10.3389/fpubh.2023.1121554,no_difference,Conservative projection from reconciled primary between-group results; otherwise inconclusive,
10.3389/fpsyg.2025.1582742,no_difference,Conservative projection from reconciled primary between-group results; otherwise inconclusive,
10.3389/fspor.2022.877188,favors_treatment,Conservative projection from reconciled primary between-group results; otherwise inconclusive,
10.3389/fpsyg.2024.1441018,mixed,Conservative projection from reconciled primary between-group results; otherwise inconclusive,
10.3389/fresc.2025.1588940,inconclusive,Conservative projection from reconciled primary between-group results; otherwise inconclusive,
10.3390/biomedicines12102221,inconclusive,Conservative projection from reconciled primary between-group results; otherwise inconclusive,
10.3390/brainsci14121212,no_difference,Conservative projection from reconciled primary between-group results; otherwise inconclusive,
10.3390/healthcare13222914,inconclusive,Conservative projection from reconciled primary between-group results; otherwise inconclusive,
10.3390/ijerph192214905,inconclusive,Conservative projection from reconciled primary between-group results; otherwise inconclusive,
10.3390/ijerph191610398,inconclusive,Conservative projection from reconciled primary between-group results; otherwise inconclusive,
10.3390/brainsci14070693,inconclusive,Conservative projection from reconciled primary between-group results; otherwise inconclusive,
10.3390/ijerph19041992,favors_treatment,Conservative projection from reconciled primary between-group results; otherwise inconclusive,
10.3390/ijms25158305,inconclusive,Conservative projection from reconciled primary between-group results; otherwise inconclusive,
10.3390/brainsci15050510,mixed,Conservative projection from reconciled primary between-group results; otherwise inconclusive,
10.3390/jcm12030776,inconclusive,Conservative projection from reconciled primary between-group results; otherwise inconclusive,
10.3390/jcm12062233,inconclusive,Conservative projection from reconciled primary between-group results; otherwise inconclusive,
10.3390/ijerph21101385,inconclusive,Conservative projection from reconciled primary between-group results; otherwise inconclusive,
10.3390/ijms26178623,inconclusive,Conservative projection from reconciled primary between-group results; otherwise inconclusive,
10.3390/jcm12196244,inconclusive,Conservative projection from reconciled primary between-group results; otherwise inconclusive,
10.3390/jcm13040970,inconclusive,Conservative projection from reconciled primary between-group results; otherwise inconclusive,
10.3390/jcm12216739,no_difference,Conservative projection from reconciled primary between-group results; otherwise inconclusive,
10.3390/jcm13102747,inconclusive,Conservative projection from reconciled primary between-group results; otherwise inconclusive,
10.3390/jcm13020425,inconclusive,Conservative projection from reconciled primary between-group results; otherwise inconclusive,
10.3390/jcm13041035,inconclusive,Conservative projection from reconciled primary between-group results; otherwise inconclusive,
10.3390/jcm13206237,inconclusive,Conservative projection from reconciled primary between-group results; otherwise inconclusive,
10.3390/jcm14020486,inconclusive,Conservative projection from reconciled primary between-group results; otherwise inconclusive,
10.3390/jcm14010174,no_difference,Conservative projection from reconciled primary between-group results; otherwise inconclusive,
10.3390/jcm14155363,inconclusive,Conservative projection from reconciled primary between-group results; otherwise inconclusive,
10.3390/jcm13061712,inconclusive,Conservative projection from reconciled primary between-group results; otherwise inconclusive,
10.3390/jcm14176066,inconclusive,Conservative projection from reconciled primary between-group results; otherwise inconclusive,
10.3390/jpm14050515,inconclusive,Conservative projection from reconciled primary between-group results; otherwise inconclusive,
10.3390/jcm14124225,favors_treatment,Conservative projection from reconciled primary between-group results; otherwise inconclusive,
10.3390/medicina62010210,favors_treatment,Conservative projection from reconciled primary between-group results; otherwise inconclusive,
10.3390/life13071563,no_difference,Conservative projection from reconciled primary between-group results; otherwise inconclusive,
10.3390/ijerph20021361,no_difference,Conservative projection from reconciled primary between-group results; otherwise inconclusive,
10.3390/nu14234984,favors_treatment,Conservative projection from reconciled primary between-group results; otherwise inconclusive,
10.3390/nu14153004,mixed,Conservative projection from reconciled primary between-group results; otherwise inconclusive,
10.3390/nu17040723,inconclusive,Conservative projection from reconciled primary between-group results; otherwise inconclusive,
10.3390/nu16101529,mixed,Conservative projection from reconciled primary between-group results; otherwise inconclusive,
10.3390/nu16223840,inconclusive,Conservative projection from reconciled primary between-group results; otherwise inconclusive,
10.3390/nu14112203,inconclusive,Conservative projection from reconciled primary between-group results; otherwise inconclusive,
10.3390/nu18030521,inconclusive,Conservative projection from reconciled primary between-group results; otherwise inconclusive,
10.3390/nu17020304,favors_treatment,Conservative projection from reconciled primary between-group results; otherwise inconclusive,
10.36028/2308-8826-2025-13-2-8-13,inconclusive,Conservative projection from reconciled primary between-group results; otherwise inconclusive,
10.3390/ph15030345,no_difference,Conservative projection from reconciled primary between-group results; otherwise inconclusive,
10.36425/rehab608182,inconclusive,Conservative projection from reconciled primary between-group results; otherwise inconclusive,
10.3390/ph17040463,inconclusive,Conservative projection from reconciled primary between-group results; otherwise inconclusive,
10.3390/s23198120,no_difference,Conservative projection from reconciled primary between-group results; otherwise inconclusive,
10.37506/ijpot.v16i2.18051,inconclusive,Conservative projection from reconciled primary between-group results; otherwise inconclusive,
10.37506/pkxqyr14,inconclusive,Conservative projection from reconciled primary between-group results; otherwise inconclusive,
10.36425/rehab688680,no_difference,Conservative projection from reconciled primary between-group results; otherwise inconclusive,
10.34883/pi.2024.27.4.012,inconclusive,Conservative projection from reconciled primary between-group results; otherwise inconclusive,
10.3390/v14122614,inconclusive,Conservative projection from reconciled primary between-group results; otherwise inconclusive,
10.36740/abal202201102,inconclusive,Conservative projection from reconciled primary between-group results; otherwise inconclusive,
10.38025/2078-1962-2023-22-4-96-104,inconclusive,Conservative projection from reconciled primary between-group results; otherwise inconclusive,
10.38079/igusabder.1654185,no_difference,Conservative projection from reconciled primary between-group results; otherwise inconclusive,
10.3831/kpi.2023.26.3.238,mixed,Conservative projection from reconciled primary between-group results; otherwise inconclusive,
10.38025/2078-1962-2023-22-2-136-145,inconclusive,Conservative projection from reconciled primary between-group results; otherwise inconclusive,
10.38025/2078-1962-2024-23-1-38-48,inconclusive,Conservative projection from reconciled primary between-group results; otherwise inconclusive,
10.4081/mrm.2022.886,inconclusive,Conservative projection from reconciled primary between-group results; otherwise inconclusive,
10.38025/2078-1962-2025-24-5-34-46,favors_treatment,Conservative projection from reconciled primary between-group results; otherwise inconclusive,
10.47026/2413-4864-2022-2-1-8,inconclusive,Conservative projection from reconciled primary between-group results; otherwise inconclusive,
10.4149/bll_2023_013,inconclusive,Conservative projection from reconciled primary between-group results; otherwise inconclusive,
10.48035/tesis/2454/53703,inconclusive,Conservative projection from reconciled primary between-group results; otherwise inconclusive,
10.4235/agmr.24.0175,inconclusive,Conservative projection from reconciled primary between-group results; otherwise inconclusive,
10.51793/os.2022.25.2.005,inconclusive,Conservative projection from reconciled primary between-group results; otherwise inconclusive,
10.4103/jpgm.jpgm_650_23,mixed,Conservative projection from reconciled primary between-group results; otherwise inconclusive,
10.5195/ijt.2023.6560,inconclusive,Conservative projection from reconciled primary between-group results; otherwise inconclusive,
10.52403/ijhsr.20230310,mixed,Conservative projection from reconciled primary between-group results; otherwise inconclusive,
10.52403/ijhsr.20230305,no_difference,Conservative projection from reconciled primary between-group results; otherwise inconclusive,
10.51910/ijhdr.v25icf.1532,no_difference,Conservative projection from reconciled primary between-group results; otherwise inconclusive,
10.5114/biolsport.2024.139072,favors_treatment,Conservative projection from reconciled primary between-group results; otherwise inconclusive,
10.5455/njppp.2024.14.04187202411052024,mixed,Conservative projection from reconciled primary between-group results; otherwise inconclusive,
10.55572/jms.v2i2.51,no_difference,Conservative projection from reconciled primary between-group results; otherwise inconclusive,
10.5334/ijic.icic23285,inconclusive,Conservative projection from reconciled primary between-group results; otherwise inconclusive,
10.56199/dpcsms.sjjq1180,inconclusive,Conservative projection from reconciled primary between-group results; otherwise inconclusive,
10.54033/cadpedv21n7-221,inconclusive,Conservative projection from reconciled primary between-group results; otherwise inconclusive,
10.61453/intij.202342,no_difference,Conservative projection from reconciled primary between-group results; otherwise inconclusive,
10.58727/jshr.107257,mixed,Conservative projection from reconciled primary between-group results; otherwise inconclusive,
10.7759/cureus.87026,no_difference,Conservative projection from reconciled primary between-group results; otherwise inconclusive,
10.63144/ijt.2025.6716,favors_treatment,Conservative projection from reconciled primary between-group results; otherwise inconclusive,
10.64898/2025.12.30.25343085,no_difference,Conservative projection from reconciled primary between-group results; otherwise inconclusive,
10.7759/cureus.76148,inconclusive,Conservative projection from reconciled primary between-group results; otherwise inconclusive,
10.5606/tftrd.2025.14301,inconclusive,Conservative projection from reconciled primary between-group results; otherwise inconclusive,
10.7416/ai.2025.2678,mixed,Conservative projection from reconciled primary between-group results; otherwise inconclusive,
10.1016/j.biopha.2023.115723,favors_treatment,Conservative projection from reconciled primary between-group results; otherwise inconclusive,
10.1002/pri.2086,favors_treatment,Conservative projection from reconciled primary between-group results; otherwise inconclusive,
10.1016/j.amjmed.2024.04.030,inconclusive,Conservative projection from reconciled primary between-group results; otherwise inconclusive,
10.1016/j.clnu.2024.11.023,no_difference,Conservative projection from reconciled primary between-group results; otherwise inconclusive,
10.1016/j.cgh.2024.06.004,favors_treatment,Conservative projection from reconciled primary between-group results; otherwise inconclusive,
10.1016/j.ctim.2024.103107,mixed,Conservative projection from reconciled primary between-group results; otherwise inconclusive,
10.1016/j.explore.2024.04.004,inconclusive,Conservative projection from reconciled primary between-group results; otherwise inconclusive,
10.1002/jmv.29757,inconclusive,Conservative projection from reconciled primary between-group results; otherwise inconclusive,
10.1001/jamanetworkopen.2024.50744,inconclusive,Conservative projection from reconciled primary between-group results; otherwise inconclusive,
10.1016/j.jbmt.2024.11.037,no_difference,Conservative projection from reconciled primary between-group results; otherwise inconclusive,
10.1016/j.jpsychores.2023.111471,no_difference,Conservative projection from reconciled primary between-group results; otherwise inconclusive,
10.1016/j.jpsychores.2024.111625,no_difference,Conservative projection from reconciled primary between-group results; otherwise inconclusive,
10.1016/j.eng.2024.03.013,inconclusive,Conservative projection from reconciled primary between-group results; otherwise inconclusive,
10.1016/j.intimp.2024.112673,inconclusive,Conservative projection from reconciled primary between-group results; otherwise inconclusive,
10.1016/j.phrs.2022.106360,inconclusive,Conservative projection from reconciled primary between-group results; otherwise inconclusive,
10.1016/j.mhp.2024.200359,inconclusive,Conservative projection from reconciled primary between-group results; otherwise inconclusive,
10.1093/brain/awad377,mixed,Conservative projection from reconciled primary between-group results; otherwise inconclusive,
10.1080/09638288.2023.2242783,inconclusive,Conservative projection from reconciled primary between-group results; otherwise inconclusive,
10.1016/j.resp.2024.104360,inconclusive,Conservative projection from reconciled primary between-group results; otherwise inconclusive,
10.1016/j.rehab.2025.102073,inconclusive,Conservative projection from reconciled primary between-group results; otherwise inconclusive,
10.1016/j.pec.2024.108180,no_difference,Conservative projection from reconciled primary between-group results; otherwise inconclusive,
10.1016/j.rmed.2024.107763,inconclusive,Conservative projection from reconciled primary between-group results; otherwise inconclusive,
10.1016/j.rehab.2024.101853,no_difference,Conservative projection from reconciled primary between-group results; otherwise inconclusive,
10.1093/eurheartj/ehad655.2398,inconclusive,Conservative projection from reconciled primary between-group results; otherwise inconclusive,
10.1093/europace/euad122.673,inconclusive,Conservative projection from reconciled primary between-group results; otherwise inconclusive,
10.1093/eurheartj/ehaf784.3929,favors_treatment,Conservative projection from reconciled primary between-group results; otherwise inconclusive,
10.1093/qjmed/hcaf050,no_difference,Conservative projection from reconciled primary between-group results; otherwise inconclusive,
10.1155/2023/6687803,inconclusive,Conservative projection from reconciled primary between-group results; otherwise inconclusive,
10.1164/ajrccm.2025.211.abstracts.a3028,favors_treatment,Conservative projection from reconciled primary between-group results; otherwise inconclusive,
10.1164/ajrccm.2025.211.abstracts.a2428,inconclusive,Conservative projection from reconciled primary between-group results; otherwise inconclusive,
10.1164/ajrccm.2025.211.abstracts.a2426,favors_treatment,Conservative projection from reconciled primary between-group results; otherwise inconclusive,
10.1093/ptj/pzad118,inconclusive,Conservative projection from reconciled primary between-group results; otherwise inconclusive,
10.1164/ajrccm.2025.211.abstracts.a3183,favors_treatment,Conservative projection from reconciled primary between-group results; otherwise inconclusive,
10.1249/01.mss.0000985296.04035.50,inconclusive,Conservative projection from reconciled primary between-group results; otherwise inconclusive,
10.1249/01.mss.0000987560.02549.a2,inconclusive,Conservative projection from reconciled primary between-group results; otherwise inconclusive,
10.1097/phm.0000000000002559,inconclusive,Conservative projection from reconciled primary between-group results; otherwise inconclusive,
10.1177/1357633x231188394,mixed,Conservative projection from reconciled primary between-group results; otherwise inconclusive,
10.17116/jnevro2022122081101,inconclusive,Conservative projection from reconciled primary between-group results; otherwise inconclusive,
10.1249/mss.0000000000003207,inconclusive,Conservative projection from reconciled primary between-group results; otherwise inconclusive,
10.1177/1357633x251333903,inconclusive,Conservative projection from reconciled primary between-group results; otherwise inconclusive,
10.21608/ijma.2023.194428.1627,mixed,Conservative projection from reconciled primary between-group results; otherwise inconclusive,
10.2139/ssrn.4178044,no_difference,Conservative projection from reconciled primary between-group results; otherwise inconclusive,
10.17116/kurort20251020615,favors_treatment,Conservative projection from reconciled primary between-group results; otherwise inconclusive,
10.17116/jnevro2024124111140,inconclusive,Conservative projection from reconciled primary between-group results; otherwise inconclusive,
10.2139/ssrn.4216601,inconclusive,Conservative projection from reconciled primary between-group results; otherwise inconclusive,
10.3390/app15084111,inconclusive,Conservative projection from reconciled primary between-group results; otherwise inconclusive,
10.3390/covid5070107,inconclusive,Conservative projection from reconciled primary between-group results; otherwise inconclusive,
10.3390/jcm15041468,inconclusive,Conservative projection from reconciled primary between-group results; otherwise inconclusive,
10.2196/preprints.89631,inconclusive,Conservative projection from reconciled primary between-group results; otherwise inconclusive,
10.3390/covid6010022,favors_treatment,Conservative projection from reconciled primary between-group results; otherwise inconclusive,
10.3390/covid6010005,inconclusive,Conservative projection from reconciled primary between-group results; otherwise inconclusive,
10.5812/asjsm-158465,inconclusive,Conservative projection from reconciled primary between-group results; otherwise inconclusive,
10.38025/2078-1962-2022-21-3-45-57,inconclusive,Conservative projection from reconciled primary between-group results; otherwise inconclusive,
10.4103/ayu.ayu_271_23,inconclusive,Conservative projection from reconciled primary between-group results; otherwise inconclusive,
10.47197/retos.v59.105417,inconclusive,Conservative projection from reconciled primary between-group results; otherwise inconclusive,
10.1016/s1473-3099(25)00073-8,no_difference,Conservative projection from reconciled primary between-group results; otherwise inconclusive,
10.1002/alz.075764,inconclusive,Conservative projection from reconciled primary between-group results; otherwise inconclusive,
10.1002/alz.091999,inconclusive,Conservative projection from reconciled primary between-group results; otherwise inconclusive,
10.1002/jmv.28316,inconclusive,Conservative projection from reconciled primary between-group results; otherwise inconclusive,
10.1002/tkm2.1370,inconclusive,Conservative projection from reconciled primary between-group results; otherwise inconclusive,
10.1007/s00406-023-01747-y,inconclusive,Conservative projection from reconciled primary between-group results; otherwise inconclusive,
10.1007/s00406-024-01792-1,inconclusive,Conservative projection from reconciled primary between-group results; otherwise inconclusive,
10.1007/s00482-025-00887-5,inconclusive,Conservative projection from reconciled primary between-group results; otherwise inconclusive,
10.1007/s00415-023-11885-x,inconclusive,Conservative projection from reconciled primary between-group results; otherwise inconclusive,
10.1007/s10238-022-00871-8,inconclusive,Conservative projection from reconciled primary between-group results; otherwise inconclusive,
10.1007/s10405-024-00562-z,inconclusive,Conservative projection from reconciled primary between-group results; otherwise inconclusive,
10.1007/s11055-022-01307-2,inconclusive,Conservative projection from reconciled primary between-group results; otherwise inconclusive,
10.1007/s11606-022-07443-2,inconclusive,Conservative projection from reconciled primary between-group results; otherwise inconclusive,
10.1007/s11356-022-22949-2,inconclusive,Conservative projection from reconciled primary between-group results; otherwise inconclusive,
10.1016/j.ahjo.2022.100105,inconclusive,Conservative projection from reconciled primary between-group results; otherwise inconclusive,
10.1016/j.apmr.2022.01.036,inconclusive,Conservative projection from reconciled primary between-group results; otherwise inconclusive,
10.1016/j.admp.2022.101701,inconclusive,Conservative projection from reconciled primary between-group results; otherwise inconclusive,
10.1016/j.apmr.2022.08.894,inconclusive,Conservative projection from reconciled primary between-group results; otherwise inconclusive,
10.1016/j.arrct.2025.100516,inconclusive,Conservative projection from reconciled primary between-group results; otherwise inconclusive,
10.1016/j.clnesp.2021.08.031,inconclusive,Conservative projection from reconciled primary between-group results; otherwise inconclusive,
10.1016/j.genhosppsych.2023.01.010,inconclusive,Conservative projection from reconciled primary between-group results; otherwise inconclusive,
10.1016/j.eclinm.2025.103681,inconclusive,Conservative projection from reconciled primary between-group results; otherwise inconclusive,
10.1016/j.aprim.2025.103425,inconclusive,Conservative projection from reconciled primary between-group results; otherwise inconclusive,
10.1016/j.jaim.2022.100575,inconclusive,Conservative projection from reconciled primary between-group results; otherwise inconclusive,
10.1016/j.lanepe.2024.101161,inconclusive,Conservative projection from reconciled primary between-group results; otherwise inconclusive,
10.1016/j.rmra.2021.11.192,inconclusive,Conservative projection from reconciled primary between-group results; otherwise inconclusive,
10.1016/j.rmed.2021.106470,inconclusive,Conservative projection from reconciled primary between-group results; otherwise inconclusive,
10.1016/j.rmed.2021.106648,inconclusive,Conservative projection from reconciled primary between-group results; otherwise inconclusive,
10.1016/j.vaccine.2022.05.090,no_difference,Conservative projection from reconciled primary between-group results; otherwise inconclusive,
10.1038/s41380-023-02084-1,inconclusive,Conservative projection from reconciled primary between-group results; otherwise inconclusive,
10.1038/s41541-023-00739-2,inconclusive,Conservative projection from reconciled primary between-group results; otherwise inconclusive,
10.1038/s41541-024-00815-1,inconclusive,Conservative projection from reconciled primary between-group results; otherwise inconclusive,
10.1038/s41598-023-35991-y,inconclusive,Conservative projection from reconciled primary between-group results; otherwise inconclusive,
10.1038/s43856-025-00829-3,inconclusive,Conservative projection from reconciled primary between-group results; otherwise inconclusive,
10.1055/a-1866-6092,inconclusive,Conservative projection from reconciled primary between-group results; otherwise inconclusive,
10.1080/07853890.2025.2600139,inconclusive,Conservative projection from reconciled primary between-group results; otherwise inconclusive,
10.1038/s41598-025-11539-0,inconclusive,Conservative projection from reconciled primary between-group results; otherwise inconclusive,
10.1080/17476348.2025.2516801,inconclusive,Conservative projection from reconciled primary between-group results; otherwise inconclusive,
10.1080/09638288.2022.2032408,inconclusive,Conservative projection from reconciled primary between-group results; otherwise inconclusive,
10.1055/a-2134-2142,inconclusive,Conservative projection from reconciled primary between-group results; otherwise inconclusive,
10.1080/19490976.2022.2128603,inconclusive,Conservative projection from reconciled primary between-group results; otherwise inconclusive,
10.1080/21641846.2023.2222199,inconclusive,Conservative projection from reconciled primary between-group results; otherwise inconclusive,
10.1080/21641846.2025.2455876,inconclusive,Conservative projection from reconciled primary between-group results; otherwise inconclusive,
10.1093/eurheartj/suac012.294,inconclusive,Conservative projection from reconciled primary between-group results; otherwise inconclusive,
10.1093/eurjpc/zwae175.212,inconclusive,Conservative projection from reconciled primary between-group results; otherwise inconclusive,
10.1093/ckj/sfae164,inconclusive,Conservative projection from reconciled primary between-group results; otherwise inconclusive,
10.1093/geroni/igad104.3433,inconclusive,Conservative projection from reconciled primary between-group results; otherwise inconclusive,
10.1093/ofid/ofab466.1383,inconclusive,Conservative projection from reconciled primary between-group results; otherwise inconclusive,
10.1097/hcr.0000000000000813,inconclusive,Conservative projection from reconciled primary between-group results; otherwise inconclusive,
10.1097/hcr.0000000000000997,inconclusive,Conservative projection from reconciled primary between-group results; otherwise inconclusive,
10.1097/md.0000000000046375,inconclusive,Conservative projection from reconciled primary between-group results; otherwise inconclusive,
10.1097/phm.0000000000002433,inconclusive,Conservative projection from reconciled primary between-group results; otherwise inconclusive,
10.1097/phm.0000000000001885,favors_control,Conservative projection from reconciled primary between-group results; otherwise inconclusive,
10.1097/phm.0000000000002089,inconclusive,Conservative projection from reconciled primary between-group results; otherwise inconclusive,
10.1097/md.0000000000042275,inconclusive,Conservative projection from reconciled primary between-group results; otherwise inconclusive,
10.1101/2021.03.11.21253225,inconclusive,Conservative projection from reconciled primary between-group results; otherwise inconclusive,
10.1097/yic.0000000000000537,inconclusive,Conservative projection from reconciled primary between-group results; otherwise inconclusive,
10.1101/2022.06.29.22277054,inconclusive,Conservative projection from reconciled primary between-group results; otherwise inconclusive,
10.1101/2022.12.02.22282982,inconclusive,Conservative projection from reconciled primary between-group results; otherwise inconclusive,
10.1101/2024.09.02.24312948,inconclusive,Conservative projection from reconciled primary between-group results; otherwise inconclusive,
10.1101/2024.07.15.24310151,inconclusive,Conservative projection from reconciled primary between-group results; otherwise inconclusive,
10.1101/2025.01.24.25321092,no_difference,Conservative projection from reconciled primary between-group results; otherwise inconclusive,
10.1101/2025.11.11.25340028,inconclusive,Conservative projection from reconciled primary between-group results; otherwise inconclusive,
10.1111/hex.70517,inconclusive,Conservative projection from reconciled primary between-group results; otherwise inconclusive,
10.1111/cpr.13450,inconclusive,Conservative projection from reconciled primary between-group results; otherwise inconclusive,
10.11336/jjcrs.14.10,inconclusive,Conservative projection from reconciled primary between-group results; otherwise inconclusive,
10.1136/bmjopen-2024-088538,inconclusive,Conservative projection from reconciled primary between-group results; otherwise inconclusive,
10.1136/bmjresp-2022-001237,inconclusive,Conservative projection from reconciled primary between-group results; otherwise inconclusive,
10.1136/bmjresp-2025-003224,inconclusive,Conservative projection from reconciled primary between-group results; otherwise inconclusive,
10.1136/thorax-2022-btsabstracts.361,inconclusive,Conservative projection from reconciled primary between-group results; otherwise inconclusive,
10.1136/rmdopen-2023-003061,inconclusive,Conservative projection from reconciled primary between-group results; otherwise inconclusive,
10.1159/000522118,inconclusive,Conservative projection from reconciled primary between-group results; otherwise inconclusive,
10.1164/ajrccm.2025.211.abstracts.a3185,inconclusive,Conservative projection from reconciled primary between-group results; otherwise inconclusive,
10.1136/jim-2021-002051,inconclusive,Conservative projection from reconciled primary between-group results; otherwise inconclusive,
10.1159/000540297,inconclusive,Conservative projection from reconciled primary between-group results; otherwise inconclusive,
10.1177/21501327211010994,inconclusive,Conservative projection from reconciled primary between-group results; otherwise inconclusive,
10.1177/03000605221148435,inconclusive,Conservative projection from reconciled primary between-group results; otherwise inconclusive,
10.1177/21649561211070483,inconclusive,Conservative projection from reconciled primary between-group results; otherwise inconclusive,
10.1177/20503121241301894,inconclusive,Conservative projection from reconciled primary between-group results; otherwise inconclusive,
10.1177/27536130231174236,inconclusive,Conservative projection from reconciled primary between-group results; otherwise inconclusive,
10.1159/000549848,inconclusive,Conservative projection from reconciled primary between-group results; otherwise inconclusive,
10.1183/23120541.00577-2021,inconclusive,Conservative projection from reconciled primary between-group results; otherwise inconclusive,
10.1183/23120541.00214-2024,favors_treatment,Conservative projection from reconciled primary between-group results; otherwise inconclusive,
10.1186/s12889-024-19951-3,inconclusive,Conservative projection from reconciled primary between-group results; otherwise inconclusive,
10.1186/s12879-025-10984-6,inconclusive,Conservative projection from reconciled primary between-group results; otherwise inconclusive,
10.1186/s12890-024-03047-0,inconclusive,Conservative projection from reconciled primary between-group results; otherwise inconclusive,
10.1186/s12890-024-02937-7,inconclusive,Conservative projection from reconciled primary between-group results; otherwise inconclusive,
10.1186/s12967-023-04229-w,inconclusive,Conservative projection from reconciled primary between-group results; otherwise inconclusive,
10.1186/s12916-024-03658-8,inconclusive,Conservative projection from reconciled primary between-group results; otherwise inconclusive,
10.1186/s12995-024-00443-4,inconclusive,Conservative projection from reconciled primary between-group results; otherwise inconclusive,
10.1186/s13052-025-01961-5,inconclusive,Conservative projection from reconciled primary between-group results; otherwise inconclusive,
10.1186/s13020-022-00654-z,inconclusive,Conservative projection from reconciled primary between-group results; otherwise inconclusive,
10.1186/s13293-024-00609-z,inconclusive,Conservative projection from reconciled primary between-group results; otherwise inconclusive,
10.1186/s41479-023-00123-7,no_difference,Conservative projection from reconciled primary between-group results; otherwise inconclusive,
10.1186/s43166-023-00227-4,inconclusive,Conservative projection from reconciled primary between-group results; otherwise inconclusive,
10.12680/balneo.2025.868,inconclusive,Conservative projection from reconciled primary between-group results; otherwise inconclusive,
10.1371/journal.pone.0275274,inconclusive,Conservative projection from reconciled primary between-group results; otherwise inconclusive,
10.1371/journal.pone.0300826,inconclusive,Conservative projection from reconciled primary between-group results; otherwise inconclusive,
10.1371/journal.pone.0330938,inconclusive,Conservative projection from reconciled primary between-group results; otherwise inconclusive,
10.14309/ajg.0000000000002562,inconclusive,Conservative projection from reconciled primary between-group results; otherwise inconclusive,
10.15829/1560-4071-2023-5630,inconclusive,Conservative projection from reconciled primary between-group results; otherwise inconclusive,
10.14814/phy2.15931,inconclusive,Conservative projection from reconciled primary between-group results; otherwise inconclusive,
10.17219/dmp/179008,inconclusive,Conservative projection from reconciled primary between-group results; otherwise inconclusive,
10.17159/2078-516x/2024/v36i1a18872,no_difference,Conservative projection from reconciled primary between-group results; otherwise inconclusive,
10.20344/amp.19382,inconclusive,Conservative projection from reconciled primary between-group results; otherwise inconclusive,
10.20953/1817-7646-2023-4-34-42,inconclusive,Conservative projection from reconciled primary between-group results; otherwise inconclusive,
10.20953/1817-7646-2024-2-7-14,inconclusive,Conservative projection from reconciled primary between-group results; otherwise inconclusive,
10.21037/jtd-2025-689,favors_treatment,Conservative projection from reconciled primary between-group results; otherwise inconclusive,
10.2147/jmdh.s530582,inconclusive,Conservative projection from reconciled primary between-group results; otherwise inconclusive,
10.2147/jmdh.s562296,inconclusive,Conservative projection from reconciled primary between-group results; otherwise inconclusive,
10.21518/ms2023-014,inconclusive,Conservative projection from reconciled primary between-group results; otherwise inconclusive,
10.2174/0118742106419861250926015326,inconclusive,Conservative projection from reconciled primary between-group results; otherwise inconclusive,
10.2196/53821,inconclusive,Conservative projection from reconciled primary between-group results; otherwise inconclusive,
10.2196/39883,inconclusive,Conservative projection from reconciled primary between-group results; otherwise inconclusive,
10.22141/2224-0721.20.8.2024.1462,inconclusive,Conservative projection from reconciled primary between-group results; otherwise inconclusive,
10.22034/jchr.2022.690506,inconclusive,Conservative projection from reconciled primary between-group results; otherwise inconclusive,
10.2340/jrm.v54.3415,inconclusive,Conservative projection from reconciled primary between-group results; otherwise inconclusive,
10.2340/jrm.v55.12437,inconclusive,Conservative projection from reconciled primary between-group results; otherwise inconclusive,
10.24884/1682-6655-2021-20-4-101-105,inconclusive,Conservative projection from reconciled primary between-group results; otherwise inconclusive,
10.2478/sjph-2024-0017,inconclusive,Conservative projection from reconciled primary between-group results; otherwise inconclusive,
10.23736/s1973-9087.24.08207-8,inconclusive,Conservative projection from reconciled primary between-group results; otherwise inconclusive,
10.25005/2074-0581-2024-26-1-10-17,inconclusive,Conservative projection from reconciled primary between-group results; otherwise inconclusive,
10.25077/jwa.29.2.94-100.2022,inconclusive,Conservative projection from reconciled primary between-group results; otherwise inconclusive,
10.24884/1682-6655-2024-23-2-38-43,inconclusive,Conservative projection from reconciled primary between-group results; otherwise inconclusive,
10.26355/eurrev_202112_27335,inconclusive,Conservative projection from reconciled primary between-group results; otherwise inconclusive,
10.26442/00403660.2023.03.202072,inconclusive,Conservative projection from reconciled primary between-group results; otherwise inconclusive,
10.26442/20751753.2025.3.203073,inconclusive,Conservative projection from reconciled primary between-group results; otherwise inconclusive,
10.29296/25877305-2023-07-17,mixed,Conservative projection from reconciled primary between-group results; otherwise inconclusive,
10.29121/granthaalayah.v13.i5.2025.6166,inconclusive,Conservative projection from reconciled primary between-group results; otherwise inconclusive,
10.26444/aaem/177238,inconclusive,Conservative projection from reconciled primary between-group results; otherwise inconclusive,
10.31146/1682-8658-ecg-207-11-5-16,inconclusive,Conservative projection from reconciled primary between-group results; otherwise inconclusive,
10.31083/fbs28262,no_difference,Conservative projection from reconciled primary between-group results; otherwise inconclusive,
10.31146/1682-8658-ecg-220-12-140-147,inconclusive,Conservative projection from reconciled primary between-group results; otherwise inconclusive,
10.31215/2306-4927-2023-31-2-39-43,inconclusive,Conservative projection from reconciled primary between-group results; otherwise inconclusive,
10.31215/2306-4927-2023-31-2-24-28,inconclusive,Conservative projection from reconciled primary between-group results; otherwise inconclusive,
10.31089/1026-9428-2024-64-10-674-680,inconclusive,Conservative projection from reconciled primary between-group results; otherwise inconclusive,
10.3329/bjms.v24i1.78729,inconclusive,Conservative projection from reconciled primary between-group results; otherwise inconclusive,
10.32687/1561-5936-2022-26-4-303-307,inconclusive,Conservative projection from reconciled primary between-group results; otherwise inconclusive,
10.3233/nre-230212,inconclusive,Conservative projection from reconciled primary between-group results; otherwise inconclusive,
10.33545/26648504.2024.v6.i1a.24,inconclusive,Conservative projection from reconciled primary between-group results; otherwise inconclusive,
10.33667/2078-5631-2023-26-7-12,inconclusive,Conservative projection from reconciled primary between-group results; otherwise inconclusive,
10.3389/fendo.2023.1192561,favors_control,Conservative projection from reconciled primary between-group results; otherwise inconclusive,
10.3389/fcvm.2025.1560243,mixed,Conservative projection from reconciled primary between-group results; otherwise inconclusive,
10.3389/fmed.2022.1083264,inconclusive,Conservative projection from reconciled primary between-group results; otherwise inconclusive,
10.3389/fmed.2025.1621948,inconclusive,Conservative projection from reconciled primary between-group results; otherwise inconclusive,
10.3389/fmed.2025.1609812,inconclusive,Conservative projection from reconciled primary between-group results; otherwise inconclusive,
10.3389/fmed.2026.1711031,no_difference,Conservative projection from reconciled primary between-group results; otherwise inconclusive,
10.3389/fmed.2026.1720578,inconclusive,Conservative projection from reconciled primary between-group results; otherwise inconclusive,
10.18786/2072-0505-2023-51-047,inconclusive,Conservative projection from reconciled primary between-group results; otherwise inconclusive,
10.1093/ofid/ofaf695.1788,inconclusive,Conservative projection from reconciled primary between-group results; otherwise inconclusive,
10.3389/fphar.2024.1394810,inconclusive,Conservative projection from reconciled primary between-group results; otherwise inconclusive,
10.3389/fneur.2024.1486751,inconclusive,Conservative projection from reconciled primary between-group results; otherwise inconclusive,
10.3389/fpsyt.2025.1460097,inconclusive,Conservative projection from reconciled primary between-group results; otherwise inconclusive,
10.3389/fresc.2024.1411344,inconclusive,Conservative projection from reconciled primary between-group results; otherwise inconclusive,
10.3389/fresc.2022.1093871,inconclusive,Conservative projection from reconciled primary between-group results; otherwise inconclusive,
10.3390/biology11071084,inconclusive,Conservative projection from reconciled primary between-group results; otherwise inconclusive,
10.3390/biomedicines12112493,inconclusive,Conservative projection from reconciled primary between-group results; otherwise inconclusive,
10.3390/biomedicines11123312,inconclusive,Conservative projection from reconciled primary between-group results; otherwise inconclusive,
10.3390/brainsci13050791,inconclusive,Conservative projection from reconciled primary between-group results; otherwise inconclusive,
10.3390/brainsci14030293,inconclusive,Conservative projection from reconciled primary between-group results; otherwise inconclusive,
10.3390/children11010105,inconclusive,Conservative projection from reconciled primary between-group results; otherwise inconclusive,
10.3390/covid3090091,inconclusive,Conservative projection from reconciled primary between-group results; otherwise inconclusive,
10.3390/children10020316,inconclusive,Conservative projection from reconciled primary between-group results; otherwise inconclusive,
10.3390/diagnostics13050882,inconclusive,Conservative projection from reconciled primary between-group results; otherwise inconclusive,
10.3390/healthcare11101477,inconclusive,Conservative projection from reconciled primary between-group results; otherwise inconclusive,
10.3390/healthcare13020196,inconclusive,Conservative projection from reconciled primary between-group results; otherwise inconclusive,
10.3390/healthcare12232344,inconclusive,Conservative projection from reconciled primary between-group results; otherwise inconclusive,
10.3390/ijerph20105907,inconclusive,Conservative projection from reconciled primary between-group results; otherwise inconclusive,
10.3390/healthcare11182561,inconclusive,Conservative projection from reconciled primary between-group results; otherwise inconclusive,
10.3390/ijerph21070958,inconclusive,Conservative projection from reconciled primary between-group results; otherwise inconclusive,
10.3390/jcm12030741,inconclusive,Conservative projection from reconciled primary between-group results; otherwise inconclusive,
10.3390/jcm10235623,inconclusive,Conservative projection from reconciled primary between-group results; otherwise inconclusive,
10.3390/jcm12196428,inconclusive,Conservative projection from reconciled primary between-group results; otherwise inconclusive,
10.3390/jcm13040938,inconclusive,Conservative projection from reconciled primary between-group results; otherwise inconclusive,
10.3390/jcm12134390,inconclusive,Conservative projection from reconciled primary between-group results; otherwise inconclusive,
10.3390/jcm13164694,inconclusive,Conservative projection from reconciled primary between-group results; otherwise inconclusive,
10.3390/jcm13154444,inconclusive,Conservative projection from reconciled primary between-group results; otherwise inconclusive,
10.3390/jcm13133988,inconclusive,Conservative projection from reconciled primary between-group results; otherwise inconclusive,
10.3390/jcm13185563,inconclusive,Conservative projection from reconciled primary between-group results; otherwise inconclusive,
10.3390/jcm13195817,inconclusive,Conservative projection from reconciled primary between-group results; otherwise inconclusive,
10.3390/jcm14010097,inconclusive,Conservative projection from reconciled primary between-group results; otherwise inconclusive,
10.3390/jcm14051590,inconclusive,Conservative projection from reconciled primary between-group results; otherwise inconclusive,
10.3390/jcm14165893,inconclusive,Conservative projection from reconciled primary between-group results; otherwise inconclusive,
10.3390/jcm14196861,inconclusive,Conservative projection from reconciled primary between-group results; otherwise inconclusive,
10.3390/jcm14207223,inconclusive,Conservative projection from reconciled primary between-group results; otherwise inconclusive,
10.3390/life14111514,inconclusive,Conservative projection from reconciled primary between-group results; otherwise inconclusive,
10.3390/medicina58060730,inconclusive,Conservative projection from reconciled primary between-group results; otherwise inconclusive,
10.3390/microorganisms9122452,favors_treatment,Conservative projection from reconciled primary between-group results; otherwise inconclusive,
10.3390/nu13113964,favors_control,Conservative projection from reconciled primary between-group results; otherwise inconclusive,
10.3390/nu14153027,inconclusive,Conservative projection from reconciled primary between-group results; otherwise inconclusive,
10.3390/nu15173701,inconclusive,Conservative projection from reconciled primary between-group results; otherwise inconclusive,
10.3390/pharmacy11020061,inconclusive,Conservative projection from reconciled primary between-group results; otherwise inconclusive,
10.3390/medicina61091686,inconclusive,Conservative projection from reconciled primary between-group results; otherwise inconclusive,
10.3390/v18020197,no_difference,Conservative projection from reconciled primary between-group results; otherwise inconclusive,
10.36017/jahc202461273,inconclusive,Conservative projection from reconciled primary between-group results; otherwise inconclusive,
10.36425/rehab159376,favors_control,Conservative projection from reconciled primary between-group results; otherwise inconclusive,
10.36422/23076348-2021-9-3-82-88,inconclusive,Conservative projection from reconciled primary between-group results; otherwise inconclusive,
10.36141/svdld.v40i4.15055,inconclusive,Conservative projection from reconciled primary between-group results; otherwise inconclusive,
10.3897/pharmacia.72.e166766,inconclusive,Conservative projection from reconciled primary between-group results; otherwise inconclusive,
10.36740/abal202304102,inconclusive,Conservative projection from reconciled primary between-group results; otherwise inconclusive,
10.4068/cmj.2024.60.3.166,inconclusive,Conservative projection from reconciled primary between-group results; otherwise inconclusive,
10.4081/ejtm.2023.11063,mixed,Conservative projection from reconciled primary between-group results; otherwise inconclusive,
10.38025/2078-1962-2024-23-5-41-51,inconclusive,Conservative projection from reconciled primary between-group results; otherwise inconclusive,
10.4081/monaldi.2021.1843,inconclusive,Conservative projection from reconciled primary between-group results; otherwise inconclusive,
10.4081/monaldi.2023.2738,no_difference,Conservative projection from reconciled primary between-group results; otherwise inconclusive,
10.4081/monaldi.2021.1981,inconclusive,Conservative projection from reconciled primary between-group results; otherwise inconclusive,
10.4081/monaldi.2025.3301,inconclusive,Conservative projection from reconciled primary between-group results; otherwise inconclusive,
10.4103/singaporemedj.smj-2023-281,inconclusive,Conservative projection from reconciled primary between-group results; otherwise inconclusive,
10.4103/jfmpc.jfmpc_903_22,inconclusive,Conservative projection from reconciled primary between-group results; otherwise inconclusive,
10.4103/tcmj.tcmj_154_24,inconclusive,Conservative projection from reconciled primary between-group results; otherwise inconclusive,
10.47210/bjohns.2022.v30i2.753,inconclusive,Conservative projection from reconciled primary between-group results; otherwise inconclusive,
10.4187/respcare.11863,inconclusive,Conservative projection from reconciled primary between-group results; otherwise inconclusive,
10.51737/2766-5003.2021.021,inconclusive,Conservative projection from reconciled primary between-group results; otherwise inconclusive,
10.5233/yw1m3374,inconclusive,Conservative projection from reconciled primary between-group results; otherwise inconclusive,
10.52225/narra.v3i2.183,inconclusive,Conservative projection from reconciled primary between-group results; otherwise inconclusive,
10.5339/qmj.2024.45,inconclusive,Conservative projection from reconciled primary between-group results; otherwise inconclusive,
10.5339/qmj.2025.6,favors_control,Conservative projection from reconciled primary between-group results; otherwise inconclusive,
10.54033/cadpedv21n6-080,inconclusive,Conservative projection from reconciled primary between-group results; otherwise inconclusive,
10.56726/irjmets49482,inconclusive,Conservative projection from reconciled primary between-group results; otherwise inconclusive,
10.7416/ai.2024.2617,inconclusive,Conservative projection from reconciled primary between-group results; otherwise inconclusive,
10.7717/peerj.18705,no_difference,Conservative projection from reconciled primary between-group results; otherwise inconclusive,
10.7759/cureus.33991,inconclusive,Conservative projection from reconciled primary between-group results; otherwise inconclusive,
10.7759/cureus.31281,inconclusive,Conservative projection from reconciled primary between-group results; otherwise inconclusive,
10.7759/cureus.45161,inconclusive,Conservative projection from reconciled primary between-group results; otherwise inconclusive,
10.7759/cureus.54925,inconclusive,Conservative projection from reconciled primary between-group results; otherwise inconclusive,
10.7759/cureus.51543,inconclusive,Conservative projection from reconciled primary between-group results; otherwise inconclusive,
10.7759/cureus.87374,mixed,Conservative projection from reconciled primary between-group results; otherwise inconclusive,
10.7759/cureus.88680,inconclusive,Conservative projection from reconciled primary between-group results; otherwise inconclusive,
10.1016/j.amjms.2025.12.780,inconclusive,Conservative projection from reconciled primary between-group results; otherwise inconclusive,
10.1016/j.jpsychores.2024.111902,inconclusive,Conservative projection from reconciled primary between-group results; otherwise inconclusive,
10.1016/j.ctmp.2024.200175,inconclusive,Conservative projection from reconciled primary between-group results; otherwise inconclusive,
10.1016/j.jpsychores.2024.112021,inconclusive,Conservative projection from reconciled primary between-group results; otherwise inconclusive,
10.1016/j.jpsychores.2024.112023,inconclusive,Conservative projection from reconciled primary between-group results; otherwise inconclusive,
10.1001/jamanetworkopen.2024.4386,inconclusive,Conservative projection from reconciled primary between-group results; otherwise inconclusive,
10.1002/jbio.202300003,inconclusive,Conservative projection from reconciled primary between-group results; otherwise inconclusive,
10.1002/hsr2.71367,inconclusive,Conservative projection from reconciled primary between-group results; otherwise inconclusive,
10.1002/jbio.202200391,inconclusive,Conservative projection from reconciled primary between-group results; otherwise inconclusive,
10.1002/jmv.28373,inconclusive,Conservative projection from reconciled primary between-group results; otherwise inconclusive,
10.1002/pcn5.238,inconclusive,Conservative projection from reconciled primary between-group results; otherwise inconclusive,
10.1016/j.apmr.2022.12.184,inconclusive,Conservative projection from reconciled primary between-group results; otherwise inconclusive,
10.1007/s00115-024-01732-3,inconclusive,Conservative projection from reconciled primary between-group results; otherwise inconclusive,
10.1002/pri.1972,inconclusive,Conservative projection from reconciled primary between-group results; otherwise inconclusive,
10.1016/j.bbih.2022.100485,inconclusive,Conservative projection from reconciled primary between-group results; otherwise inconclusive,
10.1016/j.brs.2023.01.232,inconclusive,Conservative projection from reconciled primary between-group results; otherwise inconclusive,
10.1016/j.bbih.2024.100733,inconclusive,Conservative projection from reconciled primary between-group results; otherwise inconclusive,
10.1016/j.bbih.2025.100963,no_difference,Conservative projection from reconciled primary between-group results; otherwise inconclusive,
10.1016/j.heliyon.2024.e29261,inconclusive,Conservative projection from reconciled primary between-group results; otherwise inconclusive,
10.1016/j.clnesp.2022.08.029,inconclusive,Conservative projection from reconciled primary between-group results; otherwise inconclusive,
10.1016/j.ensci.2024.100537,inconclusive,Conservative projection from reconciled primary between-group results; otherwise inconclusive,
10.1017/s0033291723002921,inconclusive,Conservative projection from reconciled primary between-group results; otherwise inconclusive,
10.1016/j.rmed.2023.107362,inconclusive,Conservative projection from reconciled primary between-group results; otherwise inconclusive,
10.1016/j.mayocpiqo.2023.05.002,inconclusive,Conservative projection from reconciled primary between-group results; otherwise inconclusive,
10.1038/s41598-023-45072-9,inconclusive,Conservative projection from reconciled primary between-group results; otherwise inconclusive,
10.1038/s41598-025-23760-y,inconclusive,Conservative projection from reconciled primary between-group results; otherwise inconclusive,
10.1038/s41598-024-71055-5,inconclusive,Conservative projection from reconciled primary between-group results; otherwise inconclusive,
10.1080/09638288.2022.2111467,inconclusive,Conservative projection from reconciled primary between-group results; otherwise inconclusive,
10.1093/geroni/igaf122.4338,inconclusive,Conservative projection from reconciled primary between-group results; otherwise inconclusive,
10.1093/eurheartj/ehad655.2904,inconclusive,Conservative projection from reconciled primary between-group results; otherwise inconclusive,
10.1093/sleep/zsaf090.1410,inconclusive,Conservative projection from reconciled primary between-group results; otherwise inconclusive,
10.1101/2022.09.28.22280467,inconclusive,Conservative projection from reconciled primary between-group results; otherwise inconclusive,
10.1101/2023.09.09.23295208,inconclusive,Conservative projection from reconciled primary between-group results; otherwise inconclusive,
10.1101/2022.10.10.22280907,no_difference,Conservative projection from reconciled primary between-group results; otherwise inconclusive,
10.1101/2022.10.07.22280732,inconclusive,Conservative projection from reconciled primary between-group results; otherwise inconclusive,
10.1101/2024.07.04.24309908,inconclusive,Conservative projection from reconciled primary between-group results; otherwise inconclusive,
10.1111/bcp.15988,inconclusive,Conservative projection from reconciled primary between-group results; otherwise inconclusive,
10.1016/j.heliyon.2024.e37920,inconclusive,Conservative projection from reconciled primary between-group results; otherwise inconclusive,
10.1101/2024.12.13.24318856,inconclusive,Conservative projection from reconciled primary between-group results; otherwise inconclusive,
10.1111/pcn.13716,mixed,Conservative projection from reconciled primary between-group results; otherwise inconclusive,
10.1136/bmjopen-2023-083224,no_difference,Conservative projection from reconciled primary between-group results; otherwise inconclusive,
10.1177/20552076241234432,inconclusive,Conservative projection from reconciled primary between-group results; otherwise inconclusive,
10.11606/issn.2317-0190.v31i3a225573,no_difference,Conservative projection from reconciled primary between-group results; otherwise inconclusive,
10.1111/cts.13826,inconclusive,Conservative projection from reconciled primary between-group results; otherwise inconclusive,
10.1186/s12916-023-03237-3,inconclusive,Conservative projection from reconciled primary between-group results; otherwise inconclusive,
10.1177/27536351241227261,inconclusive,Conservative projection from reconciled primary between-group results; otherwise inconclusive,
10.1186/s12890-024-02965-3,inconclusive,Conservative projection from reconciled primary between-group results; otherwise inconclusive,
10.1177/21501319251325639,inconclusive,Conservative projection from reconciled primary between-group results; otherwise inconclusive,
10.1186/s13287-023-03522-1,inconclusive,Conservative projection from reconciled primary between-group results; otherwise inconclusive,
10.1212/nxi.0000000000200296,inconclusive,Conservative projection from reconciled primary between-group results; otherwise inconclusive,
10.12659/msm.950105,inconclusive,Conservative projection from reconciled primary between-group results; otherwise inconclusive,
10.12688/f1000research.126301.1,inconclusive,Conservative projection from reconciled primary between-group results; otherwise inconclusive,
10.12996/gmj.2023.78,inconclusive,Conservative projection from reconciled primary between-group results; otherwise inconclusive,
10.14218/fim.2024.00043,inconclusive,Conservative projection from reconciled primary between-group results; otherwise inconclusive,
10.17294/2330-0698.2128,inconclusive,Conservative projection from reconciled primary between-group results; otherwise inconclusive,
10.18370/2309-4117.2023.68.44-47,inconclusive,Conservative projection from reconciled primary between-group results; otherwise inconclusive,
10.14412/2074-2711-2021-4-88-93,inconclusive,Conservative projection from reconciled primary between-group results; otherwise inconclusive,
10.21518/2079-701x-2022-16-18-95-99,inconclusive,Conservative projection from reconciled primary between-group results; otherwise inconclusive,
10.21518/2079-701x-2022-16-2-76-84,inconclusive,Conservative projection from reconciled primary between-group results; otherwise inconclusive,
10.21886/2308-6424-2022-10-4-32-42,inconclusive,Conservative projection from reconciled primary between-group results; otherwise inconclusive,
10.21760/jaims.9.11.8,inconclusive,Conservative projection from reconciled primary between-group results; otherwise inconclusive,
10.22605/rrh8757,inconclusive,Conservative projection from reconciled primary between-group results; otherwise inconclusive,
10.2340/jrm-cc.v7.24581,inconclusive,Conservative projection from reconciled primary between-group results; otherwise inconclusive,
10.25040/ntsh2024.01.17,inconclusive,Conservative projection from reconciled primary between-group results; otherwise inconclusive,
10.26502/acbr.50170337,inconclusive,Conservative projection from reconciled primary between-group results; otherwise inconclusive,
10.26574/maedica.2025.20.1.48,inconclusive,Conservative projection from reconciled primary between-group results; otherwise inconclusive,
10.26717/bjstr.2022.47.007512,inconclusive,Conservative projection from reconciled primary between-group results; otherwise inconclusive,
10.32382/fis.v15i1.54,inconclusive,Conservative projection from reconciled primary between-group results; otherwise inconclusive,
10.29011/2577-1515.100182,inconclusive,Conservative projection from reconciled primary between-group results; otherwise inconclusive,
10.29390/cjrt-2021-074,inconclusive,Conservative projection from reconciled primary between-group results; otherwise inconclusive,
10.29407/js_unpgri.v9i1.19575,no_difference,Conservative projection from reconciled primary between-group results; otherwise inconclusive,
10.31893/health.2026001,inconclusive,Conservative projection from reconciled primary between-group results; otherwise inconclusive,
10.3389/fmed.2023.1149922,inconclusive,Conservative projection from reconciled primary between-group results; otherwise inconclusive,
10.3389/fdgth.2025.1504217,inconclusive,Conservative projection from reconciled primary between-group results; otherwise inconclusive,
10.3389/fneur.2024.1393371,inconclusive,Conservative projection from reconciled primary between-group results; otherwise inconclusive,
10.3389/fnins.2025.1637838,inconclusive,Conservative projection from reconciled primary between-group results; otherwise inconclusive,
10.3389/fnut.2022.1034169,inconclusive,Conservative projection from reconciled primary between-group results; otherwise inconclusive,
10.3389/fmed.2025.1649667,inconclusive,Conservative projection from reconciled primary between-group results; otherwise inconclusive,
10.3389/fpsyg.2024.1436691,inconclusive,Conservative projection from reconciled primary between-group results; otherwise inconclusive,
10.3390/biomedicines12102254,inconclusive,Conservative projection from reconciled primary between-group results; otherwise inconclusive,
10.3390/biomedicines11113092,inconclusive,Conservative projection from reconciled primary between-group results; otherwise inconclusive,
10.3390/biomedicines12112445,inconclusive,Conservative projection from reconciled primary between-group results; otherwise inconclusive,
10.3390/biomedicines9111540,inconclusive,Conservative projection from reconciled primary between-group results; otherwise inconclusive,
10.3390/ijerph18083978,inconclusive,Conservative projection from reconciled primary between-group results; otherwise inconclusive,
10.3389/fpubh.2022.945988,no_difference,Conservative projection from reconciled primary between-group results; otherwise inconclusive,
10.3390/ijerph19159566,inconclusive,Conservative projection from reconciled primary between-group results; otherwise inconclusive,
10.3390/ijerph20043100,inconclusive,Conservative projection from reconciled primary between-group results; otherwise inconclusive,
10.3390/ijerph192214899,inconclusive,Conservative projection from reconciled primary between-group results; otherwise inconclusive,
10.3390/ijms26104582,favors_control,Conservative projection from reconciled primary between-group results; otherwise inconclusive,
10.3390/jcm12010308,inconclusive,Conservative projection from reconciled primary between-group results; otherwise inconclusive,
10.3390/jcm13185542,inconclusive,Conservative projection from reconciled primary between-group results; otherwise inconclusive,
10.3390/jcm14041391,inconclusive,Conservative projection from reconciled primary between-group results; otherwise inconclusive,
10.3390/jcm12196253,no_difference,Conservative projection from reconciled primary between-group results; otherwise inconclusive,
10.3390/jcm13061543,inconclusive,Conservative projection from reconciled primary between-group results; otherwise inconclusive,
10.3390/jcm14113802,inconclusive,Conservative projection from reconciled primary between-group results; otherwise inconclusive,
10.3390/jpm15060217,inconclusive,Conservative projection from reconciled primary between-group results; otherwise inconclusive,
10.3390/jcm13185590,inconclusive,Conservative projection from reconciled primary between-group results; otherwise inconclusive,
10.3390/jcm14134533,inconclusive,Conservative projection from reconciled primary between-group results; otherwise inconclusive,
10.3390/life14070864,inconclusive,Conservative projection from reconciled primary between-group results; otherwise inconclusive,
10.3390/life14111518,no_difference,Conservative projection from reconciled primary between-group results; otherwise inconclusive,
10.3390/medicina59071211,inconclusive,Conservative projection from reconciled primary between-group results; otherwise inconclusive,
10.35339/ic.11.3.kov,inconclusive,Conservative projection from reconciled primary between-group results; otherwise inconclusive,
10.3390/s23167238,inconclusive,Conservative projection from reconciled primary between-group results; otherwise inconclusive,
10.3390/ph15010043,inconclusive,Conservative projection from reconciled primary between-group results; otherwise inconclusive,
10.36074/grail-of-science.17.03.2023.074,inconclusive,Conservative projection from reconciled primary between-group results; otherwise inconclusive,
10.3390/ph16040537,inconclusive,Conservative projection from reconciled primary between-group results; otherwise inconclusive,
10.46235/1028-7221-13492-atc,inconclusive,Conservative projection from reconciled primary between-group results; otherwise inconclusive,
10.4103/jfmpc.jfmpc_1177_23,inconclusive,Conservative projection from reconciled primary between-group results; otherwise inconclusive,
10.46607/iamj09p5022021,inconclusive,Conservative projection from reconciled primary between-group results; otherwise inconclusive,
10.4025/arqmudi.v27iespecial.68175,inconclusive,Conservative projection from reconciled primary between-group results; otherwise inconclusive,
10.47660/cbr.2021.1877,inconclusive,Conservative projection from reconciled primary between-group results; otherwise inconclusive,
10.5114/ada.2024.144522,inconclusive,Conservative projection from reconciled primary between-group results; otherwise inconclusive,
10.53625/jirk.v5i3.11105,inconclusive,Conservative projection from reconciled primary between-group results; otherwise inconclusive,
10.51793/os.2025.28.10.009,inconclusive,Conservative projection from reconciled primary between-group results; otherwise inconclusive,
10.58854/jicm.1223171,inconclusive,Conservative projection from reconciled primary between-group results; otherwise inconclusive,
10.53730/ijhs.v6ns8.12876,inconclusive,Conservative projection from reconciled primary between-group results; otherwise inconclusive,
10.53445/batd.1277497,inconclusive,Conservative projection from reconciled primary between-group results; otherwise inconclusive,
10.58727/jshr.111605,no_difference,Conservative projection from reconciled primary between-group results; otherwise inconclusive,
10.61453/intij.202228,inconclusive,Conservative projection from reconciled primary between-group results; otherwise inconclusive,
10.63682/jns.v14i32s.7381,mixed,Conservative projection from reconciled primary between-group results; otherwise inconclusive,
10.64719/pb.4500,inconclusive,Conservative projection from reconciled primary between-group results; otherwise inconclusive,
10.63278/1342,no_difference,Conservative projection from reconciled primary between-group results; otherwise inconclusive,
10.7759/cureus.81530,inconclusive,Conservative projection from reconciled primary between-group results; otherwise inconclusive,
10.1016/j.jocn.2023.09.005,inconclusive,Conservative projection from reconciled primary between-group results; otherwise inconclusive,
10.1016/j.rmed.2025.108503,inconclusive,Conservative projection from reconciled primary between-group results; otherwise inconclusive,
10.1164/ajrccm.2025.211.abstracts.a2913,no_difference,Conservative projection from reconciled primary between-group results; otherwise inconclusive,
10.23937/2469-5718/1510259,no_difference,Conservative projection from reconciled primary between-group results; otherwise inconclusive,
10.1016/j.ymthe.2025.01.007,inconclusive,Conservative projection from reconciled primary between-group results; otherwise inconclusive,
10.5812/archcid-144280,mixed,Conservative projection from reconciled primary between-group results; otherwise inconclusive,
10.1007/s10103-023-03917-9,inconclusive,Conservative projection from reconciled primary between-group results; otherwise inconclusive,
10.1016/j.apmr.2024.04.014,no_difference,Conservative projection from reconciled primary between-group results; otherwise inconclusive,
10.1097/cm9.0000000000003459,inconclusive,Conservative projection from reconciled primary between-group results; otherwise inconclusive,
10.1177/19458924221120116,inconclusive,Conservative projection from reconciled primary between-group results; otherwise inconclusive,
10.1186/s12903-023-02952-w,inconclusive,Conservative projection from reconciled primary between-group results; otherwise inconclusive,
10.15829/1728-8800-2023-3517,inconclusive,Conservative projection from reconciled primary between-group results; otherwise inconclusive,
10.21802/artm.2023.4.28.108,inconclusive,Conservative projection from reconciled primary between-group results; otherwise inconclusive,
10.38109/2225-1685-2023-1-86-92,inconclusive,Conservative projection from reconciled primary between-group results; otherwise inconclusive,
10.48047/13z65272,inconclusive,Conservative projection from reconciled primary between-group results; otherwise inconclusive,
10.2139/ssrn.3932953,inconclusive,Conservative projection from reconciled primary between-group results; otherwise inconclusive,
10.21518/1995-1477-2021-18-2-151-153,inconclusive,Conservative projection from reconciled primary between-group results; otherwise inconclusive,
10.3390/brainsci14010047,inconclusive,Conservative projection from reconciled primary between-group results; otherwise inconclusive,
10.3390/jcm13175091,mixed,Conservative projection from reconciled primary between-group results; otherwise inconclusive,
10.3390/medsci10030037,inconclusive,Conservative projection from reconciled primary between-group results; otherwise inconclusive,
10.3390/neurosci3020021,inconclusive,Conservative projection from reconciled primary between-group results; otherwise inconclusive,
10.1016/j.bbi.2023.09.008,inconclusive,Conservative projection from reconciled primary between-group results; otherwise inconclusive,
10.64898/2025.12.10.25342003,inconclusive,Conservative projection from reconciled primary between-group results; otherwise inconclusive,
10.1007/s00431-026-06840-7,no_difference,Conservative projection from reconciled primary between-group results; otherwise inconclusive,
10.1007/s10571-026-01736-4,inconclusive,Conservative projection from reconciled primary between-group results; otherwise inconclusive,
10.1007/s40120-026-00928-w,inconclusive,Conservative projection from reconciled primary between-group results; otherwise inconclusive,
10.1016/j.ijosm.2026.100830,inconclusive,Conservative projection from reconciled primary between-group results; otherwise inconclusive,
10.1016/j.isci.2025.114574,inconclusive,Conservative projection from reconciled primary between-group results; otherwise inconclusive,
10.1038/s41598-026-41182-2,favors_control,Conservative projection from reconciled primary between-group results; otherwise inconclusive,
10.1038/s41598-026-44806-9,inconclusive,Conservative projection from reconciled primary between-group results; otherwise inconclusive,
10.1038/s41598-026-52301-4,inconclusive,Conservative projection from reconciled primary between-group results; otherwise inconclusive,
10.1038/s43856-026-01486-w,inconclusive,Conservative projection from reconciled primary between-group results; otherwise inconclusive,
10.1038/s41598-026-51787-2,inconclusive,Conservative projection from reconciled primary between-group results; otherwise inconclusive,
10.1136/bmjresp-2026-004177,favors_treatment,Conservative projection from reconciled primary between-group results; otherwise inconclusive,
10.1177/19412711261418482,inconclusive,Conservative projection from reconciled primary between-group results; otherwise inconclusive,
10.1183/23120541.01434-2025,no_difference,Conservative projection from reconciled primary between-group results; otherwise inconclusive,
10.1186/s12962-026-00748-7,inconclusive,Conservative projection from reconciled primary between-group results; otherwise inconclusive,
10.1186/s12890-026-04249-4,inconclusive,Conservative projection from reconciled primary between-group results; otherwise inconclusive,
10.1371/journal.pone.0348275,inconclusive,Conservative projection from reconciled primary between-group results; otherwise inconclusive,
10.14739/mmt.2026.2.342420,inconclusive,Conservative projection from reconciled primary between-group results; otherwise inconclusive,
10.1556/2060.2025.00713,inconclusive,Conservative projection from reconciled primary between-group results; otherwise inconclusive,
10.17267/2238-2704rpf.2025.e6078,inconclusive,Conservative projection from reconciled primary between-group results; otherwise inconclusive,
10.21516/2072-0076-2025-18-4-107-112,inconclusive,Conservative projection from reconciled primary between-group results; otherwise inconclusive,
10.2340/jrm.v58.44926,mixed,Conservative projection from reconciled primary between-group results; otherwise inconclusive,
10.2340/jrm.v58.44931,inconclusive,Conservative projection from reconciled primary between-group results; otherwise inconclusive,
10.26442/00403660.2026.03.203537,inconclusive,Conservative projection from reconciled primary between-group results; otherwise inconclusive,
10.3389/fdgth.2025.1689846,inconclusive,Conservative projection from reconciled primary between-group results; otherwise inconclusive,
10.3389/fnut.2026.1731306,no_difference,Conservative projection from reconciled primary between-group results; otherwise inconclusive,
10.3390/jcm14248786,inconclusive,Conservative projection from reconciled primary between-group results; otherwise inconclusive,
10.3390/jcm15062263,inconclusive,Conservative projection from reconciled primary between-group results; otherwise inconclusive,
10.3390/nu18111706,favors_treatment,Conservative projection from reconciled primary between-group results; otherwise inconclusive,
10.3390/medsci14020222,mixed,Conservative projection from reconciled primary between-group results; otherwise inconclusive,
10.3390/microorganisms14040734,inconclusive,Conservative projection from reconciled primary between-group results; otherwise inconclusive,
10.64898/2026.02.24.26347001,inconclusive,Conservative projection from reconciled primary between-group results; otherwise inconclusive,
10.64898/2026.05.11.26352906,no_difference,Conservative projection from reconciled primary between-group results; otherwise inconclusive,
10.1002/alr.23505,favors_treatment,Conservative projection from reconciled primary between-group results; otherwise inconclusive,
10.1002/lio2.989,inconclusive,Conservative projection from reconciled primary between-group results; otherwise inconclusive,
10.1002/wjo2.183,no_difference,Conservative projection from reconciled primary between-group results; otherwise inconclusive,
10.1016/j.healun.2023.09.012,inconclusive,Conservative projection from reconciled primary between-group results; otherwise inconclusive,
10.1016/j.jinf.2024.106406,inconclusive,Conservative projection from reconciled primary between-group results; otherwise inconclusive,
10.1093/eurheartj/ehae666.2625,inconclusive,Conservative projection from reconciled primary between-group results; otherwise inconclusive,
10.1093/ofid/ofad500.478,inconclusive,Conservative projection from reconciled primary between-group results; otherwise inconclusive,
10.1101/2021.11.17.21263608,inconclusive,Conservative projection from reconciled primary between-group results; otherwise inconclusive,
10.1101/2025.02.14.25322178,inconclusive,Conservative projection from reconciled primary between-group results; otherwise inconclusive,
10.1136/bmj-2021-069676,inconclusive,Conservative projection from reconciled primary between-group results; otherwise inconclusive,
10.1136/bmjmed-2022-000229,inconclusive,Conservative projection from reconciled primary between-group results; otherwise inconclusive,
10.1186/s12879-022-07153-4,inconclusive,Conservative projection from reconciled primary between-group results; otherwise inconclusive,
10.1186/s12879-024-10398-w,favors_treatment,Conservative projection from reconciled primary between-group results; otherwise inconclusive,
10.1371/journal.pone.0296680,favors_control,Conservative projection from reconciled primary between-group results; otherwise inconclusive,
10.14412/2074-2711-2021-1-57-66,inconclusive,Conservative projection from reconciled primary between-group results; otherwise inconclusive,
10.21037/jtd-24-503,inconclusive,Conservative projection from reconciled primary between-group results; otherwise inconclusive,
10.2106/jbjs.oa.22.00060,inconclusive,Conservative projection from reconciled primary between-group results; otherwise inconclusive,
10.20969/vskm.2022.15(5).22-26,inconclusive,Conservative projection from reconciled primary between-group results; otherwise inconclusive,
10.29188/2222-8543-2021-14-3-112-118,inconclusive,Conservative projection from reconciled primary between-group results; otherwise inconclusive,
10.30841/2786-720x.4.2024.320815,inconclusive,Conservative projection from reconciled primary between-group results; otherwise inconclusive,
10.33619/2414-2948/103/30,inconclusive,Conservative projection from reconciled primary between-group results; otherwise inconclusive,
10.3390/biomedicines13092232,favors_control,Conservative projection from reconciled primary between-group results; otherwise inconclusive,
10.3390/biomedicines13112665,inconclusive,Conservative projection from reconciled primary between-group results; otherwise inconclusive,
10.3390/healthcare10030480,inconclusive,Conservative projection from reconciled primary between-group results; otherwise inconclusive,
10.3390/ijms27020832,inconclusive,Conservative projection from reconciled primary between-group results; otherwise inconclusive,
10.3390/jpm13071060,inconclusive,Conservative projection from reconciled primary between-group results; otherwise inconclusive,
10.3390/life13010226,favors_control,Conservative projection from reconciled primary between-group results; otherwise inconclusive,
10.3390/pathogens12060796,inconclusive,Conservative projection from reconciled primary between-group results; otherwise inconclusive,
10.3937/kampomed.73.214,inconclusive,Conservative projection from reconciled primary between-group results; otherwise inconclusive,
10.4103/jfmpc.jfmpc_1221_24,inconclusive,Conservative projection from reconciled primary between-group results; otherwise inconclusive,
10.47363/jmcn/2024(5)193,inconclusive,Conservative projection from reconciled primary between-group results; otherwise inconclusive,
10.52403/ijshr.20230256,inconclusive,Conservative projection from reconciled primary between-group results; otherwise inconclusive,
10.5606/kbbu.2024.88700,inconclusive,Conservative projection from reconciled primary between-group results; otherwise inconclusive,
10.7759/cureus.31009,inconclusive,Conservative projection from reconciled primary between-group results; otherwise inconclusive,
10.7150/ijms.52664,inconclusive,Conservative projection from reconciled primary between-group results; otherwise inconclusive,
10.26442/00403660.2023.11.202488,inconclusive,Conservative projection from reconciled primary between-group results; otherwise inconclusive,
10.3390/nu17010110,inconclusive,Conservative projection from reconciled primary between-group results; otherwise inconclusive,
10.7759/cureus.23644,inconclusive,Conservative projection from reconciled primary between-group results; otherwise inconclusive,
10.1001/jamanetworkopen.2026.20687,inconclusive,Conservative projection from reconciled primary between-group results; otherwise inconclusive,
10.1007/s00405-020-06520-8,favors_treatment,Conservative projection from reconciled primary between-group results; otherwise inconclusive,
10.1016/j.acvdsp.2021.10.007,inconclusive,Conservative projection from reconciled primary between-group results; otherwise inconclusive,
10.1001/jamaoto.2025.1304,inconclusive,Conservative projection from reconciled primary between-group results; otherwise inconclusive,
10.1016/j.bbi.2026.106892,inconclusive,Conservative projection from reconciled primary between-group results; otherwise inconclusive,
10.1016/j.arrct.2025.100526,inconclusive,Conservative projection from reconciled primary between-group results; otherwise inconclusive,
10.1016/j.brs.2025.04.023,inconclusive,Conservative projection from reconciled primary between-group results; otherwise inconclusive,
10.1007/s11357-024-01324-8,inconclusive,Conservative projection from reconciled primary between-group results; otherwise inconclusive,
10.1016/j.bbih.2024.100736,inconclusive,Conservative projection from reconciled primary between-group results; otherwise inconclusive,
10.1016/j.clinsp.2025.100614,inconclusive,Conservative projection from reconciled primary between-group results; otherwise inconclusive,
10.1016/j.nicl.2022.103218,mixed,Conservative projection from reconciled primary between-group results; otherwise inconclusive,
10.1016/j.lanepe.2026.101744,no_difference,Conservative projection from reconciled primary between-group results; otherwise inconclusive,
10.1016/j.jpsychores.2026.112605,inconclusive,Conservative projection from reconciled primary between-group results; otherwise inconclusive,
10.1016/j.nrleng.2022.06.007,inconclusive,Conservative projection from reconciled primary between-group results; otherwise inconclusive,
10.1016/j.nrl.2022.06.008,inconclusive,Conservative projection from reconciled primary between-group results; otherwise inconclusive,
10.1016/j.rehab.2023.101815,no_difference,Conservative projection from reconciled primary between-group results; otherwise inconclusive,
10.1016/j.rehab.2024.101920,inconclusive,Conservative projection from reconciled primary between-group results; otherwise inconclusive,
10.1016/j.visres.2025.108550,inconclusive,Conservative projection from reconciled primary between-group results; otherwise inconclusive,
10.1016/s1473-3099(26)00242-2,mixed,Conservative projection from reconciled primary between-group results; otherwise inconclusive,
10.1017/s1355617723007592,inconclusive,Conservative projection from reconciled primary between-group results; otherwise inconclusive,
10.1016/j.medcle.2022.12.019,mixed,Conservative projection from reconciled primary between-group results; otherwise inconclusive,
10.1016/s1473-3099(26)00406-8,no_difference,Conservative projection from reconciled primary between-group results; otherwise inconclusive,
10.1093/ajrccm/aamag162.1100,inconclusive,Conservative projection from reconciled primary between-group results; otherwise inconclusive,
10.1038/s41467-026-75991-w,mixed,Conservative projection from reconciled primary between-group results; otherwise inconclusive,
10.1051/bioconf/20236505039,inconclusive,Conservative projection from reconciled primary between-group results; otherwise inconclusive,
10.1038/s41598-024-61827-4,inconclusive,Conservative projection from reconciled primary between-group results; otherwise inconclusive,
10.1038/s41598-024-68100-8,mixed,Conservative projection from reconciled primary between-group results; otherwise inconclusive,
10.1038/s41598-024-53091-3,inconclusive,Conservative projection from reconciled primary between-group results; otherwise inconclusive,
10.1093/eurjcn/zvag155.004,inconclusive,Conservative projection from reconciled primary between-group results; otherwise inconclusive,
10.1093/ofid/ofaf634,inconclusive,Conservative projection from reconciled primary between-group results; otherwise inconclusive,
10.1111/hex.70299,inconclusive,Conservative projection from reconciled primary between-group results; otherwise inconclusive,
10.1136/bmj.o1212,inconclusive,Conservative projection from reconciled primary between-group results; otherwise inconclusive,
10.1152/japplphysiol.00078.2023,favors_treatment,Conservative projection from reconciled primary between-group results; otherwise inconclusive,
10.1177/21501319261473073,inconclusive,Conservative projection from reconciled primary between-group results; otherwise inconclusive,
10.1183/13993003.congress-2022.2629,inconclusive,Conservative projection from reconciled primary between-group results; otherwise inconclusive,
10.1177/27536351241308176,favors_treatment,Conservative projection from reconciled primary between-group results; otherwise inconclusive,
10.1183/13993003.02930-2021,no_difference,Conservative projection from reconciled primary between-group results; otherwise inconclusive,
10.1183/23120541.01552-2025,no_difference,Conservative projection from reconciled primary between-group results; otherwise inconclusive,
10.1186/s13063-026-09769-2,inconclusive,Conservative projection from reconciled primary between-group results; otherwise inconclusive,
10.1186/s40359-026-05149-2,no_difference,Conservative projection from reconciled primary between-group results; otherwise inconclusive,
10.12688/f1000research.186744.1,no_difference,Conservative projection from reconciled primary between-group results; otherwise inconclusive,
10.14739/2310-1210.2021.6.233891,inconclusive,Conservative projection from reconciled primary between-group results; otherwise inconclusive,
10.12775/jehs.2022.12.03.009,inconclusive,Conservative projection from reconciled primary between-group results; otherwise inconclusive,
10.14739/2310-1210.2021.3.229981,inconclusive,Conservative projection from reconciled primary between-group results; otherwise inconclusive,
10.1371/journal.pone.0351407,inconclusive,Conservative projection from reconciled primary between-group results; otherwise inconclusive,
10.1371/journal.pone.0351553,mixed,Conservative projection from reconciled primary between-group results; otherwise inconclusive,
10.17650/1726-9784-2021-22-4-68-76,inconclusive,Conservative projection from reconciled primary between-group results; otherwise inconclusive,
10.1177/20552076261428205,favors_treatment,Conservative projection from reconciled primary between-group results; otherwise inconclusive,
10.17816/rmmar109250,inconclusive,Conservative projection from reconciled primary between-group results; otherwise inconclusive,
10.23736/s1973-9087.22.07702-4,no_difference,Conservative projection from reconciled primary between-group results; otherwise inconclusive,
10.26442/00403660.2023.08.202349,inconclusive,Conservative projection from reconciled primary between-group results; otherwise inconclusive,
10.29296/25877305-2024-05-12,inconclusive,Conservative projection from reconciled primary between-group results; otherwise inconclusive,
10.31089/978-5-6042929-2-1-2021-1-54-58,inconclusive,Conservative projection from reconciled primary between-group results; otherwise inconclusive,
10.29001/2073-8552-2023-655,inconclusive,Conservative projection from reconciled primary between-group results; otherwise inconclusive,
10.21802/artm.2023.2.26.14,inconclusive,Conservative projection from reconciled primary between-group results; otherwise inconclusive,
10.29081/gsjesh.2024.25.2.7,inconclusive,Conservative projection from reconciled primary between-group results; otherwise inconclusive,
10.31655/2307-3373-2022-1-2-27-34,inconclusive,Conservative projection from reconciled primary between-group results; otherwise inconclusive,
10.30841/2786-720x.1.2024.300442,inconclusive,Conservative projection from reconciled primary between-group results; otherwise inconclusive,
10.26442/00403660.2023.12.202523,inconclusive,Conservative projection from reconciled primary between-group results; otherwise inconclusive,
10.32000/2072-1757-2022-7-140-145,inconclusive,Conservative projection from reconciled primary between-group results; otherwise inconclusive,
10.32592/ircmj.2023.25.4.2080,no_difference,Conservative projection from reconciled primary between-group results; otherwise inconclusive,
10.32782/2226-2008-2024-3-6,inconclusive,Conservative projection from reconciled primary between-group results; otherwise inconclusive,
10.32902/2663-0338-2023-1-20-24,inconclusive,Conservative projection from reconciled primary between-group results; otherwise inconclusive,
10.32782/2522-1795.2023.14.9,inconclusive,Conservative projection from reconciled primary between-group results; otherwise inconclusive,
10.33590/respiramj/93u1v2yd,no_difference,Conservative projection from reconciled primary between-group results; otherwise inconclusive,
10.32782/2522-1795.2024.18.13,inconclusive,Conservative projection from reconciled primary between-group results; otherwise inconclusive,
10.3389/fimmu.2025.1698271,inconclusive,Conservative projection from reconciled primary between-group results; otherwise inconclusive,
10.32782/2522-1795.2024.18.3.4,inconclusive,Conservative projection from reconciled primary between-group results; otherwise inconclusive,
10.3389/fspor.2026.1797346,inconclusive,Conservative projection from reconciled primary between-group results; otherwise inconclusive,
10.3389/fmed.2026.1809451,inconclusive,Conservative projection from reconciled primary between-group results; otherwise inconclusive,
10.3389/fpubh.2025.1688592,inconclusive,Conservative projection from reconciled primary between-group results; otherwise inconclusive,
10.3390/biomedicines13092267,inconclusive,Conservative projection from reconciled primary between-group results; otherwise inconclusive,
10.3389/fneur.2024.1419134,inconclusive,Conservative projection from reconciled primary between-group results; otherwise inconclusive,
10.3390/ijerph20156513,favors_treatment,Conservative projection from reconciled primary between-group results; otherwise inconclusive,
10.3390/healthcare14121630,inconclusive,Conservative projection from reconciled primary between-group results; otherwise inconclusive,
10.3389/fphys.2023.1219252,inconclusive,Conservative projection from reconciled primary between-group results; otherwise inconclusive,
10.35278/2664-0767.2(54).2024.321582,inconclusive,Conservative projection from reconciled primary between-group results; otherwise inconclusive,
10.36425/rehab90576,inconclusive,Conservative projection from reconciled primary between-group results; otherwise inconclusive,
10.3390/metabo16080594,inconclusive,Conservative projection from reconciled primary between-group results; otherwise inconclusive,
10.36106/paripex/8204857,inconclusive,Conservative projection from reconciled primary between-group results; otherwise inconclusive,
10.3390/jcm14228193,no_difference,Conservative projection from reconciled primary between-group results; otherwise inconclusive,
10.36740/wlek202105110,inconclusive,Conservative projection from reconciled primary between-group results; otherwise inconclusive,
10.37506/brrffb35,inconclusive,Conservative projection from reconciled primary between-group results; otherwise inconclusive,
10.4103/ipj.ipj_234_23,favors_treatment,Conservative projection from reconciled primary between-group results; otherwise inconclusive,
10.4081/ejtm.2022.10698,inconclusive,Conservative projection from reconciled primary between-group results; otherwise inconclusive,
10.5114/areh.2022.119900,no_difference,Conservative projection from reconciled primary between-group results; otherwise inconclusive,
10.38025/2078-1962-2024-23-2-7-16,inconclusive,Conservative projection from reconciled primary between-group results; otherwise inconclusive,
10.56936/18290825-2.v19.2025-82,inconclusive,Conservative projection from reconciled primary between-group results; otherwise inconclusive,
10.5960/dzsm.2023.570,inconclusive,Conservative projection from reconciled primary between-group results; otherwise inconclusive,
10.61919/mjxane13,inconclusive,Conservative projection from reconciled primary between-group results; otherwise inconclusive,
10.3897/pharmacia.69.e82596,inconclusive,Conservative projection from reconciled primary between-group results; otherwise inconclusive,
10.64898/2026.08.25.26361319,inconclusive,Conservative projection from reconciled primary between-group results; otherwise inconclusive,
10.70135/seejph.vi.2132,inconclusive,Conservative projection from reconciled primary between-group results; otherwise inconclusive,
10.7759/cureus.52935,inconclusive,Conservative projection from reconciled primary between-group results; otherwise inconclusive,
10.7326/annals-25-03959,inconclusive,Conservative projection from reconciled primary between-group results; otherwise inconclusive,
10.7326/annals-25-04883,inconclusive,Conservative projection from reconciled primary between-group results; otherwise inconclusive,
10.5114/reum/172575,inconclusive,Conservative projection from reconciled primary between-group results; otherwise inconclusive,
10.1016/j.cyto.2024.156688,inconclusive,Conservative projection from reconciled primary between-group results; otherwise inconclusive,
10.1101/2025.01.31.25321501,inconclusive,Conservative projection from reconciled primary between-group results; otherwise inconclusive,
10.12998/wjcc.v11.i33.7987,no_difference,Conservative projection from reconciled primary between-group results; otherwise inconclusive,
10.2196/36836,inconclusive,Conservative projection from reconciled primary between-group results; otherwise inconclusive,
10.3389/fncir.2025.1538821,inconclusive,Conservative projection from reconciled primary between-group results; otherwise inconclusive,
10.47197/retos.v56.100722,inconclusive,Conservative projection from reconciled primary between-group results; otherwise inconclusive,
10.47739/2379-9501.neurodegenerativedisorders.1032,inconclusive,Conservative projection from reconciled primary between-group results; otherwise inconclusive,
10.1016/j.gore.2025.101682,favors_treatment,Conservative projection from reconciled primary between-group results; otherwise inconclusive,
10.1016/j.ijporl.2024.112076,inconclusive,Conservative projection from reconciled primary between-group results; otherwise inconclusive,
10.1016/j.intimp.2026.116630,inconclusive,Conservative projection from reconciled primary between-group results; otherwise inconclusive,
10.1016/j.jadohealth.2025.01.026,inconclusive,Conservative projection from reconciled primary between-group results; otherwise inconclusive,
10.1016/j.lanepe.2022.100485,inconclusive,Conservative projection from reconciled primary between-group results; otherwise inconclusive,
10.1093/ajrccm/aamag162.384,inconclusive,Conservative projection from reconciled primary between-group results; otherwise inconclusive,
10.1093/ajrccm/aamag162.4236,inconclusive,Conservative projection from reconciled primary between-group results; otherwise inconclusive,
10.1093/eurpub/ckae144.1317,favors_control,Conservative projection from reconciled primary between-group results; otherwise inconclusive,
10.1097/hcr.0000000000000862,inconclusive,Conservative projection from reconciled primary between-group results; otherwise inconclusive,
10.1097/md.0000000000036818,inconclusive,Conservative projection from reconciled primary between-group results; otherwise inconclusive,
10.1101/2025.03.04.25323101,inconclusive,Conservative projection from reconciled primary between-group results; otherwise inconclusive,
10.1186/s43168-026-00587-3,inconclusive,Conservative projection from reconciled primary between-group results; otherwise inconclusive,
10.1371/journal.pone.0296707,favors_treatment,Conservative projection from reconciled primary between-group results; otherwise inconclusive,
10.14218/fim.2026.00001,favors_treatment,Conservative projection from reconciled primary between-group results; otherwise inconclusive,
10.15829/1560-4071-2022-4827,inconclusive,Conservative projection from reconciled primary between-group results; otherwise inconclusive,
10.21203/rs.3.rs-440909/v1,no_difference,Conservative projection from reconciled primary between-group results; otherwise inconclusive,
10.21926/obm.transplant.2303193,inconclusive,Conservative projection from reconciled primary between-group results; otherwise inconclusive,
10.2196/91829,inconclusive,Conservative projection from reconciled primary between-group results; otherwise inconclusive,
10.29011/2688-996x.001043,inconclusive,Conservative projection from reconciled primary between-group results; otherwise inconclusive,
10.31363/2313-7053-2025-4-2-1202,inconclusive,Conservative projection from reconciled primary between-group results; otherwise inconclusive,
10.33273/2663-9726-2021-55-2-17-29,inconclusive,Conservative projection from reconciled primary between-group results; otherwise inconclusive,
10.3389/fmolb.2025.1582967,inconclusive,Conservative projection from reconciled primary between-group results; otherwise inconclusive,
10.3389/fresc.2025.1633466,inconclusive,Conservative projection from reconciled primary between-group results; otherwise inconclusive,
10.3390/app12084084,no_difference,Conservative projection from reconciled primary between-group results; otherwise inconclusive,
10.3390/biomedicines14081872,inconclusive,Conservative projection from reconciled primary between-group results; otherwise inconclusive,
10.3390/covid4090098,inconclusive,Conservative projection from reconciled primary between-group results; otherwise inconclusive,
10.3390/diagnostics13101755,inconclusive,Conservative projection from reconciled primary between-group results; otherwise inconclusive,
10.3390/jpm13020182,inconclusive,Conservative projection from reconciled primary between-group results; otherwise inconclusive,
10.3390/medicina61122214,no_difference,Conservative projection from reconciled primary between-group results; otherwise inconclusive,
10.3390/v13101904,inconclusive,Conservative projection from reconciled primary between-group results; otherwise inconclusive,
10.33925/1683-3759-2021-26-4-301-307,inconclusive,Conservative projection from reconciled primary between-group results; otherwise inconclusive,
10.4103/0970-2113.341091,inconclusive,Conservative projection from reconciled primary between-group results; otherwise inconclusive,
10.4103/tjem.tjem_363_22,inconclusive,Conservative projection from reconciled primary between-group results; otherwise inconclusive,
10.48550/arxiv.2310.09446,inconclusive,Conservative projection from reconciled primary between-group results; otherwise inconclusive,
10.54905/disssi/v26i123/ms157e2161,inconclusive,Conservative projection from reconciled primary between-group results; otherwise inconclusive,
10.64898/2026.01.06.26343459,inconclusive,Conservative projection from reconciled primary between-group results; otherwise inconclusive,
10.64898/2026.02.20.26346719,inconclusive,Conservative projection from reconciled primary between-group results; otherwise inconclusive,
10.7189/jogh.16.04164,inconclusive,Conservative projection from reconciled primary between-group results; otherwise inconclusive,
10.7759/cureus.48591,inconclusive,Conservative projection from reconciled primary between-group results; otherwise inconclusive,
10.1016/j.eclinm.2024.102787,favors_treatment,Conservative projection from reconciled primary between-group results; otherwise inconclusive,
10.1093/ofid/ofae631.2200,inconclusive,Conservative projection from reconciled primary between-group results; otherwise inconclusive,
10.1186/s40560-023-00669-0,no_difference,Conservative projection from reconciled primary between-group results; otherwise inconclusive,
10.1002/jmv.27296,inconclusive,Conservative projection from reconciled primary between-group results; otherwise inconclusive,
10.1002/jmv.29507,inconclusive,Conservative projection from reconciled primary between-group results; otherwise inconclusive,
10.1007/s00005-023-00672-1,no_difference,Conservative projection from reconciled primary between-group results; otherwise inconclusive,
10.1007/s11481-025-10247-w,inconclusive,Conservative projection from reconciled primary between-group results; otherwise inconclusive,
10.1007/s15010-025-02505-z,inconclusive,Conservative projection from reconciled primary between-group results; otherwise inconclusive,
10.1007/s15010-025-02648-z,inconclusive,Conservative projection from reconciled primary between-group results; otherwise inconclusive,
10.1016/j.bbih.2022.100513,inconclusive,Conservative projection from reconciled primary between-group results; otherwise inconclusive,
10.1016/j.csbj.2023.12.045,no_difference,Conservative projection from reconciled primary between-group results; otherwise inconclusive,
10.1016/j.ijid.2026.108435,no_difference,Conservative projection from reconciled primary between-group results; otherwise inconclusive,
10.1038/s41440-023-01501-w,inconclusive,Conservative projection from reconciled primary between-group results; otherwise inconclusive,
10.1093/ofid/ofad686,inconclusive,Conservative projection from reconciled primary between-group results; otherwise inconclusive,
10.1101/2023.02.13.23285855,inconclusive,Conservative projection from reconciled primary between-group results; otherwise inconclusive,
10.1136/bmjopen-2022-067611,inconclusive,Conservative projection from reconciled primary between-group results; otherwise inconclusive,
10.1136/bmjopen-2022-069247,inconclusive,Conservative projection from reconciled primary between-group results; otherwise inconclusive,
10.1186/s12879-023-08057-7,no_difference,Conservative projection from reconciled primary between-group results; otherwise inconclusive,
10.1186/s12890-025-03659-0,inconclusive,Conservative projection from reconciled primary between-group results; otherwise inconclusive,
10.2147/ijgm.s367273,no_difference,Conservative projection from reconciled primary between-group results; otherwise inconclusive,
10.2147/ijgm.s406571,favors_treatment,Conservative projection from reconciled primary between-group results; otherwise inconclusive,
10.3389/fcvm.2022.916156,inconclusive,Conservative projection from reconciled primary between-group results; otherwise inconclusive,
10.1101/2024.02.02.24302227,inconclusive,Conservative projection from reconciled primary between-group results; otherwise inconclusive,
10.1016/j.cdnut.2024.103760,inconclusive,Conservative projection from reconciled primary between-group results; otherwise inconclusive,
10.1016/j.eclinm.2024.102517,inconclusive,Conservative projection from reconciled primary between-group results; otherwise inconclusive,
10.1016/j.jinf.2024.106217,inconclusive,Conservative projection from reconciled primary between-group results; otherwise inconclusive,
10.1016/s1473-3099(23)00299-2,inconclusive,Conservative projection from reconciled primary between-group results; otherwise inconclusive,
10.1016/j.rpth.2024.102534,no_difference,Conservative projection from reconciled primary between-group results; otherwise inconclusive,
10.1101/2022.12.21.22283753,inconclusive,Conservative projection from reconciled primary between-group results; otherwise inconclusive,
10.1155/da/9989990,inconclusive,Conservative projection from reconciled primary between-group results; otherwise inconclusive,
10.3390/nu16111631,no_difference,Conservative projection from reconciled primary between-group results; otherwise inconclusive,
10.1093/infdis/jiad286,inconclusive,Conservative projection from reconciled primary between-group results; otherwise inconclusive,
10.1093/ofid/ofaf695.1797,inconclusive,Conservative projection from reconciled primary between-group results; otherwise inconclusive,
10.1177/20499361261431488,inconclusive,Conservative projection from reconciled primary between-group results; otherwise inconclusive,
10.1001/jamainternmed.2023.5099,inconclusive,Conservative projection from reconciled primary between-group results; otherwise inconclusive,
10.1001/jamainternmed.2023.0743,inconclusive,Conservative projection from reconciled primary between-group results; otherwise inconclusive,
10.1002/jmv.28750,inconclusive,Conservative projection from reconciled primary between-group results; otherwise inconclusive,
10.1002/jmv.29662,inconclusive,Conservative projection from reconciled primary between-group results; otherwise inconclusive,
10.1002/jmv.29014,inconclusive,Conservative projection from reconciled primary between-group results; otherwise inconclusive,
10.1002/jmv.29333,no_difference,Conservative projection from reconciled primary between-group results; otherwise inconclusive,
10.1002/jmv.70351,inconclusive,Conservative projection from reconciled primary between-group results; otherwise inconclusive,
10.1007/s10238-023-01153-7,no_difference,Conservative projection from reconciled primary between-group results; otherwise inconclusive,
10.1007/s11239-025-03096-0,inconclusive,Conservative projection from reconciled primary between-group results; otherwise inconclusive,
10.1007/s15010-023-02028-5,inconclusive,Conservative projection from reconciled primary between-group results; otherwise inconclusive,
10.1016/j.ijid.2024.02.009,inconclusive,Conservative projection from reconciled primary between-group results; otherwise inconclusive,
10.1016/j.jacadv.2024.100961,inconclusive,Conservative projection from reconciled primary between-group results; otherwise inconclusive,
10.1038/s41467-025-67776-4,no_difference,Conservative projection from reconciled primary between-group results; otherwise inconclusive,
10.1038/s41598-021-02547-x,inconclusive,Conservative projection from reconciled primary between-group results; otherwise inconclusive,
10.1038/s41598-024-76472-0,inconclusive,Conservative projection from reconciled primary between-group results; otherwise inconclusive,
10.1038/s41598-023-46912-4,no_difference,Conservative projection from reconciled primary between-group results; otherwise inconclusive,
10.1038/s41598-025-06052-3,inconclusive,Conservative projection from reconciled primary between-group results; otherwise inconclusive,
10.1080/22221751.2024.2421397,inconclusive,Conservative projection from reconciled primary between-group results; otherwise inconclusive,
10.1080/22221751.2025.2469648,inconclusive,Conservative projection from reconciled primary between-group results; otherwise inconclusive,
10.1093/braincomms/fcac206,favors_treatment,Conservative projection from reconciled primary between-group results; otherwise inconclusive,
10.1093/infdis/jiaf133,inconclusive,Conservative projection from reconciled primary between-group results; otherwise inconclusive,
10.1093/ofid/ofad500.2468,inconclusive,Conservative projection from reconciled primary between-group results; otherwise inconclusive,
10.1093/ofid/ofae631.016,inconclusive,Conservative projection from reconciled primary between-group results; otherwise inconclusive,
10.1093/ofid/ofac228,inconclusive,Conservative projection from reconciled primary between-group results; otherwise inconclusive,
10.1093/ofid/ofaf567,inconclusive,Conservative projection from reconciled primary between-group results; otherwise inconclusive,
10.1101/2022.11.03.22281783,inconclusive,Conservative projection from reconciled primary between-group results; otherwise inconclusive,
10.1101/2023.03.02.23286730,no_difference,Conservative projection from reconciled primary between-group results; otherwise inconclusive,
10.1101/2024.02.05.24302352,inconclusive,Conservative projection from reconciled primary between-group results; otherwise inconclusive,
10.1101/2023.04.05.23288196,favors_treatment,Conservative projection from reconciled primary between-group results; otherwise inconclusive,
10.1101/2025.04.02.25324861,inconclusive,Conservative projection from reconciled primary between-group results; otherwise inconclusive,
10.1101/2025.07.09.25331138,no_difference,Conservative projection from reconciled primary between-group results; otherwise inconclusive,
10.1136/bmj-2022-074572,inconclusive,Conservative projection from reconciled primary between-group results; otherwise inconclusive,
10.1159/000530014,favors_treatment,Conservative projection from reconciled primary between-group results; otherwise inconclusive,
10.1186/s12879-023-08952-z,no_difference,Conservative projection from reconciled primary between-group results; otherwise inconclusive,
10.1186/s12879-024-09679-1,no_difference,Conservative projection from reconciled primary between-group results; otherwise inconclusive,
10.1186/s12916-024-03655-x,inconclusive,Conservative projection from reconciled primary between-group results; otherwise inconclusive,
10.1186/s12931-025-03156-2,no_difference,Conservative projection from reconciled primary between-group results; otherwise inconclusive,
10.1186/s12985-025-03054-5,inconclusive,Conservative projection from reconciled primary between-group results; otherwise inconclusive,
10.1371/journal.pone.0260568,inconclusive,Conservative projection from reconciled primary between-group results; otherwise inconclusive,
10.1371/journal.pmed.1004711,no_difference,Conservative projection from reconciled primary between-group results; otherwise inconclusive,
10.1371/journal.pone.0279184,no_difference,Conservative projection from reconciled primary between-group results; otherwise inconclusive,
10.2147/clep.s458901,inconclusive,Conservative projection from reconciled primary between-group results; otherwise inconclusive,
10.21203/rs.3.rs-4536807/v1,inconclusive,Conservative projection from reconciled primary between-group results; otherwise inconclusive,
10.2337/dca24-0032,inconclusive,Conservative projection from reconciled primary between-group results; otherwise inconclusive,
10.3389/fmicb.2025.1733465,favors_treatment,Conservative projection from reconciled primary between-group results; otherwise inconclusive,
10.3389/fphar.2024.1384264,inconclusive,Conservative projection from reconciled primary between-group results; otherwise inconclusive,
10.3390/jcm12124158,inconclusive,Conservative projection from reconciled primary between-group results; otherwise inconclusive,
10.3390/jcm14093156,inconclusive,Conservative projection from reconciled primary between-group results; otherwise inconclusive,
10.70962/jhi.20250107,inconclusive,Conservative projection from reconciled primary between-group results; otherwise inconclusive,
10.59341/2707-7799.1804,inconclusive,Conservative projection from reconciled primary between-group results; otherwise inconclusive,
10.1016/j.cmi.2024.08.019,inconclusive,Conservative projection from reconciled primary between-group results; otherwise inconclusive,
10.1016/j.ijid.2025.107850,inconclusive,Conservative projection from reconciled primary between-group results; otherwise inconclusive,
10.1038/s41598-024-71475-3,no_difference,Conservative projection from reconciled primary between-group results; otherwise inconclusive,
10.1186/s13287-022-02796-1,inconclusive,Conservative projection from reconciled primary between-group results; otherwise inconclusive,
10.1093/cid/ciaf429,inconclusive,Conservative projection from reconciled primary between-group results; otherwise inconclusive,
10.7189/jogh.16.04162,inconclusive,Conservative projection from reconciled primary between-group results; otherwise inconclusive,
10.1002/jcsm.13753,favors_treatment,Conservative projection from reconciled primary between-group results; otherwise inconclusive,
10.1016/j.jgr.2025.04.007,inconclusive,Conservative projection from reconciled primary between-group results; otherwise inconclusive,
10.1016/s1473-3099(26)00244-6,favors_treatment,Conservative projection from reconciled primary between-group results; otherwise inconclusive,
10.1017/cts.2023.154,inconclusive,Conservative projection from reconciled primary between-group results; otherwise inconclusive,
10.1038/s41467-022-33825-5,inconclusive,Conservative projection from reconciled primary between-group results; otherwise inconclusive,
10.1038/s43856-024-00650-4,no_difference,Conservative projection from reconciled primary between-group results; otherwise inconclusive,
10.1093/cid/ciag335,inconclusive,Conservative projection from reconciled primary between-group results; otherwise inconclusive,
10.1093/ofid/ofac492.965,inconclusive,Conservative projection from reconciled primary between-group results; otherwise inconclusive,
10.1101/2025.08.08.25333305,inconclusive,Conservative projection from reconciled primary between-group results; otherwise inconclusive,
10.1186/s12879-023-08172-5,favors_treatment,Conservative projection from reconciled primary between-group results; otherwise inconclusive,
10.1186/s13287-022-02972-3,inconclusive,Conservative projection from reconciled primary between-group results; otherwise inconclusive,
10.32782/2522-1795.2023.17.9,inconclusive,Conservative projection from reconciled primary between-group results; otherwise inconclusive,
10.3389/fmed.2021.758405,favors_treatment,Conservative projection from reconciled primary between-group results; otherwise inconclusive,
10.3389/fimmu.2026.1813716,no_difference,Conservative projection from reconciled primary between-group results; otherwise inconclusive,
10.3390/microorganisms12071443,no_difference,Conservative projection from reconciled primary between-group results; otherwise inconclusive,
10.1017/cts.2024.1162,inconclusive,Conservative projection from reconciled primary between-group results; otherwise inconclusive,
10.1371/journal.pone.0288391,inconclusive,Conservative projection from reconciled primary between-group results; otherwise inconclusive,
10.19163/2307-9266-2022-10-2-217-228,inconclusive,Conservative projection from reconciled primary between-group results; otherwise inconclusive,
10.53854/liim-3304-4,no_difference,Conservative projection from reconciled primary between-group results; otherwise inconclusive,
10.1007/s00403-024-03004-1,inconclusive,Conservative projection from reconciled primary between-group results; otherwise inconclusive,
10.1007/s00406-023-01557-2,inconclusive,Conservative projection from reconciled primary between-group results; otherwise inconclusive,
10.1007/s10072-021-05744-8,inconclusive,Conservative projection from reconciled primary between-group results; otherwise inconclusive,
10.1007/s40121-026-01362-z,no_difference,Conservative projection from reconciled primary between-group results; otherwise inconclusive,
10.1016/j.bbi.2022.04.013,no_difference,Conservative projection from reconciled primary between-group results; otherwise inconclusive,
10.1016/j.cmi.2024.01.028,no_difference,Conservative projection from reconciled primary between-group results; otherwise inconclusive,
10.1016/j.heliyon.2024.e24096,inconclusive,Conservative projection from reconciled primary between-group results; otherwise inconclusive,
10.1016/j.puhe.2024.02.031,inconclusive,Conservative projection from reconciled primary between-group results; otherwise inconclusive,
10.1016/j.rmed.2026.108914,inconclusive,Conservative projection from reconciled primary between-group results; otherwise inconclusive,
10.1016/j.xkme.2024.100835,inconclusive,Conservative projection from reconciled primary between-group results; otherwise inconclusive,
10.1016/s1470-2045(23)00056-6,inconclusive,Conservative projection from reconciled primary between-group results; otherwise inconclusive,
10.1038/s43856-026-01535-4,inconclusive,Conservative projection from reconciled primary between-group results; otherwise inconclusive,
10.1038/s43856-026-01761-w,no_difference,Conservative projection from reconciled primary between-group results; otherwise inconclusive,
10.1038/s44220-026-00675-9,inconclusive,Conservative projection from reconciled primary between-group results; otherwise inconclusive,
10.1053/j.jvca.2021.08.036,inconclusive,Conservative projection from reconciled primary between-group results; otherwise inconclusive,
10.1093/ajrccm/aamag162.1089,inconclusive,Conservative projection from reconciled primary between-group results; otherwise inconclusive,
10.1093/qjmed/hcab297,inconclusive,Conservative projection from reconciled primary between-group results; otherwise inconclusive,
10.1136/ard-2022-223439,favors_treatment,Conservative projection from reconciled primary between-group results; otherwise inconclusive,
10.1186/s12967-026-07902-y,inconclusive,Conservative projection from reconciled primary between-group results; otherwise inconclusive,
10.1186/s12982-025-01051-1,inconclusive,Conservative projection from reconciled primary between-group results; otherwise inconclusive,
10.12688/wellcomeopenres.18277.1,inconclusive,Conservative projection from reconciled primary between-group results; otherwise inconclusive,
10.1371/journal.pgph.0001917,inconclusive,Conservative projection from reconciled primary between-group results; otherwise inconclusive,
10.1371/journal.pone.0312530,inconclusive,Conservative projection from reconciled primary between-group results; otherwise inconclusive,
10.17615/2505-jz08,inconclusive,Conservative projection from reconciled primary between-group results; otherwise inconclusive,
10.20996/1819-6446-2026-3273,inconclusive,Conservative projection from reconciled primary between-group results; otherwise inconclusive,
10.2807/1560-7917.es.2026.31.15.2500672,inconclusive,Conservative projection from reconciled primary between-group results; otherwise inconclusive,
10.3350/cmh.2026.0283,inconclusive,Conservative projection from reconciled primary between-group results; otherwise inconclusive,
10.3389/fmed.2025.1556623,mixed,Conservative projection from reconciled primary between-group results; otherwise inconclusive,
10.3390/jcm12020706,inconclusive,Conservative projection from reconciled primary between-group results; otherwise inconclusive,
10.3390/life16020319,inconclusive,Conservative projection from reconciled primary between-group results; otherwise inconclusive,
10.3390/v16060947,inconclusive,Conservative projection from reconciled primary between-group results; otherwise inconclusive,
10.5005/jaypee-journals-11011-0081,inconclusive,Conservative projection from reconciled primary between-group results; otherwise inconclusive,
10.51910/ijhdr.v25icf.1580,inconclusive,Conservative projection from reconciled primary between-group results; otherwise inconclusive,
10.64898/2026.02.27.26347274,inconclusive,Conservative projection from reconciled primary between-group results; otherwise inconclusive,
10.64898/2026.07.06.26357398,inconclusive,Conservative projection from reconciled primary between-group results; otherwise inconclusive,
10.64898/2026.07.03.26357246,inconclusive,Conservative projection from reconciled primary between-group results; otherwise inconclusive,
10.64898/2026.07.06.26357401,inconclusive,Conservative projection from reconciled primary between-group results; otherwise inconclusive,
