replication_doi,replication_url,contains_replications,original_url,original_authors,original_title,original_journal,original_volume,original_issue,original_pages,original_year,description,result,discipline,subdiscipline,justification
10.1002/1099-0879(200007)7:3<220::aid-cpp243>3.0.co;2-f,https://doi.org/10.1002/1099-0879(200007)7:3<220::aid-cpp243>3.0.co;2-f,True,https://doi.org/10.1037/0022-006x.62.3.636,"Feldman-Summers, S.; Pope, K.",The experience of 'forgetting' child abuse: A national survey of psychologists,Journal of Consulting and Clinical Psychology,3,3,626-639,1994,"Among psychologists who reported experiencing childhood abuse, approximately 40% experienced a period of forgetting some or all of the abuse for a significant period of time",success,psychology,clinical psychology,"The authors explicitly state in the Discussion section: 'Virtually the same percentages of Dutch (39%) and US psychologists (41%; Feldman-Summers and Pope, 1994) reported some significant period of forgetting abuse.' The abstract concludes: 'These results were remarkably similar to the results of Feldman-Summers and Pope's original study.'"
10.1002/acp.3769,https://doi.org/10.1002/acp.3769,True,https://doi.org/10.1002/acp.2974,"Nahari, G.; Vrij, A.; Fisher, R.",The verifiability approach: Countermeasures facilitate its ability to discriminate between truths and lies,Applied Cognitive Psychology,28,,122-128,2014,"When forewarned that their statements would be checked for verifiable details, truth tellers provide more verifiable details than liars",success,psychology,social psychology,"The authors explicitly state: ""Following our predefined replication criterion, we consider the replication successful: Being forewarned, truth tellers provided significantly more verifiable details than liars"" and ""Four researchers (BV, MS, IK, SVO) were involved in this replication, and all four considered the replication successful."""
10.1002/cpp.2677,https://doi.org/10.1002/cpp.2677,True,https://doi.org/10.1037/a0019786,"Murdock, N.; Edwards, C.; Murdock, T.",Therapists' attributions for client premature termination: Are they self-serving?,"Psychotherapy: Theory, Research, Practice, Training",47,,221-234,2010,"Therapists exhibit self-serving bias when evaluating premature treatment termination, attributing more blame to client characteristics when evaluating their own clients and more blame to therapist factors when evaluating other therapists' clients",failure,psychology,social psychology,"The authors explicitly state: 'In contrast to Murdock et al. (2010), we did not find evidence for a general SSB in therapists' attributions' and conclude 'The present study did not find evidence for a robust SSB in therapists' evaluation of causes for premature treatment termination.' The critical interaction effect that would indicate self-serving bias was non-significant (F(2, 88) = .75, p = .48)."
10.1002/erv.3103,https://doi.org/10.1002/erv.3103,True,https://doi.org/10.1016/j.psychres.2017.09.048,"Sfärlea, A.; Greimel, E.; Platt, B.; Dieler, A.; Schulte-Körne, G.",Recognition of emotional facial expressions in adolescents with anorexia nervosa and adolescents with major depression,Psychiatry Research,262,,586-594,2018,"Adolescents with anorexia nervosa show superior facial emotion recognition abilities compared to adolescents without mental disorders, with higher accuracy specifically for afraid facial expressions",success,psychology,clinical psychology,"The authors explicitly state: ""We found the same pattern of results as in our previous study [31] in an independent sample of adolescents with and without AN, allowing us to interpret our results with more confidence"" and ""we succeeded in exactly replicating the pattern of results."""
10.1002/erv.3175,https://doi.org/10.1002/erv.3175,True,https://doi.org/10.1016/j.beth.2023.05.012,"Van Doornik, S.; Glashouwer, K.; Ostafin, B.; De Jong, P. J.",The Effects of a Meaning-Centered Intervention on Meaning in Life and Eating Disorder Symptoms in Undergraduate Women With High Weight and Shape Concerns: A Randomized Controlled Trial,Behavior Therapy,55,1,177-190,2024,A 6-week online meaning-centered intervention increases life meaning and reduces eating disorder symptoms and general distress in young women with weight and shape concerns,success,psychology,clinical psychology,"The authors explicitly state: ""our study demonstrated replicational evidence for the efficacy of a meaning-centered intervention in terms of higher life meaning for young women with weight and shape concerns."" The primary outcome (life meaning) replicated successfully at both post-assessment (η²p = 0.23) and follow-up (η²p = 0.10), consistent with the original study's findings."
10.1002/hbm.26065,https://doi.org/10.1002/hbm.26065,True,https://doi.org/10.1126/science.1168450,"Hare, T.; Camerer, C.; Rangel, A.",Self-control in decision-making involves modulation of the vmPFC valuation system,Science,324,,646-648,2009,"Activity in ventromedial prefrontal cortex (vmPFC) encodes food value and integrates health and taste attributes during self-control decisions, with dorsolateral prefrontal cortex (dlPFC) modulating vmPFC to incorporate long-term health goals",inconclusive,neuroscience,cognitive neuroscience,"The authors report mixed replication results across four key hypotheses. They successfully replicated findings about vmPFC value signals (H1-H2), stating ""Our data provide further support for the now widely accepted notion that decisions are associated with a value signal in vmPFC."" However, they failed to replicate the dlPFC findings, stating ""We did not find strong evidence in support of the second set of hypotheses (Hypotheses 3 and 4)...which highlight the role of left dlPFC in self-control."" Table 2 in the paper classifies results as: H1 ""Supported"", H2 ""Supported with reservations"", H3 ""Not supported"", and H4 ""Mixed evidence""."
10.1002/hup.2802,https://doi.org/10.1002/hup.2802,True,https://doi.org/10.1016/j.psychres.2019.03.041,"Monteith, S.; Glenn, T.",A comparison of potential psychiatric drug interactions from six drug interaction database programs,Psychiatry Research,275,,366-372,2019,"Six commercial drug interaction database programs show inconsistent categorization of potential drug-drug interactions for 100 drug pairs involving psychiatric drugs, with overall agreement of only 66%",success,medicine,psychiatry,"The replication successfully confirmed the original findings. The authors state: 'After 2 years of updates to all six drug interaction database programs, differences remain in the category of potential DDI for the 100 drug pairs involving psychiatric drugs. Just as in 2018...' The overall percent agreement was 67% in 2020 compared to 66% in 2018, and the Fleiss kappa remained fair (0.266 vs 0.257)."
10.1002/jclp.70017,https://doi.org/10.1002/jclp.70017,True,https://doi.org/10.1016/j.beth.2011.02.006,"Haeffel, G.",Motion as Motivation: Using Repetitive Flexion Movements to Stimulate the Approach System,Behavior Therapy,42,4,667-675,2011,Repeated finger flexion movements increase approach-reward motivation and persistence on difficult tasks,inconclusive,psychology,social psychology,"Results were highly inconsistent across two studies. The authors conclude: ""the effects of repeated finger flexion movements on reward motivation, affect, and behavior appear to be inconsistent and weak... there is little evidence that body movements have a reliable and valid causal effect on approach-reward motivation."" Each study found one significant effect but on different dependent variables, which the authors attribute to chance findings rather than genuine effects."
10.1007/bf01071183,https://doi.org/10.1007/bf01071183,True,https://doi.org/10.2307/1162190,"Chomsky, C.",The Acquisition of Syntax in Children from 5 to 10,American Educational Research Journal,8,2,391,1969,Children do not master the syntactic form of sentences like 'John is easy to see' until after age 8 years (approximately 100 months),failure,psychology,developmental psychology,"The authors found that when visual context was properly controlled, children acquired this syntactic ability by age 67 months (not 100 months as Chomsky claimed), stating ""children have acquired the linguistic ability to cope with sentence type (1) at an earlier age than suggested by Chomsky"" and ""Chomsky's age estimates were distorted upward by the dominating effects of the visual aspects of her task."""
10.1007/s00105-002-0469-y,https://doi.org/10.1007/s00105-002-0469-y,True,https://doi.org/10.1093/humrep/16.3.587,"Conrad, R.; Schilling, G.; Langenbuch, M.",Alexithymia in male infertility,Hum Reprod,16,3,587-592,2001,Infertile men show significantly higher levels of alexithymia and somatization compared to healthy controls,success,medicine,psychosomatic medicine,"The authors explicitly state in their conclusion: 'In summary, it can be stated that the hypothesis of increased alexithymia and somatization in infertile men has now been confirmed in 2 studies.' The abstract also clearly states: 'Our study replicated the findings of the previous investigation.' Both main findings (higher alexithymia with p<0.01 and higher somatization with p<0.05) were successfully reproduced."
10.1007/s00296-010-1521-3,https://doi.org/10.1007/s00296-010-1521-3,True,https://doi.org/10.1007/s00296-008-0722-5,De Souza J; Govaux P; Julien N; Potvin S; Charest J; Marchand S,Fibromyalgia subgroups: proWling distinct subgroups using the Fibromyalgia Impact Questionnaire. A preliminary study,Rheumatol Int,29,5,509-515,2009,"A classification system divides fibromyalgia patients into two subgroups (Type I and Type II) based on Fibromyalgia Impact Questionnaire subscale scores, with Type I patients scoring low on morning tiredness, anxiety, and depression, while Type II patients score high on these measures.",success,medicine,Rheumatology,"The authors explicitly state in the Discussion: ""Our data show that the differentiation of fibromyalgia patients in type I and type II subgroups seems reproducible and reliable"" and in the abstract that ""The profiles of type I and type II patients from our sample strikingly paralleled those of the original study, demonstrating the reproducibility of the classification."""
10.1007/s00426-019-01163-9,https://doi.org/10.1007/s00426-019-01163-9,True,https://doi.org/10.1080/17470910701563681,"Oberman, L.; Ramachandran, V.",Preliminary evidence for deficits in multisensory integration in autism spectrum disorders: The mirror neuron hypothesis,Social Neuroscience,3,3-4,348-355,2008,"Individuals with autism spectrum conditions show diminished crossmodal correspondences (the 'kiki/bouba' effect), matching words to shapes based on supramodal characteristics less frequently than neurotypical individuals",inconclusive,psychology,developmental psychology,"The authors explicitly state that 'direct replication of [19] study failed, despite a larger sample size' when using all five stimulus pairs. They report only 'partial confirmation' of the effect when excluding two problematic pairs, concluding 'we partially confirmed the diminished crossmodal correspondences effect' and noting results 'have to be interpreted very cautiously.'"
10.1007/s00429-025-02947-z,https://doi.org/10.1007/s00429-025-02947-z,True,,"Heschl, R.",Tiefen-Windungen des menschlichen Grosshirns und die Ueberbrückung der Zentralfurche,Wiener Medizinische Wochenzeitschrift,41,,987-988,1877,"The 'bridged' central sulcus represents an extreme variant of the common 'deep winding' (pli de passage fronto-pariétal moyen) at the same location in the fundus of the central sulcus, with both showing a continuum of heights.",success,neuroscience,neuroanatomy,"The authors explicitly state in their conclusion: 'The present study successfully replicated Heschl's historical survey of the rare ""bridged"" CS and the heights of the ""deep winding""... This successful replication corroborates Heschl's hypothesis that the ""deep winding"" and the ""bridged"" CS represent different manifestations of the same anatomical structure.' Both the prevalence rates (0.8% vs 0.6%) and the skewed height distribution were confirmed."
10.1007/s00702-011-0641-6,https://doi.org/10.1007/s00702-011-0641-6,True,https://doi.org/10.1007/s00401-006-0088-2,"Jellinger, K.; Attems, J.",Does striatal pathology distinguish Parkinson disease with dementia and dementia with Lewy bodies?,Acta Neuropathol,112,3,253-260,2006,Striatal β-amyloid deposition differentiates dementia with Lewy bodies (DLB) from Parkinson's disease dementia (PDD),success,neuroscience,neuroscience,The authors explicitly state in their Discussion: 'we obtained more robust predictive statistics to support the concept published by Professor Jellinger that DLB cases have significantly higher striatal Ab deposition than cases with PDD' and 'Overall our findings strongly support Professor Jellinger's suggestion that differences in striatal Ab load contribute to the timing of dementia relative to Parkinsonism in DLB versus PDD.'
10.1007/s11292-017-9305-3,https://doi.org/10.1007/s11292-017-9305-3,True,https://doi.org/10.1177/0022427812444274,"Paternoster, R.; Mcgloin, J.; Nguyen, H.; Thomas, K.",The causal impact of exposure to deviant peers: An experimental investigation,Journal of Research in Crime and Delinquency,50,4,476-503,2013,Brief exposure to a deviant peer increases the amount of deviant behavior in young adults,inconclusive,criminology,experimental criminology,"The authors achieved partial replication. In their conclusion they state: ""this study replicates the finding that a brief exposure to deviant modeling by a previously unknown peer subsequently increases the amount of deviant behavior in young adults. However, we did not replicate the finding that only participants who were exposed to a deviant peer engaged in deviancy."""
10.1007/s12369-024-01207-0,https://doi.org/10.1007/s12369-024-01207-0,True,https://doi.org/10.1007/s12369-023-01076-z,"Laban, G.; Kappas, A.; Morrison, V.; Cross, E.","Building longterm human-robot relationships: examining disclosure, perception and well-being across time",Int. J. Social Robot,16,5,1-27,2024,"Repeated self-disclosure to a social robot over time increases disclosure behavior, improves social perceptions of the robot as more social and competent, and enhances emotional well-being through improved mood, reduced loneliness, and decreased stress",success,psychology,social psychology,"The authors explicitly state in the Discussion: 'Our results replicated [1] showing that informal caregivers self-disclose increasingly more to a social robot over time... and perceive the robot as more social and competent over time. Furthermore, we found that informal caregivers' moods positively change after interacting with the robot, they also perceive the robot to be more comforting over time, and they feel less lonely and stressed overtime... The present findings replicate our previous result [1], providing compelling evidence for social robots' potential to establish meaningful relationships with human users.'"
10.1007/s40881-021-00103-x,https://doi.org/10.1007/s40881-021-00103-x,True,https://doi.org/10.1016/j.euroecorev.2019.103307,"Chen, J.; He, T.; Riyanto, Y.",The effect of language on economic behavior: Examining the causal link between future tense and time preference in the lab,European Economic Review,120,,103307,2019,Using future tense (versus present tense) to refer to future events causes less patient behavior in intertemporal choice tasks,success,economics,Behavioral Economics,The authors state 'We find that consistent with the results by Chen et al. (2019) varying the language use in the instructions does not affect revealed patience' and 'Our results are in line with the findings by Chen et al. and therefore speak against an immediate effect of language structure on intertemporal preferences.' This successfully replicates the original null finding.
10.1016/j.actpsy.2020.103140,https://doi.org/10.1016/j.actpsy.2020.103140,True,https://doi.org/10.1068/p7360,"Lumsden, J.; Miles, L.; Macrae, C.",Perceptions of synchrony: Different strokes for different folks?,Perception,41,,1529-1531,2012,"Dyads with similar skin tones are perceived to exhibit higher levels of synchrony than dyads with dissimilar skin tones, despite objective coordination levels being equivalent",success,psychology,social psychology,"The authors explicitly state: ""Replicating the findings of [45], dyads comprised of individuals with similar skin tones were perceived to exhibit higher levels of synchrony than dyads with dissimilar skin tones, despite an objective equivalence in the level of coordination actually present."" The pre-registered replication with a larger sample (n=191 vs n=58) successfully confirmed the original effect."
10.1016/j.actpsy.2021.103482,https://doi.org/10.1016/j.actpsy.2021.103482,False,,,,,,,,,,,,,
10.1016/j.actpsy.2022.103717,https://doi.org/10.1016/j.actpsy.2022.103717,True,https://doi.org/10.1086/691462,"Ward, A.; Duke, K.; Gneezy, A.; Bos, M.",Brain drain: The mere presence of one's own smartphone reduces available cognitive capacity,Journal of the Association for Consumer Research,2,,140-154,2017,"Closer proximity to one's smartphone reduces available cognitive capacity (working memory performance), with this effect being stronger for individuals with higher smartphone attachment and dependency",failure,psychology,cognitive psychology,"The authors explicitly state in the Discussion: ""the present study's findings failed to replicate Ward et al.'s main effect concerning performance on the OSpan task... Therefore, the 'brain drain' effect was not replicated in the present study."" They found no significant effect of smartphone location on OSpan performance (p = .91), directly contradicting the original finding."
10.1016/j.actpsy.2026.106214,https://doi.org/10.1016/j.actpsy.2026.106214,False,,,,,,,,,,,,,
10.1016/j.appet.2023.107065,https://doi.org/10.1016/j.appet.2023.107065,True,https://doi.org/10.1016/j.appet.2009.11.003,"Piech, R.; Pastorino, M.; Zald, D.",All I saw was the cake: Hunger effects on attentional capture by visual food cues,Appetite,54,,579-582,2010,"Hunger increases attentional capture by food cues (but not other types of cues) in an emotional blink of attention task, producing worse performance on lag2 trials with food distractors when participants are hungry compared to when sated",failure,psychology,cognitive psychology,"The authors explicitly state: ""We found no evidence for P1 in E1 or E2, instead finding evidence supporting the null... We did not replicate the key finding of interest in PPZ."" They conclude: ""We did not find a relationship between hunger and the attentional capture of food cues in the present study."""
10.1016/j.biopsych.2011.12.010,https://doi.org/10.1016/j.biopsych.2011.12.010,True,https://doi.org/10.1001/archgenpsychiatry.2010.90,"Diazgranados, N.; Ibrahim, L.; Brutsche, N.; Newberg, A.; Kronstein, P.; Khalife, S.",A randomized add-on trial of an N-methyl-D-aspartate antagonist in treatment-resistant bipolar depression,Arch Gen Psychiatry,67,8,793-802,2010,A single intravenous infusion of ketamine (0.5 mg/kg) produces rapid (within 1 hour) antidepressant effects in patients with treatment-resistant bipolar depression,success,biomedical science,neuroscience,"The authors explicitly state ""This double-blind, placebo-controlled, proof-of-concept study replicated our previous finding that a single intravenous infusion of an NMDA antagonist resulted in a robust and rapid (within 1 hour) antidepressant response in patients with bipolar depression."" They note ""notable similarities"" including similar response rates (64% vs. 56% at 40 minutes) and timing of effects."
10.1016/j.bodyim.2021.05.011,https://doi.org/10.1016/j.bodyim.2021.05.011,True,https://doi.org/10.1016/j.bodyim.2009.01.001,"Calogero, R.; Thompson, J.",Potential implications of the objectification of women's bodies for women's sexual satisfaction,Body Image,6,2,145-148,2009,Self-surveillance (a form of self-objectification) directly predicts lower sexual satisfaction and sexual self-esteem in women,failure,psychology,social psychology,"The authors explicitly state that ""our findings did not support the role of self-surveillance as a direct predictor of sexual satisfaction or sexual self-esteem as reported in previous research"" and ""The relationships between self-surveillance and sexual self-esteem... and self-surveillance and sexual satisfaction... were not significant in the present study and did not replicate."""
10.1016/j.bpsgos.2023.08.012,https://doi.org/10.1016/j.bpsgos.2023.08.012,True,https://doi.org/10.1371/journal.pone.0163952,"Jacobs, R.; Watkins, E.; Peters, A.; Feldhaus, C.; Barba, A.; Carbray, J.; Langenecker, S.",Targeting ruminative thinking in adolescents at risk for depressive relapse: Rumination-focused cognitive behavior therapy in a pilot randomized controlled trial with resting state fMRI,PLoS One,11,11,e0163952,2016,Rumination-focused cognitive behavioral therapy reduces depressive rumination and cross-network connectivity between the left posterior cingulate cortex and right inferior frontal/inferior temporal gyri in adolescents with remitted major depressive disorder,success,psychology,clinical psychology,"The authors explicitly state in their conclusion: ""the current results included a planned, registered replication of change in reduction of the ruminative habit and cross-network resting-state connectivity."" Both primary outcomes were successfully replicated with large effect sizes (z = 0.84 for rumination reduction; z = 0.73 for connectivity reduction)."
10.1016/j.brs.2023.06.010,https://doi.org/10.1016/j.brs.2023.06.010,True,https://doi.org/10.1523/JNEUROSCI.1361-20.2020,Sharon O; Fahoum F; Nir Y,Transcutaneous vagus nerve stimulation in humans induces pupil dilation and attenuates alpha oscillations,J Neurosci,41,,320-330,2021,"Short bursts of transcutaneous auricular vagus nerve stimulation (taVNS) induce transient pupil dilation and attenuate EEG alpha oscillations, both markers of central noradrenergic activity",inconclusive,neuroscience,neuroscience,"The authors successfully replicated the pupil dilation effect (""In accordance with Sharon et al. [31], we found stronger pupil dilation following short bursts of taVNS compared to sham stimulation (BF10 = 7.45)"") but failed to replicate the EEG alpha power effect (""We did not replicate the finding of Sharon et al. [31] that short-lasting taVNS transiently attenuated EEG alpha activity; our data were four times more likely under the null hypothesis""). This mixed pattern of results constitutes a partial replication."
10.1016/j.cognition.2019.02.009,https://doi.org/10.1016/j.cognition.2019.02.009,True,https://doi.org/10.1037/h0093759,"Sperling, G.",The information available in brief visual presentations,Psychological Monographs: General and Applied,74,11,1-29,1960,"Iconic memory (visual sensory store) has a large capacity but decays within approximately 1000ms after stimulus offset, as measured by the partial report paradigm",success,psychology,cognitive psychology,"The authors explicitly state in their Results section: 'This analysis replicated the original Sperling findings, revealing a significant effect of delay (F(1, 38) = 21.71, p < 0.001, η p 2 = 0.37).' The Discussion confirms: 'In Experiment 1, we directly replicated the original Sperling paradigm using alphanumeric stimuli' and successfully observed the characteristic decay of iconic memory over time."
10.1016/j.cognition.2020.104335,https://doi.org/10.1016/j.cognition.2020.104335,False,,,,,,,,,,,,,
10.1016/j.cortex.2014.11.019,https://doi.org/10.1016/j.cortex.2014.11.019,True,https://doi.org/10.1073/pnas.1004932107,"Forstmann, B.; Anwander, A.; Schäfer, A.; Neumann, J.; Brown, S.; Wagenmakers, E.",Cortico-striatal connections predict control over speed and accuracy in perceptual decision making,Proceedings of the National Academy of Sciences,107,36,15916-15920,2010,Individual differences in tract strength from right pre-SMA to right striatum predict individual differences in control over speed and accuracy in perceptual decision making,failure,neuroscience,cognitive neuroscience,The authors state: 'The Bayes factor shows that there is moderate support for the null hypothesis of no correlation.' The additional exploratory analysis showed 'the data are extremely likely to have occurred under the null hypothesis compared to the proponent's hypothesis.' The p-value indicated a failed replication.
10.1016/j.cortex.2014.11.019,https://doi.org/10.1016/j.cortex.2014.11.019,True,https://doi.org/10.1098/rspb.2011.1959,"Kanai, R.; Bahrami, B.; Roylance, R.; Rees, G.",Online social network size is reflected in human brain structure,Proceedings. Biological Sciences/the Royal Society,279,1732,1327-1334,2012,"Individual differences in online social network size (Facebook friends) and real-world social network size are positively correlated with grey matter volume in brain regions including left middle temporal gyrus, right superior temporal sulcus, right entorhinal cortex, and bilateral amygdala",inconclusive,neuroscience,cognitive neuroscience,"Mixed results across 6 tested effects: 'In 5 out of 6 cases we find support for the null hypothesis.' However, for the correlation between real-world social network size (SNS) and GM volume in right amygdala, 'the p-value indicates a successful replication.' The Bayes factors showed moderate support for null in 3 effects and ambiguous results in 2 others."
10.1016/j.cortex.2014.11.019,https://doi.org/10.1016/j.cortex.2014.11.019,True,https://doi.org/10.1002/hbm.21275,"Xu, J.; Kober, H.; Carroll, K.; Rounsaville, B.; Pearlson, G.; Potenza, M.",White matter integrity and behavioral activation in healthy subjects,Human Brain Mapping,33,4,994-1002,2012,Individual differences in white matter integrity (measured by diffusion tensor imaging) in brain pathways are positively correlated with individual differences in behavioral activation system (BAS) scores measuring reward sensitivity and fun-seeking,failure,neuroscience,cognitive neuroscience,The authors report: 'In all cases we find support for the null hypothesis. The Bayes factors show that there is moderate or strong support for the null hypothesis in 3 out of 4 tests.' The exploratory analysis showed 'for three effects there is extreme evidence in favor of the null hypothesis compared to the proponent's hypothesis.' All p-values indicated failed replications.
10.1016/j.cortex.2014.11.019,https://doi.org/10.1016/j.cortex.2014.11.019,True,https://doi.org/10.1523/jneurosci.5864-10.2011,"Kanai, R.; Dong, M.; Bahrami, B.; Rees, G.",Distractibility in daily life is reflected in the structure and function of human parietal cortex,Journal of Neuroscience,31,18,6620-6626,2011,Individual differences in distractibility (measured by the Cognitive Failures Questionnaire) are correlated with grey matter volume in left superior parietal lobe (positive correlation) and left middle prefrontal cortex (negative correlation),failure,neuroscience,cognitive neuroscience,"The authors found 'In both cases we find anecdotal support for the null hypothesis.' However, they note this is 'not worth more than a bare mention' (quoting Jeffreys). While the exploratory analysis showed anecdotal evidence favoring the proponent's hypothesis, the overall pattern supports a failed replication, consistent with the Discussion stating they 'were unable to successfully replicate any of these 17 correlations.'"
10.1016/j.cortex.2014.11.019,https://doi.org/10.1016/j.cortex.2014.11.019,True,https://doi.org/10.1093/cercor/bhq101,"Westlye, L.; Grydeland, H.; Walhovd, K.; Fjell, A.",Associations between regional cortical thickness and attentional networks as measured by the attention network test,Cerebral Cortex,21,2,345-356,2011,"Individual differences in attentional network functioning (executive control and alerting) are negatively correlated with cortical thickness in specific brain regions including left caudal anterior cingulate cortex, left superior temporal gyrus, right middle temporal gyrus, and left superior parietal lobe",failure,neuroscience,cognitive neuroscience,The authors report: 'In all cases we find support for the null hypothesis. The Bayes factors show that there is moderate support for the null hypothesis in one out of four tests' with 'ambiguous' results for the other three. All p-values indicated failed replications. The Discussion confirms they 'were unable to successfully replicate any of these 17 correlations.'
10.1016/j.cortex.2018.01.001,https://doi.org/10.1016/j.cortex.2018.01.001,True,https://doi.org/10.1016/j.cortex.2012.07.009,"Dienes, Z.; Hutton, S.",Understanding hypnosis metacognitively: rTMS applied to left DLPFC increases hypnotic suggestibility,Cortex,49,2,386-392,2013,Repetitive transcranial magnetic stimulation (rTMS) applied to left dorsolateral prefrontal cortex increases hypnotic suggestibility as measured by subjective ratings,failure,neuroscience,cognitive neuroscience,"The authors explicitly state: 'Our results differed from theirs: they found that TMS to left DLPFC increased subjective (but not objective) ratings of hypnotizability, whereas we found no effect of such stimulation on either type of measure of hypnotizability.' The replication found no effect on either subjective or objective measures (B < .33 for both)."
10.1016/j.cortex.2018.08.017,https://doi.org/10.1016/j.cortex.2018.08.017,True,https://doi.org/10.1037/a0027586,"Inzlicht, M.; Al-Khindi, T.",ERN and the Placebo: A Misattribution Approach to Studying the Arousal Properties of the Error-Related Negativity,Journal of Experimental Psychology: General,141,4,799-807,2012,The error-related negativity (ERN) amplitude is reduced when participants misattribute their arousal to a placebo rather than their task performance,failure,psychology,neuroscience,The authors explicitly state they 'subsequently failed to replicate its three principal findings' and that the manipulation check failed. They conclude: 'the present study does provide some evidence against replicability of Inzlicht & Al-Khindi's (2012) misattribution of arousal paradigm' and note findings are 'consistent with the view that our original study may have been a false positive.'
10.1016/j.cortex.2019.03.026,https://doi.org/10.1016/j.cortex.2019.03.026,True,https://doi.org/10.1016/j.cub.2004.01.029,"Alais, D.; Burr, D.",The ventriloquist effect results from near-optimal bimodal integration,Current Biology,14,3,257,2004,"Human observers integrate auditory and visual spatial signals weighted in proportion to their relative sensory reliabilities, conforming to maximum likelihood estimation predictions",inconclusive,neuroscience,psychophysics,"The replication showed mixed results: while observers achieved significant variance reduction for audiovisual relative to unisensory conditions in agreement with MLE, they weighted visual signals significantly stronger than predicted by MLE. The authors state ""observers integrate audiovisual signals approximately as predicted by MLE. However, the sensory weights deviated significantly from MLE predictions"" and conclude that ""naive observers do not integrate audiovisual spatial signals in a way that is consistent with the principles of maximum likelihood estimation."""
10.1016/j.cortex.2020.04.017,https://doi.org/10.1016/j.cortex.2020.04.017,True,https://doi.org/10.1038/nature08637,Schiller D; Monfils M; Raio C; Johnson D; Ledoux J; Phelps E,Preventing the return of fear in humans using reconsolidation update mechanisms,Nature,463,7277,49-53,2010,Conducting extinction training within 10 minutes of memory reactivation (during the reconsolidation window) prevents the later spontaneous recovery and reinstatement of conditioned fear responses,failure,psychology,neuroscience,"The authors explicitly state: ""we observed spontaneous recovery of fear and susceptibility to reinstatement in both the reactivation and no reactivation groups, without any significant between-group differences"" and ""we could not observe any benefit of reactivation-extinction over regular extinction training in preventing recovery of conditioned fear."""
10.1016/j.drugalcdep.2024.111323,https://doi.org/10.1016/j.drugalcdep.2024.111323,True,https://doi.org/10.1016/j.drugalcdep.2021.108610,"May, A.; Burrows, K.; Figueroa-Hall, L.; Kirlic, N.; White, E.; Smith, R.; Ekhtiari, H.; Paulus, M.; Savitz, J.; Stewart, J.",Sex differences in circulating inflammatory mediators as a function of substance use disorder,Drug Alcohol Depend,221,,,2021,Females with substance use disorders exhibit lower C-reactive protein (CRP) but higher interleukin-8 (IL-8) and interleukin-10 (IL-10) concentrations than females with mood/anxiety disorders but no SUD,inconclusive,biomedical science,psychoneuroimmunology,"The authors state ""One out of the three biomarker findings fully replicated, wherein females with SUD exhibited lower CRP concentrations than females without SUD."" However, ""regression models for IL-8 and IL-10 did not replicate,"" though IL-8 showed the expected direction in simple regression. This constitutes a partial replication with mixed results across the three biomarkers."
10.1016/j.expneurol.2011.09.019,https://doi.org/10.1016/j.expneurol.2011.09.019,True,https://doi.org/10.1073/pnas.96.23.13486,"Benowitz, L.; Goldberg, D.; Madsen, J.; Soni, D.; Irwin, N.",Inosine stimulates extensive axon collateral growth in the rat corticospinal tract after injury,Proc. Natl. Acad. Sci. U S A,96,23,13486-13490,1999,Intracortical delivery of inosine promotes trans-midline growth of corticospinal tract axons in the spinal cord after unilateral injury to the medullary pyramid,failure,neuroscience,neurophysiology,"The authors explicitly state in their Discussion: ""The present results revealed no evidence that intracortical delivery of inosine triggered extensive growth of CST axons across the astroglial boundary at the midline of the dorsal column following unilateral pyramidotomy, as reported by Benowitz et al."" and conclude ""The present results fail to confirm the report of Benowitz et al."""
10.1016/j.heliyon.2024.e32467,https://doi.org/10.1016/j.heliyon.2024.e32467,True,https://doi.org/10.3389/fpsyg.2020.01415,"Sindermann, C.; Kuss, D.; Throuvala, M.; Griffiths, M.; Montag, C.",Should we pay for our social media/messenger applications? Preliminary data on the acceptance of an alternative to the current prevailing data business model,Front. Psychol,11,,,2020,"Social media users show willingness to pay monthly fees for digital wellbeing services including better data protection, less marketing use of their data, design that does not prolong usage time, and reduction of fake news and radicalism",success,psychology,social psychology,"The replication successfully confirmed and extended the original findings. The authors state: ""participants' interest in paying for social media digital wellbeing features is higher now compared to earlier. Specifically, there is a significant difference in participants' total score of willingness to pay for social media platforms in 2022 compared to 2020"" and ""The study...found significantly higher scores in participants' willingness to pay for social media and messenger services in 2022."""
10.1016/j.humov.2023.103074,https://doi.org/10.1016/j.humov.2023.103074,True,https://doi.org/10.1080/08351813.2017.1262130,"Stevanovic, M.; Himberg, T.; Niinisalo, M.; Kahri, M.; Peräkylä, A.; Sams, M.; Hari, R.","Sequentiality, mutual visibility, and behavioral matching: Body sway and pitch register during joint decision making",Research on Language and Social Interaction,50,1,33-53,2017,Body sway matching is higher during decision-making phases than during search phases in dyadic joint decision-making conversations,success,linguistics,conversation analysis,"The authors explicitly state in their conclusion: 'the results of [29] could be replicated in a German-speaking population' and 'With this study we could confirm higher matching of body sway during decision than search phases.' The replication found statistically significant effects (p = 0.043 for WCC, p < 0.001 for COM acceleration) in the same direction as the original study."
10.1016/j.isci.2024.110532,https://doi.org/10.1016/j.isci.2024.110532,True,https://doi.org/10.1016/j.cub.2011.03.017,"Kanai, R.; Feilden, T.; Firth, C.; Rees, G.",Political orientations are correlated with brain structure in young adults,Curr. Biol,21,8,677-680,2011,Conservatives show larger gray matter volume in the right amygdala compared to liberals,success,neuroscience,cognitive neuroscience,"The authors explicitly state they 'preregistered and replicated the finding that amygdala gray matter volume correlatives positively with conservatism' and that 'The current replication study using a fairly large and politically diverse dataset adds partial support to this hypothesis.' Despite a smaller effect size than the original, the replication was statistically significant (p = 0.041) in the expected direction."
10.1016/j.isci.2024.110532,https://doi.org/10.1016/j.isci.2024.110532,True,https://doi.org/10.1016/j.cub.2011.03.017,"Kanai, R.; Feilden, T.; Firth, C.; Rees, G.",Political orientations are correlated with brain structure in young adults,Curr. Biol,21,8,677-680,2011,Liberals show larger gray matter volume in the anterior cingulate cortex (ACC) compared to conservatives,failure,neuroscience,cognitive neuroscience,"The authors clearly state 'we failed to replicate the negative correlation between conservatism and the ACC' and 'we still fail to replicate this relationship' (p = 0.685). The exploratory and confirmatory data splits did not align, and the authors explicitly rejected the link between social ideology and ACC."
10.1016/j.jad.2021.04.063,https://doi.org/10.1016/j.jad.2021.04.063,True,https://doi.org/10.1016/j.jad.2016.01.007,"Lazarov, A.; Abend, R.; Bar-Haim, Y.",Social anxiety is related to increased dwell time on socially threatening faces,Journal of Affective Disorders,193,,282-288,2016,"Individuals with social anxiety disorder dwell longer on socially threatening (disgust) faces compared to neutral faces when viewing face matrices, as measured by eye-tracking total dwell time",success,psychology,social psychology,"The authors explicitly state 'The attempt was successful, as results were consistent with the findings from the original study.' The replication found the same significant group-by-AOI interaction effect, with SAD patients dwelling significantly longer on threat faces compared to healthy controls, and results remained significant after controlling for depression."
10.1016/j.jcomdis.2015.05.004,https://doi.org/10.1016/j.jcomdis.2015.05.004,True,https://doi.org/10.1044/jshr.1501.194,"Locke, J.",Ease of articulation,Journal of speech and hearing research,15,1,194-200,1972,"Adults can reliably rate the ease of articulation of consonant sounds, and these ease ratings correlate positively with the order in which children acquire speech sounds",success,linguistics,developmental psychology,"The authors explicitly state: ""We were able to replicate the results of Locke's experiments, with especially close replication of Experiment 2."" Experiment 2 showed a very high positive correlation (rs=.93, p<.000001) described as ""nearly perfect,"" while Experiment 1 showed a moderate positive correlation (rs=.69, p<0.00038)."
10.1016/j.jesp.2020.104066,https://doi.org/10.1016/j.jesp.2020.104066,True,https://doi.org/10.1016/j.obhdp.2004.12.002,"Mussweiler, T.; Englich, B.",Subliminal anchoring: Judgmental consequences and underlying mechanisms,Organizational Behavior and Human Decision Processes,98,2,133-143,2005,Subliminally presented numeric anchors (without conscious awareness or deliberate processing) bias subsequent numeric estimates toward the anchor value,failure,psychology,judgment and decision making,"The authors explicitly state in their general discussion: ""In two high-powered, preregistered, close replications, we found no evidence for subliminal anchoring."" For Study 1, they report ""there was no sign of anchoring-even after we excluded outliers and controlled for whether participants saw the flickering-as inconsistent with the claim that subliminal anchoring exists."""
10.1016/j.jesp.2020.104066,https://doi.org/10.1016/j.jesp.2020.104066,True,https://doi.org/10.1016/j.jesp.2005.05.001,"Reitsma-Van Rooijen, M.; Daamen, D.; L.",Subliminal anchoring: The effects of subliminally presented numbers on probability estimates,Journal of Experimental Social Psychology,42,3,380-387,2006,Subliminal anchoring effects occur only when participants are under time pressure to provide their estimates quickly,failure,psychology,judgment and decision making,"The authors state in the Study 2 discussion: ""In our high-powered, preregistered, close replication of [Reitsma-van Rooijen et al. 2006], we could not replicate the subliminal anchoring effect that they reported for participants who had to provide their estimates quickly."" The general discussion confirms: ""we found no evidence for subliminal anchoring."""
10.1016/j.jesp.2023.104549,https://doi.org/10.1016/j.jesp.2023.104549,True,https://doi.org/10.1016/j.cognition.2014.08.006,"Swami, V.; Voracek, M.; Stieger, S.; Tran, U.; Furnham, A.",Analytic thinking reduces belief in conspiracy theories,Cognition,133,3,572-585,2014,Priming analytic thinking through a scrambled sentence verbal fluency task reduces belief in conspiracy theories,failure,psychology,social psychology,"The authors found no evidence that the scrambled sentence task reduced conspiracy beliefs. They state: ""we found no evidence for the hypothesis that priming analytical thinking through either the scrambled sentence task... reduced such beliefs. On the contrary, Bayesian analyses showed moderate-to-strong evidence for the null hypotheses."""
10.1016/j.jesp.2023.104549,https://doi.org/10.1016/j.jesp.2023.104549,True,https://doi.org/10.1016/j.cognition.2014.08.006,"Swami, V.; Voracek, M.; Stieger, S.; Tran, U.; Furnham, A.",Analytic thinking reduces belief in conspiracy theories,Cognition,133,3,572-585,2014,Priming analytic thinking through difficult-to-read (disfluent) fonts reduces belief in conspiracy theories,failure,psychology,social psychology,"The authors found no evidence that disfluent fonts reduced conspiracy beliefs. They conclude: ""we found no evidence for the hypothesis that priming analytical thinking through... the use of difficult-to-read fonts... reduced such beliefs"" and found ""moderate-to-strong evidence for the null hypotheses in both studies."""
10.1016/j.jlr.2025.100913,https://doi.org/10.1016/j.jlr.2025.100913,True,https://doi.org/10.1038/s41598-017-11766-0,Sugasini D; Thomas R; Yalagala P; Tai L; Subbaiah P,"Dietary docosahexaenoic acid (DHA) as lysophosphatidylcholine, but not as free acid, enriches brain DHA and improves memory in adult mice",Sci. Rep,7,1,11263,2017,Dietary sn-1 lysophosphatidylcholine-DHA increases brain DHA levels by approximately 100% (relative percent) and up to 200% (concentration) compared to free DHA or control,failure,neuroscience,neuroscience,"The authors explicitly state in the Discussion: ""we observed no significant differences in DHA concentration or relative percent in any brain region between control and treatment groups"" and ""our results do not support the claim that PL-DHA forms significantly increase brain DHA levels under rigorously matched experimental conditions."""
10.1016/j.jlr.2025.100913,https://doi.org/10.1016/j.jlr.2025.100913,True,https://doi.org/10.1016/j.jnutbio.2019.108231,Sugasini D; Yalagala P; Goggin A; Tai L; Subbaiah P,Enrichment of brain docosahexaenoic acid (DHA) is highly dependent upon the molecular carrier of dietary DHA: Lysophosphatidylcholine is more efficient than either phosphatidylcholine or triacylglycerol,J. Nutr. Biochem,74,,108231,2019,Di-DHA phosphatidylcholine increases brain DHA levels by approximately 35% compared to triacylglycerol-DHA,failure,neuroscience,neuroscience,"The authors conclude: ""we failed to reproduce the finding by Subbaiah et al. of increased brain DHA upon administration of di-DHA-PC"" and ""no significant differences in DHA relative percent or concentration were observed between control and treatment groups in any brain region."""
10.1016/j.jpain.2021.12.009,https://doi.org/10.1016/j.jpain.2021.12.009,True,,"Rabbitts, J.; Zhou, C.; Groenewald, C.; Durkin, L.; Palermo, T.",Trajectories of postsurgical pain in children: Risk factors and impact of late pain recovery on long-term health outcomes after major surgery,Pain,156,,2383-2389,2015,Two distinct postsurgical pain trajectories emerge in adolescents following major surgery: one group experiences declining pain while another experiences high and persistent pain with poorer long-term health outcomes,success,medicine,medicine,"The authors explicitly state in the Discussion: 'This study replicated results from the prior Rabbitts et al. study in a larger sample of adolescents, finding two post-surgical pain trajectories including one with High and Persistent Pain, with an estimated 1 in 5 chance of experiencing high and persistent pain over the year following major surgery.'"
10.1016/j.jsams.2024.07.018,https://doi.org/10.1016/j.jsams.2024.07.018,False,,,,,,,,,,,,,
10.1016/j.neures.2009.07.009,https://doi.org/10.1016/j.neures.2009.07.009,True,https://doi.org/10.1016/j.neures.2008.08.006,"Takahashi, H.; Iwase, M.; Ishii, R.; Ohi, K.; Fukumoto, M.; Azechi, M.; Ikezawa, K.; Kurimoto, R.; Canuet, L.; Nakahachi, T.; Iike, N.; Tagami, S.; Morihara, T.; Okochi, M.; Tanaka, T.; Kazui, H.; Yoshida, T.; Tanimukai, H.; Yasuda, Y.; Kudo, T.; Hashimoto, R.; Takeda, M.",Impaired prepulse inhibition and habituation of acoustic startle response in Japanese patients with schizophrenia,Neurosci. Res,62,3,187-194,2008,Japanese schizophrenic patients show reduced habituation (HAB) and prepulse inhibition (PPI) of the acoustic startle response compared to healthy controls,success,neuroscience,behavioral neuroscience,"The authors explicitly state in their conclusion: ""we were able to replicate the HAB impairment and PPI deficit in chronic Japanese schizophrenic patients"" and found significant differences for all startle measures (ASR, HAB, and PPI at 82, 86, and 90 dB) between patients and controls."
10.1016/j.neuron.2020.02.028,https://doi.org/10.1016/j.neuron.2020.02.028,False,,,,,,,,,,,,,
10.1016/j.nlm.2017.07.014,https://doi.org/10.1016/j.nlm.2017.07.014,True,https://doi.org/10.1126/science.1167975,"Monfils, M.; Cowansage, K.; Klann, E.; Ledoux, J.",Extinction-reconsolidation boundaries: key to persistent attenuation of fear memories,Science,324,5929,951-955,2009,"A single retrieval trial one hour before extinction training results in persistent attenuation of conditioned fear memory, preventing spontaneous recovery of fear after one month",failure,neuroscience,behavioral neuroscience,"The authors explicitly state: ""Overall, we did not find any evidence for reduced return of fear with the retrieval-extinction procedure, as assessed with spontaneous recovery, reinstatement and renewal... Taken together, we did not reproduce the findings of Monfils and colleagues, even though we copied their procedures as closely as possible."""
10.1016/j.nlm.2017.07.014,https://doi.org/10.1016/j.nlm.2017.07.014,True,https://doi.org/10.1126/science.1167975,"Monfils, M.; Cowansage, K.; Klann, E.; Ledoux, J.",Extinction-reconsolidation boundaries: key to persistent attenuation of fear memories,Science,324,5929,951-955,2009,A single retrieval trial one hour before extinction training prevents reinstatement of conditioned fear memory after exposure to aversive stimuli,failure,neuroscience,behavioral neuroscience,"The authors found no evidence for the retrieval-extinction effect on reinstatement. They state: ""In our hands, both groups showed similar reinstatement of cued fear... our data do not support a significant attenuation of reinstatement in the Ret group as compared with the NoRet group."""
10.1016/j.nlm.2017.07.014,https://doi.org/10.1016/j.nlm.2017.07.014,True,https://doi.org/10.1126/science.1167975,"Monfils, M.; Cowansage, K.; Klann, E.; Ledoux, J.",Extinction-reconsolidation boundaries: key to persistent attenuation of fear memories,Science,324,5929,951-955,2009,A single retrieval trial one hour before extinction training prevents renewal of conditioned fear memory when tested in a different context from extinction,failure,neuroscience,behavioral neuroscience,"The authors found no evidence for the retrieval-extinction effect on renewal. They state: ""Our data do not support an attenuation of spontaneous recovery nor renewal in the Ret group as compared with the NoRet group"" and ""we were unable to reproduce the recovery-attenuating effect of the retrieval-extinction procedure."""
10.1016/j.nlm.2019.107105,https://doi.org/10.1016/j.nlm.2019.107105,True,https://doi.org/10.1101/lm.038513.115,"Alfei, J.; Monti, F.; Molina, R.; Bueno, V.; Urcelay, A.; G.",Prediction error and trace dominance determine the fate of fear memories after post-training manipulations,Learning & Memory,22,8,385-400,2015,Post-reactivation systemic administration of midazolam induces amnesia for contextual fear memories in rats,failure,neuroscience,behavioral neuroscience,"The authors conclude: ""we failed to obtain clear evidence for post-reactivation amnesia using systemic administration of drugs."" Even in the two experiments (JA11, JA12) performed in the same lab as the original studies that showed marginal statistical significance with one-sided tests, ""the obtained effect sizes are markedly smaller than those reported in published studies"" and two-sided tests (as used in originals) were non-significant (p=.096, p=.074)."
10.1016/j.nlm.2019.107105,https://doi.org/10.1016/j.nlm.2019.107105,True,https://doi.org/10.1101/lm.045385.117,"Ferrer Monti, R.; Alfei, J.; Mugnaini, M.; Bueno, A.; Beckers, T.; Urcelay, G.; Molina, V.",A comparison of behavioral and pharmacological interventions to attenuate reactivated fear memories,Learning & Memory,24,8,369-374,2017,Post-reactivation systemic administration of midazolam induces amnesia for contextual fear memories in rats,failure,neuroscience,behavioral neuroscience,"Multiple exact replication attempts failed. The authors state: ""we obtained no evidence for the induction of amnesia by post-reactivation MDZ administration, despite following the methodology of previous, successful studies as precisely as possible."" Even in experiments JA11 and JA12 that showed marginal effects, ""the obtained effect sizes were smaller than those reported in prior publications."""
10.1016/j.nlm.2019.107105,https://doi.org/10.1016/j.nlm.2019.107105,True,https://doi.org/10.1038/npp.2012.63,"Stern, C.; Gazarini, L.; Takahashi, R.; Guimarães, F.; Bertoglio, L.",On disruption of fear memory by reconsolidation blockade: Evidence from cannabidiol treatment,Neuropsychopharmacology,37,9,2132-2142,2012,Post-reactivation systemic administration of midazolam induces amnesia for contextual fear memories in rats,failure,neuroscience,behavioral neuroscience,"In experiment NS11, an exact replication of Stern et al. (2012), ""visual inspection of the graphs shows that SAL rats showed lower freezing at test compared to MDZ rats, a pattern opposite to the findings reported in the original paper."" Statistical tests provided ""no evidence for an amnestic effect of MDZ"" with Bayesian analysis suggesting ""anecdotal evidence for the absence of an amnestic effect."""
10.1016/j.schres.2004.12.007,https://doi.org/10.1016/j.schres.2004.12.007,True,https://doi.org/10.1016/s0920-9964(01)00217-1,"De Leon, J.; Diaz, F.; Rogers, T.; Browne, D.; Dinsmore, L.",Initiation of daily smoking and nicotine dependence in schizophrenia and mood disorders,Schizophr. Res,56,1-2,47-54,2002,Schizophrenia vulnerability is associated with higher risk of initiating daily smoking after 20 years of age,success,medicine,neuroscience,"The authors explicitly state in the Discussion that ""The above conclusions are consistent with those from the previous US study [3]"" and in the Conclusion that ""This Spanish replication of US results suggests that vulnerability to schizophrenia may be associated with a higher risk of becoming a daily smoker."" The replication found significantly different cumulative hazard curves (p<0.001) with higher smoking initiation rates after age 20 in schizophrenia patients, consistent with the original US findings."
10.1016/j.ynirp.2022.100109,https://doi.org/10.1016/j.ynirp.2022.100109,True,https://doi.org/10.1111/ejn.15049,"Boayue, N.; Csifcsák, G.; Kreis, I.; Schmidt, C.; Finn, I.; Hovde Vollsund, A.; Mittner, M.","The interplay between executive control, behavioural variability and mind wandering: insights from a high-definition transcranial direct-current stimulation study",Eur. J. Neurosci,,,,2020,High-definition transcranial direct current stimulation (HD-tDCS) over the left dorsolateral prefrontal cortex reduces mind wandering propensity during a finger-tapping random sequence generation task,failure,neuroscience,cognitive neuroscience,"The authors explicitly state: ""we did not find any effect on the propensity to mind wander in the real relative to the sham stimulation group during the stimulation block"" and conclude that ""the earlier finding by [8] was most likely a statistical fluke."" When combining their data with the original study (N=160), ""the combined analysis also failed to show an effect of HD-tDCS on the propensity to MW."""
10.1016/j.ynirp.2022.100139,https://doi.org/10.1016/j.ynirp.2022.100139,True,https://doi.org/10.1093/scan/nsv133,Ulrich M; Keller J; Grön G,Neural signatures of experimentally induced flow experiences identified in a typical fMRI block design with BOLD imaging,Soc. Cognit. Affect Neurosci,11,3,496-507,2016,"During experimentally induced flow states, an inverted U-shaped pattern of neural activation occurs, with greater activation during flow compared to boredom and overload conditions in brain regions including dorsolateral prefrontal cortex, anterior insula, and parietal cortex",success,neuroscience,cognitive neuroscience,"The authors report 'decisive evidence for the replication' of the inverted U-shaped flow effect with replication Bayes factors above 300. In the Conclusion, they state 'both major flow effects on neural activation could be very well replicated.'"
10.1016/j.ynirp.2022.100139,https://doi.org/10.1016/j.ynirp.2022.100139,True,https://doi.org/10.1093/scan/nsv133,Ulrich M; Keller J; Grön G,Neural signatures of experimentally induced flow experiences identified in a typical fMRI block design with BOLD imaging,Soc. Cognit. Affect Neurosci,11,3,496-507,2016,"During experimentally induced flow states, a U-shaped pattern of neural activation occurs, with lower activation during flow compared to boredom and overload conditions in brain regions including medial prefrontal cortex, ventral striatum, amygdala, and cingulate cortex",success,neuroscience,cognitive neuroscience,"The authors report 'decisive evidence for the replication' of the U-shaped flow effect with replication Bayes factors above 300. In the Conclusion, they state 'both major flow effects on neural activation could be very well replicated.'"
10.1016/j.ynstr.2023.100528,https://doi.org/10.1016/j.ynstr.2023.100528,True,https://doi.org/10.1523/JNEUROSCI.0979-09.2009,"Schwabe, L.; Wolf, O.",Stress prompts habit behavior in humans,J. Neurosci,29,22,7191-7198,2009,"Acute stress exposure before instrumental learning causes participants to become insensitive to outcome devaluation, leading to more habitual (rather than goal-directed) responding",failure,psychology,cognitive psychology,"The authors explicitly state: ""In contrast to our hypotheses, the results of both experiments failed to provide evidence that acute stress prompts habitual behavior, with additional Bayesian analyses providing substantial evidence for the null hypotheses."" They conclude: ""We failed to replicate the findings from the original studies."""
10.1016/j.ynstr.2023.100528,https://doi.org/10.1016/j.ynstr.2023.100528,True,https://doi.org/10.1016/j.psyneuen.2009.12.010,"Schwabe, L.; Wolf, O.",Socially evaluated cold pressor stress after instrumental learning favors habits over goal-directed action,Psychoneuroendocrinology,35,,977-986,2010,Acute stress exposure after instrumental learning and outcome devaluation leads to more habitual responses during extinction testing,failure,psychology,cognitive psychology,"The authors state: ""the stress and no-stress groups responded indifferently to valued and devalued outcomes"" and ""We failed to replicate the original pattern of results."" The replication found no evidence that stress induced habitual behavior control, with Bayesian analyses supporting the null hypothesis."
10.1016/s0272-6963(98)00032-1,https://doi.org/10.1016/s0272-6963(98)00032-1,True,https://doi.org/10.1111/j.1540-5915.1995.tb01444.x,"Anderson, J.; Rungtusanatham, M.; Schroeder, R.; Devaraj, S.",A path analytic model of a theory of quality management underlying the Deming management method,Decision Sci,26,5,637-658,1995,"Visionary leadership enables organizational cooperation and learning, which facilitate process management practices, which in turn result in continuous improvement and employee fulfillment, ultimately leading to customer satisfaction",inconclusive,management,operations management,"Only Proposition 1 received full empirical support, whereas the remaining three propositions received mixed empirical support. The authors state 'consistent empirical support for four of the eight hypothesized paths can be observed between the U.S. sample and the Italian sample,' indicating partial replication success."
10.1017/jdm.2025.10011,https://doi.org/10.1017/jdm.2025.10011,False,,,,,,,,,,,,,
10.1017/s0033291720003578,https://doi.org/10.1017/s0033291720003578,True,https://doi.org/10.1093/schbul/sbj021,"Van Dael, F.; Versmissen, D.; Janssen, I.; Myin-Germeys, I.; Van Os, J.; Krabbendam, L.",Data gathering: Biased in psychosis?,Schizophrenia Bulletin,32,2,341-351,2006,"JTC (jumping to conclusions) bias is associated with familial liability for psychosis, particularly in siblings of patients with schizophrenia spectrum disorder, and this association is contingent on the presence of delusional ideation",success,psychology,clinical psychology,"The authors explicitly state in the Discussion: 'The results replicate earlier findings from the study by [Van Dael et al. 2006], in which JTC bias was similarly found to be associated with psychosis liability... and in which a similar interaction was observed between psychosis liability and evidence of delusional ideation.' The conclusion further confirms: 'these findings replicate earlier findings that JTC bias is associated with familial liability for psychosis and that this is contingent on the degree of delusional ideation.'"
10.1017/s0958344023000071,https://doi.org/10.1017/s0958344023000071,True,https://doi.org/10.64152/10125/44748,"Łodzikowski, K.",Association between allophonic transcription tool use and phonological awareness level,Language Learning & Technology,25,1,20-30,2021,Use of an allophonic transcription tool is associated with increased phonological awareness in Polish learners of English,inconclusive,linguistics,phonetics and phonology,"The authors state 'the results were reproducible but not successful' and conclude that 'to a certain extent, we recreated the results of the original study,' but emphasize that 'results in the original study should be read cautiously and as those of an exploratory study' due to sample size limitations and multicollinearity issues. This represents qualified, limited support rather than clear success or failure."
10.1017/thg.2016.80,https://doi.org/10.1017/thg.2016.80,True,https://doi.org/10.1017/thg.2015.66,"Wadsworth, S.; DeFries, J.; Willcutt, E.; Pennington, B.; Olson, R.",The Colorado Longitudinal Twin Study of Reading Difficulties and ADHD: Etiologies of Comorbidity and Stability,Twin Research and Human Genetics,18,6,755-761,2015,"Genetic influences account for more than 60% of reading deficits at initial assessment and substantially influence the stability of reading difficulties over time, with genetic factors also mediating the comorbidity between reading difficulties and ADHD inattention symptoms",success,genetics,behavioral genetics,"The authors explicitly state in their conclusion: ""Our previous findings of substantial genetic influences for reading deficits and their longitudinal stability are clearly replicated in this independent analysis of twin data."" They report that ""the overall pattern of results, and indeed most estimates, are highly similar"" between the original CLDRC study and the replication ILTS study."
10.1017/xps.2022.35,https://doi.org/10.1017/xps.2022.35,True,https://doi.org/10.1017/XPS.2017.21,"Ihme, T.; Tausendpfund, M.",Gender Differences in Political Knowledge: Bringing Situation Back In,Journal of Experimental Political Science,5,1,39-55,2018,Activation of negative gender stereotypes reduces women's performance on political knowledge tests and eliminates the gender gap in political knowledge,failure,political science,experimental philosophy,"The authors explicitly state: ""we find no evidence that activation of gender stereotypes affects participants' performance in a political knowledge test. Indeed, we find evidence of absence of this effect."" Both Stage 1 (N=671) and Stage 2 (pooled N=1,502) failed to replicate the stereotype activation effect, and Bayesian analyses strongly favored the null hypothesis (replication BF = 0.007, meaning data are 143 times better predicted by the null than the original effect)."
10.1027/1618-3169/a000554,https://doi.org/10.1027/1618-3169/a000554,True,https://doi.org/10.1037/0096-1523.25.4.1005,"Tremblay, S.; Jones, D.",Change of intensity fails to produce an irrelevant sound effect: Implications for the representation of unattended sound,Journal of Experimental Psychology: Human Perception and Performance,25,4,1005-1015,1999,The changing-state effect (increased disruption of serial recall by changing-state sequences relative to steady-state sequences) is independent of the intensity at which auditory distractors are presented,success,psychology,cognitive psychology,"The authors explicitly state in the Discussion: ""we replicated the finding that the increased disruption by changing-state relative to steady-state sequences (i.e., the changing-state effect) is independent of intensity"" and conclude ""we have successfully replicated that the increased disruption by changing-state relative to steady-state sequences is independent of the intensity."""
10.1027/1618-3169/a000569,https://doi.org/10.1027/1618-3169/a000569,True,https://doi.org/10.1007/BF00431763,"Parker, E.; Morihisa, J.; Wyatt, R.; Schwartz, B.; Weingartner, H.; Stillman, R.",The alcohol facilitation effect on memory: A dose-response study,Psychopharmacology,74,1,88-92,1981,Alcohol consumption following learning enhances performance on a delayed subsequent memory test (retrograde facilitation effect),inconclusive,psychology,cognitive psychology,"The authors report mixed results: ""we failed to replicate the original finding by [39] using conventional measures of memory performance (i.e., cued and free recall), we did find clear-cut evidence in favor of an underlying retrieval benefit."" They conclude that ""our mixed pattern of results best resonates with the idea that alcohol-induced retrograde facilitation really exists but is limited to a retrieval benefit."""
10.1027/1618-3169.51.2.109,https://doi.org/10.1027/1618-3169.51.2.109,True,https://doi.org/10.1006/jesp.1996.0005,"Bargh, J.; Chaiken, S.; Raymond, P.; Hymes, C.",The automatic evaluation effect: Unconditional automatic attitude activation with a pronunciation task,"Behavior Research Methods, Instruments, and Computers",32,1,332-334,1990,"Valenced target words are pronounced faster after presentation of an affectively related prime word than after an affectively unrelated prime word, demonstrating goal-independent automatic attitude activation",failure,psychology,social psychology,"The authors explicitly state ""we failed to obtain significant affective priming of pronunciation responses"" and note that ""the crucial interaction between prime valence and target valence failed to reach significance, F(1, 43) = 1.95, p > .17."" They conclude this is a ""statistically reliable null finding"" with power > .995 that ""seriously questions the reliability of the affective priming effect in the pronunciation task."""
10.1037/0021-843x.113.1.145,https://doi.org/10.1037/0021-843x.113.1.145,True,https://doi.org/10.1037/0021-843x.112.2.228,"Beach, S. R. H.; Amir, N.","Is depression taxonic, dimensional, or both",Journal of Abnormal Psychology,112,2,228-236,2003,"Involuntary defeat syndrome (IDS), as measured by six somatic Beck Depression Inventory items, represents a small latent taxon (a categorical depressive subtype) rather than a dimensional construct",failure,psychology,clinical psychology,"The authors state: ""The present results closely mirrored those obtained by Beach and Amir, but parallel analysis of simulated comparison data clearly revealed these results to be more indicative of dimensional than taxonic structure. Further replication within a clinical sample... similarly refuted Beach and Amir's original taxonic interpretation of IDS."""
10.1037/a0017172,https://doi.org/10.1037/a0017172,True,https://doi.org/10.1037/0096-1523.34.2.340,"Fernandez-Duque, D.; Knight, M.","Cognitive control: Dynamic, sustained, and voluntary influences",Journal of Experimental Psychology: Human Perception and Performance,34,2,340-355,2008,"A cue predicting conflict in an upcoming flanker task modulates conflict regulation in a subsequent number Stroop task, demonstrating across-task anticipatory cognitive control.",failure,psychology,cognitive psychology,"The authors explicitly state in the General Discussion: ""We found no evidence for a carry-over effect of anticipatory cognitive control. In all three experiments, the size of the number congruency effect was statistically identical for cues that signaled hard flanker trials and cues that signaled easy flanker trials."""
10.1037/a0027687,https://doi.org/10.1037/a0027687,True,https://doi.org/10.1037/a0018167,"Walters, G.",Dementia: Continuum or distinct entity?,Psychology and Aging,25,3,534-544,2010,Dementia has a dimensional (continuous) rather than categorical latent structure,reversal,psychology,neuropsychology,"The replication found the opposite result from the original study. The authors state: ""In contrast to the findings reported by Walters (2010), who found evidence to suggest that the construct of dementia is best conceptualized as a continuous variable, our replication of these analyses supports the notion that dementia is a discrete categorical entity"" (CCFI values of .751 vs Walters' .245)."
10.1037/a0028072,https://doi.org/10.1037/a0028072,True,https://doi.org/10.1006/jmla.2000.2737,"Jiang, N.; Forster, K.",Cross-language priming asymmetries in lexical decision and episodic recognition,Journal of Memory and Language,44,,32-51,2001,Masked translation priming from L2 (English) to L1 (Chinese) occurs in episodic recognition tasks for studied words but not in lexical decision tasks,success,psychology,cognitive psychology,"The authors explicitly state that 'the most critical of the Jiang and Forster (2001) findings was replicated; L2-L1 priming was found for the old items but not for the new items in an episodic recognition task, and no priming was obtained in a lexical decision task.'"
10.1037/a0031138,https://doi.org/10.1037/a0031138,True,https://doi.org/10.3758/MC.37.1.65,"Campbell, J.; Phenix, T.",Target strength and retrieval-induced forgetting in semantic recall,Memory & Cognition,37,,65-72,2009,"A single retrieval of unpracticed multiplication problems produces much larger retrieval-induced forgetting (RIF) of their addition counterparts compared to many retrieval-practice trials (hyper-RIF effect, approximately 200% greater RIF)",failure,psychology,cognitive psychology,"The authors explicitly state: ""Most important in the present context, neither group presented evidence of the hyper-RIF effect reported by Campbell and Phenix (2009)"" and ""The present failure to observe hyper-RIF in arithmetic memory aligns with the previous failures of Experiment 1 to replicate the effect."" Two experiments failed to replicate the hyper-RIF phenomenon despite careful attempts to recreate the original conditions."
10.1037/pspp0000371,https://doi.org/10.1037/pspp0000371,True,https://doi.org/10.1016/j.biopsych.2004.11.026,Pizzagalli D; Jahn A; Shea O; J,Toward an objective characterization of an anhedonic phenotype: A signal-detection approach,Biological Psychiatry,57,,319-327,2005,Depression and melancholic symptoms are negatively associated with reward sensitivity (response bias) in a probabilistic reward task,failure,psychology,clinical psychology,"The authors explicitly state: ""we found no associations between response-bias variables and BDI and replicated none of the significant effects from the original study"" and conclude that ""these null findings suggest that the original results may have been false positives."""
10.1037/xge0000027,https://doi.org/10.1037/xge0000027,True,https://doi.org/10.1111/j.1467-9280.2007.01983.x,"Shariff, A.; Norenzayan, A.",God is watching you: Priming God concepts increases prosocial behavior in an anonymous economic game,Psychological Science,18,,803-809,2007,Religious priming via scrambled sentence tasks containing religious words increases generosity in anonymous dictator game allocations.,failure,psychology,social psychology,"The authors explicitly state they ""did not find a statistically significant effect for religious priming"" and ""were unable to reproduce the positive significant effect of religious priming on generosity in dictator games that Shariff & Norenzayan discovered."" All statistical comparisons were nonsignificant (p = .53, .56, .24)."
10.1037/xge0000102,https://doi.org/10.1037/xge0000102,True,https://doi.org/10.1016/S0022-1031%2802%2900011-2,"Kühnen, U.; Oyserman, D.",Thinking about the self influences thinking in general: Cognitive consequences of salient self-concept,Journal of Experimental Social Psychology,38,,492-499,2002,Priming a collectivistic social orientation (compared with an individualistic one) boosts object-location memory,failure,psychology,social psychology,"The authors conclude in the General Discussion: ""social orientation priming had little influence on memory"" and ""Any effects of social orientation priming on object-location memory are likely smaller than previously thought."" Across four well-powered experiments, they found no significant priming effects on memory, even with an exact replication in Experiment 4."
10.1037/xge0000102,https://doi.org/10.1037/xge0000102,True,https://doi.org/10.1037/a0015850,"Oyserman, D.; Sorensen, N.; Reber, R.; Chen, S.",Connecting and separating mind-sets: Culture as situated cognition,Journal of Personality and Social Psychology,97,,217-235,2009,Priming a collectivistic social orientation (compared with an individualistic one) boosts object-location memory,failure,psychology,social psychology,"The authors conclude in the General Discussion: ""social orientation priming had little influence on memory"" and ""Any effects of social orientation priming on object-location memory are likely smaller than previously thought."" Across four well-powered experiments, they found no significant priming effects on memory, even with an exact replication in Experiment 4."
10.1037/xge0001503,https://doi.org/10.1037/xge0001503,True,https://doi.org/10.1038/oby.2005.12,"Wansink, B.; Painter, J.; North, J.",Bottomless bowls: Why visual cues of portion size may influence intake,Obesity Research,13,1,93-100,2005,"Visual cues of portion size influence food intake, such that people eating from imperceptibly self-refilling bowls consume more soup than those eating from normal bowls without perceiving differences in consumption or satiation",success,psychology,social psychology,"The authors explicitly state in their Discussion: 'The results of the present study did replicate the key finding from Wansink et al.' and 'We therefore deem this replication successful.' The main effect replicated with statistical significance (d = 0.45, which exceeded their preregistered threshold of d = 0.42 for success), showing participants in self-refilling bowls consumed 32% more soup than controls."
10.1038/s41467-024-46936-y,https://doi.org/10.1038/s41467-024-46936-y,True,https://doi.org/10.1007/s00213-019-05301-4,"Gerlicher, A.; Tüscher, O.; Kalisch, R.",L-DOPA improves extinction memory retrieval after successful fear extinction,Psychopharmacology,,,,2019,"Post-extinction L-DOPA administration improves extinction memory retrieval 24 hours later, increases spontaneous post-extinction vmPFC reactivations, and this mediates the effect of L-DOPA on extinction memory retrieval",inconclusive,neuroscience,behavioral neuroscience,"Only 1 of 3 preregistered hypotheses was confirmed: vmPFC reactivations predicted extinction retrieval, but at 90 min rather than 45 min as in the original. The primary hypothesis—that L-DOPA improves extinction retrieval—was not confirmed in preregistered analyses. The authors state: ""We could not replicate the facilitating effect of L-DOPA on extinction retrieval (hypothesis 1) and on the number of vmPFC reactivations (hypothesis 3)."" Non-preregistered analyses found L-DOPA effects only when controlling for trait salivary alpha-amylase."
10.1038/s41562-020-0823-z,https://doi.org/10.1038/s41562-020-0823-z,True,https://doi.org/10.1126/science.1157627,"Oxley, D.",Political Attitudes Vary with Physiological Traits,Science,321,5896,1667-1670,2008,Conservatives have stronger physiological responses to threatening stimuli than liberals,failure,psychology,social psychology,"The authors explicitly state ""We, reluctantly, reject the foundational assumption of Oxley et al.'s work."" They found no statistically significant association between skin conductance response and social conservatism (b=.01, p=.62), with their standardized coefficient being 37 times smaller than the original effect. Bayes factors provided moderate to strong evidence in favor of the null hypothesis across multiple samples and 16 robustness checks."
10.1038/s41562-020-0878-x,https://doi.org/10.1038/s41562-020-0878-x,True,https://doi.org/10.1038/nature03701,"Kosfeld, M.; Heinrichs, M.; Zak, P.; Fischbacher, U.; Fehr, E.",Oxytocin increases trust in humans,Nature,435,7042,673-676,2005,Intranasal oxytocin administration increases investors' willingness to trust in a dyadic economic game with real monetary stakes,failure,psychology,social psychology,"The authors explicitly state: ""our preregistered analyses show that the simple and general hypothesis that 'OT increases trust' can no longer be endorsed."" All three a priori hypotheses were not supported (p=0.745, p=0.259, p=0.091), and Bayesian analyses favored the null hypothesis."
10.1038/s41598-022-06119-5,https://doi.org/10.1038/s41598-022-06119-5,True,https://doi.org/10.1101/lm.035493.114,"Sevenster, D.; Beckers, T.; Kindt, M.","Prediction error demarcates the transition from retrieval, to reconsolidation, to new learning",Learn. Mem,21,11,580-584,2014,A single prediction error during memory reactivation followed by propranolol administration triggers memory reconsolidation and reduces fear retention,inconclusive,neuroscience,behavioral neuroscience,"The authors found no evidence for the expected reconsolidation effect in the single PE group, but state ""a straightforward interpretation of these results is complicated by the lack of differential fear retention in the control groups"" and ""the conclusions that we can draw from the current results are limited."" The lack of baseline differential responding prevents definitive interpretation of whether the manipulation failed."
10.1038/s41598-023-38201-x,https://doi.org/10.1038/s41598-023-38201-x,False,,,,,,,,,,,,,
10.1038/s41598-025-25608-x,https://doi.org/10.1038/s41598-025-25608-x,True,https://doi.org/10.2307/1412188,"Triplett, N.",The dynamogenic factors in pacemaking and competition,Am. J. Psychol,9,4,507-533,1898,Completing a task in competition with another participant leads to improved performance compared to completing the task alone (social facilitation effect),success,psychology,social psychology,"The authors explicitly state in their conclusion: ""We replicated the original findings presented by Triplett and provide further evidence for social facilitation and/or competitive coaction effects."" In line with Triplett's original study, participants were significantly faster in the together condition than in the alone condition (p < 0.001), and this effect remained robust even when controlling for practice effects, age, and gender."
10.1038/sdata.2016.129,https://doi.org/10.1038/sdata.2016.129,True,https://doi.org/10.1037/a0030931,"Côté, S.; Piff, P.; Willer, R.",For whom do the ends justify the means? Social class and utilitarian moral judgment,Journal of Personality and Social Psychology,104,3,490-503,2013,"High social class individuals are more likely to use utilitarian moral judgment (choosing actions that benefit the most people at the cost of a few), and this association is reduced when empathy is elicited for the disadvantaged",inconclusive,psychology,social psychology,"The authors explicitly state ""While the results are inconclusive"" and describe the findings as ""mixed."" The first replication (n=226) failed to find the hypothesized interaction effect, while the second replication (n=295) successfully replicated it. The meta-analysis across all three studies (original + two replications) suggested the effect exists but is smaller than originally reported."
10.1046/j.1365-2648.1997.00351.x,https://doi.org/10.1046/j.1365-2648.1997.00351.x,True,https://doi.org/10.1111/j.1365-2648.1987.tb01339.x,"Mogan, J.; Knox, J. E.",Characteristics of 'best' and 'worst' clinical teachers as perceived by university nursing faculty and students,Journal of Advanced Nursing,12,3,331,1987,"The 'best' clinical nursing teachers are good role models who enjoy nursing and teaching, demonstrate clinical skill and judgement, and encourage a climate of mutual respect, while 'worst' teachers lack these characteristics.",success,nursing,nursing education,The authors explicitly state that 'These findings agree with those of Mogan & Knox (1987)' and demonstrate that the most distinguishing characteristics between 'best' and 'worst' clinical teachers (being a good role model and encouraging mutual respect) were consistent with the original study across all measures.
10.1073/pnas.1911695117,https://doi.org/10.1073/pnas.1911695117,True,https://doi.org/10.1073/pnas.1209746109,"Shu, L.; Mazar, N.; Gino, F.; Ariely, D.; Bazerman, M.",Signing at the beginning makes ethics salient and decreases dishonest self-reports in comparison to signing at the end,Proc. Natl. Acad. Sci. U.S.A,109,38,15197-15200,2012,Signing a veracity statement at the beginning (versus the end) of a self-report form decreases dishonest reporting by making ethics more salient,failure,psychology,Behavioral Economics,"The authors explicitly state: ""we conducted one preregistered, high-powered direct replication of experiment 1 of the PNAS paper, in which we failed to replicate the original result."" They found no significant effect on any of the three preregistered outcomes (percent cheating, amount of cheating, expenses reported), with Bayes factors providing substantial support for the null hypothesis."
10.1080/00140139.2021.1909752,https://doi.org/10.1080/00140139.2021.1909752,True,https://doi.org/10.1080/00140139608964474,"Muir, B.; Moray, N.",Experimental Studies of Trust and Human Intervention in a Process Control Simulation,Ergonomics,39,3,429-460,1996,"Trust in automated machines develops through three stages in a specific order: initially from faith, then dependability, and finally predictability",failure,psychology,Human Factors and Ergonomics,"The authors explicitly state in their conclusion: 'This study showed that human-machine trust develops differently from the order suggested by [Muir & Moray 1996]' and 'the obtained data patterns were inconsistent with those reported in Muir and Moray.' Instead of faith governing initial trust, the replication found dependability was consistently the dominant dimension at all time points."
10.1080/00223890902794309,https://doi.org/10.1080/00223890902794309,True,https://doi.org/10.1207/s15327752jpa8001_17,"Hartmann, E.; Sunde, T.; Kristensen, W.; Martinussen, M.",Psychological measures as predictors of military training performance,Journal of Personality Assessment,80,1,88-99,2003,"Rorschach variables measuring stress tolerance, reality testing, and deviant cognition predict pass-fail outcomes in Norwegian Naval Special Forces training, while Big Five personality scales do not predict training outcomes",success,psychology,differential psychology,"The authors explicitly state in their discussion: 'This study confirms and strengthens the conclusion from the index study that Rorschach variables are valid predictors of military training performance.' They found the same four Rorschach variables (m, XA%, X-%, and WSum6-Lv2) were significant predictors as in the original study, and like the original, Big Five scales showed no significant correlations."
10.1080/02687038.2010.536841,https://doi.org/10.1080/02687038.2010.536841,True,https://doi.org/10.1177/0956797611404897,"Duff, M.; Gupta, R.; Hengst, J.; Tranel, D.; Cohen, N.",The use of definite references signals declarative memory: Evidence from hippocampal amnesia,Psychological Science,22,5,666,2011,Individuals with hippocampal amnesia use significantly fewer definite references when directing in a collaborative barrier task compared to healthy controls,success,neuroscience,cognitive psychology,"The authors explicitly state in the Discussion that ""the difference between amnesia and comparison pairs in the use of indefinite references observed in Duff et al. (in press) was not limited to the productions of the amnesia participants but also extended to their partners,"" confirming their hypothesis about the distributed impact of memory impairment on definite referencing."
10.1080/02699050600744194,https://doi.org/10.1080/02699050600744194,True,https://doi.org/10.1097/00001199-200301000-00006,"Feeney, T.; Ylvisaker, M.",Context-sensitive behavioral supports for young children with TBI: Short-term effects and long-term outcome,Journal of Head Trauma Rehabilitation,18,1,33-51,2003,"Multi-component cognitive-behavioral intervention combining positive behavior supports, cognitive supports, and executive function routines reduces challenging behaviors and increases academic productivity in young children with traumatic brain injury",success,medicine,neuroscience,"The authors explicitly state: 'The study was intended as a replication of Feeney and Ylvisaker's [14] single-subject experiments with similarly aged children reported in 2003. As with the 2003 study, hypotheses 1 (that the challenging behaviours would decrease in frequency), 2 (that they would decrease in intensity) and 3 (that amount of work completed would increase) were confirmed for both children.'"
10.1080/02699931.2017.1292217,https://doi.org/10.1080/02699931.2017.1292217,True,https://doi.org/10.1111/j.1467-9280.2008.02082.x,"Jefferies, L.; Smilek, D.; Eich, E.; Enns, J.",Emotional valence and arousal interact in attentional control,Psychological Science,19,3,290-295,2008,"Emotional valence and arousal interact to affect attentional control on the Attentional Blink task, with sad mood (low arousal, negative valence) producing best performance and anxious mood (high arousal, negative valence) producing worst performance",failure,psychology,cognitive psychology,"The authors explicitly state in the Discussion: ""My confirmatory analyses did not reveal the same effects as those reported by Jefferies et al. Most importantly, I could not replicate the interaction effect of valence and arousal on the difference between T1 and T2 performance for Lag 2 and Lag 4."" The crucial interaction did not reach significance (F(2, 143) = .38, p = .54)."
10.1080/02699931.2018.1468732,https://doi.org/10.1080/02699931.2018.1468732,True,https://doi.org/10.3758/BF03213926,"Bayliss, A.; Paul, M.; Cannon, P.; Tipper, S.",Gaze cuing and affective judgments of objects: I like what you look at,Psychonomic Bulletin & Review,13,6,1061-1066,2006,People rate objects as more likeable when they have seen a person repeatedly gaze toward rather than away from those objects (the gaze-liking effect),failure,psychology,social psychology,"Using a large sample (N=98), the replication found essentially no gaze-liking effect (dz = 0.02, 95% CrI [-0.08, 0.10], p = 0.48) compared to the original large effect (dz = 0.94). The authors state: ""our results indicate that the effect is very small"" and that future researchers would need ""at least 3000 participants to detect the gaze-liking effect."""
10.1080/02699931.2018.1541312,https://doi.org/10.1080/02699931.2018.1541312,True,https://doi.org/10.1177/0305735696241007,"Gabrielsson, A.; Juslin, P.",Emotional expression in music performance: Between the performers's intention and the listener's experience,Psychology of Music,24,1,68-91,1996,Professional musicians can communicate intended emotional expressions in music to listeners with high decoding accuracy.,success,psychology,cognitive psychology,"The authors explicitly state that ""the present study generally supports the findings from Gabrielsson and Juslin (1996)"" and found ""similarly, high decoding accuracies"" with 4 out of 7 emotions (57%) receiving highest average ratings when analyzed using the original methodology, consistent with the original study's findings."
10.1080/02699931.2018.1553148,https://doi.org/10.1080/02699931.2018.1553148,True,https://doi.org/10.1037/xge0000437,"Suchotzki, K.; Gamer, M.",The language of lies: Behavioral and autonomic costs of lying in a native compared to a foreign language,Journal of Experimental Psychology: General,147,5,734-746,2018,Lie-truth differences in response times are smaller when speakers use a foreign language compared to their native language,success,psychology,cognitive psychology,"The authors state that ""the subjective estimate of all members of the replication team was that the results replicated the original effect"" and conclude ""the replication study...also found that speaking in another language reduces the lie-truth difference in RTs,"" despite noting the effect size was smaller than the original."
10.1080/02699931.2023.2270196,https://doi.org/10.1080/02699931.2023.2270196,False,,,,,,,,,,,,,
10.1080/03124070008414314,https://doi.org/10.1080/03124070008414314,True,https://doi.org/10.1606/1044-3894.1817,"Johnson, H. C.; Renaud, E. F.; Schmidt, D.; Stanek, E.",Social worker's views of parents of children with mental and emotional disabilities,Families in Society: The Journal of Contemporary Human Services,1,2,173-187,1998,"Social workers' beliefs about parents of children with mental and emotional disabilities, measured by the PBAP instrument, cluster into five distinct factors (blame, inform, validate, medicate, instruct), with approximately half of social workers holding parent-blaming beliefs",failure,sociology,social psychology,"The authors explicitly state: 'This failure to replicate the Johnson, Renaud, Schmidt and Stanek (1998) results from their study came as a surprise... it proved impossible to confirm the validity of this instrument' for the Australian population. The Australian data did not support the five-factor solution found in the US study."
10.1080/08993408.2022.2071543,https://doi.org/10.1080/08993408.2022.2071543,True,https://doi.org/10.1145/3328778.3366948,"Buffardi, K.",Assessing individual contributions to software engineering projects with Git Logs and user stories,Proceedings of the 51st ACM technical symposium on computer science education,,,650-656,2020,"Objective metrics from GitHub (commits, line changes, issues) show weak correlations with subjective assessments (peer evaluations and instructor grades) of individual student contributions in team software development projects",success,computer science,computer science education,"The authors explicitly state: ""Our study replicated most of Buffardi's key results"" and ""While replicating all but one of Buffardi's significant findings, our study detected ten of 16 possible significant positive correlations between objective and subjective measures."" They successfully replicated 4 out of 5 of Buffardi's main statistical findings."
10.1080/09084282.2011.595455,https://doi.org/10.1080/09084282.2011.595455,True,https://doi.org/10.1080/09084282.2010.523365,"Green, P.",Comparison between the Test of Memory Malingering (TOMM) and the Nonverbal Symptom Validity Test (NV-MSVT) in adults with disability claims,Applied Neuropsychology,18,1,18-26,2011,The Nonverbal Medical Symptom Validity Test (NV-MSVT) has superior sensitivity to detecting suboptimal effort and malingering compared to the Test of Memory Malingering (TOMM) in adults with disability claims,success,psychology,clinical neuropsychology,"The authors explicitly state in the Discussion section: 'In the current study... [Green's] data were very closely replicated. As with the [Green] study, more than twice as many patients failed the NV-MSVT compared with the TOMM.' The abstract confirms: 'results closely matched those of the Green (in press) study.'"
10.1080/09585190802324304,https://doi.org/10.1080/09585190802324304,True,https://doi.org/10.1002/hrm.10029,"Rynes, S.; Colbert, A.; Brown, K.",HR Professionals' Beliefs about Effective Human Resource Practices: Correspondence Between Research and Practice,Human Resource Management,41,2,149-174,2002,"HR professionals' beliefs about effective human resource practices show large discrepancies from research findings, with particularly poor knowledge in recruitment and selection domains",success,management,Human Resource Management,The authors explicitly state in their Discussion: 'In line with the [11] study... in a Dutch sample we found a large gap between practice... and the results of academic research as well. This holds both for the general conclusion and for the differences between the distinguished content areas.' They report 'remarkable similarities' between the American and Dutch samples across multiple dimensions.
10.1080/10503307.2020.1757175,https://doi.org/10.1080/10503307.2020.1757175,True,https://doi.org/10.1002/jclp.22191,"Owen, J.; Adelson, J.; Budge, S.; Wampold, B.; Kopta, M.; Minami, T.; Miller, S.",Trajectories of change in psychotherapy,Journal of Clinical Psychology,71,9,817-827,2015,"Psychotherapy clients follow distinct trajectory patterns during treatment, with three classes identified: Early and Late Change (75%), Slow and Steady (19%), and Worse before Better (5%)",inconclusive,psychology,clinical psychology,"The authors state ""We did not exactly replicate the Owen et al. (2015) study"" - finding 2 classes instead of 3 - but also note that ""distinct subgroups roughly matched two of the three trajectories identified in the original study,"" providing partial support for multiple change trajectories in psychotherapy."
10.1080/13548506.2020.1867317,https://doi.org/10.1080/13548506.2020.1867317,True,https://doi.org/10.1017/S1355617715000119,"Habota, T.; Mclennan, S.; Cameron, J.; Henry, J.; Ski, C.; Thompson, D.; Rendell, P.",Prospective memory impairment in chronic heart failure,Journal of the International Neuropsychological Society,21,3,183-192,2015,"Patients with chronic heart failure show significant prospective memory impairments compared to healthy controls across all types of PM tasks (event-based, time-based, regular, and irregular).",success,psychology,neuropsychology,"The authors explicitly state in the Discussion: ""Using a different and larger sample, this replication of [9] found that patients with HF had significant and similar sized deficits on all task parameters assessed (event, time, regular, irregular)"" and ""Our findings are consistent with [9]."""
10.1080/1368282031000062882,https://doi.org/10.1080/1368282031000062882,True,,"Jones, M.; Onslow, M.; Harrison, E.; Packman, A.",Treating stuttering in young children: Predicting treatment time in the Lidcombe Program,Journal of Speech Language and Hearing Research,43,,1440-1450,2000,Stuttering severity (percent syllables stuttered) at first clinic visit predicts treatment time with the Lidcombe Program in preschool-age children,success,medicine,speech-language pathology,"The authors explicitly state: 'The present results replicate the findings of Jones et al. (2000)' and 'stuttering rate (%SS) at the first clinic visit is a highly significant predictor of number of clinic visits taken to complete Stage 1.' The replication confirmed the original finding with a British cohort (p=0.029), and meta-analysis of combined data yielded p<0.0001."
10.1080/17461391.2020.1781265,https://doi.org/10.1080/17461391.2020.1781265,True,https://doi.org/10.1152/japplphysiol.91324.2008,"Marcora, S.; Staiano, W.; Manning, V.",Mental fatigue impairs physical performance in humans,Journal of Applied Physiology,106,3,857-864,2009,Mental fatigue induced by a demanding cognitive task (90-minute AX-CPT) causes participants to reach exhaustion sooner in a cycling time-to-exhaustion test at 80% peak power output,failure,psychology,psychophysics,"The authors state in the Discussion: 'Our results are in contrast with those of [Marcora et al. 2009] and add to the growing number of studies failing to find any effects of mental fatigue on physical performance.' Despite successfully inducing mental fatigue (BF01 = 0.009), they found moderate-to-strong evidence for the null hypothesis of no effect on time-to-exhaustion performance (BF01 = 9.762)."
10.1080/17483100701256388,https://doi.org/10.1080/17483100701256388,True,https://doi.org/10.1023/a:1026060619378,"Schlosser, R.; Blischak, D.; Belfiore, P.; Bartley, C.; Barnett, N.",Effects of synthetic speech output and orthographic feedback on spelling in a student with autism: A preliminary study,J Autism Dev Disord,28,4,309-319,1998,Speech feedback from a speech-generating device is the most efficient condition for teaching spelling to children with autism compared to print feedback or combined speech-print feedback,reversal,education,special education,"The authors explicitly state 'The findings from the above study [19] did not replicate' and found the opposite pattern: PRINT condition was most efficient for their participant with cerebral palsy, whereas the original study found SPEECH was most efficient for a child with autism. The authors discuss this as evidence of different learning profiles between the populations."
10.1080/17524032.2020.1777181,https://doi.org/10.1080/17524032.2020.1777181,True,https://doi.org/10.1016/j.jenvp.2018.02.001,"Schuldt, J.; Rickard, L.; Yang, Z.",Does reduced psychological distance increase climate engagement? On the limits of localizing climate change,Journal of Environmental Psychology,55,,147-153,2018,Reducing spatial psychological distance through visual cues increases concrete mental construal and affects climate change engagement,inconclusive,psychology,social psychology,"The authors report mixed results: the distance manipulation check succeeded, but they explicitly state 'inconsistent with [32], construal level...did not vary significantly across the cued distance conditions.' They conclude 'the evidence presented in both studies suggests that further attempts at replication are necessary.' The core theoretical mechanism (construal level mediating distance effects) failed to replicate, though some moderation effects were observed."
10.1080/19439342.2019.1666900,https://doi.org/10.1080/19439342.2019.1666900,True,https://doi.org/10.1093/qje/qjw025,"Haushofer, J.; Shapiro, J.",The Short-Term Impact of Unconditional Cash Transfers to the Poor: Evidence from Kenya,Quarterly Journal of Economics,131,4,1973-2042,2016,"Unconditional cash transfers increase assets, consumption, revenue, food security, and psychological well-being in poor households in rural Kenya, with no effects on health, education, or female empowerment.",success,economics,Development Economics,"The authors explicitly state: ""The replication study findings are consistent with the findings on the short-term impact of the UCT in Kenya as reported in the original study"" and ""Our study replicates these main findings reported in the original paper, validating the short-term impact of UCT in these different areas in Kenya."" The replication reproduced nearly all main results through multiple methods including push-button replication, pure replication, and extensive robustness checks."
10.1080/20008198.2021.1930703,https://doi.org/10.1080/20008198.2021.1930703,True,https://doi.org/10.1080/20008198.2019.1686806,"Folke, S.; Nielsen, A.; Andersen, S.; Karatzias, T.; Karstoft, K.",ICD-11 PTSD and complex PTSD in treatment-seeking Danish veterans: A latent profile analysis,European Journal of Psychotraumatology,10,1,1686806,2019,Latent Profile Analysis using the International Trauma Questionnaire identifies distinct classes of individuals with symptom profiles consistent with ICD-11 PTSD and Complex PTSD in treatment-seeking veterans,success,psychology,clinical psychology,"The authors explicitly state in their conclusion: 'Using the ITQ, we replicated findings from our previous LPA study of treatment-seeking veterans identifying two distinct classes of individuals with symptom profiles consistent with the ICD-11 PTSD and CPTSD.' The discussion notes 'The four identified classes in this study clearly mirror four of the classes of [5] and hence, it replicates the finding of a PTSD-class, a CPTSD-class, a DSO-class, and a low symptoms-class.'"
10.1080/20445911.2023.2245112,https://doi.org/10.1080/20445911.2023.2245112,True,https://doi.org/10.1016/j.cognition.2021.104939,"Burton, J.; Harris, A.; Shah, P.; Hahn, U.",Optimism where there is none: Asymmetric belief updating observed with valence-neutral life events,Cognition,218,,104939,2022,"Individuals update beliefs to a greater extent when learning an event is less likely compared to more likely than expected, even for neutral (non-valenced) events",failure,psychology,cognitive psychology,"The authors explicitly state: ""we failed to replicate Burton et al.'s (2022) findings of belief update bias for neutral events"" and ""A belief update bias for neutral events is not observed."" Multiple analytic approaches found no difference in updating as a function of whether information was better or worse than expected."
10.1080/23743603.2019.1684821,https://doi.org/10.1080/23743603.2019.1684821,True,https://doi.org/10.1037/0022-3514.95.1.18,"Kay, A.; Gaucher, D.; Napier, J.; Callan, M.; Laurin, K.",God and the government: Testing a compensatory control mechanism for the support of external systems,Journal of Personality and Social Psychology,95,1,18-35,2008,Threat to personal control increases endorsement of belief in the existence of a controlling God,failure,psychology,social psychology,"The authors state in their Discussion: 'Our results indicate moderate to strong evidence for the absence of this effect: belief in (a controlling) God is not modulated by a threat compared to an affirmation of personal control. Using large samples (N ≈ 400) we did not replicate the original experiment by Kay et al. (2008) in the Netherlands, nor in the US.' They explicitly refer to this as a 'replication failure.'"
10.1080/713755986,https://doi.org/10.1080/713755986,True,https://doi.org/10.1006/jesp.1996.0005,"Bargh, J.; Chaiken, S.; Raymond, P.; Hymes, C.",The automatic evaluation effect: Unconditional automatic attitude activation with a pronunciation task,Journal of Experimental Social Psychology,32,1,104-128,1996,"Evaluatively congruent prime-target pairs (e.g., positive prime with positive target) lead to faster pronunciation latencies in a naming task compared to incongruent pairs, reflecting automatic attitude activation",failure,psychology,social psychology,"The authors explicitly state: ""In five large studies, the effect was not obtained. These results contrast sharply with the repeated successful demonstrations reported in three experiments by Bargh et al."" and ""Experiment 3 replicated Bargh et al. Experiment 2 as closely as possible. Still, no affective priming effect was observed."""
10.1093/ajh/hpt163,https://doi.org/10.1093/ajh/hpt163,True,https://doi.org/10.1097/hjh.0b013e328316bb87,"He, J.; Gu, D.; Chen, J.; Jaquish, C.; Rao, D.; Hixson, J.; Chen, J.; Duan, X.; Huang, J.; Chen, C.; Kelly, T.; Bazzano, L.; Whelton, P.",Gender difference in blood pressure responses to dietary sodium intervention in the GenSalt study,J Hypertens,27,1,48-54,2009,"Blood pressure responses to dietary sodium interventions (low sodium, high sodium) vary greatly among individuals",success,medicine,cardiovascular medicine,The authors explicitly state in the conclusion: 'the GenSalt replication study confirmed the large variations of BP responses to dietary sodium and potassium interventions and the CPT among individuals.' They also note the replication study 'provided further evidence to support several observations derived from the GenSalt study.'
10.1093/ajh/hpt163,https://doi.org/10.1093/ajh/hpt163,True,https://doi.org/10.1097/hjh.0b013e328316bb87,"He, J.; Gu, D.; Chen, J.; Jaquish, C.; Rao, D.; Hixson, J.; Chen, J.; Duan, X.; Huang, J.; Chen, C.; Kelly, T.; Bazzano, L.; Whelton, P.",Gender difference in blood pressure responses to dietary sodium intervention in the GenSalt study,J Hypertens,27,1,48-54,2009,Blood pressure responses to dietary potassium supplementation vary greatly among individuals,success,medicine,cardiovascular medicine,The authors explicitly state in the conclusion: 'the GenSalt replication study confirmed the large variations of BP responses to dietary sodium and potassium interventions and the CPT among individuals.' They also note the replication study 'provided further evidence to support several observations derived from the GenSalt study.'
10.1093/ajh/hpt163,https://doi.org/10.1093/ajh/hpt163,True,https://doi.org/10.1097/hjh.0b013e328316bb87,"He, J.; Gu, D.; Chen, J.; Jaquish, C.; Rao, D.; Hixson, J.; Chen, J.; Duan, X.; Huang, J.; Chen, C.; Kelly, T.; Bazzano, L.; Whelton, P.",Gender difference in blood pressure responses to dietary sodium intervention in the GenSalt study,J Hypertens,27,1,48-54,2009,Blood pressure responses to the cold pressor test vary greatly among individuals,success,medicine,cardiovascular medicine,The authors explicitly state in the conclusion: 'the GenSalt replication study confirmed the large variations of BP responses to dietary sodium and potassium interventions and the CPT among individuals.' They also note the replication study 'provided further evidence to support several observations derived from the GenSalt study.'
10.1093/alcalc/agaa009,https://doi.org/10.1093/alcalc/agaa009,True,https://doi.org/10.1007/s00213-010-1872-1,"Houben, K.; Havermans, R.; Wiers, R.",Learning to dislike alcohol: Conditioning negative implicit attitudes toward alcohol and its effect on drinking behavior,Psychopharmacology,211,1,79-86,2010,Evaluative conditioning with negative images reduces positive implicit evaluations of alcohol and decreases alcohol consumption among college students,failure,psychology,social psychology,"The authors explicitly state in the Discussion: 'the present preregistered study failed to replicate the results obtained by [Houben et al. 2010a]' and 'Overall, we found little evidence that a single session of EC was sufficient to change implicit evaluations of alcohol and drinking behaviors.' Bayesian analyses provided substantial support for the null hypotheses (BF01 = 5.71 and 5.01 for implicit evaluations and drinking behavior, respectively)."
10.1093/hcr/hqab013,https://doi.org/10.1093/hcr/hqab013,True,https://doi.org/10.1093/joc/jqx008,"Skurka, C.; Niederdeppe, J.; Romero-Canyas, R.; Acup, D.",Pathways of influence in emotional appeals: Benefits and tradeoffs of using fear or humor to promote climate change-related intentions and risk perceptions,Journal of Communication,68,,169-193,2018,Threat appeals about climate change increase perceived risk and activism intentions among young adults,failure,psychology,social psychology,"The authors explicitly state: ""Unlike the original study, neither a threat appeal nor a humor appeal promoted young adults' intentions to engage in climate activism, nor did the threat appeal enhance climate risk perception."" They note the failed fear induction likely explains the null results."
10.1093/hcr/hqab013,https://doi.org/10.1093/hcr/hqab013,True,https://doi.org/10.1093/joc/jqx008,"Skurka, C.; Niederdeppe, J.; Romero-Canyas, R.; Acup, D.",Pathways of influence in emotional appeals: Benefits and tradeoffs of using fear or humor to promote climate change-related intentions and risk perceptions,Journal of Communication,68,,169-193,2018,Humor appeals about climate change increase activism intentions among young adults,failure,psychology,social psychology,"The authors state in the abstract ""we fail to replicate these main effects"" and in the discussion ""neither a threat appeal nor a humor appeal promoted young adults' intentions to engage in climate activism."" They note possible power issues but conclude the humor effect on intentions was not replicated."
10.1093/hcr/hqab013,https://doi.org/10.1093/hcr/hqab013,True,https://doi.org/10.1093/joc/jqx008,"Skurka, C.; Niederdeppe, J.; Romero-Canyas, R.; Acup, D.",Pathways of influence in emotional appeals: Benefits and tradeoffs of using fear or humor to promote climate change-related intentions and risk perceptions,Journal of Communication,68,,169-193,2018,"Age moderates the persuasive effect of humor appeals on climate change outcomes, with humor only persuading emerging adults (ages 18-25)",success,psychology,social psychology,"The authors state: ""We do replicate the finding that humor's persuasive influence is limited to the youngest young adults"" and ""we do, however, replicate age as a moderator of humor's effect on perceived risk, such that the humor appeal only persuaded emerging adults (ages 18-21.9)."""
10.1093/jmt/thaa018,https://doi.org/10.1093/jmt/thaa018,True,https://doi.org/10.1177/0305735619878497,"Dvorak, A.; Hernandez-Ruiz, E.",Comparison of music stimuli to support mindfulness meditation,Psychology of Music,,,,2019,"Four auditory stimuli of increasing complexity (Script, Beat, Harmony, and Melody) have different effects on mindfulness meditation, with less complex stimuli being more effective at supporting the mindfulness experience.",inconclusive,psychology,music therapy,"This is a partial replication. The authors state: 'Different from the original study, we found that no auditory stimulus was significantly more effective in supporting the mindfulness experience' and conclude 'These partially replicated results indicate the need to explore alternative explanations.' The preference and usefulness rankings successfully replicated (Melody and Harmony ranked highest), but the main effectiveness outcome (MAAS scores) failed to show significant differences among conditions."
10.1093/pnasnexus/pgaf327,https://doi.org/10.1093/pnasnexus/pgaf327,True,https://doi.org/10.1073/pnas.1618923114,"Brady, W.; Wills, J.; Jost, J.; Tucker, J.; Van Bavel, J. J.",Emotion shapes the diffusion of moralized content in social networks,Proc Natl Acad Sci,114,28,7313-7318,2017,Emotional expressions related to morality (moral-emotional language) are associated with increased diffusion of political messages in online social networks,success,psychology,social psychology,"The authors explicitly state: 'Our large, pre-registered replication and meta-analysis of 27 studies that included over 4,821,006 messages provides robust evidence of moral contagion in online social networks... These results provide strong evidence of the association between moral-emotional language and sharing and demonstrate the generalizability of moral contagion.' The mean effect size of the pre-registered replication (IRR = 1.17) closely matched the original study (IRR = 1.20)."
10.1093/scan/nsaa107,https://doi.org/10.1093/scan/nsaa107,True,https://doi.org/10.1016/j.neuroimage.2007.08.032,"Johnson, R., Jr; Henkell, H.; Simon, E.; Zhu, J.",The self in conflict: the role of executive processes during truthful and deceptive responses about attitudes,NeuroImage,39,,469-482,2008,"Lying about attitudes produces enhanced medial frontal negativities (MFN), suppressed late positive components (LPC), and reduced pre-response positivities (PRP) in event-related potentials, indicating that deception relies on stronger cognitive control processes and response conflicts than being honest",success,neuroscience,cognitive psychology,"The authors explicitly conclude: ""We could replicate the main ERP results of the study by [25]. Lying was accompanied by larger MFN, suppressed LPC and suppressed PRP amplitudes indicating that it was accompanied by more conflicts and was cognitively more challenging than truth telling."" All main hypotheses were confirmed with decisive Bayes factors."
10.1093/scan/nsaa153,https://doi.org/10.1093/scan/nsaa153,True,https://doi.org/10.1093/scan/nsv107,"Holbrook, C.; Izuma, K.; Deblieck, C.; Fessler, D.; Iacoboni, M.",Neuromodulation of group prejudice and religious belief,Social Cognitive and Affective Neuroscience,11,3,387-394,2016,Downregulating posterior medial frontal cortex via transcranial magnetic stimulation reduces religious belief when participants are reminded of death,success,neuroscience,social psychology,"The authors explicitly state in the Discussion: ""This pre-registered study replicated the prior finding that downregulating pMFC via cTBS reduces self-reported religious belief in the context of a recent, vivid reminder of death and bodily decomposition."" The effect was statistically significant (p=0.038 for positive beliefs, p=0.024 for negative beliefs)."
10.1093/scan/nsaa153,https://doi.org/10.1093/scan/nsaa153,True,https://doi.org/10.1093/scan/nsv107,"Holbrook, C.; Izuma, K.; Deblieck, C.; Fessler, D.; Iacoboni, M.",Neuromodulation of group prejudice and religious belief,Social Cognitive and Affective Neuroscience,11,3,387-394,2016,Downregulating posterior medial frontal cortex via transcranial magnetic stimulation reduces derogation of critical out-group members,failure,neuroscience,social psychology,"The authors explicitly state: ""Departing from the findings of the prior study, we observed no effect of downregulating pMFC on group bias"" (p=0.558). They note this may be due to using collegiate rather than national in-group framing, concluding ""a putative effect of downregulating pMFC on group bias does not robustly generalize."""
10.1097/00005053-198408000-00006,https://doi.org/10.1097/00005053-198408000-00006,False,,,,,,,,,,,,,
10.1097/00005053-199311000-00007,https://doi.org/10.1097/00005053-199311000-00007,False,,,,,,,,,,,,,
10.1097/01.psy.0000058375.50240.f6,https://doi.org/10.1097/01.psy.0000058375.50240.f6,True,https://doi.org/10.1097/00006842-200001000-00008,"Baca-García, E.; Diaz-Sastre, C.; De Leon, J.; Saiz-Ruiz, J.",The relationship between menstrual cycle phases and suicide attempts,Psychosom Med,62,1,50-60,2000,Suicide attempts during menses are significantly more frequent than during other phases of the menstrual cycle in fertile women,success,medicine,psychiatry,"The abstract explicitly states 'this naturalistic study replicates a small but significant increase of suicide attempts during the menses.' The conclusion confirms: 'Our replication study verified this finding. Thus, both studies combined suggest that menses is associated with a significant increase of suicide attempts by a factor of 1.68.'"
10.1098/rsos.160431,https://doi.org/10.1098/rsos.160431,True,https://doi.org/10.1177/0956797612465878,"Heintzelman, S.; Trent, J.; King, L.",Encounters with objective coherence and the experience of meaning in life,Psychol. Sci,24,,991-998,2013,Exposure to coherent (versus incoherent) external stimuli increases self-reported meaning in life,failure,psychology,social psychology,"The authors explicitly state in the Discussion: ""The results of the present attempt failed to replicate the original findings of Heintzelman et al. [11] in that perceived MIL did not appear to statistically differ between the coherent and incoherent groups following exposure to their respective stimuli."" Both Study 2 (tree photographs, p = 0.554, d = 0.06) and Study 4 (linguistic triads, p = 0.399, d = 0.099) showed null results, with Bayesian analyses providing moderate to strong evidence for the null hypothesis."
10.1098/rsos.171127,https://doi.org/10.1098/rsos.171127,True,https://doi.org/10.1086/678484,"Wadhwa, M.; Zhang, K.",This number just feels right: the impact of roundedness of price numbers on product evaluations,J. Consum. Res,41,,1172-1185,2015,"In emotional contexts, rounded prices increase purchase likelihood, while in cognitive contexts, non-rounded prices increase purchase likelihood, mediated by a sense of 'feeling right'",failure,psychology,consumer psychology,"The authors explicitly state: ""Our results did not unambiguously support the rounded price effect and provide evidence against the proposed mediation."" The critical interaction was not significant for either product tested (p = 0.436 for binoculars), and Bayes factors showed ""strong evidence in favour of the null hypothesis"" (BF r0 = 0.009)."
10.1098/rsos.180454,https://doi.org/10.1098/rsos.180454,False,,,,,,,,,,,,,
10.1098/rsos.181868,https://doi.org/10.1098/rsos.181868,True,https://doi.org/10.1038/srep30423,"Proverbio, A.; Massetti, G.; Rizzi, E.; Zani, A.",Skilled musicians are not subject to the McGurk effect,Sci. Rep,6,,,2016,"Skilled musicians are not subject to the McGurk effect, an audiovisual speech perception illusion where conflicting visual and auditory cues lead to misperception of speech sounds",reversal,psychology,psychophysics,"The replication found the opposite of the original claim. The authors conclude: 'musicians are subject to the McGurk effect, and to at least as much extent (if not more) as non-musicians are.' The replication found musicians showed a statistically significant McGurk effect (p < 0.001) that was numerically and significantly larger than non-musicians', directly contradicting the original study's title claim."
10.1098/rsos.190808,https://doi.org/10.1098/rsos.190808,True,https://doi.org/10.1016/j.cognition.2011.04.005,"Young, L.; Saxe, S.",When ignorance is no excuse: different roles for intent across moral domains,Cognition,120,,202-214,2011,"Innocent intentions exculpate harm violations more than purity violations, reflecting a mental state × moral domain interaction effect",success,psychology,social psychology,"The authors explicitly state in the Discussion: ""we successfully replicate the reduced exculpatory value of innocent intentions in purity (versus harm) violations."" The replication Bayes factor was 4.7 × 10^8, indicating strong evidence for a consistent effect."
10.1098/rsos.191795,https://doi.org/10.1098/rsos.191795,True,https://doi.org/10.1038/nature06288,"Hamlin, J.; Wynn, K.; Bloom, P.",Social evaluation by preverbal infants,Nature,450,,557-559,2007,Preverbal infants display a preference for helpful over hindering characters when prompted to choose between them,failure,psychology,developmental psychology,"The authors explicitly state: ""only 50% of infants did so in our study (16 of 32). Therefore, we could not reproduce the original findings."" They further note that their proportion of 50% helper choices ""falls outside the value range (0.59-1.0) defined by the 95% prediction interval"" and ""thus cannot be considered confirmatory."""
10.1098/rsos.201090,https://doi.org/10.1098/rsos.201090,True,https://doi.org/10.1038/nn.4125,Smith S,"A positive-negative mode of population covariation links brain connectivity, demographics and behavior",Nat. Neurosci,18,,1565-1567,2015,"Canonical correlation analysis reveals a primary mode of covariation linking functional brain connectivity patterns with behavioral and demographic subject measures along a positive-negative axis, where positive qualities (higher income, education, cognitive performance) correlate positively with specific connectivity patterns, particularly in the default mode network, and negative qualities (substance use, rule-breaking) correlate negatively",inconclusive,neuroscience,cognitive neuroscience,"The authors met 2 of 3 pre-registered replication criteria: Mode 2 explained statistically significant variance in both connectomes and subject measures (criterion 1), and showed significant correlation between weights (criterion 3), but the magnitude of variance explained was smaller than predicted (criterion 2 failed). The authors state ""our analysis shows that 9-to 10-year-old children exhibit the same basic phenomenon that was reported by Smith et al. in young adults"" while acknowledging the primary mode was Mode 2 rather than Mode 1 and correlation was weaker (r=0.44 vs r=0.87)."
10.1098/rsos.210254,https://doi.org/10.1098/rsos.210254,True,https://doi.org/10.1177/0956797612466414,"Johnson, M.; Higgins, J.; Norman, K.; Sederberg, P.; Smith, T.; Johnson, M.",Foraging for thought: an inhibition-of-return-like effect resulting from directing attention within working memory,Psychol. Sci,24,,1104-1112,2013,"Working memory representations that have just been refreshed are more slowly accessible immediately afterwards, showing an inhibition-of-return-like effect in working memory",success,psychology,cognitive psychology,The authors explicitly state in their conclusion: 'The results of the present replication study replicate and confirm this inhibition-of-return-like effect in working memory' and 'the current replication study shows that the inhibition-of-return-like effect in working memory can reliably be observed across different laboratories and languages.' Strong Bayesian evidence (BF=28) supported the main hypothesis.
10.1098/rsos.210641,https://doi.org/10.1098/rsos.210641,True,https://doi.org/10.1038/s41598-017-10669-4,"Reiter, A.; Kanske, P.; Eppinger, B.; Li, S.",The aging of the social minddifferential effects on components of social understanding,Sci. Rep,7,,,2017,"Older adults show preserved empathy, enhanced compassion, but declined Theory of Mind (perspective-taking) compared to younger adults",success,psychology,social psychology,"The authors explicitly state ""we mainly succeeded in replicating the results"" and ""We were able to replicate the effect of age on empathy and compassion... Concerning ToM we replicated the effect of age on ToM accuracy."" All primary effects were successfully replicated, with only a minor discrepancy in ToM reaction time."
10.1098/rsos.211152,https://doi.org/10.1098/rsos.211152,True,https://doi.org/10.1177/0956797613504785,"Newman, G.; Cain, D.",Tainted altruism: when doing some good is worse than doing no good at all,Psychol. Sci,25,,648-655,2014,"Observers view a person's choices as less ethical when that person has acted in response to both altruistic and selfish motivations, as compared with purely selfish interests",success,psychology,social psychology,The authors explicitly state in their conclusion: 'we readily reproduced the main results in the original studies quite closely' and describe it as 'a highly successful replication of Newman & Cain's second experiment' with results that 'closely resembled' the original findings across both experiments.
10.1098/rsos.211152,https://doi.org/10.1098/rsos.211152,True,https://doi.org/10.1177/0956797613504785,"Newman, G.; Cain, D.",Tainted altruism: when doing some good is worse than doing no good at all,Psychol. Sci,25,,648-655,2014,"The tainted altruism effect extends to behavioral intentions, with people willing to forgo the opportunity to earn more money for a charity if the person raising the money also earns a substantial profit",success,psychology,social psychology,"The authors report 'a highly successful replication' with participants in the Charity condition rating Daniel as significantly less moral than in the Corporate condition (p = 0.004), and behavioral choice data showing 'the match between the original and replication functions underscores the broad success of the present replication.'"
10.1098/rsos.220497,https://doi.org/10.1098/rsos.220497,True,https://doi.org/10.1177/0956797615576533,"Hickok, G.; Farahbod, H.; Saberi, K.",The rhythm of perception: entrainment to acoustic rhythms induces subsequent perceptual oscillation,Psychol. Sci,26,,1006-1013,2015,"Rhythmic auditory stimulation (amplitude-modulated noise) causes subsequent perceptual oscillation, such that target detection accuracy fluctuates based on the phase of the preceding rhythm",success,psychology,cognitive psychology,"The authors state in the Discussion: ""In a large sample, we found robust evidence supporting that target detection accuracy is significantly influenced by the phase of preceding amplitude-modulated noise... Our findings replicate and extend those of Hickok et al. [20]."" The statistical analysis confirmed sinusoidal oscillation (p = 0.001) with an extremely large Bayes factor (BF₁₀ = 3.235 × 10¹⁷)."
10.1098/rsos.221091,https://doi.org/10.1098/rsos.221091,True,https://doi.org/10.1093/nc/niab025,"Mazor, M.; Moran, R.; Fleming, S.",Metacognitive asymmetries in visual perception,Neuroscience of Consciousness,,,,2021,"Brain regions show quadratic modulation of decision confidence that is specific to detection tasks (presence/absence decisions) compared to discrimination tasks (stimulus identity decisions), particularly in frontopolar cortex, temporoparietal junction, and superior temporal sulcus",inconclusive,neuroscience,cognitive neuroscience,"The authors successfully replicated the quadratic modulation of confidence in prefrontal and parietal cortices, but failed to replicate the key theoretical finding of detection-specificity. They explicitly state: 'The current pre-registered, hypothesis-driven replication provides an unbiased test of this effect, which resulted in a failure to replicate it.' However, they did replicate the basic quadratic effect, making this a partial replication."
10.1098/rsos.231802,https://doi.org/10.1098/rsos.231802,True,https://doi.org/10.1073/pnas.2106640118,"Will, P.; Merritt, E.; Jenkins, R.; Kingstone, A.",The Medusa effect reveals levels of mind perception in pictures,Proc. Natl Acad. Sci. USA,118,,,2021,"Pictures with lower abstraction levels (a picture of a person) are perceived to convey more mind (Realness, Agency, and Experience) than pictures with higher abstraction levels (a picture of a picture of a person).",success,psychology,social psychology,"The authors explicitly state: ""This present study successfully replicated the Medusa effect... These results supported our H1, as well as indicating successful replication of Will et al.'s [2] Experiment 2."" All three dimensions (Realness, Agency, Experience) showed significantly higher ratings for L1 than L2 (all p < 0.001)."
10.1098/rsos.231802,https://doi.org/10.1098/rsos.231802,True,https://doi.org/10.1073/pnas.2106640118,"Will, P.; Merritt, E.; Jenkins, R.; Kingstone, A.",The Medusa effect reveals levels of mind perception in pictures,Proc. Natl Acad. Sci. USA,118,,,2021,"Pictures with lower abstraction levels lead to higher prosocial behavior, with participants allocating more money to recipients depicted at lower abstraction levels (L1) than higher abstraction levels (L2) in a dictator game.",success,psychology,social psychology,"The authors conclude: ""Our H2 were fully supported, indicating the success of the replication of Will et al.'s [2] Experiment 5."" Participants allocated significantly more money to L1 than L2 recipients (p = 0.01384), successfully replicating the behavioral effect of the Medusa phenomenon."
10.1098/rsos.250244,https://doi.org/10.1098/rsos.250244,True,https://doi.org/10.4324/9781315519050,"Michotte, A.",The perception of causality,,,,,1963,"Visual impressions of causality occur when observing simple animations of moving geometrical objects, specifically the launching effect where one object is perceived as making another object move by bumping into it",inconclusive,psychology,cognitive psychology,"The authors report mixed results across 14 experiments testing various aspects of the launching effect. They state 'six hypotheses were supported by the results, six partly supported and six not supported' and note 'some significant divergences from results reported by Michotte' including effects of delay, fixation manipulations, and contextual factors that eliminated the effect even when typical stimulus features were present."
10.1098/rsos.250244,https://doi.org/10.1098/rsos.250244,True,https://doi.org/10.4324/9781315519050,"Michotte, A.",The perception of causality,,,,,1963,"In the entraining effect, two objects move together after contact and the first moving object is perceived as pushing or carrying the other one",inconclusive,psychology,cognitive psychology,"The authors found partial support for the entraining effect across multiple experiments. The general discussion notes that 'entraining might be a more pervasive and stronger causal impression than launching under most circumstances,' but also reports significant divergences from Michotte's predictions, including 'lack of effect of relative speed manipulations on the entraining effect' and 'no evidence that the entraining effect occurs if the chased object continues at the same or slower speed after contact.'"
10.1098/rsos.250290,https://doi.org/10.1098/rsos.250290,True,https://doi.org/10.4324/9780203865972-24,"Baron, J.; Szymanska, E.",Heuristics and biases in charity,"The science of giving: experimental approaches to the study of charity (eds DM Oppenheimer, CY Olivola)",,,215-235,2011,"People exhibit non-utilitarian heuristics when donating to charity, including preferences for lower perceived waste/overhead, lower past costs, ingroup beneficiaries, diversification between charities, and voluntary over forced charity mechanisms",success,economics,Behavioral Economics,"The authors explicitly conclude: ""at least four of our five hypotheses were found to replicate, we conclude this as being a successful replication."" They found support for waste/overhead (d = 0.70), past costs (d = 0.59), ingroup preference (d = 0.52), and diversification (d = 0.63-1.18) effects, with mixed but nominally positive results for forced charity."
10.1098/rsos.250441,https://doi.org/10.1098/rsos.250441,True,https://doi.org/10.1037/0022-3514.92.1.97,"Norton, M.; Frost, J.; Ariely, D.","Less is more: the lure of ambiguity, or why familiarity breeds contempt",J. Personal. Soc. Psychol,92,,97-105,2007,People believe they will like someone more when they know more about them (lay intuition about knowledge and liking),success,psychology,social psychology,"The authors state in the Discussion: ""We were able to replicate the original finding from Studies 1a and 1b that people expected they would like a target more when they knew more about them."""
10.1098/rsos.250441,https://doi.org/10.1098/rsos.250441,True,https://doi.org/10.1037/0022-3514.92.1.97,"Norton, M.; Frost, J.; Ariely, D.","Less is more: the lure of ambiguity, or why familiarity breeds contempt",J. Personal. Soc. Psychol,92,,97-105,2007,More information about a person is associated with decreased liking (the 'less is more' effect),failure,psychology,social psychology,"The authors explicitly state: ""In our replication of Study 2, we failed to find support for a linear relationship between the number of traits presented and the degree of liking towards the target"" and ""our results challenge the less is more effect and suggest no significant impact of knowledge on liking."""
10.1098/rsos.250669,https://doi.org/10.1098/rsos.250669,True,https://doi.org/10.1111/1467-9280.02431,"Fox, C.; Rottenstreich, Y.",Partition priming in judgment under uncertainty,Psychol. Sci,14,,195-200,2003,"Individuals' probability judgments under ignorance exhibit partition dependence, where the linguistic framing of a question (case vs. class partition) influences probability assessments even when the target event remains the same",inconclusive,psychology,judgment and decision making,"The authors explicitly concluded the replication as ""(mostly) successful with effects generally weaker than the ones reported in the target article."" They successfully replicated Studies 1a Items 1 and 2, Study 1b, and Study 3, but failed to find support for Study 1a Item 3 and Study 4. This mixed pattern represents a partial replication across multiple studies testing the same phenomenon in different contexts."
10.1098/rsos.250669,https://doi.org/10.1098/rsos.250669,True,https://doi.org/10.1111/1467-9280.02431,"Fox, C.; Rottenstreich, Y.",Partition priming in judgment under uncertainty,Psychol. Sci,14,,195-200,2003,"Partition dependence affects decision making under ignorance, where individuals' categorical choices (without numerical responses) show greater preference for risky options when those options have a higher partition-dependent ignorance prior",failure,psychology,judgment and decision making,"For Study 4 specifically, the authors stated they ""failed to find support"" and found ""no support for differences in the proportion of participants selecting the second option (uncertain high payment) between the case and the class condition"" (z = 0.81, p = 0.415). The replication results ""did not provide evidence for partition dependence in decision making."""
10.1101/2025.10.06.25337371,https://doi.org/10.1101/2025.10.06.25337371,True,https://doi.org/10.1162/089892903321662994,"Nitsche, M.; Schauenburg, A.; Lang, N.; Liebetanz, D.; Exner, C.; Paulus, W.; Tergau, F.",Facilitation of Implicit Motor Learning by Weak Transcranial Direct Current Stimulation of the Primary Motor Cortex in the Human,Journal of Cognitive Neuroscience,15,4,619-626,2003,Anodal transcranial direct current stimulation (tDCS) over the primary motor cortex enhances implicit motor sequence learning in the serial reaction time task,failure,neuroscience,cognitive neuroscience,"The authors explicitly state: 'Contrary to our expectations, we found no evidence that 1 mA anodal tDCS improves motor sequence learning.' The Bayes factor (0.153) provided 'substantial evidence against the hypothesis that tDCS can enhance motor sequence learning,' and they describe this as a 'non-replication of one of the presumably most reliable tDCS effects.'"
10.1109/reser.2013.9,https://doi.org/10.1109/reser.2013.9,True,https://doi.org/10.1109/esem.2011.16,Felizardo K; Salleh N; Martins R; Mendes E; Macdonell S; Maldonado J,Using visual text mining to support the study selection activity in systematic literature reviews,5 th International Symposium on Empirical Software Engineering and Measurement (ESEM),,,1-10,2011,Visual text mining (VTM) techniques improve both the performance (speed) and effectiveness (correctness) of primary study selection in systematic literature reviews,inconclusive,computer science,software engineering,"The replication confirmed one main finding (VTM speeds up study selection, p=0.010) but only partially replicated the effectiveness finding. The authors state that 'the use of VTM did not improve the effectiveness of the study selection activity in comparison to a manual reading approach' overall, though subsequent analysis revealed this effect is moderated by experience level: 'The effectiveness of the primary study selection activity carried out by PhDs using VTM is better than that achieved by reading the papers' but not for Master's students."
10.1111/1467-8624.00077,https://doi.org/10.1111/1467-8624.00077,True,https://doi.org/10.1038/282403a0,"Meltzoff, A.; Borton, R.",Intermodal matching by human neonates,Nature,282,5737,403-404,1979,"One-month-old infants can transfer information about shape (smooth vs. nubby pacifiers) from oral touch to visual recognition, preferentially looking at matching visual stimuli",failure,psychology,developmental psychology,"The authors explicitly state: ""The analyses of these three experiments provided no evidence that 1-month-olds can transfer information about the shape of smooth and nubby stimuli between touch and vision...even when we replicated exactly the methods described by [Meltzoff & Borton], we failed to find evidence for transfer."""
10.1111/ajpy.12107,https://doi.org/10.1111/ajpy.12107,True,https://doi.org/10.1111/j.1559-1816.1982.tb00882.x,"Harris, M.; Harris, R.; Bochner, S.","Fat, four-eyed, and female: Stereotypes of obesity, glasses and gender",Journal of Applied Social Psychology,12,,503-516,1982,"Overweight targets are rated more negatively than average weight targets on personality and behavioral descriptors including active, attractive, athletic, hardworking, popular, and successful",success,psychology,social psychology,"The authors concluded that the replication was successful, stating ""there were no significant differences in effect sizes between the studies suggesting that there has been little change in obesity stereotypes over the past 30 years"" and ""There were a number of large effect sizes in the current study... given that there were no differences in effect size when compared with the Harris et al. study in 1982."""
10.1111/desc.13100,https://doi.org/10.1111/desc.13100,True,https://doi.org/10.1111/j.1467-7687.2011.01124.x,"Lackner, C.; Sabbagh, M.; Hallinan, E.; Liu, X.; Holden, J.",Dopamine receptor D4 gene variation predicts preschoolers' developing theory of mind,Developmental Science,15,2,272-280,2012,"Children with two short alleles in DRD4 VNTR 48 bp (<6 repeats) outperform children with one or two long alleles (≥6 repeats) in false belief tasks, independent of executive function performance",failure,psychology,developmental psychology,"The authors explicitly state in the Discussion: ""We found no association between either of the sampled genetic markers (DRD4 VNTR 48 bp, COMT rs4680, OXTR rs53576) on Theory of Mind ability at the age of 50-70 months"" and ""our replication attempt of [19]...did not provide any evidence for associations between the three sampled genetic markers and Theory of Mind ability."""
10.1111/ejn.14347,https://doi.org/10.1111/ejn.14347,True,https://doi.org/10.1073/pnas.1421435112,"Axelrod, V.; Rees, G.; Lavidor, M.; Bar, M.",Increasing propensity to mind-wander with transcranial direct current stimulation,Proceedings of the National Academy of Sciences of the United States of America,112,,3314-3319,2015,Anodal transcranial direct current stimulation (tDCS) applied to the left dorsolateral prefrontal cortex increases the propensity to mind-wander during a sustained attention task,failure,neuroscience,cognitive neuroscience,"The authors found strong evidence against the original effect, stating ""there was extreme evidence (BF replication = 0.002) that the original study was not replicated"" and concluded ""there is no support for the supposition that bipolar anodal tDCS...can influence the propensity to mindwander. On the contrary, we found substantive evidence against the existence of such an effect."""
10.1111/ejn.15367,https://doi.org/10.1111/ejn.15367,True,https://doi.org/10.1177/0956797615576533,"Hickok, G.; Farahbod, H.; Saberi, K.",The rhythm of perception: Entrainment to acoustic rhythms induces subsequent perceptual oscillation,Psychological Science,26,7,1006-1013,2015,Entrainment to amplitude-modulated acoustic rhythms (3 Hz) induces subsequent cyclic perceptual oscillations in the detection of auditory tone targets,failure,neuroscience,psychophysics,"The authors conclude: ""Neither of our experiments showed a significant entrainment effect at the group level... The current study does not demonstrate a consistent impact of a preceding rhythmically modulated background noise on the detection of upcoming near-threshold tone targets... Our findings raise questions about the robustness of the paradigm used in the original study."""
10.1111/j.1365-2648.1990.tb01949.x,https://doi.org/10.1111/j.1365-2648.1990.tb01949.x,True,https://doi.org/10.1111/j.1365-2648.1987.tb01339.x,"Knox, J.E.; Mogan, J.",Characteristics of 'best' and 'worst' clinical teachers as perceived by university nursing faculty and students,Journal of Advanced Nursing,12,3,331-337,1987,"Best clinical teachers are good role models who enjoy nursing and teaching, demonstrate clinical skills and judgment, and encourage mutual respect; worst clinical teachers are not good role models",success,education,Nursing Education,The authors explicitly state in the conclusion: 'The replication study reflected similar faculty and student perceptions to those found by Knox & Mogan (1987). Such similar findings confirm the tool's reliability over time and with different samples.' Both studies found that being a good role model and encouraging mutual respect were the most distinguishing characteristics between best and worst clinical teachers.
10.1111/j.1540-4781.2011.01174.x,https://doi.org/10.1111/j.1540-4781.2011.01174.x,True,https://doi.org/10.1111/j.1540-4781.1992.tb02573.x,"Phillips, E.",The effects of language anxiety on students' oral test performance and attitudes,Modern Language Journal,76,1,14-26,1992,Higher levels of foreign language anxiety are associated with poorer performance on oral examinations in university foreign language students,success,linguistics,Second Language Acquisition,"The authors explicitly state: ""Overall, our study fulfilled the aims of replication, which were the reliability and the generalizability of Phillips's outcomes"" and ""Not only do our results support Phillips's findings, but also they lend weight to the body of anxiety literature."" The core finding of a moderate negative correlation between anxiety and oral performance was replicated successfully."
10.1111/j.1600-0447.1988.tb06413.x,https://doi.org/10.1111/j.1600-0447.1988.tb06413.x,True,https://doi.org/10.1016/0165-0327(86)90001-7,Christensen P; Gram L; Kragh-Ssrensen P; Nielsen S,Afternoon cortisol levels before (spontaneous) and after suppression with dexamethasone or oxazepam in depressed patients,J Affective Disord,10,3,171-176,1986,"Afternoon plasma cortisol levels (spontaneous and after suppression with dexamethasone or oxazepam) correlate with age, type of depression, severity of depression, and stress/distress symptoms in depressed patients",inconclusive,medicine,neuroscience,"The present study failed to demonstrate significant correlations between cortisol levels and age or quality of depression, which were found in the earlier study. However, the consistent finding across all studies was the high correlation with stress/distress items (HRSD items 8+9+10+12), suggesting partial replication with some key findings not reproduced."
10.1111/j.1752-0606.1989.tb00812.x,https://doi.org/10.1111/j.1752-0606.1989.tb00812.x,True,https://doi.org/10.1111/j.1752-0606.1986.tb00673.x,"Fowers, B.; Olson, D.",Predicting marital success with PREPARE: A predictive validity study,Journal of Marital and Family Therapy,12,4,403-413,1986,PREPARE premarital inventory scores predict subsequent marital status (happy marriage vs. divorce/separation) with approximately 80% accuracy in a 3-year follow-up study,success,psychology,social psychology,"The authors explicitly state in their discussion: 'The purpose of this study was to replicate a previous study regarding the predictive validity of PREPARE. In general, the findings were very compatible, providing greater confidence in that predictive capacity than could be justified by a single study.' The abstract confirms: 'This study clearly replicated the previous findings which demonstrated the predictive validity of PREPARE... PREPARE predicted, with about 80% accuracy, couples who got divorced from those that were happily married.'"
10.1111/jvim.16484,https://doi.org/10.1111/jvim.16484,True,https://doi.org/10.1136/bmj.39003.640567.ae,"Tang, H.; Ng, J.",Googling for a diagnosis-use of Google as a diagnostic aid: internet based study,BMJ,333,7579,1143-1145,2006,Using Google searches with keywords from complex case reports can assist clinicians in reaching correct diagnoses,success,medicine,veterinary medicine,"The replication found that Google-aided diagnosis succeeded in 42% of veterinary cases (95% CI 29%-55%), which does not differ statistically from the original 58% rate in human medicine (P = .18). The authors conclude that 'searching Google appears to retrieve relevant veterinary resources that assisted a generalist veterinarian in correctly diagnosing' challenging cases, successfully demonstrating the effect in a veterinary context."
10.1111/psyp.12425,https://doi.org/10.1111/psyp.12425,True,https://doi.org/10.1111/psyp.12064,"Kreibig, S.; Samson, A.; Gross, J.",The psychophysiology of mixed emotional states,Psychophysiology,50,,799-811,2013,"Physiological responses to amusement, disgust, and a mixed emotional state (amusing-disgusting) show distinct patterns, with the mixed emotional state differing in both intensity and pattern from both pure constituent emotions",success,psychology,psychophysiology,"The authors state that ""Three levels of analysis produced converging evidence for replicability"" and that ""Primary analyses produced similar findings to our previous study, demonstrating (a) univariate differentiation of the mixed emotional state from its pure constituent emotions on physiological response variables, and (b) intensity and pattern differences of the multivariate physiological response profile of the mixed emotional state from those of pure amusement and pure disgust."""
10.1111/psyp.14665,https://doi.org/10.1111/psyp.14665,True,https://doi.org/10.1111/j.1469-8986.2010.01081.x,"Hewig, J.; Kretschmer, N.; Trippe, R.; Hecht, H.; Coles, M.; Holroyd, C.; Miltner, W.",Why humans deviate from rational choice,Psychophysiology,48,4,507-514,2011,"Negative affect, larger skin conductance response (SCR), and larger feedback-related negativity (FRN) amplitudes predict rejection of unfair monetary offers in ultimatum and dictator games, demonstrating non-rational decision-making behavior.",inconclusive,psychology,behavioral economics,"The authors explicitly state 'only half of the six targets were successfully replicated.' While behavioral patterns and subjective ratings matched the original study, psychophysiological effects differed substantially: SCR effects were absent, FRN showed a quadratic rather than linear pattern, and the regression model failed to explain expected variance. The authors conclude they 'could conceptually replicate the finding that human behavior is not rational, yet unfolds in a somewhat different [way] from what [the original study] had originally proposed.'"
10.1121/1.1323463,https://doi.org/10.1121/1.1323463,True,https://doi.org/10.1121/1.1323463,"Nearey, T.; Hillenbrand, J.",Some effects of duration on vowel recognition - Experiment 1,Journal of the Acoustical Society of America,109,6,3009-3024,2001,"Altering vowel duration has a modest effect on vowel recognition, with vowels of long typical duration shifting to shorter-duration neighbors when shortened, and vice versa",success,linguistics,psychophysics,"The authors state: 'There were many features in common between the findings of experiments 1 and 2. In both experiments, the effect of altering vowel duration was seen to be relatively modest overall... Further, the duration-related effects that were observed in both experiments were quite sensible.' Both experiments replicated the same qualitative patterns of duration effects on vowel identity."
10.1126/sciadv.adl0999,https://doi.org/10.1126/sciadv.adl0999,True,https://doi.org/10.1126/science.abh4340,"Toi, P.; Jang, H.K.; Min, K.; Kim, S.G.; Lee, S.K.; Lee, J.H.; Kwag, J.; Park, J.Y.",In vivo direct imaging of neuronal activity at high temporospatial resolution,Science,378,6616,160-168,2022,Direct imaging of neuronal activity (DIANA) by fMRI can detect neuronal activity-related signals with high temporal resolution (peak at ~12 ms in thalamus and ~25 ms in primary somatosensory cortex) following whisker stimulation in anesthetized mice at 9.4T,failure,neuroscience,neuroscience,"The authors explicitly state in their conclusion: 'we could not replicate the original DIANA findings even with more extensive averaging, a more precise and steady anesthetic protocol, and higher field strength when no improper data selection was performed.' They found no direct neuronal-related signal in extensively averaged fMRI studies (up to 1050 trials) and conclude that 'the original DIANA findings are likely to be artifacts due to unreported data processing approaches of noisy data with limited temporal points and trials.'"
10.1128/jvi.00693-11,https://doi.org/10.1128/jvi.00693-11,True,https://doi.org/10.4161/viru.1.5.12486,"Lombardi, V.; Ruscetti, F.W.; Das Gupta, J.; Pfost, M.A.; Hagen, K.S.; Peterson, D.L.; Ruscetti, S.K.; Bagni, R.K.; Petrow-Sadowski, C.; Gold, B.; Dean, M.; Silverman, R.H.; Mikovits, J.A.","Detection of an infectious retrovirus, XMRV, in blood cells of patients with chronic fatigue syndrome",Science,326,5,585-589,2009,XMRV (xenotropic murine leukemia virus-related virus) is present in blood cells of patients with chronic fatigue syndrome,failure,medicine,medicine,"The authors explicitly state in their conclusion: ""Given the lack of evidence for XMRV or XMRV-like viruses in our cohort of CFS patients, as well as the lack of these viruses in a set of patients that previously tested positive, we feel that that XMRV is not associated with CFS."" They found no XMRV in any samples using multiple detection methods."
10.1145/3194104.3194110,https://doi.org/10.1145/3194104.3194110,True,https://doi.org/10.1016/j.infsof.2017.03.007,"Yang, X.; Lo, D.",TLEL: A Two-layer Ensemble Learning Approach for Just-in-time Defect Prediction,Information and Software Technology,87,,206-220,2017,A two-layer ensemble learning approach (TLEL) combining decision trees with bagging to build random forests can achieve statistically significantly better performance in just-in-time defect prediction compared to previously tested learning algorithms,success,computer science,Software Engineering,The authors explicitly state that 'Our results from the replicated experiment are consistent with the original' and report that 'The F1 scores of the layers of the original and replicated TLEL are statistically equivalent between the original and replicated experiments.' All main findings were successfully reproduced across all six datasets.
10.1155/da/2617054,https://doi.org/10.1155/da/2617054,True,https://doi.org/10.3389/fpsyt.2018.00021,Stoyanov D; Kandilarova S; Borgwardt S; Stieglitz R; Hugdahl K; Kostianev S,On Translational Cross-Validation of Clinical Self-Evaluation Scale and fMRI,Psychopathology Assessment Methods Revisited,9,,21,2018,Patients with major depressive disorder show increased neuronal activity in brain structures including the right supramarginal gyrus when processing diagnostically specific statements from the von Zerssen questionnaire compared to diagnostically neutral statements,success,neuroscience,behavioral neuroscience,"The authors explicitly state in their conclusion: ""the results obtained in the current replication study allow us to confirm the main findings of the study we replicated"" and note ""overlapping results in the area of the right supramarginal gyrus in both the previous and replication studies."""
10.1162/imag_a_00122,https://doi.org/10.1162/imag_a_00122,True,https://doi.org/10.1016/j.biopsych.2022.03.019,"Schlemm, E.; Frey, B.; Mayer, C.; Petersen, M.; Fiehler, J.; Hanning, U.; Kühn, S.; Twerenbold, R.; Gallinat, J.; Gerloff, C.; Thomalla, G.; Cheng, B.",Equalization of brain state occupancy accompanies cognitive impairment in cerebral small vessel disease,Biological Psychiatry,92,7,592-602,2022,"Greater white matter hyperintensity volume from cerebral small vessel disease is associated with reduced time spent in high-occupancy brain states characterized by default mode network activation/suppression, which in turn is associated with executive dysfunction and reduced processing speed",success,neuroscience,behavioral neuroscience,"The authors explicitly state: ""In this pre-registered cross-sectional study, we replicated the key findings of [39] in an independent population-based sample"" and ""we confirmed that the severity of cerebral small vessel disease is associated with the time spent in high-occupancy brain states"" with statistically significant results (P = 5.01×10⁻⁸ for primary hypothesis, P = 0.0116 for secondary hypothesis)."
10.1176/ajp.130.4.468,https://doi.org/10.1176/ajp.130.4.468,True,,"Motto, J. A.",Newspaper strikes and suicide rates in Detroit,,,,,1970,"Complete cessation of newspaper publication during strikes reduces suicide rates, especially among women under age 35",inconclusive,psychology,social psychology,"The authors state they ""did not find any relationship between the suicide rate and the partial cessation of newspaper publication"" overall, and their findings ""contrast with his study of complete cessation of newspaper publication in Detroit."" However, consistent with Motto's Detroit findings, they observed that ""for women in the younger age groups, 15-24 years and 25-34 years, the suicide rates during the strike period were the lowest in the six years studied"" - a partial replication of the subgroup effect."
10.1177/00332941231164079,https://doi.org/10.1177/00332941231164079,True,https://doi.org/10.1177/1948550619856308,"Collisson, B.; Howell, J.; Harig, T.",Foodie calls: When women date men for a free meal (rather than a relationship),Social Psychological and Personality Science,11,3,425-432,2020,"Dark Triad personality traits (narcissism, Machiavellianism, psychopathy) and traditional gender role beliefs predict women's engagement in foodie calls and the perceived acceptability of this behavior",inconclusive,psychology,social psychology,"The authors state ""our study revealed mixed results"" and describe ""partially replicated findings."" The pooled sample found gender role beliefs as the strongest predictor, but the general Dark Triad factor was not significant. Results varied by country: Poland successfully replicated, UK partially replicated, and the US sample showed that Dark Triad general factor failed to predict foodie calls or acceptability."
10.1177/08862605211025045,https://doi.org/10.1177/08862605211025045,True,https://doi.org/10.1177/0886260510369137,"Fischer, P.; Postmes, T.; Koeppl, J.; Conway, L.; Fredriksson, T.",The meaning of collective terrorist threat: Understanding the subjective causes of terrorism reduces its negative psychological impact,Journal of Interpersonal Violence,26,7,1432-1445,2011,"Understanding terrorists' motives reduces the negative psychological impact of terrorism, specifically reducing perceived threat and improving emotional well-being",inconclusive,psychology,social psychology,"The authors state they ""partly replicated"" the findings: ""For emotional well-being... we partially replicated the results from the original experiments"" but ""For perceived threat... we did not replicate the findings of the original experiment."" The conclusion states ""the reanalysis of the effect sizes across all experiments does not show convincing evidence for the hypothesis."""
10.1177/0956797619875482,https://doi.org/10.1177/0956797619875482,True,https://doi.org/10.1177/0956797616677313,"Hung, S.; Styles, S.; Hsieh, P.",Can a word sound like a shape before you have seen it? Sound-shape mapping prior to conscious awareness,Psychological Science,28,,263-275,2017,"Congruent sound-shape combinations (e.g., kiki in an angular shape, bubu in a round shape) break through continuous flash suppression faster than incongruent combinations, demonstrating that sound-shape mapping occurs before conscious awareness",success,psychology,cognitive psychology,"The authors state in their Discussion: ""we obtained converging evidence for the notion that congruent sound-shape stimuli gain preferential access to awareness. We believe this provides a solid basis to now explore the boundary conditions of the effect."" Although the effect size was smaller than the original (Cohen's d = 0.21 vs 0.42), the replication successfully demonstrated the same phenomenon with strong statistical support (BF10 = 6.38, p = .003)."
10.1177/0956797620902101,https://doi.org/10.1177/0956797620902101,True,https://doi.org/10.1037/h0028063,"Zajonc, R.; Heingartner, A.; Herman, E.",Social enhancement and impairment of performance in the cockroach,Journal of Personality and Social Psychology,13,,83-92,1969,The presence of an audience interacts with task difficulty to produce social facilitation (faster performance) in simple tasks and social inhibition (slower performance) in complex tasks,failure,psychology,social psychology,"The authors state that their ""analyses revealed evidence clearly speaking against the proposed interaction"" and that while they replicated social inhibition in complex tasks, they ""found no social facilitation in the simple task but robust evidence for very opposite."" The critical Audience × Task Difficulty interaction showed no effect (F = 0.02, p = .882)."
10.1177/0956797620903716,https://doi.org/10.1177/0956797620903716,True,https://doi.org/10.1177/0956797612443835,"Shalvi, S.; Eldar, O.; Bereby-Meyer, Y.",Honesty requires time (and lack of justifications),Psychological Science,23,,1264-1270,2012,Time pressure increases dishonest reporting in a die-roll task where participants have financial incentive to inflate their reported outcome,failure,psychology,social psychology,Both preregistered direct replications found no evidence that time pressure increases cheating. The authors conclude: 'our findings indicate that the original study by [15] may have overestimated the true effect of time pressure on cheating or the generality of the effect beyond the original context.' PDR 2 reached decisive evidence for the null hypothesis (BF01 = 10.14).
10.1177/0956797620904045,https://doi.org/10.1177/0956797620904045,True,https://doi.org/10.1177/0956797614564191,"Farooqui, A.; Manly, T.",Anticipatory control through associative learning of subliminal relations: Invisible may be better than visible,Psychological Science,26,,325-334,2015,"Subliminal cues can reduce task-switching costs more effectively than supraliminal cues, demonstrating that invisible cues are better than visible ones for modulating cognitive control",failure,psychology,cognitive psychology,"The authors explicitly state ""We failed to replicate the results found by [14], which suggested that participants were more effective at modulating switch costs following subliminal cues."" With double the original sample size, they found no evidence that subliminal cues reduced switch costs, and equivalence tests in Experiment 2 confirmed the effect was statistically equivalent to zero."
10.1177/0956797620922477,https://doi.org/10.1177/0956797620922477,True,https://doi.org/10.1177/0956797614563108,"Kupor, D. M.; Laurin, K.; Levav, J.",Anticipating divine protection? Reminders of God can increase nonmoral risk taking,Psychological Science,26,4,374-384,2015,Religious primes (thinking about God) increase nonmoral risk-taking among believers through a mechanism of anticipating divine protection,failure,psychology,social psychology,"The authors explicitly state: ""We could not replicate either study by any of four replication metrics... the totality of evidence speaks against the possibility that religious primes increase nonmoral risk taking... It may be worth treating the anticipating-divine-protection hypothesis with skepticism."""
10.1177/0956797620955209,https://doi.org/10.1177/0956797620955209,True,https://doi.org/10.1177/0956797611420166,"Miller, S.; Maner, J.","Sick body, vigilant mind: The biological immune system activates the behavioral immune system",Psychological Science,22,,1467-1471,2011,Participants who had recently been ill show heightened attentional bias toward disfigured faces compared to participants who had not recently been ill,failure,psychology,social psychology,"The authors explicitly state: ""Yet given the results from this direct replication, it should not be taken as evidence for such a relation."" The critical interaction between illness recency and face type was not significant (p = .173), and the equivalence test showed the effect size was significantly smaller than what the original study could detect."
10.1177/0956797620965541,https://doi.org/10.1177/0956797620965541,True,https://doi.org/10.1177/0956797614524581,"Mueller, P.; Oppenheimer, D.",The pen is mightier than the keyboard: Advantages of longhand over laptop note taking,Psychological Science,25,6,1159-1168,2014,"Longhand note-taking improves conceptual understanding of lecture material compared to laptop note-taking, due to better encoding of information",failure,psychology,cognitive psychology,"The authors explicitly state in their conclusion: ""results did not support the idea that longhand note taking improves performance via better encoding of information."" Contrary to the original findings, the replication found no significant difference in conceptual-application performance between laptop and longhand conditions (Hedges's g = -0.13, 95% CI = [-0.45, 0.20])."
10.1177/0956797620968792,https://doi.org/10.1177/0956797620968792,True,https://doi.org/10.1177/0956797613494848,"Toner, K.; Leary, M.; Asher, M.; Jongman-Sereno, K.",Feeling superior is a bipartisan issue: Extremity (not direction) of political views predicts perceived belief superiority,Psychological Science,24,,2454-2462,2013,"Political extremity (not direction) predicts perceived belief superiority, such that both extreme liberals and extreme conservatives report higher belief superiority than moderates",success,psychology,social psychology,"The authors explicitly state in the Discussion: ""We successfully replicated the finding that individuals with more extreme attitudes, both liberal and conservative, reported higher belief superiority. Therefore, these patterns appear to be robust across samples, time, and measures."""
10.1177/0956797620968792,https://doi.org/10.1177/0956797620968792,True,https://doi.org/10.1177/0956797613494848,"Toner, K.; Leary, M.; Asher, M.; Jongman-Sereno, K.",Feeling superior is a bipartisan issue: Extremity (not direction) of political views predicts perceived belief superiority,Psychological Science,24,,2454-2462,2013,Conservatives have higher dogmatism scores than liberals,inconclusive,psychology,social psychology,"The replication confirmed the original linear effect (conservatives higher dogmatism) but also found an additional curvilinear effect not reported in the original. The Discussion notes: ""We successfully replicated this relationship"" but also ""Our research also revealed an important difference from prior work. Specifically, we found that individuals with more conservative or more liberal ideologies had higher dogmatism scores."""
10.1177/09567976211024535,https://doi.org/10.1177/09567976211024535,True,https://doi.org/10.1177/0956797620939054,"Pennycook, G.; Mcphetres, J.; Zhang, Y.; Lu, J.; Rand, D.",Fighting COVID-19 misinformation on social media: Experimental evidence for a scalable accuracynudge intervention,Psychological Science,31,7,770-780,2020,Asking people to think about the accuracy of a single headline improves truth discernment in subsequent sharing intentions for COVID-19 news headlines on social media,inconclusive,psychology,social psychology,"The first stage of replication (n=701) failed completely (p=.67). The pooled second stage (N=1,583) found a significant but substantially attenuated effect—treatment effect was 1.4 times higher versus 2.8 times in the original, representing 50% attenuation. The authors state ""the effect size of the accuracy-nudge intervention appears small, and we advise scholars that variation can be expected across replications"" and note the effect disappeared for attentive participants."
10.1177/09567976211026983,https://doi.org/10.1177/09567976211026983,True,https://doi.org/10.1177/0956797616689092,"Guo, L.; Trueblood, J.; Diederich, A.",Thinking fast increases framing effects in risky decision making,Psychological Science,28,4,530-543,2017,"Time pressure increases the magnitude of the framing effect in risky decision-making, where people show greater risk aversion for gains and risk seeking for losses when decision time is limited",success,psychology,judgment and decision making,"The authors explicitly state: 'First, we verified that we replicated [Guo et al. 2017] results by conducting a 2 (frame: gain, loss) × 2 (time constraint: none, 1 s) repeated measures ANOVA... the framing effect was larger when participants had limited time...than when they had unlimited time... Thus, our results replicate those of prior studies.'"
10.1177/09636625211024550,https://doi.org/10.1177/09636625211024550,True,https://doi.org/10.1371/journal.pone.0175799,"Cook, J.; Lewandowsky, S.; Ecker, U.",Neutralizing misinformation through inoculation: Exposing misleading argumentation techniques reduces their influence,PLoS ONE,12,5,1-21,2017,"Misinformation about climate change (using fake experts) reduces acceptance of anthropogenic global warming, and inoculation messages preceding misinformation neutralize this negative effect",failure,psychology,social psychology,"The authors explicitly state: 'we could not replicate the findings of [Cook et al.]; At least in our setting, the misinformation message and also inoculation preceding misinformation had hardly any effect on the climate-related attitudes under study.' The interventions showed no significant effects in the German sample."
10.1177/1042258720985478,https://doi.org/10.1177/1042258720985478,True,https://doi.org/10.1287/mnsc.2016.2664,"Nicolaou, N.; Patel, P.; Wolfe, M.",Testosterone and tendency to engage in self-employment,Management Science,64,4,1825-1841,2018,"Left-hand 2D:4D digit ratio (a proxy for prenatal testosterone exposure) is negatively associated with self-employment, with lower 2D:4D indicating higher testosterone exposure and greater likelihood of being self-employed",failure,economics,Behavioral Economics,"The authors explicitly state 'We thus fail to replicate their findings in the sense of finding a statistically significant (or suggestive) effect in the same direction' and conclude 'we find no substantive evidence of an association between 2D:4D and self-employment, contradicting the conclusions for left-hand 2D:4D in Nicolaou et al. (2018).'"
10.1177/1043986218769989,https://doi.org/10.1177/1043986218769989,True,https://doi.org/10.2307/2094796,"Archer, D.; Gartner, R.",Violent acts and violent times: A comparative approach to postwar homicide,American Sociological Review,41,6,937-963,1976,Wars increase postwar homicide rates because they legitimize the use of violence as a means of conflict resolution,inconclusive,criminology,comparative criminology,"The authors state they ""were able to replicate their findings"" using original methods, but note ""when we applied multiple regression adjusting for potential confounders, the results became less consistent across wars... and over time."" The time series results provided only ""modest support,"" with stronger effects for WWI than WWII, and the extension to modern wars found ""no support for the legitimation of violence argument."""
10.1177/106939719502900203,https://doi.org/10.1177/106939719502900203,True,https://doi.org/10.1525/eth.1984.12.2.02a00040,"Somersan, S.",Death symbolism in matrilineal societies,Ethos,12,2,151-164,1984,"Matrilineal societies exhibit a distinct pattern of death symbolism characterized by beliefs in ancestral spirits, reincarnation, and an afterlife whose quality is unconditional on earthly behavior",failure,sociology,cross-cultural anthropology,"The authors explicitly state in the abstract ""None of her findings were supported in this replication study"" and in the conclusion ""I have identified sampling error as the most likely reason why I failed to replicate Somersan's (1984) tests of death symbolism."" Three of four statistical tests that were significant in the original study were non-significant in the replication."
10.1177/1359104519838593,https://doi.org/10.1177/1359104519838593,True,https://doi.org/10.1016/j.adolescence.2017.01.006,"Sumia, M.; Lindberg, N.; Työläjärvi, M.; Kaltiala-Heino, R.",Current and recalled childhood gender identity in community youth in comparison to referred adolescents seeking sex reassignment,Journal of Adolescence,56,1,34-39,2017,"Potentially clinically significant gender dysphoria can be measured in adolescent populations using the GIDYQ-A questionnaire, with prevalence rates of 2.2% in males and 0.5% in females among Finnish junior high school students",success,psychology,developmental psychology,"The replication successfully used the same methodology (GIDYQ-A questionnaire in Finnish junior high schools) and confirmed measurable prevalence of gender dysphoria. The authors state: 'GD appears more common than it was 5 years earlier among Finnish junior high school students' and 'feelings of GD have increased in the adolescent population in Finland,' confirming both the measurement approach and detecting temporal changes."
10.1177/147470491401200510,https://doi.org/10.1177/147470491401200510,True,https://doi.org/10.1016/s0092-6566(02)00529-9,"Haselton, M.",The sexual overperception bias: Evidence of a systematic bias in men from a survey of naturally occuring events,Journal of Reseach in Personality,37,1,34-47,2003,"Women report being subject to opposite-sex sexual overperception far more often than underperception, while this difference is small for men, reflecting a systematic sexual overperception bias in men predicted by Error Management Theory",success,psychology,social psychology,"The authors explicitly state: ""All three original EMT generated hypotheses were strongly supported"" and ""The general pattern of findings suggests that this study of Norwegian students—using identical methodology—closely replicates Haselton's (2003) original findings of sex biases in sexual misperception of naturally occurring events."""
10.1177/153331750001500309,https://doi.org/10.1177/153331750001500309,True,,"Ries, D.",Caregivers and the ministry of Alzheimer's disease. The American Journal of Alzheimer's Care and Related Disorders and Research,The American Journal of Alzheimer's Care and Related Disorders and Research,,,31-36,1993,"Montana clergy demonstrate knowledge about Alzheimer's disease, and caregiving families hold varied expectations for and satisfaction with clergy support",inconclusive,medicine,geriatric care,"The replication showed mixed results. Clergy knowledge scores replicated successfully (p = 0.908), but the authors conclude that ""responses of Kentuckiana families indicated less satisfaction with clergy support received than was the case in the Ries study,"" with significant differences in dissatisfaction with clergy understanding of the afflicted's needs (p = 0.019). The authors attribute differences to urban versus rural contexts rather than outright replication failure."
10.1177/1745691614545653,https://doi.org/10.1177/1745691614545653,True,https://doi.org/10.1016/0010-0285(90)90003-m,"Schooler, J.; Engstler-Schooler, T.",Verbal overshadowing of visual memories: Some things are better left unsaid,Cognitive Psychology,22,1,36-71,1990,"Verbally describing a person's appearance impairs later recognition memory for that person, with participants who described a robber being approximately 25% worse at identifying the robber in a lineup compared to a control condition",success,psychology,cognitive psychology,"The authors explicitly conclude that 'these findings reveal a robust verbal overshadowing effect' and that the studies 'provide clear evidence for verbal overshadowing.' RRR2, which matched the original task order, produced a meta-analytic effect size of -16.31% that was close to the original -25%, while RRR1 showed a smaller but still significant effect of -4.01%. The authors frame both as successful replications, with task order moderating effect size."
10.1177/1745691615605826,https://doi.org/10.1177/1745691615605826,True,,"Hart, W.; Albarracín, D.",Learning about what others were doing: Verb aspect and attributions of mundane and criminal intent for past actions,Psychological Science,22,,261-266,2011,"Actions described using imperfective grammatical aspect (e.g., 'was shooting') are judged as more intentional than actions described using perfective aspect (e.g., 'shot'), and are processed in greater detail",failure,psychology,cognitive psychology,"The authors explicitly state: 'The results of this large-scale, multilab direct replication...are not consistent with the original result that actions described in imperfective aspect are considered to be more intentional.' The meta-analysis found d = -0.24 for criminal intentionality (95% CI: -0.50 to 0.02) and d = -0.08 for detailed processing (95% CI: -0.23 to 0.07), both close to zero and including zero in confidence intervals, compared to the original study's d = 0.67-0.77."
10.1177/1745691615625899,https://doi.org/10.1177/1745691615625899,False,,,,,,,,,,,,,
10.1177/1745691616652871,https://doi.org/10.1177/1745691616652871,False,,,,,,,,,,,,,
10.1177/1745691616664694,https://doi.org/10.1177/1745691616664694,True,https://doi.org/10.1037/0022-3514.82.6.956,"Finkel, E.; Rusbult, C.; Kumashiro, M.; Hannon, P.",Dealing with betrayal in close relationships: Does commitment promote forgiveness?,Journal of Personality and Social Psychology,82,,956-974,2002,Priming participants to think about their commitment to their romantic partner (vs. independence from their partner) causes reduced destructive forgiveness responses (exit and neglect) to hypothetical relationship betrayals,failure,psychology,social psychology,"The authors explicitly state ""The results of this large-scale, multilab direct replication... are not consistent with the original result"" and ""we failed to replicate the pattern of findings."" The manipulation check showed no effect on commitment (original: 1.33 points, RRR: .02 points), and there were no effects on exit (RRR: -.06, 95% CI: -.17 to .05) or neglect (RRR: -.06, 95% CI: -.18 to .07) forgiveness responses."
10.1177/1745691617693625,https://doi.org/10.1177/1745691617693625,False,,,,,,,,,,,,,
10.1177/1745691618755704,https://doi.org/10.1177/1745691618755704,True,https://doi.org/10.4324/9780203496398-16,"Dijksterhuis, A.; Van Knippenberg, A.","The relation between perception and behavior, or how to win a game of Trivial Pursuit",Journal of Personality and Social Psychology,74,,865-877,1998,Priming participants with a category associated with intelligence (professor) increases performance on a trivia test compared to priming with a category associated with lack of intelligence (soccer hooligans),failure,psychology,social psychology,"The authors explicitly state in their General Discussion that 'the meta-analytic results of this multilab replication provided little empirical support for a difference in trivia performance' and that 'these experiments did not find the difference in trivia performance originally observed in Dijksterhuis and van Knippenberg's (1998) Experiment 4.' The meta-analytic effect was 0.14% (95% CI = [-0.71%, 1.00%]), essentially zero."
10.1177/1948550616662026,https://doi.org/10.1177/1948550616662026,True,https://doi.org/10.1111/j.1467-9280.2009.02339.x,"Roberts, B.; Smith, J.; Jackson, J.; Edmonds, G.",Compensatory conscientiousness and health in older couples,Psychological Science,20,,553-559,2009,"Partner conscientiousness predicts better self-rated health and fewer physical limitations in older married couples, with a synergistic interaction effect where husbands high in both conscientiousness and neuroticism predict better health in their wives",success,psychology,social psychology,"The authors conclude: ""In this direct replication of [16], we found very similar results"" and note that ""ten out of fourteen of the originally statistically significant effects were statistically significant in this replication study."" The focal effects of partner conscientiousness and the interaction between husbands' conscientiousness and neuroticism were successfully replicated."
10.1177/2515245918777487,https://doi.org/10.1177/2515245918777487,True,https://doi.org/10.1037/0022-3514.37.10.1660,"Srull, T.; Wyer, R.",The role of category accessibility in the interpretation of information about persons: Some determinants and implications,Journal of Personality and Social Psychology,37,,1660-1672,1979,Exposing participants to hostility-related stimuli causes them to subsequently interpret ambiguous behaviors as more hostile,failure,psychology,social psychology,"The authors conclude: ""Our results suggest that the procedures we used in this replication study are unlikely to produce an assimilative priming effect that researchers could practically and routinely detect."" The meta-analytic effects were close to zero (0.08 points for protagonist ratings, -0.08 for behavior ratings) compared to the original ~3 scale point differences, with one measure going in the opposite direction."
10.1177/2515245918781032,https://doi.org/10.1177/2515245918781032,True,https://doi.org/10.1509/jmkr.45.6.633,"Mazar, N.; Amir, O.; Ariely, D.",The dishonesty of honest people: A theory of self-concept maintenance,Journal of Marketing Research,45,,633-644,2008,Recalling the Ten Commandments (a moral reminder) reduces cheating on a problem-solving task compared to recalling neutral information,failure,psychology,social psychology,"The authors explicitly conclude: ""In sum, we did not observe the predicted reduction in cheating following priming with the Ten Commandments. These results call into question the effectiveness of using the Ten Commandments as a moral prime to reduce cheating."" The replication found an effect of d = -0.04 (95% CI = [-0.12, 0.04]), essentially zero and numerically opposite to the original effect of d = 0.48."
10.1186/1471-2369-15-154,https://doi.org/10.1186/1471-2369-15-154,True,https://doi.org/10.1681/asn.2012121164,"Brookhart, M.; Freburger, J.; Ellis, K.; Wang, L.; Winkelmayer, W.; Kshirsagar, A.",Infection risk with bolus versus maintenance iron supplementation in hemodialysis patients,J Am Nephrol Soc,24,7,1151-1158,2013,"Hemodialysis patients receiving bolus iron dosing (frequent large doses) versus maintenance dosing have higher risks of infection-related hospitalization and death, with greatest risks in patients with dialysis catheters, but no association with cardiovascular outcomes",success,medicine,nephrology,"The authors explicitly state that their findings were ""remarkably similar"" to the original study and that they are ""Consistent with previous work"". The hazard ratios for infection outcomes were nearly identical (1.08-1.17 in replication vs 1.05-1.11 in original), and both studies found no association with cardiovascular outcomes."
10.1186/s12891-022-05208-w,https://doi.org/10.1186/s12891-022-05208-w,True,https://doi.org/10.1007/s10926-019-09829-2,"Schindl, M.; Wassipaul, S.; Wagner, T.; Gstaltner, K.; Bethge, M.",Impact of functional capacity evaluation on patient-reported functional ability: an exploratory diagnostic before-after study,J Occup Rehabil,29,4,711-717,2019,Performance of functional capacity evaluation (FCE) increases patient-reported functional ability as measured by the Spinal Function Sort (SFS) in patients with musculoskeletal trauma,success,medicine,Rehabilitation Medicine,"The authors explicitly state in their conclusion: ""a significant increase in patient-reported functional ability after FCE was found in patients with musculoskeletal trauma in the original study, and the results were reproduced in two subsequent cohorts."" The improvement was consistent across all cohorts (14.8, 14.8, and 15.2 points respectively) with overlapping 95% confidence intervals."
10.1186/s12916-020-01518-9,https://doi.org/10.1186/s12916-020-01518-9,True,https://doi.org/10.1186/s12916-018-1039-1,"Flaxman, A.; Joseph, J.; Murray, C.; Riley, I.; Lopez, A.",Performance of InSilicoVA for assigning causes of death to verbal autopsies: multisite validation study using clinical diagnostic gold standards,BMC Med,16,1,56,2018,"The InSilicoVA algorithm accurately assigns causes of death from verbal autopsy data, achieving specific performance metrics when validated against clinical diagnostic gold standards",failure,medicine,medicine,"The authors explicitly state in the abstract ""We failed to reproduce the results published in Flaxman et al."" and in the Discussion section ""Using publicly available data, we attempted and failed to replicate the evaluation study in Flaxman et al. [1]."""
10.1186/s13098-023-01044-7,https://doi.org/10.1186/s13098-023-01044-7,True,https://doi.org/10.1007/s00406-022-01520-7,"Najar, H.; Joas, E.; Pålsson, E.; Landén, M.",Time effect on cardiometabolic risk indicators in patients with bipolar disorder: a longitudinal case-control study,Eur Arch Psychiatry Clin Neurosci,273,5,1191,2022,"Individuals with bipolar disorders show higher levels of cardiometabolic risk indicators (waist-to-hip ratio, BMI, blood pressure, atherogenic lipid profile) compared to general population controls, with worsening central obesity and blood pressure over time",inconclusive,medicine,psychiatry,"The authors state they ""replicated the deterioration of WHR, SBP, and DBP in the patient group relative to the control group"" and confirm that ""findings regarding blood pressure were replicated."" However, they also note they ""did not replicate statistically significant baseline differences in WHR, TAG, TAG/HDL ratio, TChol/HDL-C ratio, and non-HDL-C between the two groups."" This constitutes a partial replication where some key findings were confirmed while others were not."
10.1186/s13104-016-2324-8,https://doi.org/10.1186/s13104-016-2324-8,True,https://doi.org/10.1016/j.addbeh.2015.05.004,"Potthast, N.; Neuner, F.; Catani, C.",When abuse primes addiction-automatic activation of alcohol concepts by child maltreatment related cues in emotionally abused alcoholics,Addict Behav,48,,62-70,2015,Child maltreatment related cues automatically activate an associative memory network comprising alcohol-related responses in alcohol-dependent subjects with emotional abuse experiences,failure,psychology,clinical psychology,"The authors explicitly state: ""Contrary to our hypothesis, we did not find a specific priming effect"" and ""this pattern of results could not be replicated in qualified detoxification setting."" All statistical analyses showed no significant effects with effect sizes ranging from 0.00 to 0.02."
10.1186/s13104-017-2610-0,https://doi.org/10.1186/s13104-017-2610-0,True,https://doi.org/10.1186/s12889-016-3068-z,"Pechey, R.; Couturier, D.; Hollands, G.; Mantzari, E.; Munafò, M.; Marteau, T.",Does wine glass size influence sales for on-site consumption? A multiple treatment reversal design,BMC Research Notes,16,1,390,2016,Serving wine in larger glasses (370ml vs 300ml) increases wine sales by approximately 9.4% without changing portion sizes,inconclusive,psychology,consumer psychology,"The authors explicitly state 'Overall, the results of the current study provide only a partial replication of previous findings.' While one comparison (510ml vs 370ml in Bar 1) showed a significant 10.5% increase, the key original comparison (370ml vs 300ml) failed to replicate in Bar 1, and Bar 2 showed no significant effects at all."
10.1186/s40463-020-00432-7,https://doi.org/10.1186/s40463-020-00432-7,True,https://doi.org/10.1002/lary.20515,"Meen, E.; Blakley, B.; Quddusi, T.",Does intracochlear brain-derived nerve growth factor improve auditory brainstem click thresholds in sensorineural hearing loss?,J Otolaryngol Head Neck Surg,39,8,232-235,2010,A single intracochlear injection of BDNF improves auditory brainstem response (ABR) thresholds in guinea pigs with cisplatin-induced sensorineural hearing loss,success,biomedical science,neuroscience,"The authors explicitly state in the abstract: ""Our original finding that Intracochlear BDNF can improve hearing in guinea pigs was confirmed"" and in the discussion: ""our results indicate that intracochlear BDNF is associated with lower thresholds of about 11 dB. The results of this study are consistent with some of our previous work."""
10.1186/s41235-018-0094-7,https://doi.org/10.1186/s41235-018-0094-7,True,https://doi.org/10.1007/s00221-011-2544-z,"Tseng, P.; Bridgeman, B.",Improved change detection with nearby hands,Experimental Brain Research,209,2,257-269,2011,Hand proximity to a visual display improves change detection sensitivity when colored squares briefly change color,failure,psychology,cognitive psychology,"The authors explicitly state that Experiment 3 'attempted to replicate the near-hands advantage in a change detection paradigm' but 'was unable to do so', and Experiment 4 was 'a direct replication of Tseng and Bridgeman' in which 'still, no near-hands advantage was observed.' The conclusion emphasizes that 'the near-hands advantage may be very sensitive to small differences in procedure' and their null results suggest hand proximity effects are 'fragile.'"
10.1186/s41235-018-0101-z,https://doi.org/10.1186/s41235-018-0101-z,True,https://doi.org/10.1371/journal.pone.0139159,"Jalal, B.; Krishnakumar, D.; Ramachandran, V.","I feel contaminated in my fake hand"": Obsessive-compulsive-disorder like disgust sensations arise from dummy during rubber hand illusion",PLoS One,10,12,,2015,Placing contamination-related stimuli on a rubber hand during the rubber hand illusion induces OCD-like disgust sensations when the rubber hand and participant's real hand are stroked synchronously,success,psychology,cognitive psychology,"The authors explicitly state in their conclusion: ""the present study successfully replicated the main findings of Jalal et al."" and ""The results of the present study demonstrated that placing disgust-related stimuli on a rubber hand did in fact induce stronger OCD-like disgust reactions during the RHI as compared to the control condition."""
10.1186/s41235-021-00292-3,https://doi.org/10.1186/s41235-021-00292-3,False,,,,,,,,,,,,,
10.1192/bjp.135.4.352,https://doi.org/10.1192/bjp.135.4.352,True,https://doi.org/10.1017/s0033291700015841,"Wiles, D.; Kolakowska, T.; McNeil, M.; Mandelbrote, B. M.; Gelder, M. G.","Clinical significance of plasma chlorpromazine levels. I. Plasma levels of the drug, some of its metabolites and prolactin during acute treatment",Psychological Medicine,6,3,407-415,1976,Plasma chlorpromazine levels vary widely among patients and correlate poorly with dose; increased plasma prolactin is associated with higher plasma chlorpromazine levels and extrapyramidal symptoms; but these variables do not differ between patients with good versus poor treatment outcomes,inconclusive,medicine,psychopharmacology,"The authors state 'We confirmed our previous findings with two exceptions.' Multiple findings were successfully replicated (wide variability in plasma drug levels, correlation between prolactin and drug levels, association with extrapyramidal symptoms), but two specific findings failed to replicate (association between EPS and higher plasma CPZ levels, and the CPZ-sulphoxide/CPZ ratio difference between improved and non-improved patients). This represents a partial replication."
10.12688/f1000research.25573.2,https://doi.org/10.12688/f1000research.25573.2,True,https://doi.org/10.1037/a0030655,"Bryan, C.; Adams, G.; Monin, B.",When cheating would make you a cheater: implicating the self prevents unethical behavior,J Exp Psychol Gen,142,4,1001-1005,2013,Noun-based self-identity language ('Don't be a cheater') prevents unethical behavior more effectively than verb-based language ('Don't cheat'),success,psychology,social psychology,The authors explicitly state in their conclusion: 'this study successfully replicated the results of Experiment 3 of Bryan et al. (2013) as a registered report without any deviation from the protocol... The results of our study supported the hypothesis that self-identity-related nouns of moral reminder curbed unethical behaviors more effectively.'
10.12688/openreseurope.17749.2,https://doi.org/10.12688/openreseurope.17749.2,True,https://doi.org/10.1016/j.cortex.2014.02.013,"Yu, R.; Mobbs, D.; Seymour, B.; Rowe, J.B.; Calder, A.J.",The neural signature of escalating frustration in humans,Cortex,54,,165,2014,"Goal proximity and expended effort independently increase participants' motivation during reward pursuit, and increase response force and self-reported frustration when blocked from obtaining a reward",inconclusive,psychology,cognitive psychology,"The authors state ""we were able to replicate the effects of proximity and effort on arrow RTs and self-reported motivation and frustration"" but also note ""we were unable to replicate all the behavioral findings of Yu et al. (2014)"" including differences in surprise ratings and confirm RT effects that emerged in their study but not the original, plus their force measurement failed due to technical issues."
10.1353/aad.2004.0016,https://doi.org/10.1353/aad.2004.0016,True,https://doi.org/10.1093/deafed/eng009,"Schirmer, B.",Using verbal protocols to identify reading strategies of students who are deaf,Journal of Deaf Studies and Deaf Education,8,2,157-170,2003,"Verbal protocol analysis (think-aloud methodology) can be used to examine the reading strategies of deaf students, and deaf readers use reading strategies similar to those of hearing readers in constructing meaning, monitoring comprehension, and evaluating comprehension.",success,education,literacy and reading education,"The authors explicitly state: 'This was the same finding as in the first study, so the replication study provides support for the reliability of this finding' and 'the consistency in the reading strategies used by the participants in both studies indicates that these may reflect real similarities among deaf readers.'"
10.1371/journal.pone.0033423,https://doi.org/10.1371/journal.pone.0033423,True,https://doi.org/10.1037/a0021524,"Bem, D.",Feeling the future: Experimental evidence for anomalous retroactive influences on cognition and affect,J Pers Soc Psychol,100,,407-425,2011,"Performance on a memory recall test can be influenced by a post-test practice exercise, with participants recalling more words that they will later practice than control words (retroactive facilitation of recall)",failure,psychology,social psychology,"The authors explicitly state: ""While Bem found a substantial effect, our results failed to provide any evidence for retroactive facilitation of recall."" All three independent replication attempts produced non-significant results (combined p = .83, one-tailed)."
10.1371/journal.pone.0226237,https://doi.org/10.1371/journal.pone.0226237,True,https://doi.org/10.1097/qad.0b013e32833e77c9,"Cowan, F.; Pascoe, S.; Langhaug, L.; Mavhu, W.; Chidiya, S.; Jaffar, S.",The Regai Dzive Shiri Project: results of a randomised trial of an HIV prevention intervention for Zimbabwean youth,AIDS,24,16,2541,2010,A multi-component community-based HIV prevention intervention program for young people reduces HIV and HSV-2 prevalence,inconclusive,medicine,medicine,"The pure replication confirmed the original null findings that the intervention did not reduce HIV or HSV-2 prevalence. However, dose-response analyses showed that high exposure to the intervention was associated with reduced risky sexual behaviors and ""a trend towards reducing HIV or HSV-2 prevalence among males with a high-level exposure to the intervention"" but not for females or the overall population."
10.1371/journal.pone.0236287,https://doi.org/10.1371/journal.pone.0236287,True,https://doi.org/10.1523/JNEUROSCI.1777-12.2012,"Hanslmayr, S.; Volberg, G.; Wimber, M.; Oehler, N.; Staudigl, T.; Hartmann, T.",Prefrontally driven downregulation of neural synchrony mediates goal-directed forgetting,Journal of Neuroscience,32,42,14742-14751,2012,"1Hz rTMS stimulation of left dorsolateral prefrontal cortex (dlPFC) increases directed forgetting, causing participants to forget more to-be-forgotten items compared to vertex control stimulation",inconclusive,neuroscience,cognitive psychology,"The authors explicitly state ""our results on their own should be interpreted as inconclusive."" The direct replication found no significant increase in forgetting (p = 0.14), but when meta-analyzed with the original study, the combined effect was significant (g = 0.52, p = 0.02), leading the authors to conclude that ""further replication attempts... is recommended to reliably demonstrate this causal role."""
10.1371/journal.pone.0238373,https://doi.org/10.1371/journal.pone.0238373,True,,"Maier, M.; Buechner, V.; Kuhbandner, C.; Pflitsch, M.; Fernández-Capo, M.; Gámiz-Sanfeliu, M.",Feeling the future again: Retroactive avoidance of negative stimuli,Journal of Consciousness Studies,21,9-10,121-152,2014,"Participants unconsciously avoid negative picture presentations that are randomly selected after their response, demonstrating retroactive avoidance of aversive stimuli",failure,psychology,experimental psychology,"The authors explicitly state: ""our prediction was not substantiated, and the results reported by Maier et al. (Exp. 4, ES = 0.1) were not replicated in the present study"" and conclude ""no retroactive influences were detectable in this experiment"" with a Bayes factor favoring the null hypothesis (BF₀₁ = 4.38)."
10.1371/journal.pone.0242262,https://doi.org/10.1371/journal.pone.0242262,True,https://doi.org/10.1007/s10508-009-9559-6,"Glassenberg, A.; Feinberg, R.; Jones, B.; Little, A.; Debruine, L.",Sex-dimorphic face shape preference in heterosexual and homosexual men and women,Archives of Sexual Behavior,39,6,1289-1296,2010,Straight men show stronger preferences for feminized versions of women's faces than gay men do,success,psychology,social psychology,"The authors explicitly state in the Discussion: ""This pattern of results replicates those reported by Glassenberg et al. [8]"" and found a significant effect (p<0.001) showing straight men demonstrated stronger preferences for feminized women's faces than gay men."
10.1371/journal.pone.0242262,https://doi.org/10.1371/journal.pone.0242262,True,https://doi.org/10.1007/s10508-009-9559-6,"Glassenberg, A.; Feinberg, R.; Jones, B.; Little, A.; Debruine, L.",Sex-dimorphic face shape preference in heterosexual and homosexual men and women,Archives of Sexual Behavior,39,6,1289-1296,2010,Gay men show stronger preferences for masculinized versions of men's faces than straight men do,success,psychology,social psychology,"The authors explicitly state in the Discussion: ""This pattern of results also replicates those reported by Glassenberg et al. [8]"" and found a significant effect (p<0.001) showing gay men demonstrated stronger preferences for masculine men than straight men."
10.1371/journal.pone.0248246,https://doi.org/10.1371/journal.pone.0248246,True,https://doi.org/10.1016/j.jbtep.2018.12.002,"Meyerholz, L.; Irzinger, J.; Witthöft, M.; Gerlach, A.; Pohl, A.",Contingent biofeedback outperforms other methods to enhance the accuracy of cardiac interoception: A comparison of short interventions,Journal of Behavior Therapy and Experimental Psychiatry,63,,12-20,2018,Contingent biofeedback training improves cardiac interoceptive accuracy,failure,psychology,psychophysics,"The authors explicitly concluded that ""we did not observe the expected transfer-effect from the biofeedback training to the heartbeat discrimination task"" and that ""contingent cardiac biofeedback seems to not improve cardiac interoceptive accuracy."" The observed effect (d = 0.15, p = .42) was over 20 million times more consistent with the null hypothesis than with the original large effect (d = 1.21), with a Bayes factor of 0.26 strongly supporting the null hypothesis."
10.1371/journal.pone.0255531,https://doi.org/10.1371/journal.pone.0255531,True,https://doi.org/10.1016/j.evolhumbehav.2013.05.001,"Sparks, A.; Barclay, P.","Eye images increase generosity, but not for long: The limited effect of a false cue",Evolution and Human Behavior,34,5,317-322,2013,Images of eyes (eyespots) increase generosity in a dictator game by triggering feelings of observation and reputation management,failure,psychology,social psychology,"The authors explicitly state in their Discussion: ""we failed to replicate the eyes effect... participants did not give more money in a dictator game when images of eyes were present compared to the control condition."" Despite having 95% power to detect the effect, they found no difference between the eyes and control conditions."
10.1371/journal.pone.0255531,https://doi.org/10.1371/journal.pone.0255531,True,https://doi.org/10.1177/019027250807100106,"Simpson, B.; Willer, R.",Altruism and indirect reciprocity: The interaction of person and situation in prosocial behavior,Social Psychology Quarterly,71,1,37-52,2008,People who are less prosocial (egoists) are more responsive to reputation-based cues than people who are more prosocial,inconclusive,psychology,social psychology,"The authors report this as an exploratory analysis that ""did not reach statistical significance"" and note ""this analysis was underpowered and we cannot draw definitive conclusions."" However, they found results ""suggestive"" and ""consistent with the prior study,"" with egoists giving less than prosocials in private but not public conditions."
10.1371/journal.pone.0283301,https://doi.org/10.1371/journal.pone.0283301,True,https://doi.org/10.1038/s41598-022-15728-z,"Neal, Z.; Neal, J.","Prevalence, age of decision, and interpersonal warmth judgements of childfree adults",Scientific Reports,,,11907,2022,"Childfree adults comprise approximately 21% of the population, decide not to have children primarily during their teens and twenties, and parents exhibit strong in-group favoritism in interpersonal warmth judgements while childfree adults do not",success,psychology,social psychology,"The authors state in their Discussion: ""In this study, we directly replicated nearly all prior findings related to the prevalence, age of decision and interpersonal warmth judgements of childfree adults... Specifically, our study provides confirmatory evidence that childfree individuals are numerous, comprising over one in five Michigan adults, and tend to be early-deciders... Furthermore, we replicated prior evidence of ingroup favoritism in the interpersonal warmth judgements of parents."""
10.1371/journal.pone.0286451,https://doi.org/10.1371/journal.pone.0286451,True,https://doi.org/10.1068/p6254,"Taubert, J.",Chimpanzee faces are 'special' to humans,Perception,38,,343-356,2009,"Chimpanzee faces engage special holistic processing mechanisms in humans, producing both disproportionate inversion effects and composite effects similar to human faces",failure,psychology,cognitive psychology,"The authors state explicitly in the section header 'Experiment 4-An unsuccessful exact replication of Taubert (2009)' and in the discussion: 'Our direct replication of Experiment 2 from Taubert [33] has produced data that in no way match those reported in that study. There is no evidence from the replication that Chimpanzee faces have some kind of special status for Humans, as concluded by Taubert.'"
10.1371/journal.pone.0287911,https://doi.org/10.1371/journal.pone.0287911,True,https://doi.org/10.1177/0956797610384745,Job V; Dweck C; Walton G,Ego Depletion-Is It All in Your Head?: Implicit Theories About Willpower Affect Self-Regulation,Psychol Sci,21,11,1686-1693,2010,The ego-depletion effect (performance decrease on a self-control task after performing another self-control task) occurs only for individuals who believe their willpower is limited,failure,psychology,social psychology,"The authors explicitly state in the Discussion: ""The current preregistered study failed to reproduce either the overall ego-depletion effect or its moderation by willpower mindset reported by Job et al."" They conclude that the finding ""is not a replicable finding that can provide a solid basis for rigorous theoretical development."""
10.1371/journal.pone.0334152,https://doi.org/10.1371/journal.pone.0334152,True,https://doi.org/10.1177/0956797617693004,"Brandt, M.",Predicting Ideological Prejudice,Psychol Sci,28,6,713-722,2017,Perceived ideology of target groups predicts the ideology-prejudice association more accurately than perceived status or choice in group membership,success,psychology,social psychology,"The authors explicitly state in their Study 1 discussion: ""This successful replication indicates Brandt's [1] models are robust across different types of absolute measures and across different samples"" and ""our results closely mirrored Brandt's [1] findings such that the status-only and choice-only models had weaker performances and were not significantly different from the null model."""
10.1503/jpn.220226,https://doi.org/10.1503/jpn.220226,True,https://doi.org/10.1503/jpn.200032,"Smith, R.; Kirlic, N.; Stewart, J.",Greater decision uncertainty characterizes a transdiagnostic patient sample during approach avoidance conflict: a computational modelling approach,J Psychiatry Neurosci,46,1,E74,2021,"Individuals with depression/anxiety or substance use disorders show greater decision uncertainty (DU) and reduced emotion conflict (EC, reflecting reduced avoidance of negative stimuli) during approach-avoidance conflict tasks compared to healthy controls",inconclusive,psychology,clinical psychology,"This is a partial replication. The authors state 'We successfully replicated and extended our previous findings' in the conclusion, but acknowledge that 'the previously observed difference in DU between participants with depression and/or anxiety disorders and healthy controls did not replicate.' The study successfully replicated greater DU in substance use disorders (p=0.026), reduced EC in substance use disorders (p<0.001, large effect), and reduced EC in females with depression/anxiety (p=0.007), but failed to replicate the DU effect in depression/anxiety (p=0.771)."
10.1523/eneuro.0333-18.2018,https://doi.org/10.1523/eneuro.0333-18.2018,True,https://doi.org/10.1162/jocn_a_00708,"Rogenmoser, L.; Elmer, S.; Jäncke, L.",Absolute pitch: evidence for early cognitive facilitation during passive listening as revealed by reduced P3a amplitudes,J Cogn Neurosci,27,,623-637,2015,"Musicians with absolute pitch show smaller P3a amplitudes (an event-related potential component) compared to musicians without absolute pitch during passive listening to piano tones, suggesting early cognitive facilitation in absolute pitch processing",failure,neuroscience,cognitive neuroscience,"The authors explicitly state: ""However, and most critically, there were also no significant group differences in the P3a. Additional Bayes factor analyses revealed that the data are more likely under the null hypothesis...Thus, our results challenge the view of cognitive facilitation in AP during passive listening."""
10.1523/jneurosci.0660-17.2017,https://doi.org/10.1523/jneurosci.0660-17.2017,True,https://doi.org/10.1016/j.neuron.2015.07.028,"Michalka, S.; Kong, L.; Rosen, M.; Shinn-Cunningham, B.; Somers, D.",Short-term memory for space and time flexibly recruit complementary sensorybiased frontal lobe attention networks,Neuron,87,4,882-892,2015,"Visual and auditory working memory recruit distinct, anatomically interleaved sensory-biased regions in lateral frontal cortex (two bilateral visual-biased regions: sPCS and iPCS; two bilateral auditory-biased regions: tgPCS and cIFS)",success,neuroscience,cognitive neuroscience,"The authors explicitly state in the Discussion: ""Our findings: (1) provide strong replication of our prior report of two visual-biased regions interleaved with two auditory-biased regions bilaterally in LFC"" and ""Our results are a robust replication of earlier findings from our laboratory"". All eight sensory-biased structures were identified in all 15 subjects, and seven subjects who participated in both studies showed high test-retest reliability (Dice coefficients 0.57-0.70)."
10.1523/jneurosci.0888-19.2019,https://doi.org/10.1523/jneurosci.0888-19.2019,True,https://doi.org/10.1523/jneurosci.5996-10.2012,"Pinel, P.; Fauchereau, F.; Moreno, A.; Barbot, A.; Lathrop, M.; Zelenika, D.; Bihan, L.; Poline, D.; Bourgeron, J.; Dehaene, T.; S.",Genetic variants of FOXP2 and KIAA0319/TTRAP/THEM2 locus are associated with altered brain activation in distinct language-related regions,J Neurosci,32,3,817-825,2012,"The FOXP2 SNP rs6980093 is associated with left inferior frontal gyrus activation during sentence reading/listening, with activity increasing with the number of A alleles (AA>AG>GG)",failure,neuroscience,behavioral neuroscience,"The authors explicitly state in the Discussion: ""Despite including a substantially larger sample, and a more powerful blocked design, we did not replicate the [33] associations. Formal Bayesian analyses yielded substantial-to-strong evidence supporting the null hypotheses for each SNP."""
10.1523/jneurosci.0888-19.2019,https://doi.org/10.1523/jneurosci.0888-19.2019,True,https://doi.org/10.1523/jneurosci.5996-10.2012,"Pinel, P.; Fauchereau, F.; Moreno, A.; Barbot, A.; Lathrop, M.; Zelenika, D.; Bihan, L.; Poline, D.; Bourgeron, J.; Dehaene, T.; S.",Genetic variants of FOXP2 and KIAA0319/TTRAP/THEM2 locus are associated with altered brain activation in distinct language-related regions,J Neurosci,32,3,817-825,2012,"The FOXP2 SNP rs7784315 is associated with left precentral gyrus activation during sentence reading, with TC participants showing significantly higher activity than TT participants",failure,neuroscience,behavioral neuroscience,"The Results section states: ""We did not replicate this finding in either of the two visual subsamples."" The Discussion confirms: ""we did not replicate the [33] associations"" with ""substantial-to-strong evidence supporting the null hypotheses."""
10.1523/jneurosci.0888-19.2019,https://doi.org/10.1523/jneurosci.0888-19.2019,True,https://doi.org/10.1523/jneurosci.5996-10.2012,"Pinel, P.; Fauchereau, F.; Moreno, A.; Barbot, A.; Lathrop, M.; Zelenika, D.; Bihan, L.; Poline, D.; Bourgeron, J.; Dehaene, T.; S.",Genetic variants of FOXP2 and KIAA0319/TTRAP/THEM2 locus are associated with altered brain activation in distinct language-related regions,J Neurosci,32,3,817-825,2012,"The KIAA0319/TTRAP/THEM2 SNP rs17243157 is associated with asymmetry of activation in the superior temporal sulcus during sentence reading/listening, with CC participants showing higher asymmetry than TC participants",failure,neuroscience,behavioral neuroscience,"The Results section clearly states: ""we did not replicate these associations in any of the subsamples."" Bayesian analyses provided ""substantial-to-strong evidence for non-replication"" as stated in the Results and Discussion sections."
10.1525/collabra.77610,https://doi.org/10.1525/collabra.77610,True,https://doi.org/10.1037/0022-3514.83.1.138,"Smith, R.; Webster, J.; Parrott, W.; Eyre, H.",The role of public exposure in moral and nonmoral shame and guilt,Journal of Personality and Social Psychology,83,1,138-159,2002,"Public exposure of moral transgressions has a greater effect on shame than on guilt, distinguishing these two emotions based on exposure to others' scrutiny",failure,psychology,social psychology,"The authors explicitly conclude: ""We therefore conclude this as a failed replication, not in support of the distinction made between shame and guilt in the target article (i.e., exposure)...we failed to find support that exposure had a greater effect on shame than guilt."""
10.17352/2394-8418.000052,https://doi.org/10.17352/2394-8418.000052,True,https://doi.org/10.1016/j.zefq.2017.09.001,"Dreher, G.; Rüttermann, S.; Weberschock, S.",Conception and implementation of a novel E-learning module with EbM-learning contents in operative dentistry,Z Evid Fortbild Qual Gesundhwes,127-128,,72,2017,An e-learning resource with dental case vignettes and evidence-based dentistry content receives positive ratings from dental students and is perceived as beneficial for their clinical coursework,success,education,medical education,The authors state in the Results section: 'All obtained results in the replication study showed no statistical significant differences to the primary study.' The Discussion further confirms: 'The agreement of the results with those of the primary study points to the remarkable validity of the chosen method of evaluation.'
10.18718/81781.8,https://doi.org/10.18718/81781.8,True,https://doi.org/10.1257/app.2.2.1,"Bleakley, H.",Malaria Eradication in the Americas: A Retrospective Analysis of Childhood Exposure,American Economic Journal: Applied Economics,2,2,1-45,2010,Large-scale malaria eradication campaigns in the 20th century led to increased adult income and human capital for those native to historically endemic areas,success,economics,Development Economics,"The authors explicitly state in the abstract: 'I perform a pre-registered reanalysis and find these results to be largely robust. Malaria eradication efforts indeed appear to have been followed by anomalous income gains for natives of historically malarial areas of Brazil, Colombia, Mexico, and perhaps the United States.' The conclusion confirms: 'it broadly supports Bleakley's main result that the evidence indicates that eradication raised adult income.'"
10.2132/personality.33.3.7,https://doi.org/10.2132/personality.33.3.7,True,https://doi.org/10.2130/jjesp.2008,"Shimizu, Y.; Okada, K.; Karasawa, K.",愛好家サブカテゴリーの顕現化によるギャンブラーへの潜在的態度の肯定化,実験社会心理学研究,60,2,113-124,2021,Portraying non-stereotypical images of gamblers (recreational gamblers) improves implicit attitudes toward gamblers,failure,psychology,social psychology,"The authors explicitly state that 'The results showed no significant differences between the groups, and no meaningful changes in implicit attitudes after exposure to the recreational gambler vignette,' directly contradicting the original finding of a positive impact on implicit attitudes."
10.2215/cjn.02560317,https://doi.org/10.2215/cjn.02560317,False,,,,,,,,,,,,,
10.2466/pms.1989.68.1.157,https://doi.org/10.2466/pms.1989.68.1.157,True,,"Radin, D. I.",,Perceptual and Motor Skills,,,,,Physical proximity to sugar reduces grip strength in adult subjects,failure,psychology,psychophysics,"The abstract explicitly states ""Statistical analysis indicated no significant effect of held substance upon grip strength,"" directly contradicting Radin's original finding of a significant 4% reduction in grip strength when holding sugar."
10.2466/pms.2000.90.2.640,https://doi.org/10.2466/pms.2000.90.2.640,True,https://doi.org/10.2466/pms.1999.89.1.151,"Onwuegbuzie, A.",Defense or offense? Which is the better predictor of success for professional football teams?,Perceptual and Motor Skills,89,1,151-159,1999,Defensive attainments (particularly turnover differential and rushing yards) are better predictors of NFL team success than offensive attainments,success,psychology,sports psychology,"The authors explicitly state that 'the present findings are consistent with the results of Onwuegbuzie who concluded that the attainments of the defense are more important than are the offensive attainments in predicting whether an NFL team will be successful.' The original two-variable model adequately predicted 1998-1999 season outcomes, and the new five-variable model showed defensive characteristics explaining over 75% of variance, with turnover differential remaining the strongest predictor (54.4% variance)."
10.2466/pr0.1989.64.3.833,https://doi.org/10.2466/pr0.1989.64.3.833,True,https://doi.org/10.2466/pr0.1985.57.3f.1091,"Gabrys, J.; Peters, K.; Zong, W.","Reliability, discriminant and predictive validity of the Zung Selfrating Depression Scale",Archives of General Psychiatry,57,3_suppl,63-70,1965,The Zung Self-Rating Depression Scale discriminates between depressed and non-depressed patients with good reliability and validity,inconclusive,psychology,clinical psychology,"While the scale showed significant discrimination between groups (F=13.3, p=.0004), the authors noted ""there is, however, considerably more overlap in group scores which makes prediction difficult for the individual case"" and that ""fewer depressed and nondepressed patients fell into the severe depression range"" compared to Gabrys' original study, indicating a weaker replication."
10.2466/pr0.1999.85.2.457,https://doi.org/10.2466/pr0.1999.85.2.457,True,https://doi.org/10.2466/pr0.1998.83.2.455,"Jensen, M.; Kristiansen, I.; Sandbekk, M.; Kroger, J.",Ego identity status in cross-cultural context: a comparison of Norwegian and United States university students,Psychological Reports,83,2,455-460,1998,Norwegian late adolescents score lower on extent of identity exploration and commitment compared to United States late adolescents in both ideological and interpersonal domains,success,psychology,developmental psychology,"The authors explicitly state 'The present study replicates work by Jensen, et al. (1998)' and 'These results are consistent with findings of [Jensen et al.].' All differences were statistically significant (p < .001 for most), with moderate to large effect sizes (.56 to 2.07), confirming that Norwegian students scored consistently lower on all identity status scales."
10.31275/20211903,https://doi.org/10.31275/20211903,True,https://doi.org/10.1063/1.3663724,"Bem, D.",Feeling the future: Experimental evidence for anomalous retroactive influences on cognition and affect,Journal of Personality and Social Psychology,100,3,407-425,2011,Response times to incongruent stimuli are longer than response times to congruent stimuli even though the prime appears after the participant's judgment (retroactive/precognitive priming effect),failure,psychology,social psychology,"The authors explicitly state in the Discussion: ""Overall, the two studies did not replicate the original Bem findings for time-reverse priming on RT. Both failed to reach significance in the preplanned confirmatory hypotheses."" Neither Experiment 1 nor Experiment 2 showed significant effects in their pre-registered confirmatory analyses."
10.31487/j.pdr.2020.03.01,https://doi.org/10.31487/j.pdr.2020.03.01,True,https://doi.org/10.1080/10926771.2018.1543746,"Ross, C.; Engle, C.; Baker, B.",Reductions in symptomatology at a residential treatment center for substance use disorder,J Aggr Maltreat Trauma,28,10,1173-1180,2018,"Multimodal, trauma-informed residential treatment for substance use disorders produces marked reductions in symptoms of depression, anxiety, dissociation, and PTSD from admission to discharge",success,psychology,clinical psychology,"The authors explicitly state in the Discussion: 'The data in the present sample (N=200) replicated the findings in the prior sample (N=100).' The Results section confirms that scores on all four symptom measures (BDI, BAI, DES, PCL-C) at both admission and discharge did not differ between the original and replication samples at p = .05, demonstrating successful replication of the symptom reduction pattern."
10.3238/arztebl.2020.0347,https://doi.org/10.3238/arztebl.2020.0347,True,https://doi.org/10.1016/s0084-3970(08)70466-3,"Dreßing, H.; Kuehner, C.; Gass, P.",Lifetime prevalence and impact of stalking in a European population: epidemiological data from a middlesized German city,Br J Psychiat,187,,168-172,2005,"Stalking has a lifetime prevalence of approximately 11-12% in German adults aged 18-65, with victims showing elevated rates of mental disorders compared to non-victims",success,medicine,psychiatry,"The authors state: 'The lifetime prevalence of stalking in the 2018 sample was 10.8%, close to the figure of 11.6% in 2003' and 'Both in 2003 and in 2018, the mental disorders of stalking victims were more severe than those in persons who had not been exposed to stalking... the data confirm the findings' from the original study."
10.32872/cpe.v2i4.2593,https://doi.org/10.32872/cpe.v2i4.2593,True,https://doi.org/10.1111/bjc.12069,"Remmers, C.; Topolinski, S.; Dietrich, D.; Michalak, J.",Impaired intuition in patients with major depressive disorder,British Journal of Clinical Psychology,54,2,200-213,2015,Patients with major depression show deficits in intuitively detecting semantic coherence compared to healthy controls,failure,psychology,cognitive psychology,"The authors explicitly state in their discussion: 'the current study did not replicate findings from previous research regarding intuitive semantic coherence detection deficits in depression.' The main hypothesis (H1) that depressed patients would be less able to discriminate semantic coherence was not supported: t(68) = -0.12, p = .90."
10.3389/feduc.2021.724711,https://doi.org/10.3389/feduc.2021.724711,True,https://doi.org/10.1016/j.cedpsych.2014.03.004,"Zimmerman, B.; Kitsantas, A.",Comparing Students' Self-Discipline and Self-Regulation Measures and Their Prediction of Academic Achievement,Contemp. Educ. Psychol,39,2,145-155,2014,Self-regulation (but not self-discipline) uniquely predicts academic achievement (GPA) when controlling for both constructs,success,psychology,educational psychology,"The authors explicitly state in their conclusion: ""we found support for that claim: self-regulation of effort was moderately predictive of semester GPA at the university. Self-discipline was not associated with GPA over and above self-regulation effort."" The replication successfully confirmed the original finding despite a smaller effect size."
10.3389/fnhum.2022.937515,https://doi.org/10.3389/fnhum.2022.937515,True,https://doi.org/10.1016/j.brs.2021.02.002,"Bortoletto, M.; Bonzano, L.; Zazio, A.; Ferrari, C.; Pedullà, L.; Gasparotti, R.",Asymmetric transcallosal conduction delay leads to finer bimanual coordination,Brain Stimul,14,,379-388,2021,"M1-P15 amplitude positively predicts ipsilateral silent period (iSP) magnitude, reflecting transcallosal inhibition between motor cortices",success,neuroscience,behavioral neuroscience,The authors explicitly state: 'we show a replication of the relationship between M1-P15 and iSP' and in the conclusion write 'as revealed by the successful replication of its positive relationship with the iSP' (p = 0.001).
10.3389/fnhum.2022.937515,https://doi.org/10.3389/fnhum.2022.937515,True,https://doi.org/10.1016/j.brs.2021.02.002,"Bortoletto, M.; Bonzano, L.; Zazio, A.; Ferrari, C.; Pedullà, L.; Gasparotti, R.",Asymmetric transcallosal conduction delay leads to finer bimanual coordination,Brain Stimul,14,,379-388,2021,M1-P15 latency (transcallosal conduction delay) predicts bimanual coordination performance in sequential thumb-to-finger opposition movements,failure,neuroscience,behavioral neuroscience,"The authors state: 'Contrary to our expectations, we did not observe any significant relationship between the M1-P15 latency and behavioral performance' (all p > 0.07). They conclude the 'discrepancies between this study and our previous one highlight the need for future investigations'."
10.3389/fnhum.2022.997230,https://doi.org/10.3389/fnhum.2022.997230,True,https://doi.org/10.1016/j.cortex.2019.11.014,"Filbrich, L.; Van Den Broeke, E.; Legrain, V.; Mouraux, A.",The focus of spatial attention during the induction of central sensitization can modulate the subsequent development of secondary hyperalgesia,Cortex,124,,193-203,2020,Focusing spatial attention on one forearm during bilateral high-frequency electrical stimulation increases mechanical pinprick sensitivity (secondary hyperalgesia) on the attended arm compared to the unattended arm,failure,neuroscience,behavioral neuroscience,"The authors explicitly state: ""We therefore did not replicate the observations made by [Filbrich et al. 2020]. Both confirmatory and sensitivity analyses showed that there was no significant difference between the two arms compared in terms of percentage of change in mechanical pinprick sensitivity."""
10.3389/fnins.2022.952903,https://doi.org/10.3389/fnins.2022.952903,True,https://doi.org/10.1016/j.jpsychires.2019.01.002,"Eikeseth, F. F.; Denninghaus, S.; Cropley, M.; Witthöft, M.; Pawelzik, M.; Sütterlin, S.",The cortisol awakening response at admission to hospital predicts depression severity after discharge in major depressive disorder (MDD) patients,Journal of Psychiatric Research,111,,44-50,2019,A blunted cortisol awakening response (CAR) at admission to hospital predicts higher depression severity six weeks and six months after discharge in major depressive disorder patients,inconclusive,neuroscience,behavioral neuroscience,"The authors state ""Our former reported results (Eikeseth et al., 2019) have been partly replicated"" with comparable effect sizes (r = -0.223 vs r = -0.213 original), but the main analysis did not reach statistical significance (p = 0.054), leading them to conclude it ""largely replicated previous (significant) findings"" but with ""statistically non-significant"" results."
10.3389/fpsyg.2012.00504,https://doi.org/10.3389/fpsyg.2012.00504,True,https://doi.org/10.1038/ncomms1262,"Schmitt, V.; Fischer, J.",Representational format determines numerical competence in monkeys,Nat. Commun,2,1,257,2011,"Monkeys (olive baboons and long-tailed macaques) perform better at quantity discrimination when choosing between inedible items or when choosing between edible items but receiving different edible items as rewards, compared to choosing and receiving the same edible items",failure,psychology,cognitive psychology,"The authors state: ""Interestingly, the horses were indifferent to the type of choice stimuli that were presented, i.e., they were not more or less successful when they chose between slices of apple than when they chose between wooden blocks."" The GLMM revealed no significant effect of stimulus type (P = 0.606), and overall the horses showed at-chance performance with no evidence of quantity discrimination abilities."
10.3389/fpsyg.2014.00539,https://doi.org/10.3389/fpsyg.2014.00539,True,https://doi.org/10.1016/j.concog.2009.08.009,"Heinemann, A.; Kunde, W.; Kiesel, A.",Context-specific primecongruency effects: On the role of conscious stimulus representations for cognitive control,Conscious. Cogn,18,,966-976,2009,"Context-specific proportion congruency effects occur only with conscious conflict stimuli, not with unconscious conflict stimuli, indicating that cognitive control requires consciousness",inconclusive,psychology,cognitive psychology,"The authors state 'we failed to replicate the results described by [18]' and found a CSPC effect in both conscious and unconscious groups (contrary to the original). However, they also note 'caution is warranted' because the effect 'was only observable on test trials, and not on inducing trials,' was absent in RTs in Experiment 1, and 'was not observed consistently' in Experiment 2 when considering only trials within the response deadline."
10.3389/fpsyg.2014.00786,https://doi.org/10.3389/fpsyg.2014.00786,True,https://doi.org/10.1111/j.1467-9280.2008.02136.x,"Vul, E.; Pashler, H.",Measuring the crowd within: probabilistic representations within individuals,Psychol. Sci,19,,645-647,2008,The average of two estimates from one person tends to be more accurate than a single estimate from that person (the 'crowd within' effect),success,psychology,judgment and decision making,"The authors explicitly state in their Discussion: ""Our replication attempt of the crowd within effect supports the original finding by Vul and Pashler (2008) that averaging two guesses within one person provides a more accurate answer than either guess alone... These results were evaluated as successful replications against two different replication evaluation standards."""
10.3389/fpsyg.2014.00875,https://doi.org/10.3389/fpsyg.2014.00875,True,https://doi.org/10.1037/0033-295X.84.4.327,"Tversky, A.",Features of similarity,Psychol. Rev,84,,327-352,1977,"The diagnosticity principle determines which features are used to cluster multiple objects into subgroups, with perceived similarity between items within clusters increasing while similarity between items in different clusters decreases",inconclusive,psychology,cognitive psychology,"The authors state: ""without eliminating possible substitution effects we replicate the original findings by [9] and [10]. However, eliminating substitution effects strongly reduces the observed differences between conditions."" They conclude: ""There are two explanations that seem likely... One possibility is that there really are no diagnosticity effects... The other explanation could be that diagnosticity effects do exist but only in situations where the features of the targets are visual and readily available."""
10.3389/fpsyg.2014.00875,https://doi.org/10.3389/fpsyg.2014.00875,True,https://doi.org/10.4324/9781032633275-7,"Tversky, A.; Gati, I.",Studies of similarity,Cogn. Categ,1,,79-98,1978,The diagnosticity principle applies to similarity judgments of countries where categorization influences perceived similarity based on semantic knowledge rather than visual features,inconclusive,psychology,cognitive psychology,"The authors found that ""The results of Study 2a, and 2b are also very similar to those originally observed by [10], but again revealed smaller effects."" However, after eliminating substitution effects, they report: ""eliminating substitution effects strongly reduces the observed differences between conditions with averages of... -1.21% (2a), and 1.24% (2b)"" clustering around zero, leading to inconclusive evidence for the diagnosticity effect."
10.3389/fpsyg.2014.01035,https://doi.org/10.3389/fpsyg.2014.01035,True,https://doi.org/10.1073/pnas.251541498,"Kurzban, R.; Tooby, J.; Cosmides, L.",Can race be erased? Coalitional computation and social categorization,Proc. Natl. Acad. Sci. U.S.A,98,,15387-15392,2001,"When coalitional cues are orthogonal to racial cues, the tendency to categorize people on the basis of their race is strongly reduced",inconclusive,psychology,social psychology,"While both hypotheses were statistically confirmed (p = 0.023 for race reduction; p < 0.001 for coalition increase), the authors emphasize that ""the effect size of the reduction in race encoding was considerably smaller than the effect sizes reported by [8]"" and ""the evidence for a reduction in race encoding was rather weak"" with only ""anecdotal"" Bayesian support (BF = 1.82)."
10.3389/fpsyg.2014.01511,https://doi.org/10.3389/fpsyg.2014.01511,True,https://doi.org/10.1016/j.cogbrainres.2005.02.020,"Buccino, G.; Riggio, L.; Melli, G.; Binkofski, F.; Gallese, V.; Rizzolatti, G.",Listening to action-related sentences modulates the activity of the motor system: a combined TMS and behavioural study,Cogn. Brain Res,24,,355-363,2005,"Listening to hand-related sentences decreases motor evoked potentials (MEPs) recorded from hand muscles compared to foot-related sentences, reflecting an interference effect in the motor system during language processing",reversal,neuroscience,cognitive psychology,"The authors found the opposite effect: ""our data showed an early modulation of MEPs... However, the direction of the effect is reversed with respect to [5], where an interference effect was shown. Namely, hand MEPs increased in response to hand-related action sentences"" - they found facilitation instead of interference."
10.3389/fpsyg.2014.01511,https://doi.org/10.3389/fpsyg.2014.01511,True,https://doi.org/10.1016/j.cogbrainres.2005.02.020,"Buccino, G.; Riggio, L.; Melli, G.; Binkofski, F.; Gallese, V.; Rizzolatti, G.",Listening to action-related sentences modulates the activity of the motor system: a combined TMS and behavioural study,Cogn. Brain Res,24,,355-363,2005,"Reaction times are slower when the body effector used to give motor responses matches the effector involved in the action expressed by the presented verb, reflecting an interference effect",failure,neuroscience,cognitive psychology,"The authors explicitly state: ""Despite more than doubling the number of participants, we were unable to replicate the most significant findings in the behavioral experiment. In particular, we were not able to get significant results in the crucial 'sentence' × 'effector' interaction."""
10.3389/fpsyg.2015.00238,https://doi.org/10.3389/fpsyg.2015.00238,False,,,,,,,,,,,,,
10.3389/fpsyg.2015.00494,https://doi.org/10.3389/fpsyg.2015.00494,True,https://doi.org/10.1177/1948550611419266,"Topolinski, S.; Sparenberg, P.",Turning the hands of time: clockwise movements increase preference for novelty,Soc. Psychol. Personal. Sci,3,,308-314,2012,"Clockwise movements induce psychological states of temporal progression and orientation toward the future and novelty, specifically increasing openness to experience",failure,psychology,social psychology,"The authors explicitly state: ""We were unable to replicate the finding reported by Topolinski and Sparenberg (2012, Experiment 2). Based on data from 102 participants, our preregistered Bayes factor hypothesis test revealed that the data were 10.76 times more likely under the null hypothesis than under the alternative hypothesis."""
10.3389/fpsyg.2015.01552,https://doi.org/10.3389/fpsyg.2015.01552,True,https://doi.org/10.1016/S0749-596X(02)00515-6,"McElree, B.; Foraker, S.; Dyer, L.",Memory structures that subserve sentence comprehension,J. Mem. Lang.,48,,67-91,2003,"During sentence comprehension, readers use a content-addressable direct-access retrieval mechanism to retrieve grammatical dependencies, characterized by decreased accuracy but constant retrieval speed as distance increases between dependent elements",success,psychology,cognitive psychology,"The authors explicitly state: ""The results of this experiment replicate McElree and colleagues' demonstration of direct-access retrieval"" and ""Our results replicate previous findings that suggest that a direct-access retrieval mechanism supports online parsing operations."" Experiment 1 successfully reproduced the signature pattern of direct-access retrieval using auditory stimuli."
10.3389/fpsyg.2015.01709,https://doi.org/10.3389/fpsyg.2015.01709,True,https://doi.org/10.1016/j.jesp.2015.01.005,"Kraus, M.; Tan, J.",Americans overestimate social class mobility,J. Exp. Soc. Psychol,58,,101-111,2015,"Americans substantially overestimate social class mobility in society, provide greater overestimates when thinking of similar others, and those with high perceived social class provide larger overestimates",success,psychology,social psychology,"The authors explicitly state: ""The results from this preregistered exact replication of Study 3 from [9] provide evidence consistent with each of these three predictions"" and found that ""Participants provided large overestimates of social class mobility that became even larger when considered for individuals similar to the self"" with effect sizes similar to or larger than the original."
10.3389/fpsyg.2016.02081,https://doi.org/10.3389/fpsyg.2016.02081,True,https://doi.org/10.1016/j.jml.2005.02.004,"Ameel, E.; Storms, G.; Malt, B.; Sloman, S.",How bilinguals solve the naming problem,J. Mem. Lang,53,,60-80,2005,"Bilinguals converge their naming patterns across both languages, forming a partially merged naming pattern rather than maintaining two separate monolingual-like naming patterns",success,psychology,cognitive psychology,"The authors explicitly state: ""This conceptual replication study offers confirmatory evidence for a converged naming pattern in adult bilinguals as demonstrated by [3][4]"" and ""we succeeded in replicating these experiments... We successfully replicated the group-level analysis with correlation contrasts."""
10.3389/fpsyg.2016.02081,https://doi.org/10.3389/fpsyg.2016.02081,True,https://doi.org/10.1016/j.jml.2008.10.001,"Ameel, E.; Malt, B.; Storms, G.; Van Assche, F.",Semantic convergence in the bilingual lexicon,J. Mem. Lang,60,,270-290,2009,"Bilingual category centers in multidimensional semantic space are closer to each other than monolingual category centers, indicating convergence at both category boundaries and centers",success,psychology,cognitive psychology,"The authors state: ""More evidence for converged naming patterns was found in a representation in a multidimensional space and the finding of shorter distances between bilingual category centers than monolingual category centers... These findings show that convergence takes place at both category boundaries and category centers"" confirming the findings of Ameel et al. (2009)."
10.3389/fpsyg.2019.00950,https://doi.org/10.3389/fpsyg.2019.00950,False,,,,,,,,,,,,,
10.3389/fpsyg.2020.02182,https://doi.org/10.3389/fpsyg.2020.02182,True,https://doi.org/10.1002/hipo.23099,"Muffato, V.; Hilton, C.; Meneghetti, C.; De Beni, R.; Wiener, J.",Evidence for age-related deficits in object-location binding during place recognition,Hippocampus,29,,971-979,2019,"Older adults show impaired place recognition ability, particularly when object-location binding is required (swap condition), but preserved spatial perspective-taking ability compared to younger adults",success,psychology,cognitive psychology,"The authors explicitly state in the Discussion section: 'We replicated behavioural findings reported by [41]' and 'The behavioural results of this study are a direct replication of those found by [41].' They confirmed that older adults performed worse than younger adults, particularly in the swap condition requiring object-location binding."
10.3389/fpsyg.2021.710663,https://doi.org/10.3389/fpsyg.2021.710663,True,https://doi.org/10.1177/1747021818814461,"Lee, H.; Seong, E.; Choi, W.; Lowder, M.",Development and assessment of the korean author recognition test,Q. J. Exp. Psychol,72,,1837-1846,2019,"Print exposure measured by the Korean Author Recognition Test (KART) correlates with language skills and modulates the word frequency effect in lexical decision tasks, such that individuals with higher KART scores show smaller frequency effects",success,psychology,cognitive psychology,"The authors explicitly state: ""the results reported here serve as a successful replication of all the key results reported in Lee et al."" They replicated all three main findings: correlations between KART and language measures, and the critical interaction showing KART scores modulate word frequency effects."
10.3389/fpsyg.2023.1146200,https://doi.org/10.3389/fpsyg.2023.1146200,True,https://doi.org/10.1037/xlm0000174,"Popp, E.; Serra, M.",Animacy enhances free recall but impairs cued recall,J. Exp. Psychol. Learn. Mem. Cogn,42,,186-201,2016,Free recall performance is better for animal names than for inanimate object names (animacy effect),success,psychology,cognitive psychology,"The authors state in their discussion: ""our primary analyses yielded results that closely paralleled theirs. Free recall was better for animal names than object names"" and in their conclusion that ""The results of our experiments...suggest that the reverse animacy effect in cued recall is a robust, replicable effect."""
10.3389/fpsyg.2023.1146200,https://doi.org/10.3389/fpsyg.2023.1146200,True,https://doi.org/10.1037/xlm0000174,"Popp, E.; Serra, M.",Animacy enhances free recall but impairs cued recall,J. Exp. Psychol. Learn. Mem. Cogn,42,,186-201,2016,Cued recall performance is better for inanimate object-object pairs than for animal-animal pairs (reverse animacy effect),success,psychology,cognitive psychology,"The authors explicitly state: ""Overall, we replicated the basic pattern observed by Popp and Serra (2016): better free recall for animals than objects, and better cued recall for objects than animals"" and conclude that the effect is ""robust"" and ""replicable."""
10.3390/jintelligence7010006,https://doi.org/10.3390/jintelligence7010006,True,https://doi.org/10.1176/ajp.140.5.633-a,"Gould, S.; Norton, W.",The Mismeasure of Man: Revised and Expanded,The Mismeasure of Man: Revised and Expanded,140,5,633,1996,"The Army Beta intelligence test had inappropriate content, unsuitable administration conditions, impossibly short time limits, and could not have measured intelligence in illiterate or non-English speaking World War I draftees",failure,psychology,differential psychology,"The authors explicitly state in their discussion: 'Gould's criticism of time limits and his argument that the Army Beta did not measure intelligence are without basis' and conclude 'We believe that Stephen Jay Gould was largely incorrect in his assessments of the Army Beta.' Their replication demonstrated that the Army Beta did measure intelligence and had appropriate content, instructions, and time limits."
10.3390/vision6040065,https://doi.org/10.3390/vision6040065,True,https://doi.org/10.1016/j.obhdp.2013.10.003,"Tsay, C.",The vision heuristic: Judging music ensembles by sight alone,Organ. Behav. Hum. Decis. Processes,124,1,24-33,2014,Musical novices can successfully judge the winner of music competitions from 6-second silent video clips at above-chance rates,failure,psychology,psychophysics,"The authors explicitly state in their conclusion: ""In this direct, well-powered replication, we observed a null effect... we argue that these findings should be given precedence over the original findings"" and ""the claim being tested was not found to replicate successfully, suggesting that the original result may have been a false positive finding."""
10.37546/jaltjj42.1-1,https://doi.org/10.37546/jaltjj42.1-1,True,https://doi.org/10.21832/9781847691293-005,"Taguchi, T.; Magid, M.; Papi, M.","The L2 motivational system amongst Japanese, Chinese, and Iranian learners of English: A comparative study","Motivation, language identity and the L2 self",,,66-97,2009,"The L2 motivational self system (comprising ideal L2 self, ought-to L2 self, and L2 learning experience) provides a culture-independent explanation of second language learning motivation and its relationship with learners' preference for and effort to learn the second language",success,linguistics,Second Language Acquisition,The authors explicitly state in their conclusion that 'Our results support the findings of Taguchi et al.' and 'our study provides evidence supporting the explanatory power of the tripartite model of the L2 motivational self originally tested by Taguchi et al.' The structural equation modeling confirmed the validity of the model with acceptable goodness-of-fit indices.
10.3758/pbr.17.6.827,https://doi.org/10.3758/pbr.17.6.827,True,https://doi.org/10.3758/bf03196595,"Manwell, L.; Roberts, M.; Besner, D.",Single letter coloring and spatial cuing eliminates a semantic contribution to the Stroop effect,Psychonomic Bulletin & Review,11,3,458-462,2004,Coloring and cuing a single letter (versus all letters) in a word eliminates the semantically based Stroop effect,failure,psychology,cognitive psychology,"The authors explicitly state: ""contrary to Manwell et al.'s results but in line with those obtained by Augustinova and Ferrand, these manipulations consistently failed to eliminate or even reduce the semantically based Stroop effect."" Both experiments found significant semantic Stroop effects with single-letter coloring, directly contradicting the original study's claim of elimination."
10.3758/s13414-020-02021-2,https://doi.org/10.3758/s13414-020-02021-2,True,https://doi.org/10.1037/a0037454,"Weissman, D. H.; Jiang, J.; Egner, T.",Determinants of congruency sequence effects without learning and memory confounds,Journal of Experimental Psychology: Human Perception and Performance,40,5,2022-2037,2014,"The congruency sequence effect (CSE) appears only in tasks where the distractor can be translated into a response faster than the target, specifically in prime-probe and Simon tasks but not in flanker and Stroop tasks",inconclusive,psychology,cognitive psychology,"The replication found the CSE in all four tasks (prime-probe, flanker, Stroop, and Simon) in RT, extending beyond the original which only found it in prime-probe and Simon tasks. The authors state 'our results extend but do not fundamentally contradict the original findings' and conclude 'it seems premature to conclude that the difference in the speed of distractor-vs target-related response activation is a determinant of the size of cross-trial modulations of control,' contradicting the original's theoretical interpretation."
10.3758/s13414-020-02209-6,https://doi.org/10.3758/s13414-020-02209-6,True,https://doi.org/10.1177/0956797610397956,"Brady, T.; Alvarez, G.",Hierarchical encoding in visual working memory: Ensemble statistics bias memory for individual items,Psychological Science,22,,384-392,2011,Memory for the size of individual colored circles is biased toward the mean size of same-colored circles in the group,success,psychology,cognitive psychology,"The authors explicitly state in the Discussion: ""The obtained results provide strong evidence in favor of the alternative hypothesis over the null hypothesis. Thus, our results replicate the main finding of Brady and Alvarez (2011), although with a smaller effect size."" They found a significant bias (p < .001, d = 0.23) and strong Bayesian evidence (BF₁₀ = 634,953)."
10.3758/s13414-021-02423-w,https://doi.org/10.3758/s13414-021-02423-w,True,https://doi.org/10.1121/1.4822320,"Yi, H.; Phelps, J.; Smiljanic, R.; Chandrasekaran, B.",Reduced efficiency of audiovisual integration for nonnative speech,The Journal of the Acoustical Society of America,134,5,387-L393,2013,Audiovisual benefit (improvement in speech intelligibility when seeing the talker in addition to hearing their voice) is smaller for nonnative-accented speech compared to native-accented speech,success,psychology,psychophysics,"The authors state in their interim discussion: ""We replicated the finding that audiovisual benefit is reduced for nonnative-accented speech."" This finding was confirmed across both experiments."
10.3758/s13414-021-02423-w,https://doi.org/10.3758/s13414-021-02423-w,True,https://doi.org/10.1121/1.4822320,"Yi, H.; Phelps, J.; Smiljanic, R.; Chandrasekaran, B.",Reduced efficiency of audiovisual integration for nonnative speech,The Journal of the Acoustical Society of America,134,5,387-L393,2013,Individual differences in implicit racial biases (as measured by Implicit Association Tests) predict the magnitude of reduced audiovisual benefit for nonnative versus native speech,failure,psychology,psychophysics,"The authors explicitly state: ""we did not replicate the finding that implicit racial biases (as measured by an IAT) are related to the magnitude of this effect... our results did not support the conclusion that implicit racial biases... were related to these differences in audiovisual benefit."""
10.3758/s13414-024-02942-2,https://doi.org/10.3758/s13414-024-02942-2,True,https://doi.org/10.1016/j.cognition.2007.03.004,"Casasanto, D.; Boroditsky, L.",Time in the mind: Using space to think about time,Cognition,106,2,579-593,2008,"Spatial information influences temporal estimates asymmetrically (space affects time judgments more than time affects space judgments), supporting metaphor theory over ATOM",failure,psychology,cognitive psychology,"The authors explicitly state in their Discussion: ""Our pre-registered analyses provide robust and conclusive evidence against metaphor theory, in favor of ATOM"" and ""there is not good evidence that there is substantial asymmetry as was reported in [Casasanto & Boroditsky 2008]."" They found a symmetrical relationship (both effects ~2.8% variance) rather than the original's asymmetric pattern (94% vs 5%)."
10.3758/s13414-024-02994-4,https://doi.org/10.3758/s13414-024-02994-4,True,https://doi.org/10.1037/xhp0000399,"Brady, T.; Shafer-Skelton, A.; Alvarez, G.",Global ensemble texture representations are critical to rapid scene perception,Journal of Experimental Psychology: Human Perception and Performance,43,6,1160-1176,2017,"Texturized scene images that preserve global ensemble texture statistics can prime scene perception, but texturized object images cannot prime object perception, suggesting separate processing pathways for scenes versus objects",failure,psychology,cognitive psychology,"The authors explicitly state in their conclusion: 'we were unable to replicate the critical conditions from Brady et al. (2017). Thus, we do not find sufficient evidence for a privileged role of global ensemble statistics for scene over object perception.' Unlike the original study, they found priming effects for both texturized objects AND texturized scenes, contradicting the key finding that only scenes show this effect."
10.3758/s13421-018-0888-3,https://doi.org/10.3758/s13421-018-0888-3,True,https://doi.org/10.1037/h0087446,"Wolford, G.; Newman, S.; Miller, M.; Wig, G.",Searching for patterns in random sequences,Canadian Journal of Experimental Psychology,58,4,221-228,2004,"A concurrent verbal working memory task (n-back) reduces probability matching and increases probability maximizing in repeated binary choice, improving decision-making by taxing cognitive resources needed for pattern search",failure,psychology,judgment and decision making,"The authors explicitly state: ""We were unable to replicate the beneficial effect of cognitive load on maximization in repeated binary choice reported by Wolford et al. (2004)"" and ""our preregistered replication study revealed no statistically significant effects of cognitive load on strategy selection"" with Bayesian analysis providing evidence in favor of the null hypothesis (BF = 4.31)."
10.3758/s13421-019-00958-w,https://doi.org/10.3758/s13421-019-00958-w,True,https://doi.org/10.1037/a0019337,"Jha, A.; Kiyonaga, A.",Working-memory-triggered dynamic adjustments in cognitive control,"Journal of Experimental Psychology: Learning, Memory, and Cognition",36,,1036-1042,2010,"High mnemonic load in a working memory task triggers dynamic adjustments in cognitive control, resulting in enhanced performance on subsequent trials",success,psychology,cognitive psychology,"The authors explicitly state: 'these results demonstrated a replication of a prior study regarding the upregulation of cognitive control as a function of mnemonic demands' and 'The findings that high versus low mnemonic load resulted in subsequent-trial performance benefits over two experiments, herein, replicate the prior findings by Jha and Kiyonaga (2010).'"
10.3758/s13423-013-0548-3,https://doi.org/10.3758/s13423-013-0548-3,True,https://doi.org/10.1126/science.1169144,"Mehta, R.; Zhu, R.",Blue or red? Exploring the effect of color on cognitive task performances,Science,323,5918,1226-1229,2009,"Red background color decreases solution times for avoidance-motivation anagrams, and blue background color decreases solution times for approach-motivation anagrams",failure,psychology,social psychology,The authors explicitly state in their Discussion: 'The results failed to confirm the interaction effect and the specific contrasts reported by Mehta and Zhu (2009)... The results of the direct replication here have called into question the color-priming effect on anagram solution times.' The predicted interaction was not significant (p = .12).
10.3758/s13423-014-0582-9,https://doi.org/10.3758/s13423-014-0582-9,True,https://doi.org/10.1037/h0080111,"Rayner, K.; Balota, D.; Pollatsek, A.",Against parafoveal semantic preprocessing during eye fixations in reading,Canadian Journal of Psychology,40,4,473-483,1986,Readers obtain orthographic preview benefit but not semantic preview benefit when reading words in parafoveal vision during English reading,success,psychology,cognitive psychology,"The authors explicitly state in their Discussion: 'In a close replication of [28], we found no evidence of semantic preview benefit. Thus, with respect to the issue implicitly raised by [17], the results reported by Rayner et al. are replicable.' The study successfully replicated the original finding of orthographic but not semantic preview benefit."
10.3758/s13423-019-01594-w,https://doi.org/10.3758/s13423-019-01594-w,True,https://doi.org/10.1038/nclimate2822,"Newell, B.; Rakow, T.; Yechiam, E.; Sambur, M.",Rare disaster information can increase risk-taking,Nature Climate Change,6,2,158-161,2016,Providing rare disaster information increases people's tolerance for risk-taking,failure,psychology,judgment and decision making,"The authors explicitly state: ""the effect did not replicate in this registered replication"" and ""our various examinations of the disaster information effect over the past couple of years suggest that it is fickle... Taken together, these results imply that any effect of feedback is small."""
10.3758/s13423-019-01601-0,https://doi.org/10.3758/s13423-019-01601-0,True,https://doi.org/10.1073/pnas.1508631112,"Bruderer, A.; Danielson, D.; Kandhadai, P.; Werker, J.",Sensorimotor influences on speech perception in infancy,Proceedings of the National Academy of Sciences of the United States of America,112,44,13531-13536,2015,Restricting tongue-tip movement with a teething toy interferes with 6-month-old infants' discrimination of the non-native dental /da/ vs. retroflex /Da/ phonetic contrast,success,psychology,developmental psychology,"Experiment 1 successfully replicated discrimination without the teether (p=0.024), and Experiment 2 successfully replicated the disruption effect when tongue-tip movement was restricted (p=0.98, BF01=4.66). The authors explicitly state: ""Results from Experiment 1 replicate the previous findings"" and ""infants' lack of discrimination, shown here with synthesized stimuli, replicates the findings reported in Experiment 2 of Bruderer et al. (2015)."""
10.3758/s13423-019-01695-6,https://doi.org/10.3758/s13423-019-01695-6,True,https://doi.org/10.3758/s13423-019-01695-6,"Brielmann, A.; Pelli, D.",Tracking two pleasures (pilot study),Unpublished pilot study,27,2,330,2017,People can faithfully track and report the pleasure from each of two simultaneously presented images and can accurately report the average pleasure of both images,success,psychology,cognitive psychology,The authors explicitly state in the Discussion: 'All the main results of the original study with 13 observers (Supplementary Pilot Study) were replicated with 25 observers' and in the Conclusion: 'All the main results of the original study with 13 observers were replicated with 25 observers.' The abstract confirms: 'Our replication confirms the original study.'
10.3758/s13423-025-02836-w,https://doi.org/10.3758/s13423-025-02836-w,True,https://doi.org/10.3758/s13423-023-02276-4,"Béna, J.; Rihet, M.; Carreras, O.; Terrier, P.",Repetition could increase the perceived truth of conspiracy theories,Psychonomic Bulletin & Review,30,6,2397-2406,2023,"Repetition increases the perceived truth of conspiracy statements (the illusory truth effect), with the effect being smaller for conspiracy statements than trivia statements",success,psychology,social psychology,"The authors explicitly state their hypothesis was confirmed: ""Consistent with our hypothesis, there were no significant differences in the magnitude of the illusory truth effect between conspiracy and trivia statements when matching statements based on baseline plausibility in our preregistered analyses."" This successfully replicates the core finding while demonstrating that the original difference was due to baseline plausibility rather than statement type."
10.4102/ac.v19i1.690,https://doi.org/10.4102/ac.v19i1.690,True,https://doi.org/10.1016/j.jretconser.2011.06.012,"Sirieix, L.; Remaud, H.; Lockshin, L.; Thach, L.; Lease, T.",Determinants of restaurant owner/managers selection of wines to be offered on the wine list,Journal of Retailing and Consumer Services,18,6,500-508,2011,Restaurateurs prioritize matching wine with food and taste quality as the most important factors when selecting wines for restaurant wine lists,inconclusive,management,consumer psychology / marketing,"The study successfully replicated the top two most important factors (matching wine with food and taste), but found differences in the ranking of other factors. The authors conclude that there are 'similarities and differences' and note that 'the factors that were found to explain decisions in a particular geographical area cannot merely be accepted as factors for decision-making in other areas,' indicating partial replication."
10.5070/b5.36122,https://doi.org/10.5070/b5.36122,True,,"Uçkun, B.",How does context contribute to EFL learners' assessment of vocabulary gain,The Asian EFL Journal,10,2,102-131,2008,"Different levels of context in vocabulary assessment (matching vs. sentence-level gap filling vs. rational-deletion cloze) produce significantly different test scores, with no significant difference between matching and sentence-level questions",failure,linguistics,applied linguistics,"The authors explicitly state that their results differed from Uçkun's findings: 'Results from the ANOVA differ from the findings from Uçkun's study (2008). In her study, there was no significant difference between scores on the matching and sentence-level questions... The results of the present study indicate that the nonsignificant difference is between sentence and paragraph.' The Conclusion confirms: 'Results showed that there was a significant difference between no-context and contextualized test questions... which was contrary to the original study.'"
10.5178/lebs.2023.105,https://doi.org/10.5178/lebs.2023.105,True,https://doi.org/10.1016/j.transci.2016.11.001,"Sénémeaud, C.; Sanrey, C.; Callé, N.; Plainfossé, C.; Belhaire, A.; Georget, P.",The watchingeyes phenomenon and blood donation: Does exposure to pictures of eyes increase blood donation by young adults?,Transfusion and Apheresis Science,56,2,168-170,2017,Exposure to pictures of eyes on a poster increases blood donation behavior among young adults,failure,psychology,social psychology,"The authors explicitly state: ""Overall, we failed to replicate the watching-eyes effect despite using a considerably larger sample than previous studies. The effect of the eye-like image was not significant regardless of whether there was a pro-blood donation norm."""
10.5178/lebs.2024.118,https://doi.org/10.5178/lebs.2024.118,True,https://doi.org/10.4992/jjpsy.94.22334,"Fujikawa, M.; Yokota, K.; Tokuoka, M.; Nakanishi, D.",Can conformity bias be observed in questions whose answers are objectively fixed?,The Japanese Journal of Psychology,94,6,506-511,2024,Conformist bias (tendency to conform to majority responses exceeding the actual proportion) can be observed when individuals answer questions with objectively fixed correct answers,inconclusive,psychology,social psychology,"The replication produced mixed results that differ from the original study. The authors state: ""the finding that conformist bias was only observed for objective questions differs from the findings of Fujikawa et al. (2024)"" - the original found conformist bias for both objective and attitude questions, while this replication found it only for objective questions."
10.51910/ijhdr.v11i40.588,https://doi.org/10.51910/ijhdr.v11i40.588,True,https://doi.org/10.1016/j.homp.2005.10.002,"Sainte-Laudy, J.; Belon, P.",Improvement of flow cytometric analysis of basophil activation inhibition by high histamine dilutions. A novel basophil specific marker: CD 203c,Homeopathy,95,,3-8,2006,"Highly diluted histamine (15cH, 16cH) inhibits human basophil activation as measured by CD203c membrane up-regulation",failure,biomedical science,cell biology,The authors explicitly state: 'No difference in basophil activation was observed between the highly diluted histamine samples and the highly diluted water controls' and 'our results do not confirm the large inhibitory effects observed for histamine 15cH and 16cH.'
10.51910/ijhdr.v11i40.598,https://doi.org/10.51910/ijhdr.v11i40.598,True,https://doi.org/10.1016/j.ctim.2008.10.004,"Scherr, C.; Simon, M.; Spranger, J.; Baumgartner, S.",Effects of potentised substances on growth rate of the water plant Lemna gibba L,Complementary Therapies in Medicine,17,2,63-70,2009,Homeopathic potencies of gibberellic acid (15x-24x) reduce growth rate of Lemna gibba L. (duckweed),inconclusive,biomedical science,other,"Mixed results across three experimental series: two series found no significant effects (p=0.263, p=0.062), while the third series found a significant effect (p=0.009) but in the opposite direction (growth increased rather than decreased as in the original study)."
10.5334/irsp.751,https://doi.org/10.5334/irsp.751,True,https://doi.org/10.1037/0022-3514.54.4.569,"Baron, J.; Hershey, J.",Outcome bias in decision evaluation,Journal of Personality and Social Psychology,54,4,569,1988,"Decisions that resulted in successful outcomes are rated as better quality than decisions that resulted in failed outcomes, even when the decisions themselves are identical",success,psychology,social psychology,"The authors explicitly state in their Discussion section: ""We concluded a successful replication with signal and direction consistent with that of the target article's findings"" and ""Overall, the present study can be considered a successful replication attempt."" They successfully replicated outcome bias with larger effect sizes (patient: original d = 0.21, replication d = 0.77; physician: original d = 0.53, replication d = 1.1)."
10.5334/irsp.932,https://doi.org/10.5334/irsp.932,True,https://doi.org/10.1177/0146167211424291,"Bastian, B.; Loughnan, S.; Haslam, N.; Radke, H.",Don't mind meat? The denial of mind to animals used for human consumption,Personality and Social Psychology Bulletin,38,2,247-256,2012,"Animals perceived as more edible are attributed less sophisticated minds, feeling bad about eating animals is positively related to mind attribution, and moral concern for animals is positively related to mind attribution",success,psychology,social psychology,"The authors state: 'Overall, the findings convincingly replicated Study 1 from Bastian et al. (2012)' and 'For Study 1, the effect sizes were remarkably similar to the original.' All three hypotheses were supported with strong correlations in the expected directions."
10.5334/irsp.932,https://doi.org/10.5334/irsp.932,True,https://doi.org/10.1177/0146167211424291,"Bastian, B.; Loughnan, S.; Haslam, N.; Radke, H.",Don't mind meat? The denial of mind to animals used for human consumption,Personality and Social Psychology Bulletin,38,2,247-256,2012,Learning that an animal will be used for food leads people to attribute less sophisticated minds to that animal compared to when it will not be used for food,success,psychology,social psychology,"The authors state: 'Thus, we concluded a successful replication of Study 2 from Bastian et al. (2012)' and in the general discussion: 'Overall, we conclude a successful replication.' The effect was significant in the same direction, though slightly weaker (d = 0.30 vs. original d = 0.40)."
10.5334/irsp.945,https://doi.org/10.5334/irsp.945,True,https://doi.org/10.1037/0022-3514.81.1.33,"Monin, B.; Miller, D.",Moral credentials and the expression of prejudice,Journal of Personality and Social Psychology,81,1,33-43,2001,Having an opportunity to hire a job candidate from disadvantaged groups (establishing moral credentials) licenses people to subsequently express preferences that are more likely to be perceived as prejudiced.,failure,psychology,social psychology,"The authors explicitly state: 'We could not replicate the original findings' and 'We failed to replicate the findings of Study 2 in [50] about the moral credential effect.' The effect was close to zero in the ethnicity scenario (d = 0.02 to 0.08) and reversed in the gender scenario (d = -0.50 to -0.38), showing a moral consistency effect rather than a moral licensing effect."
10.5334/irsp.946,https://doi.org/10.5334/irsp.946,True,https://doi.org/10.1073/pnas.1012046108,"Pronin, E.; Kugler, M.",People believe they have more free will than others,Proceedings of the National Academy of Sciences,107,52,22469-22474,2010,"People believe their own decisions and life events are less predictable than those of others, suggesting higher free will attributions",inconclusive,psychology,social psychology,"The authors state they found a 'mostly successful replication' but with 'considerably smaller' effect sizes than the original. Study 1a showed support (d=-0.84), Study 1b had just-barely-detectable effects (d=-0.30, p=.046), Study 2 between-subjects replicated the effect (d=-0.33), but Study 2 within-subjects found no support (d=0.00, p=.490). The authors note 'weaker to no support for the effect when we ran a novel within-subject design.'"
10.70923/001c.72403,https://doi.org/10.70923/001c.72403,True,,Letts,Highly reproducible LENR experiments using dual laser stimulation,Current Science,108,,559-561,2015,"Dual-laser stimulation at specific THz difference frequencies (around 8, 15, and 20 THz) triggers excess heat production (100-300 mW) in loaded palladium deuteride cathodes",failure,physics,experimental physics,"The authors explicitly state in their conclusions: 'Despite having replicated Letts' original experimental design and protocol to the best of our ability, and conducting 231 attempts across 9 cathode runs, we did not observe evidence of laser-triggered excess heat events on the order of 100 mW reported by Letts. The average excess heat rate observed from all runs was 6.1 ± 21.6 mW with ⇠10 W of input electrical power.'"
10.7717/peerj.10131,https://doi.org/10.7717/peerj.10131,True,https://doi.org/10.1073/pnas.1506076112,Stoffel M; Caspers B; Forcada J; Giannakara A; Baier M; Eberhart-Phillips L; Müller C; Hoffman J,"Chemical fingerprints encode mother-offspring similarity, colony membership, relatedness, and genetic quality in fur seals",Proceedings of the National Academy of Sciences of the United States of America,112,36,,2015,"Antarctic fur seals from different breeding colonies exhibit chemically distinct signatures, and mothers show chemical similarity to their pups",success,biomedical science,behavioral neuroscience,"The authors explicitly state in their conclusion: ""Both hypotheses were supported by our data"" and in the discussion note that ""the effect sizes of patterns of colony membership and mother-offspring similarity...were of similar magnitude in a new sample of mother-offspring pairs separated by 5 years."" All p-values remained highly significant (p < 0.0001) and effect sizes differed by only a few percent."
10.7717/peerj.11266,https://doi.org/10.7717/peerj.11266,True,https://doi.org/10.1016/j.bandl.2007.08.005,Perea M; Acha J; Fraga I,Lexical competition is enhanced in the left hemisphere: evidence from different types of orthographic neighbors,Brain and Language,105,3,199-210,2008,Words with larger orthographic neighborhoods (more neighbors) show a facilitatory effect in the left visual field but an inhibitory or weaker effect in the right visual field during lexical decision tasks,success,psychology,cognitive psychology,The authors explicitly state they met all three pre-registered criteria for successful replication: 'Analysis of error rates and reaction times met our three criteria for successful replication... a facilitative N effect in the left visual field and an inhibitory effect in the right visual field in reaction times for word targets. This pattern of results replicates several prior studies and confirms predictions from the SERIOL model.'
10.7717/peerj.1231,https://doi.org/10.7717/peerj.1231,False,,,,,,,,,,,,,
