replication_doi,replication_url,replication_title,replication_journal,contains_replications,original_url,original_authors,original_title,original_journal,original_volume,original_issue,original_pages,original_year,description,result,replication_type,discipline,subdiscipline,justification,confidence,original_n,original_es,original_es_type,original_es_95_CI,original_p_value,original_p_value_type,original_p_value_tails,replication_n,replication_es,replication_es_type,replication_es_95_CI,replication_p_value,replication_p_value_type,replication_p_value_tails,version
10.1001/archgenpsychiatry.2011.1574,https://doi.org/10.1001/archgenpsychiatry.2011.1574,,,True,https://doi.org/10.1002/jts.20034,"Waelde, L.; Silvern, L.; Fairbank, J.",A taxometric investigation of dissociation in Vietnam veterans,J Trauma Stress,18,4,359-369,2005,Evidence for a dissociative subtype (taxon) of PTSD characterized by elevated levels of dissociation,success,close,psychology,clinical psychology,,high,,,,,,,,492,,,,,,,
10.1001/archneur.1990.00530080033007,https://doi.org/10.1001/archneur.1990.00530080033007,,,True,https://doi.org/10.1097/00002093-198802010-00015,"Heyman, A.; Wilkinson, W.; Hurwitz, B.; Helons, M.; Haynes, C.; Utley, C.",Early-onset Alzheimer's disease: clinical predictors of institutionalization and death,Neurology,37,1,980-984,1987,Severity of dementia is an important factor influencing institutionalization in Alzheimer's disease patients,success,close,neuroscience,neuropsychology,,high,,,,,,,,42,,,,0.01,<,,
10.1001/archneur.1994.00540150069019,https://doi.org/10.1001/archneur.1994.00540150069019,,,True,https://doi.org/10.1001/archneur.1990.00530080033007,"Drachman, D.; O'Donnell; Lew, B.; Swearer, R.",The prognosis in Alzheimer's disease: 'how far' rather than 'how fast' best predicts the course,Arch Neurol,47,8,851-856,1990,"Degree of severity at entry ('how far') rather than rate of progression ('how fast') best predicts clinical endpoints (total dependence, incontinence, institutionalization) in Alzheimer's disease patients",reversal,close,medical fields,geriatric care,,high,42,,,,,,,81,,,,0.05,<,one-sided,
10.1001/archpsyc.1993.01820190043005,https://doi.org/10.1001/archpsyc.1993.01820190043005,,,True,https://doi.org/10.1016/0024-3205(92)90563-5,"Breier, A.; Wolkowitz, O.; Rappaport, M.; Paul, S.; Pickar, D.",Metabolic stress effects in normal volunteers and schizophrenic patients,Psychopharmacol Bull,24,19,431-433,1988,2-deoxyglucose-induced metabolic stress causes significantly greater elevations in plasma homovanillic acid (HVA) levels in schizophrenic patients compared to healthy controls,success,direct,medical fields,psychiatry,,high,,,,,,,,29,,,,0.02,=,one-sided,
10.1002/(sici)1099-0771(199912)12:4<275::aid-bdm323>3.0.co;2-m,https://doi.org/10.1002/(sici)1099-0771(199912)12:4<275::aid-bdm323>3.0.co;2-m,,,True,https://doi.org/10.1017/cbo9780511814273.008,"Tversky, Amos; Kahneman, Daniel",Extensional versus intuitive reasoning: the conjunction fallacy in probability judgment,Psychological Review,90,,315,1983,The Linda problem (probability representation): people judge the conjunction 'Linda is a bank teller and is active in the feminist movement' as more probable than the constituent 'Linda is a bank teller',success,direct,psychology,cognitive psychology,,high,,,,,,,,18,,,,,,,
10.1002/(sici)1099-0771(199912)12:4<275::aid-bdm323>3.0.co;2-m,https://doi.org/10.1002/(sici)1099-0771(199912)12:4<275::aid-bdm323>3.0.co;2-m,,,True,https://doi.org/10.1017/cbo9780511814273.008,"Tversky, Amos; Kahneman, Daniel",Extensional versus intuitive reasoning: the conjunction fallacy in probability judgment,Psychological Review,90,,315,1983,The health-survey problem (probability representation): people judge a conjunction as more probable than its constituent in a health-survey context,success,direct,psychology,cognitive psychology,,high,,,,,,,,24,,,,,,,
10.1002/(sici)1099-0771(199912)12:4<275::aid-bdm323>3.0.co;2-m,https://doi.org/10.1002/(sici)1099-0771(199912)12:4<275::aid-bdm323>3.0.co;2-m,,,True,https://doi.org/10.1017/cbo9780511814273.008,"Tversky, Amos; Kahneman, Daniel",Extensional versus intuitive reasoning: the conjunction fallacy in probability judgment,Psychological Review,90,,315,1983,The frequency effect: representing problems in terms of absolute frequencies rather than probabilities reduces conjunction fallacy violations,success,direct,psychology,cognitive psychology,,high,,,,,,,,20,,,,,,,
10.1002/(sici)1099-0771(200001/03)13:1<1::aid-bdm333>3.0.co;2-s,https://doi.org/10.1002/(sici)1099-0771(200001/03)13:1<1::aid-bdm333>3.0.co;2-s,,,False,,,,,,,,,,,,,,,,,,,,,,,,,,,,,,
10.1002/(sici)1099-1379(199903)20:2<175::aid-job882>3.0.co;2-e,https://doi.org/10.1002/(sici)1099-1379(199903)20:2<175::aid-job882>3.0.co;2-e,,,True,https://doi.org/10.5465/256404,"O'Reilly, Charles; Chatman, Jennifer; Caldwell, David",People and organizational culture: A profile comparison approach to assessing person-organization fit,Academy of Management Journal,34,3,516,1991,Congruence between an organization's culture and new employees' value preferences predicts lower turnover rates,success,close,psychology,social psychology,,high,,,,,,,,433,,,,0.0049,=,,
10.1002/1099-1379(200008)21:5<487::aid-job57>3.0.co;2-p,https://doi.org/10.1002/1099-1379(200008)21:5<487::aid-job57>3.0.co;2-p,,,True,https://doi.org/10.1006/obhd.1996.0049,"Green, A.; Shivers, S.",Demographic and organizational influences on leader-member exchange and related work attitudes,Organizational Behavior and Human Decision Processes,66,2,203-214,1996,Work unit size is negatively related to leader-member exchange (LMX) quality,failure,close,psychology,social psychology,,high,,-0.22,r,,,,,174,-0.07,r,,0.05,>,,
10.1002/acp.1376,https://doi.org/10.1002/acp.1376,,,True,https://doi.org/10.3758/bf03195539,"Mori, K.",Surreptitiously projecting different movies to two subsets of viewers,Behavior Research Methods,35,4,599-604,2003,"The MORI technique demonstrates memory conformity: when people discuss an event together, they incorporate misinformation from their discussion partner into their own memory reports",success,close,psychology,cognitive psychology,,high,,,,,,,,40,1.11,d,,0.01,<,two-sided,
10.1002/acp.70012,https://doi.org/10.1002/acp.70012,,,False,,,,,,,,,,,,,,,,,,,,,,,,,,,,,,
10.1002/ajmg.b.31194,https://doi.org/10.1002/ajmg.b.31194,,,True,https://doi.org/10.1016/j.ajhg.2008.12.008,"Beecham, G.; Martin, E.; Li, Y.; Slifer, M.; Gilbert, J.; Haines, J.; Pericak-Vance, M.",Genome-wide association study implicates a chromosome 12 risk locus for late-onset Alzheimer disease,Am J Hum Genet,84,1,35-43,2009,"Multiple SNPs on chromosomes 10, 12, and 19 are associated with increased risk of late-onset Alzheimer's disease",failure,direct,neuroscience,cognitive neuroscience,,high,,,,,,,,1969,,,,,,,
10.1002/ajmg.b.31194,https://doi.org/10.1002/ajmg.b.31194,,,True,https://doi.org/10.1016/j.ajhg.2008.10.008,"Bertram, L.; Lange, C.; Mullin, K.; Parkinson, M.; Hsiao, M.; Hogan, M.; Schjeide, B.; Hooli, B.; Devito, J.; Ionita, I.; Jiang, H.; Laird, N.; Moscarillo, T.",Genome-wide association analysis reveals putative Alzheimer's disease susceptibility loci in addition to APOE,Am J Hum Genet,83,5,623-632,2008,"SNPs on chromosomes 6, 14, 18, and 19 are associated with increased risk of late-onset Alzheimer's disease",failure,direct,neuroscience,cognitive neuroscience,,high,,,,,,,,1969,,,,,,,
10.1002/ajmg.b.31194,https://doi.org/10.1002/ajmg.b.31194,,,True,https://doi.org/10.1038/ng.305,"Carrasquillo, M.; Zou, F.; Pankratz, V.; Wilcox, S.; Ma, L.; Walker, L.; Younkin, S.; Younkin, C.; Younkin, L.; Bisceglio, G.; Ertekin-Taner, N.; Crook, J.; Dickson, D.",Genetic variation in PCDH11X is associated with susceptibility to late-onset Alzheimer's disease,Nat Genet,41,2,192-198,2009,Genetic variation in PCDH11X (rs5984894) on the X chromosome is associated with susceptibility to late-onset Alzheimer's disease,failure,direct,neuroscience,cognitive neuroscience,,high,,,,,,,,1969,,,,,,,
10.1002/ajmg.b.31194,https://doi.org/10.1002/ajmg.b.31194,,,True,https://doi.org/10.1016/j.neuron.2007.05.022,"Reiman, E.; Webster, J.; Myers, A.; Hardy, J.; Dunckley, T.; Zismann, V.; Joshipura, K.; Pearson, J.; Hu-Lince, D.; Huentelman, M.; Craig, D.; Coon, K.; Liang, W.",GAB2 alleles modify Alzheimer's risk in APOE e4 carriers,Neuron,54,5,713-720,2007,GAB2 genetic variation (rs2373115) modifies Alzheimer's disease risk in APOE e4 carriers,failure,direct,neuroscience,cognitive neuroscience,,high,,,,,,,,1969,,,,,,,
10.1002/alz.042402,https://doi.org/10.1002/alz.042402,,,True,,"Marples, B.",,,,,,2016,Low-dose radiation therapy (2 Gray in 5 fractions delivered daily) reduces amyloid plaques in an AD mouse model,failure,close,neuroscience,behavioral neuroscience,,high,,,,,,,,,,,,,,,
10.1002/alz.042402,https://doi.org/10.1002/alz.042402,,,True,,"Marples, B.",,,,,,2016,Low-dose radiation therapy (2 Gray in 5 fractions delivered daily) improves cognition in an AD mouse model,success,close,neuroscience,behavioral neuroscience,,high,,,,,,,,,+72%,,,0.05,<,,
10.1002/bdm.1789,https://doi.org/10.1002/bdm.1789,,,True,https://doi.org/10.1016/j.obhdp.2005.10.004,"Bartels, D.",Proportion dominance: the generality and variability of favoring relative savings over absolute savings,Organizational Behavior and Human Decision Processes,100,1,76-95,2006,"The proportion dominance effect: people are more motivated to help when victims are part of a small reference group (e.g., 56 out of 60) rather than a large reference group (e.g., 56 out of 560)",success,direct,psychology,social psychology,,high,,,,,,,,48,0.35,d,,0.018,=,two-sided,
10.1002/bdm.2041,https://doi.org/10.1002/bdm.2041,,,True,https://doi.org/10.1086/599764,"Frederick, S.; Novemsky, N.; Wang, J.; Dhar, R.; Nowlis, S.",Opportunity cost neglect,Journal of Consumer Research,36,,553-561,2009,Reminding people of opportunity costs decreases their willingness to buy products,success,close,psychology,consumer psychology/marketing,,high,,,,,,,,2325,0.54,OR,"[0.39, 0.74]",0.001,<,,
10.1002/bin.1411,https://doi.org/10.1002/bin.1411,,,True,https://doi.org/10.1901/jaba.2012.45-473,"Leaf, J.; Oppenheim-Leaf, M.; Leaf, R.; Courtermanche, A.; Taubman, M.; Mceachin, J.; Sherman, J.",Observational effects on the preferences of children with autism,Journal of Applied Behavior Analysis,45,3,473-483,2012,An observational conditioning procedure in which children observe an adult playing with a low-preference item in an engaging manner can switch children's preferences from a high-preference item to the low-preference item,success,close,psychology,clinical psychology,,high,3,,,,,,,1,,,,,,,
10.1002/bin.1411,https://doi.org/10.1002/bin.1411,,,True,https://doi.org/10.1901/jaba.2012.45-473,"Leaf, J.; Oppenheim-Leaf, M.; Leaf, R.; Courtermanche, A.; Taubman, M.; Mceachin, J.; Sherman, J.",Observational effects on the preferences of children with autism,Journal of Applied Behavior Analysis,45,3,473-483,2012,An observational conditioning procedure in which children observe an adult playing with a low-preference item in an engaging manner can switch children's preferences from a high-preference item to the low-preference item,inconclusive,close,psychology,clinical psychology,,high,3,,,,,,,1,,,,,,,
10.1002/bin.1411,https://doi.org/10.1002/bin.1411,,,True,https://doi.org/10.1901/jaba.2012.45-473,"Leaf, J.; Oppenheim-Leaf, M.; Leaf, R.; Courtermanche, A.; Taubman, M.; Mceachin, J.; Sherman, J.",Observational effects on the preferences of children with autism,Journal of Applied Behavior Analysis,45,3,473-483,2012,An observational conditioning procedure in which children observe an adult playing with a low-preference item in an engaging manner can switch children's preferences from a high-preference item to the low-preference item,failure,close,psychology,clinical psychology,,high,3,,,,,,,1,,,,,,,
10.1002/bin.1411,https://doi.org/10.1002/bin.1411,,,True,https://doi.org/10.1901/jaba.2012.45-473,"Leaf, J.; Oppenheim-Leaf, M.; Leaf, R.; Courtermanche, A.; Taubman, M.; Mceachin, J.; Sherman, J.",Observational effects on the preferences of children with autism,Journal of Applied Behavior Analysis,45,3,473-483,2012,An observational conditioning procedure in which children observe an adult playing with a low-preference item in an engaging manner can switch children's preferences from a high-preference item to the low-preference item,failure,close,psychology,clinical psychology,,high,3,,,,,,,1,,,,,,,
10.1002/bin.1707,https://doi.org/10.1002/bin.1707,,,True,https://doi.org/10.1002/bin.269,"Rapp, J.; Colby-Dirksen, A.; Michalski, D.; Carroll, R.; Lindenberg, A.",Detecting changes in simulated events using partial-interval recording and momentary time sampling,Behavioral Interventions,23,,237-269,2008,Momentary time sampling and partial interval recording methods can detect changes in behavioral events but may produce false positives for duration events,success,close,psychology,experimental philosophy,,high,,,,,,,,,,,,,,,
10.1002/bin.1707,https://doi.org/10.1002/bin.1707,,,True,https://doi.org/10.1002/jaba.394,"Lanovaz, M.; Huxley, S.; Dufour, M.",Using the dual-criteria methods to supplement visual inspection: An analysis of nonsimulated data,Journal of Applied Behavior Analysis,50,,662-667,2017,"The conservative dual-criteria method produces fewer false positives than the dual-criteria method, and false positives decrease when Phase B contains a minimum of five points",success,close,psychology,experimental philosophy,,high,,,,,,,,,,,,,,,
10.1002/bin.1786,https://doi.org/10.1002/bin.1786,,,True,https://doi.org/10.1901/jaba.2011.44-925,"Jennett, H.; Hagopian, L. P.",Evaluation of response blocking and re-presentation in a competing stimulus assessment,Journal of Applied Behavior Analysis,44,4,925-929,2011,Response blocking and re-presentation during competing stimulus assessment reduces self-injurious behavior and increases engagement with test stimuli,success,close,psychology,clinical psychology,,high,1,,,,,,,1,,,,,,,
10.1002/bin.1786,https://doi.org/10.1002/bin.1786,,,True,https://doi.org/10.1002/jaba.725,"Hagopian, L.; Frank-Crawford, M.; Javed, N.; Fisher, A.; Dillon, C.; Zarcone, J.; Rooker, G.",Initial outcomes of an augmented competing stimulus assessment,Journal of Applied Behavior Analysis,53,4,2172-2185,2020,Augmented competing stimulus assessment using prompting and response blocking increases the number of effective competing stimuli identified for automatically maintained problem behavior,success,close,psychology,clinical psychology,,high,6,,,,,,,1,,,,,,,
10.1002/casp.2412,https://doi.org/10.1002/casp.2412,,,False,,,,,,,,,,,,,,,,,,,,,,,,,,,,,,
10.1002/cpp.491,https://doi.org/10.1002/cpp.491,,,True,https://doi.org/10.1002/cpp.333,"Lambert, M.; Whipple, J.; Bishop, M.; Vermeersch, D.",Comparison of empirically derived and rationally derived methods for identifying patients at risk for treatment failure,Clinical Psychology and Psychotherapy,9,3,149-164,2002,An empirically derived method (using hierarchical linear modeling) is superior to a rationally derived method (using clinical judgment combined with psychometric properties) in predicting psychotherapy treatment failures,success,direct,psychology,clinical psychology,,high,,,,,,,,299,,,,0.0001,<,,
10.1002/da.20389,https://doi.org/10.1002/da.20389,,,True,https://doi.org/10.1037/0021-843x.87.1.49,"Abramson, L.; Seligman, M.; Teasdale, J.",Learned helplessness in humans: critique and reformulation,J Abnorm Psychol,87,1,49-74,1978,"Depressed individuals show a depressive explanatory style, attributing negative events to internal causes and positive events to external causes",success,conceptual,psychology,clinical psychology,,high,,,,,,,,34,,,,0.002,=,two-sided,
10.1002/da.20389,https://doi.org/10.1002/da.20389,,,True,https://doi.org/10.1093/geronb/50b.2.p74,"Fromholt, P.; Larsen, P.; Larsen, S.",Effects of late-onset depression and recovery on autobiographical memory,J Gerontol B Psychol Sci Soc Sci,50,2,74-81,1995,Depressed patients narrate more negative events in their life narratives compared to non-depressed controls,success,close,psychology,clinical psychology,,medium,,,,,,,,34,,,,0.000,<,two-sided,
10.1002/da.21946,https://doi.org/10.1002/da.21946,,,True,https://doi.org/10.1001/archgenpsychiatry.2011.1574,"Wolf, E. J.; Miller, M. W.; Reardon, A. F.",A latent class analysis of dissociation and PTSD: evidence for a dissociative subtype,Archives of General Psychiatry,69,7,698,2012,"Latent profile analysis of PTSD and dissociation symptoms yields evidence for a dissociative subtype characterized by high derealization and depersonalization, representing approximately 12% of individuals with PTSD",success,direct,psychology,clinical psychology,,high,,,,,,,,360,,,,,,,
10.1002/da.21946,https://doi.org/10.1002/da.21946,,,True,https://doi.org/10.1001/archgenpsychiatry.2011.1574,"Wolf, E. J.; Miller, M. W.; Reardon, A. F.",A latent class analysis of dissociation and PTSD: evidence for a dissociative subtype,Archives of General Psychiatry,69,7,698,2012,"Latent profile analysis of PTSD and dissociation symptoms yields evidence for a dissociative subtype characterized by high derealization and depersonalization, representing approximately 12% of individuals with PTSD",success,close,psychology,clinical psychology,,high,,,,,,,,284,,,,,,,
10.1002/dev.420050403,https://doi.org/10.1002/dev.420050403,,,False,,,,,,,,,,,,,,,,,,,,,,,,,,,,,,
10.1002/eat.20103,https://doi.org/10.1002/eat.20103,,,True,https://doi.org/10.1016/s1471-0153(03)00026-6,"Gilbert, N.; Meyer, C.",Social anxiety and social comparison: Differential links with restrictive and bulimic attitudes among non-clinical women,Eating Behaviours,4,3,257-264,2003,Fear of negative evaluation from people in general is linked to restrictive eating attitudes (drive for thinness and body dissatisfaction) but not to bulimic attitudes,success,direct,psychology,clinical psychology,,high,,,,,,,,91,,,,0.01,<,one-sided,
10.1002/eat.20897,https://doi.org/10.1002/eat.20897,,,True,https://doi.org/10.1016/j.brat.2009.12.012,"Elliott, C. A.; Tanofsky-Kraff, M.; Shomaker, L. B.; Columbo, K. M.; Wolkoff, L. E.; Ranzenhofer, L. M.",An examination of the interpersonal model of loss of control eating in children and adolescents,Behaviour Research and Therapy,48,5,424-428,2010,"Interpersonal problems lead to negative affect which, in turn, triggers loss of control over eating",success,close,psychology,clinical psychology,,high,217,,,,,,,350,,,,,,,
10.1002/ejsp.2013,https://doi.org/10.1002/ejsp.2013,,,True,https://doi.org/10.1177/1948550611401042,"Meier, B.; Moller, A.; Chen, J.; Riemer-Peltz, M.",Spatial metaphor and real estate north-south location biases housing preference,Social Psychological and Personality Science,2,5,547-553,2011,High-SES individuals are perceived to live in northern areas and low-SES individuals in southern areas of a fictional city,success,direct,psychology,social psychology,,high,,,,,,,,80,0.53,d,,0.01,<,two-sided,
10.1002/ejsp.2013,https://doi.org/10.1002/ejsp.2013,,,True,https://doi.org/10.1177/1948550611401042,"Meier, B.; Moller, A.; Chen, J.; Riemer-Peltz, M.",Spatial metaphor and real estate north-south location biases housing preference,Social Psychological and Personality Science,2,5,547-553,2011,Participants prefer to live in northern (vs. southern) areas when selecting their preferred living location on a map of a fictional city,failure,direct,psychology,social psychology,,high,,0.60,d,,,,,166,0.02,d,,0.87,=,two-sided,
10.1002/ejsp.2172,https://doi.org/10.1002/ejsp.2172,,,True,https://doi.org/10.1037/a0036477,"Topolinski, S.; Maschmann, I.; Pecher, D.; Winkielman, P.",Oral approach-avoidance: affective consequences of muscular articulation dynamics,Journal of Personality and Social Psychology,106,,885-896,2014,Subvocal articulations inducing muscular contractions resembling ingestion movements (inward consonantal wandering) are preferred over expectoration-like movements (outward wandering),success,direct,psychology,social psychology,,high,,0.44,d,,,,,407,0.19,d,,0.008,=,two-sided,
10.1002/ejsp.2420170402,https://doi.org/10.1002/ejsp.2420170402,,,True,https://doi.org/10.1002/ejsp.2420150309,"Nuttin, J. Jr.",Narcissism beyond Gestalt and awareness: the name letter effect,European Journal of Social Psychology,15,3,353-361,1985,People prefer letters that appear in their own names (the 'name letter effect') - mere ownership of letter stimuli enhances their attractiveness,success,close,psychology,social psychology,,high,,,,,,,,2047,,,,0.0001,<,,
10.1002/erv.2344,https://doi.org/10.1002/erv.2344,,,True,https://doi.org/10.1002/eat.20897,"Ansell, E.; Grilo, C.; White, M.",Examining the interpersonal model of binge eating and loss of control over eating in women,International Journal of Eating Disorders,1,,43-50,2012,"Interpersonal problems lead to negative affect, which in turn leads to binge eating and eating disorder psychopathology in women",success,close,psychology,clinical psychology,,high,350,,,,,,,255,,,,,,,
10.1002/erv.2344,https://doi.org/10.1002/erv.2344,,,True,https://doi.org/10.1016/j.brat.2009.12.012,"Elliott, C.; Tanofsky-Kraff, M.; Shomaker, L.B.; Columbo, K.M.; Wplkoff, L.E.; Ranzenhofer, L.M.",An examination of the interpersonal model of loss of control eating in children and adolescents,Behaviour Research and Therapy,48,,424-428,2010,"Interpersonal problems lead to negative affect, which in turn leads to loss of control eating in children and adolescents",success,close,psychology,clinical psychology,,high,,,,,,,,255,,,,,,,
10.1002/erv.2569,https://doi.org/10.1002/erv.2569,,,True,https://doi.org/10.1002/eat.22358,"Grilo, C.; Reas, D.; Hopwood, C.; Crosby, R.",Factor structure and construct validity of the eating disorder examination-questionnaire in college students: further support for a modified brief version,International Journal of Eating Disorders,48,,284-289,2015,"A 7-item, 3-factor structure (dietary restraint, body dissatisfaction, and shape/weight overvaluation) provides a better fit than the original 4-factor structure for the Eating Disorder Examination-Questionnaire",success,close,psychology,clinical psychology,,high,,,,,,,,4726,,,,,,,
10.1002/hrm.20418,https://doi.org/10.1002/hrm.20418,,,True,https://doi.org/10.1016/j.obhdp.2009.01.001,"Shantz, A.; Latham, G.",An exploratory field experiment of the effect of conscious and subconscious goals on employee performance,Organizational Behavior and Human Decision Processes,109,1,9-17,2009,Priming employees with a photograph of a woman winning a race (achievement goal) increases fundraising performance in a call center,success,direct,psychology,social psychology,,high,,,,,,,,20,0.99,d,,0.05,<,two-sided,
10.1002/hrm.20418,https://doi.org/10.1002/hrm.20418,,,True,https://doi.org/10.1016/j.obhdp.2009.01.001,"Shantz, A.; Latham, G.",An exploratory field experiment of the effect of conscious and subconscious goals on employee performance,Organizational Behavior and Human Decision Processes,109,1,9-17,2009,Priming employees with a photograph of a woman winning a race (achievement goal) increases fundraising performance in a call center,success,direct,psychology,social psychology,,high,,,,,,,,44,0.61,d,,0.05,<,two-sided,
10.1002/j.2330-8516.1989.tb00154.x,https://doi.org/10.1002/j.2330-8516.1989.tb00154.x,,,True,https://doi.org/10.1111/j.1464-0597.1987.tb01191.x,"Stocking, M.",Two simulated feasibility studies in computerised adaptive testing,Applied Psychology: An International Review,36,2,3-5,1987,"In variable-length adaptive testing with a stopping rule based on standard error of measurement, knowing an examinee's true score and the number of items administered is sufficient to predict whether the estimated score is over or under estimated",success,close,education,educational psychology,,high,5000,,,,,,,1800,,,,,,,
10.1002/jaba.1098,https://doi.org/10.1002/jaba.1098,,,True,https://doi.org/10.1002/jaba.968,"Seward, R.; Redner, R.",Step it UP! game increases steps of adults with disabilities,Journal of Applied Behavior Analysis,56,1,231-240,2023,The Step it UP! Game (an interdependent group contingency based on the Good Behavior Game) increases step counts among adults with disabilities,success,close,psychology,clinical psychology,,high,10,,,,,,,9,,,,,,,
10.1002/jaba.1098,https://doi.org/10.1002/jaba.1098,,,True,https://doi.org/10.1002/jaba.624,"Normand, M.; Burji, C.",Using the Step it UP! game to increase physical activity during physical-education classes,Journal of Applied Behavior Analysis,53,2,1071-1079,2020,The Step it UP! Game remains effective with extended implementation (longer session duration and more sessions),success,close,psychology,clinical psychology,,high,18,,,,,,,9,,,,,,,
10.1002/jaba.1098,https://doi.org/10.1002/jaba.1098,,,True,https://doi.org/10.1002/jaba.699,"Nieto, P.; Wiskow, K.",Evaluating adult interaction during the Step it UP! game to increase physical activity in children,nal of Applied Behavior Analysis,53,3,1354-1366,2020,Adding contingent adult social interaction to the Step it UP! Game increases physical activity beyond the game alone,failure,close,psychology,clinical psychology,,high,25,,,,,,,8,,,,,,,
10.1002/jaba.237,https://doi.org/10.1002/jaba.237,,,True,https://doi.org/10.1016/j.ridd.2013.02.012,"Heald, M.; Allen, D.; Villa, D.; Oliver, C.",Discrimination training reduces high rate social approach behaviors in Angelman syndrome: Proof of principle,Research in Developmental Disabilities,34,,1794-1803,2013,Discrimination training using multiple schedules of reinforcement can reduce high-rate social approach behaviors in individuals with Angelman syndrome,success,close,psychology,clinical psychology,,high,4,,,,,,,3,,,,,,,
10.1002/jaba.554,https://doi.org/10.1002/jaba.554,,,True,https://doi.org/10.1002/jaba.270,"Gervarter, C.; O'reilly, M.; Kuhn, M.; Miller, K.; Ferguson, R.; Watkins, L.",Increasing the vocalizations of individuals with autism during intervention with a speech-generating device,Journal of Applied Behavior Analysis,49,,17-33,2016,"Using a speech-generating device with differential reinforcement, reinforcement delays, and echoic prompts increases independent vocalizations in children with autism spectrum disorder",success,close,psychology,developmental psychology,,high,4,,,,,,,3,,,,,,,
10.1002/jaba.593,https://doi.org/10.1002/jaba.593,,,True,https://doi.org/10.1007/s40617-018-0210-7,"Curiel, H.; Curiel, E.; Li, A.; Deochand, N.; Poling, A.",Examining a web-based procedure for assessing preference for videos,Behavior Analysis in Practice,11,,406-410,2018,A web-based multiple-stimulus-without-replacement (MSWO) preference assessment can identify video preference hierarchies for individuals with developmental disabilities,success,direct,psychology,clinical psychology,,high,5,,,,,,,5,,,,,,,
10.1002/jaba.606,https://doi.org/10.1002/jaba.606,,,True,https://doi.org/10.1901/jaba.2012.45-657,"Coon, J.; Miguel, C.",The role of increased exposure to transfer-of-stimulus control procedures on the acquisition of intraverbal behavior,Journal of Applied Behavior Analysis,45,,657-666,2012,Increased exposure to a specific prompt type (echoic or tact) makes that prompt more efficient for teaching intraverbals to children,success,close,psychology,developmental psychology,,high,,,,,,,,4,,,,,,,
10.1002/jaba.606,https://doi.org/10.1002/jaba.606,,,True,https://doi.org/10.1002/jaba.568,"Roncati, A.; Souza, A.; Miguel, C.",Exposure to a Specific Prompt Topography Predicts its Relative Efficiency when Teaching Intraverbal Behavior to Children with Autism,Journal of Applied Behavior Analysis,52,3,739,2019,Increased exposure to echoic or tact prompts predicts relative efficiency of those prompts for teaching intraverbals to children with autism,success,close,psychology,developmental psychology,,high,3,,,,,,,4,,,,,,,
10.1002/jaba.686,https://doi.org/10.1002/jaba.686,,,True,https://doi.org/10.1002/jaba.253,"Lambert, J.; Bloom, S.; Samaha, A.; Dayton, E.; Rodewald, A.",Serial alternative response training as intervention for target response resurgence,Journal of Applied Behavior Analysis,48,,765-780,2015,Serial training of multiple alternative responses reduces resurgence of target behavior compared to single-response training,success,close,psychology,clinical psychology,,high,3,,,,,,,4,,,,,,,
10.1002/jaba.686,https://doi.org/10.1002/jaba.686,,,True,https://doi.org/10.3390/bs15081014,"Carrasquillo, T.; Ringdahl, J.",The effect of teaching multiple response alternatives on response resurgence and persistence,Journal of Applied Behavior Analysis,15,8,1014,2025,Serial training of multiple alternative responses reduces resurgence of target behavior compared to single-response training,success,close,psychology,clinical psychology,,high,,,,,,,,4,,,,,,,
10.1002/jaba.891,https://doi.org/10.1002/jaba.891,,,True,https://doi.org/10.1177/105381519301700206,"Lifter, K.; Sulzer-Azaroff, B.; Anderson, S.; Cowdery, G.",Teaching play activities to preschool children with disabilities: the importance of developmental considerations,Journal of Early Intervention,17,2,139-159,1993,Children with developmental disabilities acquire developmentally appropriate play skills more readily than age-appropriate play skills,success,direct,psychology,developmental psychology,,high,3,,,,,,,4,,,,,,,
10.1002/jaba.946,https://doi.org/10.1002/jaba.946,,,True,https://doi.org/10.1007/s10864-020-09420-3,"Wong, K.; Bajwa, T.; Fienup, D.",The application of mastery criterion to individual operants and the effects on acquisition and maintenance of responses,Journal of Behavioral Education,,,,2021,Individual target mastery criterion (operant analysis) leads to faster acquisition of sight words compared to stimulus set mastery criterion (set analysis) in learners receiving special education services,success,close,psychology,developmental psychology,,high,4,,,,,,,7,,,,,,,
10.1002/jaba.946,https://doi.org/10.1002/jaba.946,,,True,https://doi.org/10.1002/jaba.915,"Wong, K.; Fienup, D.",Units of analysis in acquisition-performance criteria for,Journal of Applied Behavior Analysis,,,,2022,"Individual target mastery criterion (operant analysis) leads to faster acquisition of sight words compared to stimulus set mastery criterion (set analysis), with similar maintenance across conditions",success,close,psychology,developmental psychology,,high,3,,,,,,,7,,,,,,,
10.1002/jaba.968,https://doi.org/10.1002/jaba.968,,,True,https://doi.org/10.1002/jaba.402,"Galbraith, L.; Normand, M.",Step it UP! Using the good behavior game to increase physical activity with elementary school students at recess,Journal of Applied Behavior Analysis,50,4,856-860,2017,"The Step it UP! Game, a team-based competition with prize drawings for the most active team, increases physical activity (step counts) in participants",success,close,psychology,clinical psychology,,high,20,,,,,,,10,,,,,,,
10.1002/jeab.432,https://doi.org/10.1002/jeab.432,,,True,https://doi.org/10.1016/j.beproc.2016.03.014,"Renda, C.; Madden, G.",Impulsive choice and pre-exposure to delays: III. Four-month test-retest outcomes in male Wistar rats,Behavioral Processes,126,,108-112,2016,Extended training with delayed reinforcers (delay-exposure training) reduces impulsive choice in rats compared to training with immediate reinforcers,success,direct,psychology,experimental philosophy,,high,,.99,CL,,,,,51,.81,CL,,.0001,<,,
10.1002/jeab.432,https://doi.org/10.1002/jeab.432,,,True,https://doi.org/10.1037/a0031245,"Stein, J.; Johnson, P.; Renda, C.; Smits, R.; Liston, K.; Shahan, T.; Madden, G.",Early and prolonged exposure to reward delay: Effects on impulsive choice and alcohol self-administration in male rats,Experimental and Clinical Psychopharmacology,21,2,172-180,2013,Extended training with delayed reinforcers (delay-exposure training) reduces impulsive choice in rats compared to training with immediate reinforcers,success,direct,psychology,experimental philosophy,,high,,.80,CL,,,,,51,.81,CL,,.0001,<,,
10.1002/jeab.432,https://doi.org/10.1002/jeab.432,,,True,https://doi.org/10.1002/jeab.116,"Stein, J.; Renda, C.; Hinnenkamp, J.; Madden, G.","Impulsive choice, alcohol consumption, and pre-exposure to delayed rewards: II. Potential mechanisms",Journal of the Experimental Analysis of Behavior,103,1,33-49,2015,Extended training with delayed reinforcers (delay-exposure training) reduces impulsive choice in rats compared to training with immediate reinforcers,success,direct,psychology,experimental philosophy,,high,,.82,CL,,,,,51,.81,CL,,.0001,<,,
10.1002/jeab.546,https://doi.org/10.1002/jeab.546,,,True,https://doi.org/10.1002/jeab.456,"Sullivan, W.; Saini, V.; Roane, H.",A nonsequential approach to the study of operant renewal: A reverse translation,Journal of the Experimental Analysis of Behavior,110,,74-86,2018,Nonsequential renewal assessment (with daily alternation between Context A with reinforcement and Context B with extinction during treatment) produces comparable levels of renewal to sequential ABA renewal assessment,failure,close,psychology,experimental psychology,,high,9,,,,,,,10,0.62,etasq,,0.001,=,,
10.1002/job.1992,https://doi.org/10.1002/job.1992,,,True,https://doi.org/10.1016/j.beth.2006.03.002,"Ree, M.; Harvey, A.",Interpretive biases in chronic insomnia: An investigation using a priming paradigm,Behavior Therapy,37,3,248-258,2006,"Sleepy people tend to assign threatening, rather than neutral, meanings to ambiguous sentences",success,conceptual,psychology,social psychology,,high,,,,,,,,148,0.19,r,,0.020,=,,
10.1002/job.336,https://doi.org/10.1002/job.336,,,True,https://doi.org/10.1006/jvbe.2001.1803,"Fox, S.; Spector, P.; Miles, D.",Counterproductive work behavior (CWB) in response to job stressors and organizational justice: some mediator and moderator tests for autonomy and emotions,Journal of Vocational Behavior,59,3,291-309,2001,Negative affectivity moderates the relationship between job stressors (organizational constraints and interpersonal conflict) and counterproductive work behavior,inconclusive,close,psychology,social psychology,,high,,,,,,,,299,,,,,,,
10.1002/job.4030100108,https://doi.org/10.1002/job.4030100108,,,True,https://doi.org/10.1080/01449298708901855,"Corbett, J.",A psychological study of advanced manufacturing technology: the concept of coupling,Behaviour and Information Technology,6,4,44453,1987,"Tighter technological coupling (characterized by high method uniformity, workflow rigidity, synchronicity, and little slack) is negatively associated with intrinsic job satisfaction in advanced manufacturing technology (AMT) jobs",success,close,psychology,social psychology,,high,31,-0.47,beta,,0.01,<,,32,-0.33,beta,,0.02,<,,
10.1002/job.4030110202,https://doi.org/10.1002/job.4030110202,,,True,https://doi.org/10.5465/255435,"Schuler, R.",A role and expectancy perception model of participation in decision making,Academy of Management Journal,23,2,1-340,1980,"Participation in decision-making increases job satisfaction through mediation by role conflict, role ambiguity, and performance-reward expectancy",success,close,business & management,management,,high,811,,,,,,,284,,,,,,,
10.1002/job.4030130405,https://doi.org/10.1002/job.4030130405,,,True,https://doi.org/10.1037/0021-9010.72.4.522,"Spence, J.; Helmreich, R.; Pred, R.",Impatience versus achievement strivings in the Type A pattern: Differential effects on students' health and academic achievement,Journal of Applied Psychology,72,4,522,1987,Achievement Striving (AS) dimension of Type A behavior positively predicts academic performance (GPA),success,direct,psychology,personality psychology,,high,,,,,,,,85,0.35,beta,,0.01,<,,
10.1002/job.4030130405,https://doi.org/10.1002/job.4030130405,,,True,https://doi.org/10.1037/0021-9010.72.4.522,"Spence, J.; Helmreich, R.; Pred, R.",Impatience versus achievement strivings in the Type A pattern: Differential effects on students' health and academic achievement,Journal of Applied Psychology,72,4,522,1987,Impatience-Irritability (II) dimension of Type A behavior predicts poor sleep quality and sleep habits,success,direct,psychology,personality psychology,,high,,,,,,,,113,0.26,beta,,0.05,<,,
10.1002/job.4030130405,https://doi.org/10.1002/job.4030130405,,,True,https://doi.org/10.1037/0021-9010.72.4.522,"Spence, J.; Helmreich, R.; Pred, R.",Impatience versus achievement strivings in the Type A pattern: Differential effects on students' health and academic achievement,Journal of Applied Psychology,72,4,522,1987,Impatience-Irritability (II) dimension of Type A behavior predicts headaches and migraines,success,direct,psychology,personality psychology,,high,,,,,,,,113,0.27,beta,,0.01,<,,
10.1002/mds.29077,https://doi.org/10.1002/mds.29077,,,True,https://doi.org/10.1002/mds.29077,"Kühnel, L.; Raket, L. L.; Åström, D. O.",Disease progression in multiple system atrophy—novel modeling framework and predictive factors,Movement Disorders,37,8,1719-1727,2022,Disease progression model predicts that multiple system atrophy progression follows a specific trajectory with particular time gaps between disease stages and inter-patient differences,inconclusive,close,neuroscience,behavioral neuroscience,,high,121,,,,,,,663,,,,,,,
10.1002/mds.29534,https://doi.org/10.1002/mds.29534,,,True,https://doi.org/10.1002/mds.29077,"Kühnel, L.; Raket, L.L.; Åström, D.O.",Disease progression in multiple system atrophy—novel modeling framework and predictive factors,Movement Disorders,37,8,1719-1727,2022,"Disease progression modeling using a novel temporal recalibration approach (disease progression model, DPM) can describe MSA natural history trajectories along a homogeneous disease continuum",success,close,medical fields,neurology,,high,121,,,,,,,663,,,,,,,
10.1002/pchj.165,https://doi.org/10.1002/pchj.165,,,True,https://doi.org/10.1016/0042-6989(95)00122-0,"Banks, M.; Ehrlich, S.; Backus, B.; Crowell, J.",Estimating heading during real and simulated eye movements,Vision Research,36,,431-443,1996,"Heading performance difference between real and simulated pursuit eye movements depends on pursuit speed, with extra-retinal signals becoming necessary at higher pursuit speeds",success,close,neuroscience,cognitive neuroscience,,high,,,,,,,,8,,,,0.001,<,,
10.1002/pchj.165,https://doi.org/10.1002/pchj.165,,,True,https://doi.org/10.1038/371700a0,"Van Den Berg, A.; Brenner, E.",Why two eyes are better than one for judgements of heading,Nature,371,,700-702,1994,Adding noise to heading stimuli reduces heading direction discrimination accuracy,success,close,neuroscience,cognitive neuroscience,,high,,,,,,,,12,,,,0.001,<,,
10.1002/pchj.330,https://doi.org/10.1002/pchj.330,,,True,https://doi.org/10.1016/0042-6989(95)00122-0,"Banks, M.; Ehrlich, S.; Backus, B.; Crowell, J.",Estimating heading during real and simulated eye movements,Vision Research,36,3,431-443,1996,Direction perception is greatly impaired when optic flow is distorted by simulated eye movements without extraretinal signals,success,direct,neuroscience,cognitive neuroscience,,high,,,,,,,,6,,,,,,,
10.1002/pchj.339,https://doi.org/10.1002/pchj.339,,,True,https://doi.org/10.1002/pchj.139,"Chan, R. C.; Yang, Z. Y.; Li, Z.; Xie, D. J.; Gooding, D. C.",Validation of the Chinese version of the anticipatory and consummatory interpersonal pleasure scale,PsyCh Journal,5,4,238-244,2016,The ACIPS demonstrates a four-factor structure (Friendship; Family and Intimacy-related Relationships; General Social Interactions; and Casual Interactions/Conversations) in Chinese nonclinical samples,success,close,psychology,clinical psychology,,high,,,,,,,,368,,,,,,,
10.1002/per.1938,https://doi.org/10.1002/per.1938,,,True,https://doi.org/10.1037/a0016576,"Xu, Y.; Farver, J.; Yu, L.; Zhang, Z.",Three types of shyness in Chinese children and the relation to effortful control,Journal of Personality and Social Psychology,97,6,1061-1073,2009,"Childhood shyness can be differentiated into two distinct forms - anxious shyness (characterized by inhibited, anxious behavior) and regulated shyness (characterized by modest, self-controlled restraint) - which show differential relations with effortful control and psychosocial outcomes",success,conceptual,psychology,developmental psychology,,high,,,,,,,,544,,,,,,,
10.1002/pits.21953,https://doi.org/10.1002/pits.21953,,,True,https://doi.org/10.1016/j.ecresq.2013.07.001,"Fantuzzo, J.; Gadsden, V.; Li, F.; Sproul, F.; Mcdermott, P.; Hightower, D.; Minney, A.",Multiple dimensions of family engagement in early childhood education: Evidence for a short form of the Family Involvement Questionnaire,Early Childhood Research Quarterly,28,4,734-742,2013,"The Family Involvement Questionnaire-Short Form (FIQ-SF) has a reliable three-factor structure measuring home-based involvement, school-based involvement, and home-school conferencing in low-income families",success,direct,psychology,educational psychology,,high,,,,,,,,498,,,,,,,
10.1002/pits.22027,https://doi.org/10.1002/pits.22027,,,True,https://doi.org/10.1037/a0012840,"Skinner, E.; Furrer, C.; Marchand, G.; Kindermann, T.",Engagement and disaffection in the classroom: Part of a larger motivational dynamic,Journal of Educational Psychology,100,4,765-781,2008,"The self-system model of motivational development predicts that classroom context and student self-perceptions (autonomy, relatedness, competence) influence student engagement and disaffection, with emotional engagement predicting changes in behavioral engagement over time",inconclusive,close,psychology,educational psychology,,high,805,,,,,,,123,,,,,,,
10.1002/rrq.62,https://doi.org/10.1002/rrq.62,,,True,https://doi.org/10.3102/01623737028004335,"Kim, J.",Effects of a voluntary summer reading intervention on reading achievement: Results from a randomized field trial,Educational Evaluation and Policy Analysis,28,4,335-355,2006,Providing matched books and teacher scaffolding through end-of-year comprehension lessons improves reading comprehension for elementary students during summer vacation,inconclusive,direct,education,educational psychology,,high,,0.08,d,,0.059,=,,1189,-0.04,d,,,,,
10.1002/rrq.62,https://doi.org/10.1002/rrq.62,,,True,https://doi.org/10.1080/10888430701746849,"Kim, J.; White, T.",Scaffolding voluntary summer reading for children in grades 3 to 5: An experimental study,Scientific Studies of Reading,12,1,1-23,2008,Providing matched books with oral reading and comprehension scaffolding (teacher-directed lessons teaching fluent oral reading and comprehension strategies) improves reading comprehension for elementary students during summer vacation,inconclusive,direct,education,educational psychology,,high,400,0.14,d,,,,,1189,-0.04,d,,,,,
10.1002/smj.2571,https://doi.org/10.1002/smj.2571,,,True,https://doi.org/10.1002/smj.182,"Certo, S.; Covin, J.; Daily, C.; Dalton, D.",Wealth and the effects of founder management among IPO-stage new ventures,Strategic Management Journal,22,6-7,641-658,2001,"The presence of a founder CEO during an IPO increases IPO underpricing, decreasing wealth retention for initial shareholders",failure,close,business & management,management,,high,368,0.056,beta,,0.02,=,,234,,,,,,,
10.1002/smj.2571,https://doi.org/10.1002/smj.2571,,,True,https://doi.org/10.1002/smj.269,"Filatotchev, I.; Bishop, K.","Board composition, share ownership, and 'underpricing' of U.K. IPO firms",Strategic Management Journal,23,10,941-955,2002,Board characteristics (proportion of non-executive directors and outside directorships per non-executive) reduce IPO underpricing,failure,close,business & management,management,,high,251,,,,,,,234,,,,,,,
10.1002/smj.2571,https://doi.org/10.1002/smj.2571,,,True,https://doi.org/10.1002/smj.463,"Cohen, B.; Dean, T.",Information asymmetry and investor valuation of IPOs: Top management team legitimacy as a capital market signal,Strategic Management Journal,26,7,683-690,2005,"Top management team legitimacy (measured by prior experience, industry experience, age, and education) reduces IPO underpricing",reversal,close,business & management,management,,high,121,-0.214,beta,,0.01,<,,234,0.18,beta,,0.02,=,,
10.1002_erv.3103,https://doi.org/10.1002_erv.3103,,,True,https://doi.org/10.1016/j.psychres.2017.09.048,"Sfärlea, A.; Greimel, E.; Platt, B.; Dieler, A.; Schulte-Körne, G.",Recognition of emotional facial expressions in adolescents with anorexia nervosa and adolescents with major depression,Psychiatry Research,262,,586-594,2018,"Adolescents with anorexia nervosa show superior facial emotion recognition abilities compared to adolescents without mental disorders, specifically for afraid faces",success,direct,psychology,clinical psychology,,high,,,,,,,,74,0.59,d,,0.010,=,,
10.1006/jesp.1995.1012,https://doi.org/10.1006/jesp.1995.1012,,,True,https://doi.org/10.1037/0022-3514.48.6.1467,"Stasser, G.; Titus, W.",Pooling of unshared information in group decision making: Biased information sampling during group discussion,Journal of Personality and Social Psychology,48,6,1467-1478,1985,"Hidden profiles impair group decision-making: when information supporting the best decision is distributed such that no individual recognizes it before discussion, groups fail to discover the superior alternative",success,close,psychology,social psychology,,high,,,,,,,,228,,,,0.01,<,,
10.1006/jesp.1995.1012,https://doi.org/10.1006/jesp.1995.1012,,,True,https://doi.org/10.1037/0022-3514.63.3.426,"Stasser, G.; Stewart, D.",The discovery of hidden profiles by decision-making groups: Solving a problem versus making a judgment,Journal of Personality and Social Psychology,63,3,426-434,1992,The hidden profile effect (failure to discover the best decision when critical information is unshared) occurs with a homicide mystery task where groups must identify the correct suspect,success,close,psychology,social psychology,,high,,,,,,,,228,,,,0.01,<,,
10.1006/jesp.1998.1373 (1),https://doi.org/10.1006/jesp.1998.1373 (1),,,False,,,,,,,,,,,,,,,,,,,,,,,,,,,,,,
10.1006/obhd.1994.1042,https://doi.org/10.1006/obhd.1994.1042,,,True,https://doi.org/10.1016/0749-5978(92)90053-a,"Balzer, W. K.; Sulsky, L. M.; Hammer, L. B.; Sumner, K. E.","Task information, cognitive information, or functional validity information: Which components of cognitive feedback affect performance?",Organizational Behavior and Human Decision Processes,53,,35-54,1992,"Task information (TI) component of cognitive feedback is necessary for improving judgment performance, whereas cognitive information (CI) alone does not improve performance",success,close,psychology,cognitive psychology,,high,,,,,,,,323,0.07,omega-squared,,0.01,<,,
10.1006/obhd.1994.1048,https://doi.org/10.1006/obhd.1994.1048,,,True,https://doi.org/10.1017/cbo9780511803475.029,"Tversky, Amos; Sattath, Shmuel; Slovic, Paul",Contingent weighting in judgment and choice,Psychological Review,95,,371-384,1988,The more important attribute has a greater influence in choices than in matching judgments (prominence effect in riskless preference reversals),success,direct,psychology,cognitive psychology,,high,,,,,,,,24,,,,0.001,<,,
10.1006/obhd.1994.1048,https://doi.org/10.1006/obhd.1994.1048,,,True,https://doi.org/10.1037/e722812011-010,"Fischer, Gregory W.; Hawkins, Scott A.","Strategy compatibility, scale compatibility, and the prominence effect",Journal of Experimental Psychology: Human Perception and Performance,19,,580-597,1993,The more important attribute has a greater influence in choices than in matching judgments (prominence effect in riskless preference reversals),success,direct,psychology,cognitive psychology,,high,,,,,,,,24,,,,0.001,<,,
10.1006/obhd.1995.1059,https://doi.org/10.1006/obhd.1995.1059,,,True,https://doi.org/10.1037/0033-2909.106.3.410,"Balzer, W. K.; Doherty, M. E.; O'Connor, R., Jr.",The effects of cognitive feedback on performance,Psychological Bulletin,106,3,410-433,1989,Cognitive feedback is superior to outcome feedback in improving judgment accuracy in uncertain environments,success,direct,psychology,cognitive psychology,,high,,,,,,,,59,,,,0.0001,<,,
10.1006/obhd.1995.1095,https://doi.org/10.1006/obhd.1995.1095,,,True,https://doi.org/10.1007/bf00057884,"Heath, Chip; Tversky, Amos",Preference and belief: ambiguity and competence in choice under uncertainty,Journal of Risk and Uncertainty,4,1,5-28,1991,Subjects have an increasing preference for betting on their own knowledge over a matched-chance lottery as probability increases,success,direct,psychology,cognitive psychology,,high,,,,,,,,48,,,,0.02,=,,
10.1006/obhd.1995.1095,https://doi.org/10.1006/obhd.1995.1095,,,True,https://doi.org/10.1007/bf00057884,"Heath, Chip; Tversky, Amos",Preference and belief: ambiguity and competence in choice under uncertainty,Journal of Risk and Uncertainty,4,1,5-28,1991,Ambiguity seeking increases as judged probability increases and with higher knowledge levels in decision domains,success,close,psychology,cognitive psychology,,high,,,,,,,,353,,,,0.0001,<,,
10.1006/obhd.1996.0062,https://doi.org/10.1006/obhd.1996.0062,,,True,https://doi.org/10.1016/0749-5978(85)90026-3,"Bazerman, M.; Magliozzi, T.; Neale, M.",Integrative bargaining in a competitive market,Organizational Behavior and Human Decision Processes,35,3,294-313,1985,Joint profit increases as negotiators gain experience across repeated negotiations in a competitive market simulation,success,close,economics,behavioral economics,,high,,,,,,,,148,,,,0.001,<,,
10.1006/obhd.1996.0077,https://doi.org/10.1006/obhd.1996.0077,,,False,,,,,,,,,,,,,,,,,,,,,,,,,,,,,,
10.1006/obhd.1996.2672,https://doi.org/10.1006/obhd.1996.2672,,,True,https://doi.org/10.1111/j.1467-9280.1993.tb00471.x,"Neuringer, A.; Voss, C.",Approximating chaotic behavior,Psychological Science,4,2,113-119,1993,People can make accurate short-range predictions (one step ahead) of chaotic sequences generated by the logistic function,success,close,psychology,cognitive psychology,,high,,,,,,,,40,,,,0.0001,<,,
10.1006/obhd.1996.2672,https://doi.org/10.1006/obhd.1996.2672,,,True,https://doi.org/10.3758/bf03204654,"Metzger, M. A.; Theisz, M. F.",Forecast: program to obtain forecasts from subjects for successive values of chaotic time series,"Behavior Research Methods, Instruments, and Computers",26,4,387-394,1994,People can make accurate short-range predictions (one step ahead) of chaotic sequences,success,close,psychology,cognitive psychology,,high,,,,,,,,40,,,,0.0001,<,,
10.1006/obhd.1997.2695,https://doi.org/10.1006/obhd.1997.2695,,,True,https://doi.org/10.1038/scientificamerican0182-160,"Kahneman, Daniel; Tversky, Amos",The psychology of preferences,Scientific American,246,1,160-173,1982,Active choice leads to greater regret than passive choice when decision outcomes are negative (the action/inaction effect in the two-investors problem),success,close,psychology,social psychology,,high,138,,,,,,,109,,,,,,,
10.1006/obhd.1997.2743,https://doi.org/10.1006/obhd.1997.2743,,,True,https://doi.org/10.1037//0022-3514.40.1.111,"Pruitt, D.; Kimmel, M.; Britton, S.; Carnevale, P.; Magenau, J.; Peragallo, J.; Engram, P.",The effect of accountability and surveillance on integrative bargaining,Contributions to experimental,7,1,310-343,1978,Accountability to constituents increases competitive behavior and outcomes in solo negotiators,success,direct,psychology,social psychology,,high,,,,,,,,52,,,,0.05,<,,
10.1006/obhd.1997.2743,https://doi.org/10.1006/obhd.1997.2743,,,True,https://doi.org/10.1037/0022-3514.58.1.68,"Insko, C.; Schopler, J.; Hoyle, R.; Dardis, G.; Graetz, K.",Individual-group discontinuity as a function of fear and greed,Journal of Personality and Social Psychology,58,1,68-79,1990,Groups behave more competitively than individuals in intergroup conflict situations (discontinuity effect),failure,conceptual,psychology,social psychology,,high,,,,,,,,334,,,,0.24,=,,
10.1006/obhd.1998.2780,https://doi.org/10.1006/obhd.1998.2780,,,True,https://doi.org/10.1006/obhd.1997.2695,"Connolly, T.; Ordóñez, L.; Coughlan, R.",Regret and responsibility in the evaluation of decision outcomes,Organizational Behavior and Human Decision Processes,70,1,73-85,1997,Decision agency (whether outcomes result from one's own choice versus external assignment) does not influence the experience of regret,failure,direct,psychology,social psychology,,high,,,,,,,,60,,,,0.001,<,,
10.1006/obhd.1999.2822,https://doi.org/10.1006/obhd.1999.2822,,,True,https://doi.org/10.1006/jesp.1994.1003,"Bornstein, G.; Ben-Yossef, M.",Cooperation in intergroup and single-group social dilemmas,Journal of Experimental Social Psychology,30,1,52-67,1994,Participants cooperate more in an intergroup prisoner's dilemma than in a single-group prisoner's dilemma,failure,direct,psychology,social psychology,,high,,,,,,,,165,,,,,,,
10.1006/obhd.1999.2828,https://doi.org/10.1006/obhd.1999.2828,,,False,,,,,,,,,,,,,,,,,,,,,,,,,,,,,,
10.1006/obhd.1999.2834,https://doi.org/10.1006/obhd.1999.2834,,,True,https://doi.org/10.1006/obhd.1998.2780,"Zeelenberg, M.; Van Dijk, W.; Manstead, A.",Reconsidering the relation between regret and responsibility,Organizational Behavior and Human Decision Processes,74,3,254-272,1998,Decision agency (making an active choice vs. passive computer assignment) increases experienced regret following negative outcomes,success,close,psychology,social psychology,,high,,,,,,,,81,,,,0.001,<,,
10.1006/obhd.1999.2867,https://doi.org/10.1006/obhd.1999.2867,,,True,,"Quinn, R.; Tabor, J.; Gordon, L.",The decision to discriminate: A study of executive selection,,,,,1968,Organizational pressures to discriminate lead managers to make discriminatory personnel decisions,success,conceptual,psychology,social psychology,,high,139,,,,,,,221,,,,0.001,<,,
10.1006/obhd.2000.2900,https://doi.org/10.1006/obhd.2000.2900,,,True,https://doi.org/10.1037/0096-3445.125.4.387,"Wilson, Timothy D.; Houston, Christopher E.; Etling, Kathryn M.; Brekke, Nancy",A new look at anchoring effects: basic anchoring and its antecedents,Journal of Experimental Psychology: General,125,4,387-402,1996,Anchoring effects occur even when the comparative question is semantically unrelated to the numerical judgment question,success,direct,psychology,cognitive psychology,,high,,,,,,,,181,,,,0.05,<,,
10.1006/obhd.2000.2900,https://doi.org/10.1006/obhd.2000.2900,,,True,https://doi.org/10.1037/0096-3445.125.4.387,"Wilson, Timothy D.; Houston, Christopher E.; Etling, Kathryn M.; Brekke, Nancy",A new look at anchoring effects: basic anchoring and its antecedents,Journal of Experimental Psychology: General,125,4,387-402,1996,Anchoring effects occur even when the comparative question is semantically unrelated to the numerical judgment question,success,direct,psychology,cognitive psychology,,high,,,,,,,,121,,,,0.05,<,,
10.1006/obhd.2000.2934,https://doi.org/10.1006/obhd.2000.2934,,,True,https://doi.org/10.1037/e683272011-088,"Windschitl, Paul D.; Wells, Gary L.",The alternative-outcomes effect,Journal of Personality and Social Psychology,75,,1411-1423,1998,"People's perceived certainty about a focal outcome is influenced by how evidence is distributed across alternative outcomes, with comparisons to the strongest alternative playing a dominant role",success,close,psychology,cognitive psychology,,high,,,,,,,,96,0.99,d,,0.001,<,,
10.1006/obhd.2001.2953,https://doi.org/10.1006/obhd.2001.2953,,,True,https://doi.org/10.1006/obhd.1996.0077,"Hsee, C.",The evaluability hypothesis: an explanation for preference reversals between joint and separate evaluations of alternatives,Organizational Behavior and Human Decision Processes,67,3,247-257,1996,"Options that are superior on hard-to-evaluate attributes are preferred in joint evaluation, while options superior on easy-to-evaluate attributes are preferred in separate evaluation",success,direct,psychology,cognitive psychology,,high,,,,,,,,110,,,,,,,
10.1006/obhd.2001.2956,https://doi.org/10.1006/obhd.2001.2956,,,True,https://doi.org/10.1037//0096-3445.126.1.45,"Hsee, C.; Weber, E.",A fundamental prediction error: self-others discrepancies in risk preference,Journal of Experimental Psychology: General,126,1,45-53,1997,People are less risk averse for losses than for gains,success,close,psychology,social psychology,,high,,,,,,,,91,,,,0.001,<,,
10.1007/978-1-4899-0915-2_3,https://doi.org/10.1007/978-1-4899-0915-2_3,,,False,,,,,,,,,,,,,,,,,,,,,,,,,,,,,,
10.1007/bf02322211,https://doi.org/10.1007/bf02322211,,,True,https://doi.org/10.2307/2092211,"Rosenthal, Robert; Jacobson, Lenore",Pygmalion in the classroom: teacher expectation and pupils' intellectual development,American Sociological Review,34,2,283,1965,"Providing teachers with favorable expectations about randomly selected students (labeled as 'growth spurters') increases those students' IQ gains, particularly for girls in reasoning IQ",reversal,direct,psychology,educational psychology,,high,,17.9,IQ points,,0.0002,=,one-sided,,,,,0.003,=,,
10.1007/bf03395528,https://doi.org/10.1007/bf03395528,,,False,,,,,,,,,,,,,,,,,,,,,,,,,,,,,,
10.1007/s00213-012-2745-6,https://doi.org/10.1007/s00213-012-2745-6,,,True,https://doi.org/10.1002/bdm.766,"Charlton, S.; Yi, R.; Porter, C.; Carter, A.; Bickel, W.; Rachlin, H.","Now for me, later for us? Effects of group context on temporal discounting",J Behav Decis Making,,,,2012,Individuals discount future monetary gains less when choosing for a group than when choosing for themselves alone,success,direct,psychology,social psychology,,high,,,,,,,,796,,,,0.0001,<,two-sided,
10.1007/s00213-012-2745-6,https://doi.org/10.1007/s00213-012-2745-6,,,True,https://doi.org/10.1007/pl00005490,"Bickel, W.; Odum, A.; Madden, G.","Impulsivity and cigarette smoking: delay discounting in current, never, and ex-smokers",Psychopharmacology,146,4,447-454,1999,Cigarette smokers discount delayed rewards more rapidly than nonsmokers,success,direct,psychology,clinical psychology,,high,,,,,,,,796,,,,0.0001,<,one-sided,
10.1007/s00213-012-2745-6,https://doi.org/10.1007/s00213-012-2745-6,,,True,https://doi.org/10.1037/1064-1297.6.3.292,"Vuchinich, R.; Simpson, C.",Hyperbolic temporal discounting in social drinkers and problem drinkers,Exp Clin Psychopharmacol,6,3,292-305,1998,Problem drinkers discount delayed rewards more rapidly than nonproblem drinkers,inconclusive,close,psychology,clinical psychology,,high,,,,,,,,796,,,,0.014,=,one-sided,
10.1007/s00221-023-06644-3,https://doi.org/10.1007/s00221-023-06644-3,,,True,https://doi.org/10.1037/a0037777,"Miller, L.; Longo, M.; Saygin, A.",Tool morphology constrains the effects of tool use on body representations,Journal of Experimental Psychology: Human Perception and Performance,40,6,2143-2153,2014,"Tool use alters body schema representation, specifically reducing perceived tactile distances on the forearm in the proximodistal orientation",inconclusive,conceptual,psychology,cognitive psychology,,high,,,,,,,,34,,,,0.043,=,one-sided,
10.1007/s00426-002-0086-5,https://doi.org/10.1007/s00426-002-0086-5,,,True,https://doi.org/10.1016/s0010-0277(96)00782-2,"Perea, M.; Gotor, A.",Associative and semantic priming effects occur at very short SOAs in lexical decision and naming,Cognition,67,2,223-240,1997,Semantically related but not associatively related word pairs produce automatic priming effects at very short stimulus-onset asynchronies in the masked priming paradigm,success,close,psychology,cognitive psychology,,high,,,,,,,,160,,,,0.05,<,,
10.1007/s00426-002-0086-5,https://doi.org/10.1007/s00426-002-0086-5,,,True,https://doi.org/10.1037//0278-7393.24.3.558,"McRae, K.; Boisvert, S.",Automatic semantic similarity priming,"Journal of Experimental Psychology: Learning, Memory, and Cognition",24,3,558-572,1998,"Semantic-only priming effects occur with the single-presentation technique at a brief response-stimulus interval (200 ms), and are stronger than with standard priming procedure",inconclusive,close,psychology,cognitive psychology,,high,,47,,,,,,21,21,,,0.05,<,,
10.1007/s00426-017-0921-3,https://doi.org/10.1007/s00426-017-0921-3,,,True,https://doi.org/10.1016/j.actpsy.2009.07.012,"Poljac, E.; Bekkering, H.",Generic cognitive adaptations to task interference in task switching,Acta Psychologica,132,3,279-285,2009,Response-cue interval (RCI) manipulation affects both response time and error rate in extended-runs task-switching procedure,inconclusive,direct,psychology,cognitive psychology,,high,,,,,,,,60,0.239,etasq,,0.001,<,,
10.1007/s00426-018-1001-z,https://doi.org/10.1007/s00426-018-1001-z,,,True,https://doi.org/10.3758/s13414-014-0802-4,"Schoeberl, T.; Fuchs, I.; Theeuwes, J.; Ansorge, U.",Stimulus-driven attentional capture by subliminal onset cues,Perception & Psychophysics,77,,737-748,2015,"Subliminal abrupt onset cues capture spatial attention in a stimulus-driven way, producing faster reaction times when targets appear at cued locations compared to uncued locations",success,close,psychology,cognitive psychology,,high,,,,,,,,18,0.53,etasq,,0.001,<,,
10.1007/s004260000041,https://doi.org/10.1007/s004260000041,,,True,https://doi.org/10.1037/0096-1523.26.5.1515,"Marble, Julie Gerred; Proctor, Robert W.",Mixing location-relevant and location-irrelevant choice-reaction tasks: influences of location mapping on the Simon effect,Journal of Experimental Psychology: Human Perception and Performance,26,5,1515-1533,2000,"Mixing location-relevant trials with an incompatible spatial stimulus-response mapping with location-irrelevant trials produces a reverse Simon effect, where responses are faster when stimulus and response locations do not correspond than when they do",success,direct,psychology,cognitive psychology,,high,,,,,,,,16,,,,0.001,<,,
10.1007/s10071-012-0510-1,https://doi.org/10.1007/s10071-012-0510-1,,,True,https://doi.org/10.1007/978-94-009-4998-0_2,"Zahn-Waxler, C.; Hollenbeck, B.; Radke-Yarrow, M.",The origins of empathy and altruism,Advances in animal welfare science,,,21-39,1984,Human infants respond empathically to distressed individuals by approaching and offering comfort,success,conceptual,psychology,developmental psychology,,high,,,,,,,,18,,,,0.001,<,,
10.1007/s10071-014-0772-x,https://doi.org/10.1007/s10071-014-0772-x,,,True,https://doi.org/10.1016/j.cub.2013.08.037,"Smet, A.; Byrne, R.",African elephants can use human pointing cues to find hidden food,Current Biology,23,,2033-2037,2013,African elephants can use sustained human pointing cues to locate hidden food in an object-choice task,success,direct,psychology,cognitive psychology,,high,,,,,,,,8,,,,0.001,=,,
10.1007/s10071-014-0772-x,https://doi.org/10.1007/s10071-014-0772-x,,,True,https://doi.org/10.1038/415755a,"Gergely, G.; Bekkering, H.; Király, I.",Rational imitation in preverbal infants,Nature,415,,755,2002,Fourteen-month-old infants judge the rationality of adult behavior by evaluating whether unusual actions (using head instead of hands) were freely chosen or constrained by circumstances,failure,conceptual,psychology,developmental psychology,,high,,,,,,,,8,,,,0.381,=,,
10.1007/s10389-023-01905-5,https://doi.org/10.1007/s10389-023-01905-5,,,True,https://doi.org/10.1007/s10464-007-9154-8,"Brown, E.; Hawkins, J.; Arthur, M.; Abbott, R.; Van Horn, M.",Multilevel analysis of a measure of community prevention collaboration,American Journal of Community Psychology,41,1-2,115-126,2008,"The Community Key Informant Interview (CKI) instrument validly measures five constructs of community capacity for prevention (adoption of science-based prevention, prevention collaboration, sectoral collaboration, financial support, and community support) with good structural validity, reliability, and concurrent construct validity",inconclusive,close,psychology,social psychology,,high,,,,,,,,182,,,,,,,
10.1007/s10464-013-9587-1,https://doi.org/10.1007/s10464-013-9587-1,,,True,https://doi.org/10.1007/s10903-012-9623-5,"Unger, J.; Cabassa, L.; Molina, G.; Contreras, S.; Baron, M.",Evaluation of a fototonovela to increase depression knowledge and reduce stigma among Hispanic adults,Journal of Immigrant and Minority Health,14,2,189-360,2012,A Spanish language fotonovela titled 'Secret Feelings' increases depression knowledge and reduces stigma towards depression treatment among Latinos with limited English proficiency,success,close,psychology,clinical psychology,,high,157,,,,,,,142,1.19,d,,0.001,<,two-sided,
10.1007/s10508-014-0329-8,https://doi.org/10.1007/s10508-014-0329-8,,,True,https://doi.org/10.1002/bdm.501,"Ariely, D.; Loewenstein, G.",The heat of the moment: the effect of sexual arousal on sexual decision making,Journal of Behavioral Decision Making,19,,87-98,2006,"Sexual arousal increases self-estimated likelihood of engaging in sexually coercive, uncommon, and unprotected sexual behaviors",success,close,psychology,social psychology,,high,,,,,,,,68,0.94,d,,0.004,=,,
10.1007/s10508-014-0428-6,https://doi.org/10.1007/s10508-014-0428-6,,,True,https://doi.org/10.1023/a:1023465601718,"Strassberg, D. S.; Holty, S.",An experimental study of women's Internet personal ads,Archives of Sexual Behavior,32,3,253-260,2003,"A woman describing herself as financially independent, successful, and ambitious in a personal ad receives more responses than a woman describing herself as very attractive and slim",failure,direct,psychology,social psychology,,high,507,,,,,,,695,0.14,phi,,0.005,<,,
10.1007/s10508-015-0658-2,https://doi.org/10.1007/s10508-015-0658-2,,,False,,,,,,,,,,,,,,,,,,,,,,,,,,,,,,
10.1007/s10508-018-1286-4,https://doi.org/10.1007/s10508-018-1286-4,,,True,https://doi.org/10.1007/s10508-015-0658-2,"Mogilski, J.; Memering, S.; Welling, L.; Shackelford, T.",Monogamy versus consensual non-monogamy: alternative approaches to pursuing a strategically pluralistic mating strategy,Archives of Sexual Behavior,46,2,407-417,2017,"Monogamous individuals engage in more mate guarding behaviors than individuals in consensually non-monogamous (CNM) relationships, and CNM individuals mate guard their primary partners more than their secondary partners",success,direct,psychology,social psychology,,high,,,,,,,,688,0.49,d,,0.001,<,,
10.1007/s10519-009-9318-4,https://doi.org/10.1007/s10519-009-9318-4,,,True,https://doi.org/10.1007/s10519-008-9233-0,"Bochdanovits, Z.; Gosso, F.; Van Den Berg, L.; Rizzu, P.; Polderman, T.; Pardo, L.",A functional polymorphism under positive evolutionary selection in ADRB2 is associated with human intelligence with opposite effects in the young and the elderly,Behav Genet,39,1,15-23,2009,The ancestral allele of ADRB2 SNP rs1042713 is associated with higher cognitive ability in 70-year-old participants,inconclusive,close,psychology,cognitive psychology,,high,,,,,,,,162,,,,,,,
10.1007/s10519-009-9318-4,https://doi.org/10.1007/s10519-009-9318-4,,,True,https://doi.org/10.1007/s10519-008-9233-0,"Bochdanovits, Z.; Gosso, F.; Van Den Berg, L.; Rizzu, P.; Polderman, T.; Pardo, L.",A functional polymorphism under positive evolutionary selection in ADRB2 is associated with human intelligence with opposite effects in the young and the elderly,Behav Genet,39,1,15-23,2009,The ancestral allele of ADRB2 SNP rs1042714 is associated with higher cognitive ability and better cognitive aging in 70-year-old participants,success,close,psychology,cognitive psychology,,high,,,,,,,,162,,,,,,,
10.1007/s10519-012-9570-x,https://doi.org/10.1007/s10519-012-9570-x,,,True,https://doi.org/10.1007/s10519-008-9233-0,"Bochdanovits, Z.; Gosso, F.; Van Den Berg, L.; Rizzu, P.; Polderman, T.; Pardo, L.; Houlihan, L.",A functional polymorphism under positive evolutionary selection in ADRB2 is associated with human intelligence with opposite effects in the young and the elderly,Behavior Genetics,39,1,15-23,2009,ADRB2 genetic variants rs1042713 and rs1042714 are associated with cognitive function (Matrix Reasoning and Moray House Test performance) in older adults,failure,direct,neuroscience,cognitive neuroscience,,high,1063,0.07,standardized beta,,0.05,<,,765,,,,0.05,>,,
10.1007/s10519-012-9570-x,https://doi.org/10.1007/s10519-012-9570-x,,,True,https://doi.org/10.1007/s10519-009-9318-4,"Penke, L.; Maniega, S.; Houlihan, L.; Murray, C.; Gow, A.; Clayden, J.; Bastin, M.",White matter integrity in splenium of the corpus callosum is related to successful cognitive aging and partly mediates the protective effect of an ancestral polymorphism in ADRB2,Behavior Genetics,40,2,146-156,2010,"ADRB2 variant rs1042714 is associated with white matter integrity in the splenium of corpus callosum and cognitive aging, with the white matter integrity mediating the genetic effects on cognition",failure,direct,neuroscience,cognitive neuroscience,,high,162,0.19,standardized beta,,0.05,<,,650,,,,0.05,>,,
10.1007/s10566-014-9293-7,https://doi.org/10.1007/s10566-014-9293-7,,,True,https://doi.org/10.1053/comp.2002.34632,"Mcmillen, C.; North, C.; Mosley, M.; Smith, E.",Untangling the psychiatric comorbidity of posttraumatic stress disorder in a sample of flood survivors,Comprehensive Psychiatry,43,6,478-485,2002,Non-PTSD disorders arise following traumatic events only in the presence of substantial PTSD symptoms,success,close,psychology,clinical psychology,,high,162,,,,,,,284,,,,,,,
10.1007/s10566-014-9293-7,https://doi.org/10.1007/s10566-014-9293-7,,,True,https://doi.org/10.1177/0886260512436386,"Nilsson, D.; Gustafsson, P.; Svedin, C.",Polytraumatization and trauma symptoms in adolescent boys and girls: interpersonal and noninterpersonal events and moderating effects of adverse family circumstances,Journal of Interpersonal Violence,27,13,2645-2664,2012,"Exposure to multiple traumatic events, not the type of event, predicts severity of trauma symptoms",success,close,psychology,clinical psychology,,high,462,,,,,,,284,0.15,r,,0.05,<,,
10.1007/s10566-014-9293-7,https://doi.org/10.1007/s10566-014-9293-7,,,True,https://doi.org/10.1177/0886260512468239,"Hickman, L.; Jaycox, L.; Setodji, C.; Kofner, A.; Schultz, D.; Barnes-Proby, D.","How much does 'how much' matter? assessing the relationship between children's lifetime exposure to violence and trauma symptoms, behavior problems, and parenting stress",Journal of Interpersonal Violence,28,6,1338-1362,2013,Poly-victimization (multiple traumatic events) predicts trauma symptoms and behavior problems in children,success,close,psychology,clinical psychology,,high,768,,,,,,,284,0.15,r,,0.05,<,,
10.1007/s10608-008-9214-x,https://doi.org/10.1007/s10608-008-9214-x,,,False,,,,,,,,,,,,,,,,,,,,,,,,,,,,,,
10.1007/s10608-020-10099-z,https://doi.org/10.1007/s10608-020-10099-z,,,True,https://doi.org/10.1037/a0023598,"Aldao, A.; Nolen-Hoeksema, S.",When are adaptive strategies most predictive of psychopathology,Journal of Abnormal Psychology,121,1,276-281,2012,"Adaptive emotion regulation strategies have a negative association with psychopathology symptoms, but only when the use of maladaptive strategies is high",failure,close,psychology,clinical psychology,,high,,,,,,,,233,,,,0.067,=,,
10.1007/s10862-013-9379-9,https://doi.org/10.1007/s10862-013-9379-9,,,True,https://doi.org/10.1007/s10862-010-9195-4,"Willoughby, M.; Waschbusch, D.; Moore, G.; Propper, C.","Using the ASEBA to Screen for Callous Unemotional Traits in Early Childhood: Factor Structure, Temporal Stability, and Utility",Journal of Psychopathology and Behavioral Assessment,33,1,19-30,2011,Parents can reliably distinguish callous-unemotional (CU) behaviors from oppositional defiant (ODD) and attention deficit/hyperactive (ADHD) behaviors in preschool-aged children using ASEBA items,success,direct,psychology,developmental psychology,,high,,,,,,,,1176,,,,,,,
10.1007/s10865-015-9647-0,https://doi.org/10.1007/s10865-015-9647-0,,,True,https://doi.org/10.1016/j.pain.2011.05.016,"Wetherell, J.; Afari, N.; Rutledge, T.; Sorrell, J.; Stoddard, J.; Petkus, A.","A randomized, controlled trial of acceptance and commitment therapy and cognitive-behavioral therapy for chronic pain",Pain,152,9,2098-2107,2011,"Group-based ACT intervention reduces pain interference, functional disability, and psychological distress in individuals with chronic pain",inconclusive,close,psychology,clinical psychology,,high,,,,,,,,50,0.26,d,,0.03,=,two-sided,
10.1007/s10882-014-9400-6,https://doi.org/10.1007/s10882-014-9400-6,,,True,https://doi.org/10.1016/j.ridd.2011.07.018,"Feeley, K.; Jones, E.; Blackburn, C.; Bauer, S.",Advancing imitation and requesting skills in toddlers with Down syndrome,Research in Developmental Disabilities,32,6,2415-2430,2011,"Multiple opportunities, prompting, and high rates of social reinforcement increase verbal imitation and requesting skills in toddlers with Down syndrome",success,direct,psychology,developmental psychology,,high,4,,,,,,,5,,,,,,,
10.1007/s10899-016-9662-2,https://doi.org/10.1007/s10899-016-9662-2,,,True,https://doi.org/10.1007/s10899-015-9538-x,"Stange, M.; Graydon, C.; Dixon, M.","Investigating gamblers' reactions to losses, wins, and near-misses on scratch cards",Journal of Gambling Studies,32,1,187-203,2016,Near-miss outcomes in scratch cards trigger increases in the urge to continue gambling,success,direct,psychology,psychophysiology,,high,,,,,,,,64,,,,0.001,<,two-sided,
10.1007/s10899-024-10363-x,https://doi.org/10.1007/s10899-024-10363-x,,,True,https://doi.org/10.1007/s11469-023-01060-8,"Delfabbro, P.; Parke, J.; Catania, M.; Chikh, K.",Behavioural markers of harm and their potential in identifying product risk in online gambling,International Journal of Mental Health and Addiction,22,6,3451-3469,2023,"Greater engagement (days active) with certain gambling products like slots, in-play sports betting, and combination betting is associated with higher incidence of behavioral markers of harm compared to other products",success,direct,psychology,clinical psychology,,high,,,,,,,,21464,0.83,r,,,,,
10.1007/s10902-012-9342-6,https://doi.org/10.1007/s10902-012-9342-6,,,True,https://doi.org/10.1016/S0092-6566(02)00534-2,"Martin, R.; Puhlik-Doris, P.; Larsen, G.; Gray, J.; Weir, K.",Individual differences in uses of humor and their relation to psychological well-being: Development of the Humor Styles Questionnaire,Journal of Research in Personality,37,,48-75,2003,"The Humor Styles Questionnaire (HSQ) has a four-factor structure representing affiliative, self-enhancing, aggressive, and self-defeating humor styles",success,direct,psychology,personality psychology,,high,,,,,,,,305,,,,,,,
10.1007/s10936-011-9169-z,https://doi.org/10.1007/s10936-011-9169-z,,,True,https://doi.org/10.1006/jmla.1994.1008,"Kroll, J.; Stewart, E.",Category interference in translation and picture naming: Evidence for asymmetric connection between bilingual memory representations,Journal of Memory and Language,33,2,149-174,1994,"Categorical interference (longer translation times for semantically blocked vs. randomly ordered trials) occurs when bilinguals translate from L1 to L2, but not from L2 to L1",success,close,linguistics,second language acquisition,,high,,,,,,,,36,0.12,etasq,,0.05,<,,
10.1007/s11098-004-4510-0,https://doi.org/10.1007/s11098-004-4510-0,,,False,,,,,,,,,,,,,,,,,,,,,,,,,,,,,,
10.1007/s11098-010-9651-8,https://doi.org/10.1007/s11098-010-9651-8,,,True,https://doi.org/10.1007/s11098-009-9418-2,"Mele, A.",Weakness of will and akrasia,Philosophical Studies,150,3,391-404,2010,"The ordinary concept of weakness of will is disjunctive, involving either acting contrary to one's evaluative commitments (judgment-violations) or acting contrary to one's executive commitments (resolution-violations)",failure,conceptual,psychology,experimental philosophy,,high,,,,,,,,97,,,,0.01,<,,
10.1007/s11145-010-9282-7,https://doi.org/10.1007/s11145-010-9282-7,,,True,https://doi.org/10.1037/a0013554,"Yang, J.; Wang, S.; Xu, Y.; Rayner, K.",Do Chinese readers obtain preview benefit from character n + 2? Evidence from eye movements,Journal of Experimental Psychology: Human Perception and Performance,35,4,1192-1204,2009,Chinese readers obtain preview benefit from word n + 2 when word n + 1 is a high-frequency function word,failure,close,psychology,cognitive psychology,,high,,,,,,,,36,,,,,,,
10.1007/s12144-018-9810-1,https://doi.org/10.1007/s12144-018-9810-1,,,True,https://doi.org/10.1037/0022-3514.58.2.308,"Greenberg, J.; Pyszczynski, T.; Solomon, S.; Rosenblatt, A.; Veeder, M.; Kirkland, S.; Lyon, D.",Evidence for terror management theory II: The effects of mortality salience on reactions to those who threaten or bolster the cultural worldview,Journal of Personality and Social Psychology,58,2,308-318,1990,Mortality salience increases negative evaluation of essays that attack one's cultural worldview,success,close,psychology,social psychology,,high,,,,,,,,212,0.04,etasq,,0.048,=,,
10.1007/s12152-008-9015-7,https://doi.org/10.1007/s12152-008-9015-7,,,False,,,,,,,,,,,,,,,,,,,,,,,,,,,,,,
10.1007/s12160-009-9105-8,https://doi.org/10.1007/s12160-009-9105-8,,,True,https://doi.org/10.1378/chest.08-0078,"De Voogd, J. N.; Wempe, J. B.; Koeter, G. H.",Depressive symptoms as predictors of mortality in patients with COPD,Chest,135,3,619-625,2009,Depressive symptoms are a risk factor for mortality in patients with stable chronic obstructive pulmonary disease (COPD),success,close,medical fields,psychiatry,,high,,1.93,HR,"[1.12, 3.33]",,,,122,1.07,HR,"[1.00, 1.14]",0.05,<,,
10.1007/s12207-023-09483-3,https://doi.org/10.1007/s12207-023-09483-3,,,False,,,,,,,,,,,,,,,,,,,,,,,,,,,,,,
10.1007/s12310-016-9205-0,https://doi.org/10.1007/s12310-016-9205-0,,,True,https://doi.org/10.1037/t04947-000,"Abikoff, H.; Gallagher, R.",COSS: Children's organizational skills scales,COSS: Children's organizational skills scales,,,,2009,"The three-factor structure (Task Planning, Organized Actions, Memory/Materials Management) of the Children's Organizational Skills Scale parent-report version fits the data in a confirmatory factor analysis",success,direct,psychology,developmental psychology,,high,1440,,,,,,,619,,,,,,,
10.1007/s12671-017-0729-7,https://doi.org/10.1007/s12671-017-0729-7,,,True,https://doi.org/10.1177/0956797615593705,"Wilson, B. M.; Mickes, L.; Stolarz-Fantino, S.; Evrard, M.; Fantino, E.",Increased false-memory susceptibility after mindfulness meditation,Psychological Science,26,10,1567-1573,2015,Mindfulness meditation increases false memories (critical item recalls) in the Deese-Roediger-McDermott paradigm compared to a mind wandering control condition,failure,close,psychology,cognitive psychology,,high,,,,,,,,202,,,,,,,
10.1007/s12671-017-0729-7,https://doi.org/10.1007/s12671-017-0729-7,,,True,https://doi.org/10.1177/0956797615593705,"Wilson, B. M.; Mickes, L.; Stolarz-Fantino, S.; Evrard, M.; Fantino, E.",Increased false-memory susceptibility after mindfulness meditation,Psychological Science,26,10,1567-1573,2015,Mindfulness meditation increases false memories (critical item recalls) in the Deese-Roediger-McDermott paradigm compared to a mind wandering control condition,reversal,close,psychology,cognitive psychology,,high,,,,,,,,75,1.23,d,,0.006,=,,
10.1007/s13164-013-0154-3,https://doi.org/10.1007/s13164-013-0154-3,,,True,https://doi.org/10.1111/j.1933-1592.2012.00609.x,"Murray, Dylan; Nahmias, Eddy",Explaining away incompatibilist intuitions,Philosophy and Phenomenological Research,88,2,434-467,2014,"When presented with a description of a deterministic universe, people's bypassing judgments (beliefs that mental states lack causal efficacy) mediate their judgments about moral responsibility and free will",reversal,close,psychology,experimental philosophy,,high,,,,,,,,60,,,,0.0013,=,,
10.1007/s13164-013-0162-3,https://doi.org/10.1007/s13164-013-0162-3,,,False,,,,,,,,,,,,,,,,,,,,,,,,,,,,,,
10.1007/s40617-024-00933-1,https://doi.org/10.1007/s40617-024-00933-1,,,True,https://doi.org/10.1002/jaba.946,"Cordeiro, M.; Kodak, T.; Reidy, J.; Stoppleworth, A.; Zelinski, K.; Jainga, A.","Comparison of mastery criteria applied to individual targets and stimulus sets on acquisition of tacts, intraverbals, and listener responses",Journal of Applied Behavior Analysis,55,4,1258-1279,2022,"Operant Analysis (applying acquisition criteria to individual operants) results in faster acquisition of tacts compared to Set Analysis (applying criteria to sets of operants), with similar maintenance performance across both conditions",success,close,education,special education,,high,,,,,,,,4,,,,,,,
10.1007/s40732-019-00358-1,https://doi.org/10.1007/s40732-019-00358-1,,,True,https://doi.org/10.1007/bf03395528,"Yi, R.; Bickel, W.",Representation of odds in terms of frequencies reduces probability discounting,The Psychological Record,55,4,577-593,2005,Representing probabilities as frequencies (rather than percentages) reduces probability discounting of monetary outcomes,failure,close,psychology,cognitive psychology,,high,,,,,,,,220,0.06,r,,0.445,=,two-sided,
10.1007/s40732-020-00432-8,https://doi.org/10.1007/s40732-020-00432-8,,,True,https://doi.org/10.1007/s40617-018-00307-4,"Jacobs, K.; Morford, Z.; King, J.; Hayes, L.",Predicting the effects of interventions: a tutorial on the disequilibrium model,Behavior Analysis in Practice,10,2,195-208,2017,The disequilibrium model (Equations 1 and 2) can predict the magnitude and direction of instrumental behavior changes in clinical contexts when contingencies between instrumental and contingent activities are manipulated,success,conceptual,psychology,clinical psychology,,high,,,,,,,,2,,,,,,,
10.1007_s40732-024-00597-x,https://doi.org/10.1007_s40732-024-00597-x,,,True,https://doi.org/10.1002/jeab.727,"Fox, A.",Effects of immediate-reinforcement training on delay discounting behavior in rats,Journal of the Experimental Analysis of Behavior,117,,53-68,2022,Extended exposure to immediate reinforcement increases impulsive choice (preference for smaller-sooner over larger-later reinforcement) in a subsequent delay-discounting task,success,close,psychology,experimental psychology,,high,,,,,,,,48,,,,0.04,=,,
10.1016/0001-6918(81)90005-6,https://doi.org/10.1016/0001-6918(81)90005-6,,,True,https://doi.org/10.1016/0376-6349(82)90018-9,"Näätänen, R.; Summala, H.",Road-user behavior and traffic accidents,Journal of Occupational Accidents,4,2-4,145-156,1975,"Most drivers believe themselves to be better (safer) drivers than the average driver, with approximately 70-80% placing themselves in the safer half of the distribution",success,direct,psychology,social psychology,,medium,,,,,,,,161,,,,,,,
10.1016/0010-0277(89)90023-1,https://doi.org/10.1016/0010-0277(89)90023-1,,,False,,,,,,,,,,,,,,,,,,,,,,,,,,,,,,
10.1016/0010-0285(73)90033-9,https://doi.org/10.1016/0010-0285(73)90033-9,,,True,https://doi.org/10.1016/s0022-5371(67)80066-5,"Chapman, L.",Illusory correlation in observational report,Journal of Verbal Learning and Verbal Behavior,6,1,151-155,1967,"Related word pairs (natural associates like lion-tiger, bacon-eggs) are judged as co-occurring more frequently than unrelated word pairs, even when all pairs appear equally often, creating an illusory correlation",success,close,psychology,cognitive psychology,,high,,,,,,,,68,,,,0.001,<,,
10.1016/0010-0285(88)90017-5,https://doi.org/10.1016/0010-0285(88)90017-5,,,True,,"Golinkoff, Roberta Michnick; Hirsh-Pasek, Kathy; Lavallee, A.; Baduini, C.",What's in a word?: The young child's predisposition to use lexical contrast,the Boston University Conference on Child Language,,,,1985,"When presented with a novel label, young children (2.5 years old) will select a novel object over a familiar object",success,close,psychology,developmental psychology,,high,,,,,,,,20,,,,0.01,<,,
10.1016/0010-0285(88)90017-5,https://doi.org/10.1016/0010-0285(88)90017-5,,,True,,"Hutchinson, J.",Children's sensitivity to the contrastive use of object category terms,Stanford,,,,1986,"When a novel label is spoken, normal children as young as 2 years old reliably select a novel object over a familiar object",success,close,psychology,developmental psychology,,high,,,,,,,,20,,,,0.01,<,,
10.1016/0028-3932(73)90049-3,https://doi.org/10.1016/0028-3932(73)90049-3,,,True,https://doi.org/10.1111/j.1467-6494.1933.tb02092.x,"Wolff, W.",The experimental study of forms of expression,Char. & Pen,2,2,168-176,1933,The right side of the human face has greater saliency and bears a closer resemblance to the whole face than the left side,success,close,psychology,cognitive psychology,,high,,,,,,,,82,,,,0.001,<,,
10.1016/0191-8869(87)90045-6,https://doi.org/10.1016/0191-8869(87)90045-6,,,True,,"Stabholz, M. S.",Individual differences in the handwriting of monozygotic and dizygotic twins in relation to personality and genetic factors,"M. Phil. Thesis, University of London",,,,1981,Extraverts have higher middle-zone letters in handwriting compared to introverts,failure,close,psychology,personality psychology,,high,,,,,,,,64,,,,,,,
10.1016/0749-5978(91)90034-q,https://doi.org/10.1016/0749-5978(91)90034-q,,,True,https://doi.org/10.1016/0749-5978(86)90056-7,"Guzzo, R.; Wagner, D.; Maguire, E.; Herr, B.; Hawley, C.",Implicit theories and the evaluation of group process and performance,Organizational Behavior and Human Decision Processes,37,2,279-295,1986,"Observers' recollections of a group's activities are unaffected by performance feedback and implicit theories, in contrast to subjective evaluations which are biased",failure,direct,psychology,social psychology,,high,,,,,,,,221,,,,,,,
10.1016/0749-5978(92)90069-j,https://doi.org/10.1016/0749-5978(92)90069-j,,,True,https://doi.org/10.1016/0030-5073(83)90120-4,"Isen, A.; Patrick, R.",The effect of positive feelings on risk-taking: When the chips are down,Organizational Behavior and Human Performance,31,2,194-202,1983,Positive affect increases risk-taking when risks are low but results in conservative decisions when risks are high,success,close,psychology,social psychology,,high,,,,,,,,113,,,,0.05,<,,
10.1016/0749-5978(92)90069-j,https://doi.org/10.1016/0749-5978(92)90069-j,,,True,https://doi.org/10.1016/0749-5978(87)90034-3,"Isen, A.; Geva, N.",The influence of positive affect on acceptable level of risk: The person with a large canoe has a large worry,Organizational Behavior and Human Decision Processes,39,2,145-154,1987,"Under conditions of high risk, positive affect subjects are more concerned over potential losses than neutral affect subjects; when risks are low, positive affect subjects are less concerned about losses",failure,close,psychology,social psychology,,high,,,,,,,,113,,,,,,,
10.1016/j.aap.2010.05.014,https://doi.org/10.1016/j.aap.2010.05.014,,,True,https://doi.org/10.1016/j.aap.2009.06.011,"Lewis-Evans, B.; Rothengatter, T.","Task difficulty, risk, effort and comfort in a simulated driving task-Implications for Risk Allostasis Theory",Accident Analysis and Prevention,41,5,1053-1063,2009,"A threshold relationship exists between driving speed and subjective ratings of task difficulty, risk, effort, and comfort, with ratings staying low until a certain speed is reached and then increasing significantly",success,close,psychology,cognitive psychology,,high,,,,,,,,40,,,,0.001,<,,
10.1016/j.actpsy.2011.07.007,https://doi.org/10.1016/j.actpsy.2011.07.007,,,True,https://doi.org/10.1016/j.visres.2005.11.018,"Domini, F.; Caudek, C.; Tassinari, H.",Stereo and motion information are not independently processed by the visual system,Vision Research,46,11,1707-1723,2006,Combined disparity and motion cues produce larger perceived depth than either cue presented in isolation,success,close,psychology,cognitive psychology,,high,,,,,,,,18,,,,,,,
10.1016/j.actpsy.2011.07.007,https://doi.org/10.1016/j.actpsy.2011.07.007,,,True,https://doi.org/10.1016/j.visres.2005.11.018,"Domini, F.; Caudek, C.; Tassinari, H.",Stereo and motion information are not independently processed by the visual system,Vision Research,46,11,1707-1723,2006,Combined disparity and motion cues produce larger perceived depth than either cue presented in isolation,success,direct,psychology,cognitive psychology,,high,,,,,,,,4,,,,,,,
10.1016/j.actpsy.2013.07.016,https://doi.org/10.1016/j.actpsy.2013.07.016,,,True,https://doi.org/10.1037/a0018106,"Borst, J.; Taatgen, N.; Van Rijn, H.",The problem state: A cognitive bottleneck in multitasking,"Journal of Experimental Psychology: Learning, Memory",36,2,363-382,2010,"When the problem state resource is required by multiple tasks concurrently, performance decreases in both reaction times and accuracy",success,direct,psychology,cognitive psychology,,high,,,,,,,,24,,,,0.001,<,,
10.1016/j.actpsy.2013.11.004,https://doi.org/10.1016/j.actpsy.2013.11.004,,,True,https://doi.org/10.1037/0096-3445.135.3.327,"Amorim, M.; Isableu, B.; Jarraya, M.",Body analogy for the mental rotation of objects,Journal of Experimental Psychology,135,3,327-347,2006,Body-like stimuli (cube combinations with body parts attached in anatomically possible locations) facilitate mental rotation performance compared to abstract stimuli,success,close,psychology,cognitive psychology,,high,,,,,,,,30,0.37,etasq,,0.001,<,,
10.1016/j.actpsy.2014.05.008,https://doi.org/10.1016/j.actpsy.2014.05.008,,,True,https://doi.org/10.1073/pnas.0306408101,"Kensinger, Elizabeth A.; Corkin, Suzanne",Two routes to emotional memory: distinct neural processes for valence and arousal,Proceedings of the National Academy of Sciences of the United States of America,101,9,3310-3315,2004,Arousal-based emotion-enhanced memory is associated with automatic encoding processes and valence-based emotion-enhanced memory is associated with controlled encoding processes for negative stimuli,success,direct,psychology,cognitive psychology,,high,,,,,,,,90,0.38,d,,0.05,<,,
10.1016/j.actpsy.2014.05.008,https://doi.org/10.1016/j.actpsy.2014.05.008,,,True,https://doi.org/10.1073/pnas.0306408101,"Kensinger, Elizabeth A.; Corkin, Suzanne",Two routes to emotional memory: distinct neural processes for valence and arousal,Proceedings of the National Academy of Sciences of the United States of America,101,9,3310-3315,2004,Arousal-based emotion-enhanced memory is associated with automatic encoding processes for positive stimuli,failure,conceptual,psychology,cognitive psychology,,high,,,,,,,,90,0.63,d,,0.01,<,,
10.1016/j.actpsy.2014.11.008,https://doi.org/10.1016/j.actpsy.2014.11.008,,,True,https://doi.org/10.1016/j.cognition.2009.07.009,"De Neys, W.; Franssens, S.",Belief inhibition during thinking: not always winning but at least taking part,Cognition,113,,45-61,2009,"When syllogisms involve a conflict between beliefs and logic, all reasoners show delayed recognition of belief-related words on a subsequent lexical decision task, indicating belief inhibition",inconclusive,direct,psychology,cognitive psychology,,high,,,,,,,,56,,,,0.019,=,,
10.1016/j.actpsy.2014.11.008,https://doi.org/10.1016/j.actpsy.2014.11.008,,,True,https://doi.org/10.1111/j.1467-7687.2006.00476.x,"Moutier, S.; Plagne-Cayeux, S.; Melot, A.; Houdé, O.",Syllogistic reasoning and belief-bias inhibition in school children: evidence from a negative priming paradigm,Developmental Science,9,,166-172,2006,Presenting a valid-unbelievable syllogism before an invalid-unbelievable syllogism impairs performance on the latter due to belief inhibition,inconclusive,conceptual,psychology,cognitive psychology,,high,,,,,,,,36,,,,0.009,=,,
10.1016/j.actpsy.2016.08.008,https://doi.org/10.1016/j.actpsy.2016.08.008,,,True,https://doi.org/10.1016/j.cogpsych.2006.08.003,"Miller, J.; Ulrich, R.; Rolke, B.",On the optimality of serial and parallel processing in the psychological refractory period paradigm: Effects of the distribution of stimulus onset asynchronies,Cognitive Psychology,58,3,273-310,2009,"SOA Proportion interacts with SOA in the Psychological Refractory Period paradigm, reflecting performance optimization rather than structural bottleneck",success,direct,psychology,cognitive psychology,,high,,,,,,,,39,,,,0.001,<,,
10.1016/j.actpsy.2016.08.008,https://doi.org/10.1016/j.actpsy.2016.08.008,,,True,https://doi.org/10.1016/j.cogpsych.2006.08.003,"Miller, J.; Ulrich, R.; Rolke, B.",On the optimality of serial and parallel processing in the psychological refractory period paradigm: Effects of the distribution of stimulus onset asynchronies,Cognitive Psychology,58,3,273-310,2009,SOA Proportion interacts with SOA in the Psychological Refractory Period paradigm (tested with semantic Stroop),success,direct,psychology,cognitive psychology,,high,,,,,,,,37,,,,0.001,<,,
10.1016/j.actpsy.2016.08.008,https://doi.org/10.1016/j.actpsy.2016.08.008,,,True,https://doi.org/10.1080/17470210902747187,"Besner, D.; Reynolds, M.",Visual word identification: Is semantic processing capacity free?,conference,,,2222-2234,2014,"Standard Stroop congruency effect and SOA have additive effects on response time in the Psychological Refractory Period paradigm, indicating semantic activation is capacity limited",success,direct,psychology,cognitive psychology,,high,,,,,,,,39,,,,0.072,=,,
10.1016/j.actpsy.2016.08.008,https://doi.org/10.1016/j.actpsy.2016.08.008,,,True,https://doi.org/10.1080/17470210902747187,"Besner, D.; Reynolds, M.",Visual word identification: Is semantic processing capacity free?,conference,,,2222-2234,2014,"Semantic Stroop congruency effect and SOA have additive effects on response time in the Psychological Refractory Period paradigm, indicating semantic activation is capacity limited",success,direct,psychology,cognitive psychology,,high,,,,,,,,37,,,,1,>,,
10.1016/j.actpsy.2023.104073,https://doi.org/10.1016/j.actpsy.2023.104073,,,True,https://doi.org/10.1037/0278-7393.20.4.824,"Jescheniak, J.; Levelt, W.",Word frequency effects in speech production: Retrieval of syntactic information and of phonological form,"Journal of Experimental Psychology: Learning, Memory",20,4,824-843,1994,Word frequency effect in picture naming is stable across three presentations of the same picture,failure,close,psychology,cognitive psychology,,high,12,62,raw difference (ms),,,,,39,31,raw difference (ms),,,,,
10.1016/j.actpsy.2023.104073,https://doi.org/10.1016/j.actpsy.2023.104073,,,True,https://doi.org/10.1037/0278-7393.20.4.824,"Jescheniak, J.; Levelt, W.",Word frequency effects in speech production: Retrieval of syntactic information and of phonological form,"Journal of Experimental Psychology: Learning, Memory",20,4,824-843,1994,"Word frequency effect in gender decision is unstable, appearing only on first presentation and disappearing on subsequent presentations",success,close,psychology,cognitive psychology,,high,12,36,raw difference (ms),,,,,39,32,raw difference (ms),,,,,
10.1016/j.addbeh.2011.07.020,https://doi.org/10.1016/j.addbeh.2011.07.020,,,True,https://doi.org/10.1037/0022-3514.69.5.990,"Cooper, M.; Frone, M.; Russell, M.; Mudar, P.",Drinking to regulate positive and negative affect: a motivational model of alcohol use,Journal of Personality and Social Psychology,69,5,990-1005,1995,"Negative affect predicts coping-motivated drinking and sensation seeking predicts enhancement-motivated drinking, demonstrating motive specificity in alcohol use",success,conceptual,psychology,clinical psychology,,high,,,,,,,,81,,,,,,,
10.1016/j.addbeh.2013.11.008,https://doi.org/10.1016/j.addbeh.2013.11.008,,,False,,,,,,,,,,,,,,,,,,,,,,,,,,,,,,
10.1016/j.addbeh.2019.01.035,https://doi.org/10.1016/j.addbeh.2019.01.035,,,True,https://doi.org/10.1111/acer.12601,"Schuckit, M. A.; Smith, T. L.; Heron, J.; Hickman, M.; Macleod, J.; Munafo, M. R.; Davey-Smith, G.",Latent trajectory classes for alcohol-related blackouts from age 15 to 19 in ALSPAC,Alcoholism: Clinical and Experimental Research,39,1,108-116,2015,"Risk factors for alcohol-related blackouts in adolescents include female sex, heavy drinking, externalizing behaviors, peer substance involvement, and cigarette smoking",success,close,psychology,clinical psychology,,high,,,,,,,,342,,,,,,,
10.1016/j.appet.2024.107672,https://doi.org/10.1016/j.appet.2024.107672,,,True,https://doi.org/10.1016/j.bodyim.2018.01.008,"Homan, K.; Tylka, T.",Development and exploration of the gratitude model of body appreciation in women,Body Image,25,,14-22,2018,"Higher gratitude is linked to more intuitive eating through lower self-worth contingencies on appearance/others' approval, lower social comparison tendencies, and higher body appreciation",inconclusive,direct,psychology,social psychology,,high,,,,,,,,957,,,,,,,
10.1016/j.appet.2024.107672,https://doi.org/10.1016/j.appet.2024.107672,,,True,https://doi.org/10.1016/j.bodyim.2020.12.005,"Yamamiya, Y.; Shimai, S.; Homan, K.",Exploring the gratitude model of body appreciation and intuitive eating among Japanese women,Body Image,36,,230-237,2021,Modified gratitude model with direct paths from gratitude to intuitive eating and from others' approval of self-worth to body appreciation predicts intuitive eating in collectivistic cultures,success,direct,psychology,social psychology,,high,,,,,,,,957,,,,,,,
10.1016/j.bandc.2010.08.001,https://doi.org/10.1016/j.bandc.2010.08.001,,,True,https://doi.org/10.1167/9.6.8,"Jacques, C.; Rossion, B.",The initial representation of individual faces in the right occipito-temporal cortex is holistic: electrophysiological evidence from the composite face illusion,Journal of Vision,9,6,1-16,2009,"Changing the bottom half of aligned composite faces elicits an N170 effect, indicating holistic face processing even when only the unattended bottom part changes",success,close,neuroscience,cognitive neuroscience,,high,,,,,,,,16,,,,0.001,<,,
10.1016/j.bandc.2015.02.002,https://doi.org/10.1016/j.bandc.2015.02.002,,,True,https://doi.org/10.3758/pbr.15.3.543,"Brockmole, J.; Parra, M.; Della Sala, S.; Logie, R.",Do binding deficits account for age-related decline in visual working memory,Psychonomic Bulletin and Review,15,3,543-547,2008,Older adults show a decline in short-term memory for bindings of shape and colour that is of comparable extent to the decline in memory for single shapes and single colours,success,direct,psychology,cognitive psychology,,high,,,,,,,,50,,,,,,,
10.1016/j.bandc.2018.01.007,https://doi.org/10.1016/j.bandc.2018.01.007,,,True,https://doi.org/10.1016/j.bandc.2010.08.001,"Kuefner, D.; Jacques, C.; Prieto, E.; Rossion, B.",Electrophysiological correlates of the composite face illusion: Disentangling perceptual and decisional components of holistic face processing in the human brain,Brain and Cognition,74,3,225-238,2010,The composite face effect reflects perceptual holistic processing without decisional influences,failure,direct,psychology,cognitive psychology,,high,,,,,,,,8,,,,,,,
10.1016/j.beproc.2005.09.002,https://doi.org/10.1016/j.beproc.2005.09.002,,,True,https://doi.org/10.1016/j.beproc.2003.12.001,"Sanjuan, M.; Alonso, G.; Nelson, J.",Blocked and test-stimulus exposure effects in perceptual learning re-examined,Behav. Process,66,1,22-33,2004,Pre-exposure to a compound stimulus in taste aversion learning reduces generalization beyond what can be explained by latent inhibition of common elements,success,close,psychology,cognitive psychology,,medium,,,,,,,,24,,,,0.024,=,,
10.1016/j.beproc.2014.10.005,https://doi.org/10.1016/j.beproc.2014.10.005,,,True,https://doi.org/10.1016/j.lmot.2012.08.005,"Goddard, M.",Pavlovian incubation of US signal value,Learn. Motiv.,44,2,104-113,2013,"When a single food pellet signals the delivery of three additional pellets, responding after the single pellet is significantly greater on a delayed test (28 days) compared to an early test (1 day) - demonstrating Pavlovian incubation in appetitive conditioning",success,direct,psychology,cognitive psychology,,high,,,,,,,,48,,,,0.01,<,,
10.1016/j.beth.2016.11.011,https://doi.org/10.1016/j.beth.2016.11.011,,,True,https://doi.org/10.1037/a0035994,"Lorenzo-Luaces, L.; DeRubeis, R.; Webb, C.",Client characteristics as moderators of the relation between the working alliance and outcome in cognitive therapy for depression,Journal of Consulting and Clinical Psychology,82,,368-373,2014,The alliance-outcome correlation in cognitive therapy for depression is larger for patients with fewer prior depressive episodes and negligible for patients with more recurrent depression,success,close,psychology,clinical psychology,,high,,0.52,r,,,,,282,0.86,d,,0.04,=,,
10.1016/j.beth.2019.12.006,https://doi.org/10.1016/j.beth.2019.12.006,,,True,https://doi.org/10.1080/15402002.2019.1615490,"Schubert, J.; Stewart, E.; Coles, M.",Later bedtimes predict prospective increases in symptom severity in individuals with obsessive compulsive disorder (OCD): An initial study,Behavioral Sleep Medicine,1,,13,2019,Later bedtimes are associated with more severe obsessive-compulsive disorder symptoms,success,close,psychology,clinical psychology,,high,,,,,,,,295,0.12,r,,0.04,=,,
10.1016/j.biopsycho.2013.09.012,https://doi.org/10.1016/j.biopsycho.2013.09.012,,,True,https://doi.org/10.1080/135467996387534,"Faust, M.; Ashcraft, M.; Fleck, D.",Mathematics anxiety effects in simple and complex addition,Mathematical Cognition,2,1,25-62,1996,High math-anxious individuals show higher flawed scores (proportion of errors plus proportion of outlier response times) when processing large-split solutions (dramatically incorrect answers) in simple arithmetic verification tasks,success,direct,psychology,cognitive psychology,,high,,,,,,,,26,,,,0.03,=,two-sided,
10.1016/j.biopsycho.2014.07.005,https://doi.org/10.1016/j.biopsycho.2014.07.005,,,True,https://doi.org/10.1093/oxfordhb/9780195394399.013.0010,"Suarez, E.","The association between measures of inflammation and psychological factors associated with an increased risk of atherosclerotic cardiovascular disease: Hostility, anger, and depressed mood and symptoms",The oxford handbook of psychoneuroimmunology,,,170-194,2012,"Trait hostility is positively associated with C-reactive protein (CRP), an indicator of systemic inflammation",success,close,psychology,psychophysiology,,high,,,,,,,,188,0.0528,b,,0.008,=,,
10.1016/j.bodyim.2017.07.003,https://doi.org/10.1016/j.bodyim.2017.07.003,,,True,https://doi.org/10.1016/j.bodyim.2015.04.007,"Homan, K.; Tylka, T.",Self-compassion moderates body comparison and appearance self-worth's inverse relationships with body appreciation,Body Image,15,,1-7,2015,Self-compassion moderates the relationship between body comparison and body appreciation among young women,failure,close,psychology,social psychology,,high,,,,,,,,232,,,,,,,
10.1016/j.bodyim.2021.05.005.,https://doi.org/10.1016/j.bodyim.2021.05.005.,,,True,https://doi.org/10.1016/j.bodyim.2012.05.004,"Corning, A.; Gondoli, D.",Who is most likely to fat talk? A social comparison perspective,Body Image,9,4,528-531,2012,"Body dissatisfaction and social comparison interact multiplicatively to predict engagement in fat talk, such that the relationship between body dissatisfaction and fat talk is stronger for women with higher social comparison tendencies",failure,direct,psychology,social psychology,,high,143,,,,,,,560,0.02,g,"[0.0, 0.2]",,,,
10.1016/j.brat.2011.06.005,https://doi.org/10.1016/j.brat.2011.06.005,,,True,https://doi.org/10.1016/j.brat.2009.02.011,"Huijding, J.; Field, A.; De Houwer, J.; Vandebosch, K.; Rinck, M.; Van Oeveren, M.",A behavioural route to dysfunctional representations: the effects of training approach or avoidance tendencies towards novel animals in children,Behaviour Research and Therapy,47,6,471-477,2009,"Training children to approach or avoid novel animals affects their attitudes, fear beliefs, and avoidance behaviors toward those animals",success,close,psychology,clinical psychology,,high,,,,,,,,99,,,,,,,
10.1016/j.brat.2017.07.012,https://doi.org/10.1016/j.brat.2017.07.012,,,True,https://doi.org/10.1037/0894-4105.22.3.383,"Brébion, G.; Ohlsen, R.; Pilowsky, L.; David, A.",Visual hallucinations in schizophrenia: confusion between imagination and perception,Neuropsychology,22,,383-389,2008,"People with visual hallucinations in psychosis demonstrate reality monitoring difficulties, showing a word superiority effect in recognition and misattributing words as pictures more than people without visual hallucinations",inconclusive,direct,psychology,clinical psychology,,high,8,0.99,d,,,,,31,,,,0.009,=,,
10.1016/j.brat.2017.07.012,https://doi.org/10.1016/j.brat.2017.07.012,,,True,https://doi.org/10.1037/0894-4105.22.3.383,"Brébion, G.; Ohlsen, R.; Pilowsky, L.; David, A.",Visual hallucinations in schizophrenia: confusion between imagination and perception,Neuropsychology,22,,383-389,2008,"People with visual hallucinations in psychosis demonstrate reality monitoring difficulties, showing a word superiority effect in recognition and misattributing words as pictures more than people without visual hallucinations",inconclusive,close,psychology,clinical psychology,,high,8,0.99,d,,,,,47,,,,0.04,=,,
10.1016/j.cogdev.2010.09.001,https://doi.org/10.1016/j.cogdev.2010.09.001,,,True,https://doi.org/10.1038/nature06288,"Hamlin, J. K.; Wynn, K.; Bloom, P.",Social evaluation by preverbal infants,Nature,450,7169,557-559,2007,Infants prefer individuals who help others achieve their location-directed goals (climbing a hill) over those who hinder them,success,close,psychology,developmental psychology,,high,,,,,,,,34,,,,0.01,<,two-sided,
10.1016/j.cogdev.2010.09.001,https://doi.org/10.1016/j.cogdev.2010.09.001,,,True,https://doi.org/10.1038/nature06288,"Hamlin, J. K.; Wynn, K.; Bloom, P.",Social evaluation by preverbal infants,Nature,450,7169,557-559,2007,Infants prefer individuals who help others achieve their location-directed goals (climbing a hill) over those who hinder them,success,close,psychology,developmental psychology,,high,,,,,,,,24,,,,0.0005,<,two-sided,
10.1016/j.cogdev.2017.08.006,https://doi.org/10.1016/j.cogdev.2017.08.006,,,True,https://doi.org/10.1111/j.2044-835X.2011.02067.x,"Thoermer, C.; Sodian, B.; Vuori, M.; Perst, H.; Kristen, S.",Continuity from an implicit to an explicit understanding of false belief from infancy to preschool age,British Journal of Developmental Psychology,30,1,172-187,2012,Eighteen-month-old infants demonstrate implicit false belief understanding through anticipatory looking in the autobox task,failure,direct,psychology,developmental psychology,,high,44,,,,0.120,>,,63,-0.30,d,,0.03,=,,
10.1016/j.cogdev.2017.09.001,https://doi.org/10.1016/j.cogdev.2017.09.001,,,True,https://doi.org/10.1111/j.1467-9280.2007.01944.x,"Southgate, V.; Senju, A.; Csibra, G.",Action anticipation through attribution of false belief by 2-year-olds,Psychological Science,18,7,587-592,2007,Two-year-old children show anticipatory looking patterns suggesting false belief processing in a change-of-location task,failure,direct,psychology,developmental psychology,,high,,,,,,,,460,0.26,DLS,"[0.19, 0.34]",0.001,<,,
10.1016/j.cogdev.2017.09.001,https://doi.org/10.1016/j.cogdev.2017.09.001,,,True,https://doi.org/10.1111/j.2044-835x.2011.02046.x,"Surian, L.; Geraci, A.",Where will the triangle look for it? Attributing false beliefs to a geometric shape at 17 months,British Journal of Developmental Psychology,30,1,30-44,2012,Infants show anticipatory looking patterns suggesting false belief attribution when watching animated geometric shapes in a change-of-location task,failure,direct,psychology,developmental psychology,,high,,,,,,,,40,,,,0.664,=,,
10.1016/j.cogdev.2017.10.004,https://doi.org/10.1016/j.cogdev.2017.10.004,,,True,https://doi.org/10.1016/j.cognition.2009.05.006,"Buttelmann, D.; Carpenter, M.; Tomasello, M.",Eighteen-month-old infants show false belief understanding in an active helping paradigm,Cognition,112,2,337-342,2009,"Eighteen-month-old infants' helping behavior is influenced by an experimenter's false belief about a toy's location, with infants opening the box containing the toy rather than the empty box the experimenter acts on",success,close,psychology,developmental psychology,,medium,,,,,,,,94,,,,0.05,<,,
10.1016/j.cogdev.2017.10.004,https://doi.org/10.1016/j.cogdev.2017.10.004,,,True,https://doi.org/10.1126/science.1107621,"Onishi, K.; Baillargeon, R.",Do 15-month-old infants understand false beliefs?,Science,308,5719,255-258,2005,Fifteen-month-old infants look longer when an experimenter with a false belief reaches to an object's true location (unexpected) versus where she falsely believes it to be (expected),failure,close,psychology,developmental psychology,,high,,,,,,,,43,,,,0.1,>,,
10.1016/j.cogdev.2017.10.004,https://doi.org/10.1016/j.cogdev.2017.10.004,,,True,https://doi.org/10.1126/science.1107621,"Onishi, K.; Baillargeon, R.",Do 15-month-old infants understand false beliefs?,Science,308,5719,255-258,2005,Fifteen-month-old infants look longer when an experimenter with a false belief reaches to an object's true location (unexpected) versus where she falsely believes it to be (expected),failure,close,psychology,developmental psychology,,high,,,,,,,,79,,,,0.3,>,,
10.1016/j.cogdev.2017.10.004,https://doi.org/10.1016/j.cogdev.2017.10.004,,,True,https://doi.org/10.1111/j.1467-7687.2011.01098.x,"Knudsen, B.; Liszkowski, U.",Eighteen-and 24-month-old infants correct others in anticipation of action mistakes,Developmental Science,15,1,113-122,2012,Twenty-four-month-old children inform an experimenter of a toy's location more frequently when the experimenter was absent (false belief) versus present (true belief) during a location transfer,success,direct,psychology,developmental psychology,,high,,,,,,,,16,,,,0.05,<,,
10.1016/j.cogdev.2017.10.004,https://doi.org/10.1016/j.cogdev.2017.10.004,,,True,https://doi.org/10.1111/j.1467-7687.2011.01098.x,"Knudsen, B.; Liszkowski, U.",Eighteen-and 24-month-old infants correct others in anticipation of action mistakes,Developmental Science,15,1,113-122,2012,"Children inform an experimenter of a toy's location more frequently when the experimenter was absent (false belief) versus present (true belief) during a location transfer, tested in 3-year-olds as an extension to older children",success,close,psychology,developmental psychology,,high,,,,,,,,16,,,,0.05,<,,
10.1016/j.cognition.2003.10.003,https://doi.org/10.1016/j.cognition.2003.10.003,,,False,,,,,,,,,,,,,,,,,,,,,,,,,,,,,,
10.1016/j.cognition.2006.07.003,https://doi.org/10.1016/j.cognition.2006.07.003,,,True,https://doi.org/10.1037/0096-3445.129.2.177,"Bock, J.; Griffin, Z.",The persistence of structural priming: transient activation or implicit learning?,Journal of Experimental Psychology: General,129,2,177-192,2000,Structural priming (the tendency to reuse syntactic structures from recently produced sentences) persists across multiple intervening utterances in language production,success,close,psychology,cognitive psychology,,high,240,,,,,,,240,0.08,proportion difference,,0.05,<,,
10.1016/j.cognition.2009.02.001,https://doi.org/10.1016/j.cognition.2009.02.001,,,True,https://doi.org/10.1111/j.1467-9280.2006.01834.x,"Cushman, F.; Young, L.; Hauser, M.",The role of conscious reasoning and intuition in moral judgment: Testing three principles of harm,Psychological Science,17,12,1082-1089,2006,Direct personalness (physical contact) between agent and victim increases negative moral judgments of harmful actions,success,close,psychology,experimental philosophy,,medium,,,,,,,,91,0.69,d,,0.02,=,,
10.1016/j.cognition.2009.02.001,https://doi.org/10.1016/j.cognition.2009.02.001,,,True,https://doi.org/10.1111/j.1468-0017.2006.00297.x,"Hauser, M.; Cushman, F.; Young, L.; Jin, R.; Mikhail, J.",A dissociation between moral judgments and justifications,Mind and Language,22,1,1-21,2007,Harmful actions intended as a means to a goal (loop dilemma) are judged less morally acceptable than equivalent harmful side-effects (loop weight dilemma),failure,direct,psychology,experimental philosophy,,high,,,,,,,,226,,,,0.2,>,,
10.1016/j.cognition.2009.10.008,https://doi.org/10.1016/j.cognition.2009.10.008,,,True,https://doi.org/10.1016/s0010-0277(03)00043-x,"Sebanz, N.; Knoblich, G.; Prinz, W.",Representing others' actions: just like one,Cognition,88,3,11-B12,2003,"When two participants sit next to each other and each performs one half of a two-choice RT task (go-nogo tasks), a Simon effect emerges in which RTs are faster when stimulus location corresponds to response location, whereas this effect is absent when the same go-nogo tasks are performed individually",success,close,psychology,cognitive psychology,,high,,,,,,,,36,,,,0.01,<,two-sided,
10.1016/j.cognition.2010.12.009,https://doi.org/10.1016/j.cognition.2010.12.009,,,False,,,,,,,,,,,,,,,,,,,,,,,,,,,,,,
10.1016/j.cognition.2013.02.008,https://doi.org/10.1016/j.cognition.2013.02.008,,,True,https://doi.org/10.1093/acprof:oso/9780199733477.003.0008,"Weinberg, J.; Nichols, S.; Stich, S.",Normativity and epistemic intuitions,Philosophical Topics,29,1,429-460,2001,"Ethnic background influences intuitions about knowledge attribution in Gettier cases, with Western participants more likely to deny knowledge than East Asian and South Asian participants",failure,direct,psychology,experimental philosophy,,high,,,,,,,,177,,,,,,,
10.1016/j.cognition.2013.11.014,https://doi.org/10.1016/j.cognition.2013.11.014,,,True,https://doi.org/10.1016/j.cognition.2010.11.004,"Goldfarb, L.; Aisenberg, D.; Henik, A.","Think the thought, walk the walk -Social priming reduces the Stroop effect",Cognition,118,2,193-200,2011,Social priming with the concept of dyslexia eliminates the Stroop effect (difference between incongruent and congruent color-word naming times) in a manual response Stroop task,success,direct,psychology,cognitive psychology,,high,16,,,,,,,15,,,,0.18,>,,
10.1016/j.cognition.2014.07.002,https://doi.org/10.1016/j.cognition.2014.07.002,,,True,https://doi.org/10.1121/1.3629144,"Escudero, P.; Benders, T.; Wanrooij, K.",Enhanced bimodal distributions facilitate the learning of second language vowels,Journal of the Acoustical Society of America,130,4,212,2011,Two minutes of exposure to enhanced bimodal distributions of vowel sounds improves non-native vowel discrimination,success,direct,linguistics,second language acquisition,,high,,,,,,,,79,,,,0.001,<,,
10.1016/j.cognition.2014.07.002,https://doi.org/10.1016/j.cognition.2014.07.002,,,True,https://doi.org/10.1016/j.wocn.2013.03.005,"Wanrooij, K.; Escudero, P.; Raijmakers, M.",What do listeners learn from exposure to a vowel distribution? An analysis of listening strategies in distributional learning,Journal of Phonetics,41,5,307-319,2013,Two minutes of exposure to bimodal vowel distributions improves non-native sound discrimination,success,direct,linguistics,second language acquisition,,high,,,,,,,,79,,,,0.001,<,,
10.1016/j.cognition.2014.08.006,https://doi.org/10.1016/j.cognition.2014.08.006,,,False,,,,,,,,,,,,,,,,,,,,,,,,,,,,,,
10.1016/j.cognition.2014.08.007,https://doi.org/10.1016/j.cognition.2014.08.007,,,False,,,,,,,,,,,,,,,,,,,,,,,,,,,,,,
10.1016/j.cognition.2016.07.008,https://doi.org/10.1016/j.cognition.2016.07.008,,,True,https://doi.org/10.1177/0956797613502983,"Walker, C.; Gopnik, A.",Toddlers infer higher-order relational principles in causal learning,Psychological Science,25,1,161-169,2014,Toddlers (18-30 months) can infer abstract causal relations (same vs different) from a limited set of observations in a causal relational match-to-sample task,success,direct,psychology,developmental psychology,,high,,,,,,,,45,,,,0.01,=,two-sided,
10.1016/j.cognition.2016.07.008,https://doi.org/10.1016/j.cognition.2016.07.008,,,True,https://doi.org/10.1177/0956797613502983,"Walker, C.; Gopnik, A.",Toddlers infer higher-order relational principles in causal learning,Psychological Science,25,1,161-169,2014,Toddlers (18-30 months) can infer abstract causal relations (same vs different) and use this knowledge to intervene to produce a novel effect,success,close,psychology,developmental psychology,,high,,,,,,,,40,,,,0.02,=,two-sided,
10.1016/j.cognition.2017.06.025,https://doi.org/10.1016/j.cognition.2017.06.025,,,False,,,,,,,,,,,,,,,,,,,,,,,,,,,,,,
10.1016/j.cognition.2018.04.007,https://doi.org/10.1016/j.cognition.2018.04.007,,,False,,,,,,,,,,,,,,,,,,,,,,,,,,,,,,
10.1016/j.cognition.2019.104116,https://doi.org/10.1016/j.cognition.2019.104116,,,True,https://doi.org/10.1016/j.beproc.2015.09.014,"Fayolle, S.; Gil, S.; Droit-Volet, S.",Fear and time: Fear speeds up the internal clock,Behavioural Processes,120,,135-140,2015,Fear induced by electric shocks leads to overestimation of temporal durations (time slows down),failure,close,psychology,cognitive psychology,,high,,1.89,d,,,,,25,0.40,d,,0.058,=,,
10.1016/j.cognition.2019.104116,https://doi.org/10.1016/j.cognition.2019.104116,,,True,https://doi.org/10.1016/j.beproc.2015.09.014,"Fayolle, S.; Gil, S.; Droit-Volet, S.",Fear and time: Fear speeds up the internal clock,Behavioural Processes,120,,135-140,2015,Fear induced by electric shocks leads to overestimation of temporal durations (time slows down),failure,close,psychology,cognitive psychology,,high,,1.89,d,,,,,35,0.06,d,,0.687,=,,
10.1016/j.cognition.2020.104191,https://doi.org/10.1016/j.cognition.2020.104191,,,False,,,,,,,,,,,,,,,,,,,,,,,,,,,,,,
10.1016/j.cogpsych.2006.08.003,https://doi.org/10.1016/j.cogpsych.2006.08.003,,,False,,,,,,,,,,,,,,,,,,,,,,,,,,,,,,
10.1016/j.concog.2008.11.006,https://doi.org/10.1016/j.concog.2008.11.006,,,True,https://doi.org/10.1016/j.concog.2008.08.001,"Feltz, A.; Cokely, E.",Do judgments about free will and responsibility depend on who you are? Personality differences in intuitions about compatibilism and incompatibilism,Consciousness and Cognition,18,,342-350,2009,The personality trait extraversion predicts people's compatibilist-friendly intuitions about the relationship of determinism to free will and moral responsibility,failure,close,psychology,experimental philosophy,,high,58,,,,,,,231,,,,,,,
10.1016/j.concog.2015.07.003,https://doi.org/10.1016/j.concog.2015.07.003,,,True,https://doi.org/10.1016/j.pain.2013.05.009,"Vanden Bulcke, C.; Van Damme, S.; Durnez, W.; Crombez, G.",The anticipation of pain at a specific location of the body prioritizes tactile stimuli at that location,Pain,154,,1464-1468,2013,"Anticipating pain at a specific body location prioritizes tactile stimuli at that location, making people more quickly aware of tactile stimuli on the threatened hand",success,close,psychology,cognitive psychology,,high,,,,,,,,31,0.57,d,"[0.08, 1.05]",0.02,=,,
10.1016/j.concog.2015.11.011,https://doi.org/10.1016/j.concog.2015.11.011,,,False,,,,,,,,,,,,,,,,,,,,,,,,,,,,,,
10.1016/j.concog.2016.11.011,https://doi.org/10.1016/j.concog.2016.11.011,,,True,https://doi.org/10.7551/mitpress/2205.003.0008,"Schooler, J.; Melcher, J.",The ineffability of insight,The creative cognition approach,,,97-133,1995,Recognizing out-of-focus images is correlated with performance on traditional insight problems,success,close,psychology,cognitive psychology,,high,,,,,,,,51,0.39,r,,0.012,=,,
10.1016/j.concog.2016.11.011,https://doi.org/10.1016/j.concog.2016.11.011,,,True,https://doi.org/10.1111/j.2044-8295.2011.02031.x,"Wiseman, R.; Watt, C.; Gilhooly, K.; Georgiou, G.",Creativity and ease of ambiguous figural reversal,British Journal of Psychology,102,3,615-622,2011,Self-reported creativity and performance on an alternative uses task correlate with self-reported ease of reversal for ambiguous figures,success,close,psychology,cognitive psychology,,medium,,,,,,,,51,0.39,r,,0.012,=,,
10.1016/j.concog.2016.11.011,https://doi.org/10.1016/j.concog.2016.11.011,,,True,https://doi.org/10.1068/p7350,"Doherty, M.; Mair, S.","Creativity, ambiguous figures, and preference",Perception,41,10,1262-1266,2012,Reversals in three ambiguous figures correlate with performance on a pattern meanings test,success,close,psychology,cognitive psychology,,medium,,,,,,,,51,0.39,r,,0.012,=,,
10.1016/j.concog.2016.11.011,https://doi.org/10.1016/j.concog.2016.11.011,,,True,https://doi.org/10.1016/j.cognition.2013.09.001,"Kan, I.; Teubner-Rhodes, S.; Drummey, A.; Nutile, L.; Krupa, L.; Novick, J.",To adapt or not to adapt: The question of domain-general cognitive control,Cognition,129,3,637-651,2013,"Conflict experienced in one task (e.g., a Necker cube) predicts better performance in overcoming conflict in another task that follows",success,conceptual,psychology,cognitive psychology,,high,,,,,,,,80,,,,0.034,=,one-sided,
10.1016/j.cortex.2018.10.021,https://doi.org/10.1016/j.cortex.2018.10.021,,,True,https://doi.org/10.1016/0028-3932(73)90049-3,"Gilbert, C.; Bakan, P.",Visual asymmetry in perception of faces,Neuropsychologia,11,3,355-362,1973,Participants show a left visual field bias when judging which symmetric composite face (left-side or right-side) resembles the original face most,success,close,psychology,cognitive psychology,,high,,-0.943,d,,,,,34,-0.916,d,,0.001,<,,
10.1016/j.cortex.2018.10.021,https://doi.org/10.1016/j.cortex.2018.10.021,,,True,https://doi.org/10.1016/0278-2626(83)90021-0,"Levy, J.; Heller, W.; Banich, M.; Burton, L.",Asymmetry of perception in free viewing of chimeric faces,Brain and Cognition,2,4,404-419,1983,Participants more often judge chimeric faces to show stronger emotional expression when the emotion appears on the left side of the face (left visual field bias),success,close,psychology,cognitive psychology,,high,,-0.689,d,,,,,34,-0.870,d,,0.001,<,,
10.1016/j.cortex.2018.10.021,https://doi.org/10.1016/j.cortex.2018.10.021,,,True,https://doi.org/10.1037//0096-1523.27.6.1369,"Yovel, G.; Yovel, I.; Levy, J.",Hemispheric asymmetries for global and local visual perception: effects of stimulus and task factors,Journal of Experimental Psychology: Human Perception and Performance,27,6,1369-1385,2001,Study 1C: Right visual field advantage for processing local elements of hierarchical letters,success,close,psychology,cognitive psychology,,high,,0.716,d,,,,,21,0.733,d,,0.002,=,,
10.1016/j.cortex.2018.10.021,https://doi.org/10.1016/j.cortex.2018.10.021,,,True,https://doi.org/10.1037//0096-1523.27.6.1369,"Yovel, G.; Yovel, I.; Levy, J.",Hemispheric asymmetries for global and local visual perception: effects of stimulus and task factors,Journal of Experimental Psychology: Human Perception and Performance,27,6,1369-1385,2001,Study 1C: Left visual field advantage for processing global form of hierarchical letters,success,close,psychology,cognitive psychology,,high,,-0.835,d,,,,,21,-1.023,d,,0.001,<,,
10.1016/j.cortex.2018.10.021,https://doi.org/10.1016/j.cortex.2018.10.021,,,True,https://doi.org/10.1016/j.bandc.2006.05.005,"Peyrin, C.; Mermillod, M.; Chokron, S.; Marendaz, C.",Effect of temporal constraints on hemispheric asymmetries during spatial frequency processing,Brain and Cognition,62,3,214-220,2006,Left visual field advantage for processing low spatial frequency images in a picture matching task,inconclusive,direct,psychology,cognitive psychology,,high,,-1.06,d,,,,,31,-0.243,d,,0.093,=,,
10.1016/j.cortex.2018.10.021,https://doi.org/10.1016/j.cortex.2018.10.021,,,True,https://doi.org/10.1016/j.bandc.2006.05.005,"Peyrin, C.; Mermillod, M.; Chokron, S.; Marendaz, C.",Effect of temporal constraints on hemispheric asymmetries during spatial frequency processing,Brain and Cognition,62,3,214-220,2006,Right visual field advantage for processing high spatial frequency images in a picture matching task with short stimulus duration,inconclusive,direct,psychology,cognitive psychology,,high,,0.615,d,,,,,31,0.305,d,,0.050,=,,
10.1016/j.cortex.2018.10.021,https://doi.org/10.1016/j.cortex.2018.10.021,,,True,https://doi.org/10.1073/pnas.0509868103,"Gilbert, A.; Regier, T.; Kay, P.; Ivry, R.",Whorf hypothesis is supported in the right visual field but not the left,Proceedings of the National Academy of Sciences of the United States of America,103,2,489-494,2006,Right visual field advantage for detecting color oddballs from a different category than distractors (between-category discrimination),failure,close,psychology,cognitive psychology,,high,,0.742,d,,,,,28,0.179,d,,0.176,=,,
10.1016/j.cortex.2018.10.021,https://doi.org/10.1016/j.cortex.2018.10.021,,,True,https://doi.org/10.1073/pnas.0509868103,"Gilbert, A.; Regier, T.; Kay, P.; Ivry, R.",Whorf hypothesis is supported in the right visual field but not the left,Proceedings of the National Academy of Sciences of the United States of America,103,2,489-494,2006,Left visual field advantage for detecting color oddballs from the same category as distractors (within-category discrimination),failure,close,psychology,cognitive psychology,,high,,-0.684,d,,,,,28,0.357,d,,0.965,=,,
10.1016/j.cortex.2018.10.021,https://doi.org/10.1016/j.cortex.2018.10.021,,,True,https://doi.org/10.1016/j.bandl.2007.06.001,"Gilbert, A.; Regier, T.; Kay, P.; Ivry, R.",Support for lateralization of the Whorf effect beyond the realm of color discrimination,Brain and Language,105,2,91-98,2008,Right visual field advantage for detecting shape oddballs from a different category than distractors (between-category discrimination),inconclusive,close,psychology,cognitive psychology,,high,,0.525,d,,,,,26,0.277,d,,0.085,=,,
10.1016/j.cortex.2018.10.021,https://doi.org/10.1016/j.cortex.2018.10.021,,,True,https://doi.org/10.1016/j.bandl.2007.06.001,"Gilbert, A.; Regier, T.; Kay, P.; Ivry, R.",Support for lateralization of the Whorf effect beyond the realm of color discrimination,Brain and Language,105,2,91-98,2008,Left visual field advantage for detecting shape oddballs from the same category as distractors (within-category discrimination),failure,close,psychology,cognitive psychology,,high,,-0.6,d,,,,,26,0.155,d,,0.782,=,,
10.1016/j.cortex.2018.10.021,https://doi.org/10.1016/j.cortex.2018.10.021,,,True,https://doi.org/10.1016/j.bandc.2011.01.008,"Van Der Ham, I.; Borst, G.","Individual differences in spatial relation processing: effects of strategy, ability, and gender",Brain and Cognition,76,1,184-190,2011,Right visual field advantage for categorical spatial relation processing in high spatial strategy participants,failure,direct,psychology,cognitive psychology,,medium,,0.421,d,,,,,34,-0.014,d,,0.523,=,,
10.1016/j.cortex.2018.10.021,https://doi.org/10.1016/j.cortex.2018.10.021,,,True,https://doi.org/10.1016/j.bandc.2011.01.008,"Van Der Ham, I.; Borst, G.","Individual differences in spatial relation processing: effects of strategy, ability, and gender",Brain and Cognition,76,1,184-190,2011,Left visual field advantage for categorical spatial relation processing in low spatial strategy participants,inconclusive,direct,psychology,cognitive psychology,,medium,,-0.528,d,,,,,34,-0.171,d,,0.245,=,,
10.1016/j.cortex.2018.10.021,https://doi.org/10.1016/j.cortex.2018.10.021,,,True,https://doi.org/10.1016/j.bandc.2011.01.008,"Van Der Ham, I.; Borst, G.","Individual differences in spatial relation processing: effects of strategy, ability, and gender",Brain and Cognition,76,1,184-190,2011,Left visual field advantage for coordinate spatial relation processing in high spatial strategy participants,failure,direct,psychology,cognitive psychology,,medium,,-0.417,d,,,,,34,-0.082,d,,0.370,=,,
10.1016/j.cortex.2018.10.021,https://doi.org/10.1016/j.cortex.2018.10.021,,,True,https://doi.org/10.3389/fpsyg.2014.01127,"Linnell, K.; Caparos, S.; Davidoff, J.",Urbanization increases left-bias in line-bisection: an expression of elevated levels of intrinsic alertness,Frontiers in Psychology,5,,1-7,2014,Left visual field bias (pseudoneglect) in spatial attention distribution as measured by the Landmark Task,success,direct,psychology,cognitive psychology,,high,,-0.361,d,,,,,43,-0.409,d,,0.005,=,,
10.1016/j.cortex.2018.10.021,https://doi.org/10.1016/j.cortex.2018.10.021,,,True,https://doi.org/10.1080/1357650x.2015.1130716,"Willemin, J.; Hausmann, M.; Brysbaert, M.; Dael, N.; Chmetz, F.; Fioravera, A.; Mohr, C.","Stability of right visual field advantage in an international lateralized lexical decision task irrespective of participants' sex, handedness or bilingualism",Brain and Cognition,21,4-6,502-524,2016,Right visual field advantage for processing visually presented words in a lexical decision task,success,direct,psychology,cognitive psychology,,high,,0.88,d,,,,,48,1.05,d,,0.001,<,,
10.1016/j.cortex.2020.07.013,https://doi.org/10.1016/j.cortex.2020.07.013,,,True,https://doi.org/10.1037/xhp0000605,"Bonetti, F.; Turatto, M.","Habituation of oculomotor capture by sudden onsets: stimulus specificity, spontaneous recovery and dishabituation",Journal of Experimental Psychology: Human Perception and Performance,45,,264-284,2019,"Reflexive saccades elicited by peripheral onset distractors are subject to habituation, with oculomotor capture decreasing as exposure to the distractor progresses",success,direct,psychology,cognitive psychology,,high,,,,,,,,24,0.255,etasq,,0.001,=,,
10.1016/j.cortex.2020.08.002,https://doi.org/10.1016/j.cortex.2020.08.002,,,True,https://doi.org/10.1016/b978-0-12-800454-8.00008-2,"Wagner, J.; Rusconi, E.",Probing the role of the posterior parietal lobe in disembedding and x-ray threat detection: A transcranial direct current stimulation,Frontiers Spotlight Conference: Limitless! Augmentation of Brain Function,,,151-170,2018,Anodal transcranial direct current stimulation (tDCS) over the left posterior parietal cortex enhances sensitivity (d-prime) in novice X-ray threat detection compared to sham stimulation,failure,close,neuroscience,cognitive neuroscience,,high,,1.34,d,,,,,29,0.006,d,,0.976,=,,
10.1016/j.cortex.2020.12.017,https://doi.org/10.1016/j.cortex.2020.12.017,,,True,https://doi.org/10.1016/j.neurobiolaging.2017.12.030,"Berron, D.",Age-related functional changes in domain-specific medial temporal lobe pathways,Neurobiology of Aging,65,,86-97,2018,"Age-related decline in mnemonic discrimination is stronger for objects than scenes, with domain-specific effects in medial temporal lobe pathways",success,close,neuroscience,cognitive neuroscience,,high,93,,,,,,,1554,,,,0.0205,=,,
10.1016/j.cub.2016.03.047,https://doi.org/10.1016/j.cub.2016.03.047,,,True,https://doi.org/10.1126/science.897687,"Meltzoff, A.; Moore, M.",Imitation of facial and manual gestures by human neonates,Science,198,4312,75-78,1977,Human neonates can imitate facial and manual gestures such as tongue protrusion and mouth opening,failure,direct,psychology,developmental psychology,,high,,,,,,,,106,,,,,,,
10.1016/j.dcn.2017.12.003,https://doi.org/10.1016/j.dcn.2017.12.003,,,True,https://doi.org/10.1111/j.1467-8624.2009.01312.x,"Lloyd-Fox, S.; Blasi, A.; Volein, A.; Everdell, N.; Elwell, C.; Johnson, M.",Social perception in infancy: a near infrared spectroscopy study,Child Dev,80,4,986-999,2009,Social dynamic stimuli (hand and facial movements) elicit larger blood-oxygenation changes in posterior temporal cortex compared to non-social dynamic stimuli (moving toys and machinery) in five-month-old infants,success,direct,neuroscience,cognitive neuroscience,,high,,,,,,,,37,,,,0.006,=,,
10.1016/j.devbrainres.2005.06.014,https://doi.org/10.1016/j.devbrainres.2005.06.014,,,True,https://doi.org/10.1016/j.ntt.2004.08.001,"Hougaard, K.; Andersen, M.; Hansen, A.; Hass, U.; Werge, T.; Lund, S.",Effects of prenatal exposure to chronic mild stress and toluene in rats,Neurotoxicol. Teratol,27,1,153-167,2005,Prenatal chronic mild stress increases acoustic startle response in offspring rats,success,direct,neuroscience,behavioral neuroscience,,high,,,,,,,,12-20,,,,0.01,<,,
10.1016/j.drugalcdep.2021.108610,https://doi.org/10.1016/j.drugalcdep.2021.108610,,,False,,,,,,,,,,,,,,,,,,,,,,,,,,,,,,
10.1016/j.eatbeh.2018.05.001,https://doi.org/10.1016/j.eatbeh.2018.05.001,,,True,https://doi.org/10.1016/j.foodqual.2016.06.012,"Zickgraf, H. F.; Schepps, K.",Fruit and vegetable intake and dietary variety in adult picky eaters,Food Quality and Preference,54,,39-50,2016,Adult picky eating is negatively associated with fruit and vegetable consumption and dietary variety,success,close,psychology,social psychology,,high,,,,,,,,1219,-0.17,r,,0.001,<,two-sided,
10.1016/j.ecresq.2013.07.001,https://doi.org/10.1016/j.ecresq.2013.07.001,,,False,,,,,,,,,,,,,,,,,,,,,,,,,,,,,,
10.1016/j.euroneuro.2012.01.006,https://doi.org/10.1016/j.euroneuro.2012.01.006,,,True,https://doi.org/10.1016/s0924-977x(99)00044-9,"Scharfetter, J.; Chaudhry, H.; Hornik, K.; Fuchs, K.; Sieghart, W.; Kasper, S.; Aschauer, H.",Dopamine D3 receptor gene polymorphism and response to clozapine in schizophrenic Pakastani patients,European Neuropsychopharmacology,10,1,17-20,1999,The Gly allele of the DRD3 Ser9Gly polymorphism is associated with better response to antipsychotic treatment,success,close,medical fields,psychiatry,,high,,,,,,,,329,1.39,OR,"[1.03, 1.9]",0.034,=,two-sided,
10.1016/j.euroneuro.2012.01.006,https://doi.org/10.1016/j.euroneuro.2012.01.006,,,True,https://doi.org/10.1007/s00213-002-1084-4,"Staddon, S.; Arranz, M.; Mancama, D.; Mata, I.; Kerwin, R.",Clinical applications of pharmacogenetics in psychiatry,Psychopharmacology,162,1,18-23,2002,The Gly allele of the DRD3 Ser9Gly polymorphism is associated with better response to antipsychotic treatment,success,close,medical fields,psychiatry,,high,,,,,,,,329,1.39,OR,"[1.03, 1.9]",0.034,=,two-sided,
10.1016/j.euroneuro.2012.01.006,https://doi.org/10.1016/j.euroneuro.2012.01.006,,,True,https://doi.org/10.1002/ajmg.b.20045,"Szekeres, G.; Keri, S.; Juhasz, A.; Rimanoczy, A.; Szendi, I.; Czimmer, C.; Janka, Z.",Role of dopamine D3 receptor (DRD3) and dopamine transporter (DAT) polymorphism in cognitive dysfunctions and therapeutic response to atypical antipsychotics in patients with schizophrenia,American Journal of Medical Genetics Part B: Neuropsychiatric Genetics,124,1,1-5,2004,The Gly allele of the DRD3 Ser9Gly polymorphism is associated with better response to antipsychotic treatment,success,close,medical fields,psychiatry,,high,,,,,,,,329,1.39,OR,"[1.03, 1.9]",0.034,=,two-sided,
10.1016/j.euroneuro.2012.01.006,https://doi.org/10.1016/j.euroneuro.2012.01.006,,,True,https://doi.org/10.1038/sj.mp.4000724,"Joober, R.; Benkelfat, C.; Lal, S.; Bloom, D.; Labelle, A.; Lalonde, P.; Turecki, G.; Rozen, R.; Rouleau, G.",Association between the methylenetetrahydrofolate reductase 677C-NT missense mutation and schizophrenia,Molecular Psychiatry,5,3,323-326,2000,The T allele of the MTHFR 677-C/T polymorphism is associated with better response to antipsychotic treatment,success,close,medical fields,psychiatry,,high,,,,,,,,329,1.45,OR,"[1.06, 1.98]",0.019,=,two-sided,
10.1016/j.evolhumbehav.2015.04.002,https://doi.org/10.1016/j.evolhumbehav.2015.04.002,,,True,https://doi.org/10.1037/e566962012-349,"Navarrete, C. D.; Fessler, D. M. T.; Fleischman, D. S.; Geyer, J.",Race bias tracks conception risk across the menstrual cycle,Psychological Science,20,6,661-665,2009,"Women exhibit increased attitudinal bias against outgroup men when conception risk is elevated, particularly among women who appraise themselves as vulnerable to sexual coercion",success,conceptual,psychology,social psychology,,high,,,,,,,,117,,,,0.048,=,,
10.1016/j.ijpsycho.2018.01.015,https://doi.org/10.1016/j.ijpsycho.2018.01.015,,,True,,"Intrilligator, J.; Polich, J.",On the relationship between EEG and ERP variability,Int. J. Psychophysiol,20,,59-74,1995,Resting state EEG delta and theta amplitudes correlate with N1 ERP component amplitudes in an auditory oddball task,success,close,psychology,cognitive psychology,,high,,,,,,,,40,-0.62,r,,0.001,<,two-sided,
10.1016/j.ijpsycho.2018.01.015,https://doi.org/10.1016/j.ijpsycho.2018.01.015,,,True,https://doi.org/10.1016/0167-8760(95)00028-Q,"Intrilligator, J.; Polich, J.",On the relationship between EEG and ERP variability,Int. J. Psychophysiol,20,1,59-74,1995,Resting state delta EEG amplitude correlates with P3b ERP component amplitude in an auditory oddball task,failure,close,psychology,cognitive psychology,,high,,,,,,,,40,,,,,,,
10.1016/j.ijpsycho.2018.01.015,https://doi.org/10.1016/j.ijpsycho.2018.01.015,,,True,https://doi.org/10.1111/psyp.12851,"Karamacoska, D.; Barry, R.; Steiner, G.",Resting state intrinsic EEG impacts on go stimulus-response processes,Psychophysiol,54,6,894-903,2017,"Resting state EEG does not correlate with behavioral performance measures (accuracy, reaction time) in young adults performing a Go/NoGo task",success,direct,psychology,cognitive psychology,,high,,,,,,,,40,,,,0.052,=,two-sided,
10.1016/j.ijpsycho.2018.01.015,https://doi.org/10.1016/j.ijpsycho.2018.01.015,,,True,https://doi.org/10.1111/psyp.12851,"Karamacoska, D.; Barry, R.; Steiner, G.",Resting state intrinsic EEG impacts on go stimulus-response processes,Psychophysiol,54,6,894-903,2017,"Eyes-closed to eyes-open reactivity in EEG does not predict Go P2, N2c, or P3b ERP component amplitudes",success,direct,psychology,cognitive psychology,,high,,,,,,,,40,,,,,,,
10.1016/j.ijpsycho.2018.01.015,https://doi.org/10.1016/j.ijpsycho.2018.01.015,,,True,https://doi.org/10.1016/0167-8760(93)90070-6,"Valentino, D.; Arruda, J.; Gold, S.",Comparison of QEEG and response accuracy in good vs. poorer performers during a vigilance task,Int. J. Psychophysiol,15,2,123-133,1993,EEG amplitude changes from resting state to task (particularly in delta and beta bands) predict performance accuracy in sustained attention tasks,success,close,psychology,cognitive psychology,,high,,,,,,,,40,-0.41,r,,0.01,=,two-sided,
10.1016/j.ijresmar.2012.03.002,https://doi.org/10.1016/j.ijresmar.2012.03.002,,,True,https://doi.org/10.1086/518530,"Lowrey, T.; Shrum, L.",Phonetic symbolism and brand name preference,Journal of Consumer Research,34,3,406-414,2007,"Front vowel sound words are preferred over back vowel sound words for brand names of products with attributes like smaller/faster (convertibles, knives), while back vowel sound words are preferred for products with attributes like larger/slower (SUVs, hammers)",success,close,psychology,consumer psychology/marketing,,high,,,,,,,,375,,,,0.001,<,one-sided,
10.1016/j.ijresmar.2012.05.001,https://doi.org/10.1016/j.ijresmar.2012.05.001,,,True,https://doi.org/10.1016/j.jcps.2011.08.002,"Norton, Michael; Mochon, Daniel; Ariely, Dan",The IKEA effect: when labor leads to love,Journal of Consumer Psychology,22,3,453-460,2012,People are willing to pay more for products they create themselves than for identical products created by others (the IKEA effect),success,close,psychology,consumer psychology/marketing,,high,,,,,,,,119,,,,0.05,=,two-sided,
10.1016/j.ijresmar.2013.09.001,https://doi.org/10.1016/j.ijresmar.2013.09.001,,,True,https://doi.org/10.1007/s10508-006-9038-2,"Alexander, G. M.","Associations among gender-linked toy preferences, spatial ability, and digit ratio: Evidence from eye-tracking analysis",Archives of Sexual Behavior,35,6,699-709,2006,Digit ratio (2D:4D) predicts visual preferences for masculine vs. feminine toys in male participants,success,conceptual,psychology,consumer psychology/marketing,,high,,,,,,,,343,,,,0.01,<,,
10.1016/j.ijresmar.2013.09.001,https://doi.org/10.1016/j.ijresmar.2013.09.001,,,True,https://doi.org/10.1007/s10508-006-9038-2,"Alexander, G. M.","Associations among gender-linked toy preferences, spatial ability, and digit ratio: Evidence from eye-tracking analysis",Archives of Sexual Behavior,35,6,699-709,2006,Digit ratio (2D:4D) predicts visual preferences for masculine vs. feminine toys in female participants,failure,conceptual,psychology,consumer psychology/marketing,,high,,,,,,,,245,,,,,,,
10.1016/j.infbeh.2011.09.007,https://doi.org/10.1016/j.infbeh.2011.09.007,,,True,https://doi.org/10.1016/j.infbeh.2006.03.001,"Clearfield, M.; Diedrich, F.; Smith, L.; Thelen, E.",Young infants reach correctly in A-not-B tasks: On the development of stability and perseveration,Infant Behavior & Development,29,3,435-444,2006,"Infants exhibit a developmental trajectory in perseverative reaching where they reach randomly at 6 months, perseverate at 9 months, and reach correctly at 12 months",success,direct,psychology,developmental psychology,,high,,,,,,,,17,,,,,,,
10.1016/j.infbeh.2012.07.022,https://doi.org/10.1016/j.infbeh.2012.07.022,,,True,https://doi.org/10.1016/j.infbeh.2008.04.004,"Flom, R.; Gentile, D.; Pick, A.",Infants' discrimination of happy and sad music,Infant Behavior and Development,31,4,716-728,2008,Nine-month-old infants discriminate musical excerpts rated as happy versus sad,success,close,psychology,developmental psychology,,high,,,,,,,,48,0.68,etasq,,0.01,<,,
10.1016/j.infbeh.2012.07.022,https://doi.org/10.1016/j.infbeh.2012.07.022,,,True,https://doi.org/10.1016/j.infbeh.2008.04.004,"Flom, R.; Gentile, D.; Pick, A.",Infants' discrimination of happy and sad music,Infant Behavior and Development,31,4,716-728,2008,Infants habituated to an affect category (happy or sad music) do not show renewed looking to novel excerpts from the same affect category,success,close,psychology,developmental psychology,,high,,,,,,,,48,0.75,etasq,,0.1,>,,
10.1016/j.infbeh.2012.07.022,https://doi.org/10.1016/j.infbeh.2012.07.022,,,True,https://doi.org/10.1016/j.infbeh.2008.04.004,"Flom, R.; Gentile, D.; Pick, A.",Infants' discrimination of happy and sad music,Infant Behavior and Development,31,4,716-728,2008,Nine-month-old infants discriminate individual happy and individual sad musical excerpts,success,close,psychology,developmental psychology,,high,,,,,,,,48,0.82,etasq,,0.01,<,,
10.1016/j.inteco.2024.100525,https://doi.org/10.1016/j.inteco.2024.100525,,,True,https://doi.org/10.1093/acprof:oso/9780199744282.003.0034,"Demiguel, V.; Garlappi, L.; Uppal, R.",Optimal versus naive diversification: How inefficient is the 1/N portfolio strategy?,Rev. Financ. Stud,22,5,1915-1953,2009,"The equally weighted (1/N) portfolio is difficult to beat systematically by optimization-based mean-variance investment strategies in terms of Sharpe ratio, certainty equivalent, and turnover when using estimation windows of limited length and proportional transaction costs",success,direct,economics,finance,,high,,,,,,,,,,,,,,,
10.1016/j.jad.2020.07.068,https://doi.org/10.1016/j.jad.2020.07.068,,,False,,,,,,,,,,,,,,,,,,,,,,,,,,,,,,
10.1016/j.jalz.2017.06.305,https://doi.org/10.1016/j.jalz.2017.06.305,,,False,,,,,,,,,,,,,,,,,,,,,,,,,,,,,,
10.1016/j.janxdis.2014.01.004,https://doi.org/10.1016/j.janxdis.2014.01.004,,,True,https://doi.org/10.1037/1040-3590.15.3.384,"Turner, S.; Johnson, M.; Beidel, D.; Heiser, N.; Lydiard, R.",The Social Thoughts and Beliefs Scale: a new inventory for assessing cognitions in social phobia,Psychological Assessment,15,3,384-391,2003,The Social Thoughts and Beliefs Scale (STABS) has a two-factor structure measuring social comparison and social ineptness cognitions in social anxiety disorder,inconclusive,direct,psychology,clinical psychology,,high,,,,,,,,428,,,,,,,
10.1016/j.janxdis.2014.01.004,https://doi.org/10.1016/j.janxdis.2014.01.004,,,True,https://doi.org/10.1007/s10608-008-9214-x,"Fergus, T.; Valentiner, D.; Kim, H.; Stephenson, K.",The Social Thoughts and Beliefs Scale: Psychometric properties and its relation with interpersonal functioning in a non-clinical sample,Cognitive Therapy and Research,33,4,425-431,2009,The Social Thoughts and Beliefs Scale (STABS) demonstrates a two-factor structure with excellent fit indices in confirmatory factor analysis,failure,direct,psychology,clinical psychology,,high,,,,,,,,428,,,,,,,
10.1016/j.jbtep.2012.07.011,https://doi.org/10.1016/j.jbtep.2012.07.011,,,True,https://doi.org/10.1016/j.janxdis.2010.03.008,"McEvoy, P.; Mahoney, A.; Moulds, M.","Are worry, rumination, and post-event processing one and the same? Development of the repetitive thinking questionnaire",Journal of Anxiety Disorders,24,5,509-519,2010,"Metacognitive beliefs (especially beliefs that repetitive negative thinking is uncontrollable and dangerous), cognitive avoidance strategies, and thought control strategies are uniquely associated with post-stressor repetitive negative thinking (RNT)",success,close,psychology,clinical psychology,,high,,,,,,,,175,0.75,r,,0.001,<,,
10.1016/j.jbtep.2012.07.011,https://doi.org/10.1016/j.jbtep.2012.07.011,,,True,https://doi.org/10.1016/j.janxdis.2010.03.008,"McEvoy, P.; Mahoney, A.; Moulds, M.","Are worry, rumination, and post-event processing one and the same? Development of the repetitive thinking questionnaire",Journal of Anxiety Disorders,24,5,509-519,2010,"Metacognitive beliefs (especially beliefs that repetitive negative thinking is uncontrollable and dangerous), cognitive avoidance strategies, and thought control strategies are uniquely associated with post-stressor repetitive negative thinking (RNT)",success,close,psychology,clinical psychology,,high,,,,,,,,91,0.72,r,,0.001,<,,
10.1016/j.jbtep.2014.11.009,https://doi.org/10.1016/j.jbtep.2014.11.009,,,True,https://doi.org/10.1016/0165-1781(93)90104-o,"Nelson, E.; Early, T.; Haller, J.",Visual attention in obsessive-compulsive disorder,Psychiatry Research,49,2,183-196,1993,"OCD patients show decreased inhibition of return (IOR) for targets in the left visual field, indicating impaired inhibitory processes",inconclusive,close,psychology,clinical psychology,,high,,,,,,,,40,,,,,,,
10.1016/j.jbtep.2018.01.005,https://doi.org/10.1016/j.jbtep.2018.01.005,,,True,https://doi.org/10.1007/s10608-015-9716-2,"Becker, E.; Ferentzi, H.; Ferrari, G.; Möbius, M.; Brugman, S.; Custers, J.; Rinck, M.",Always approach the bright side of life: a general positivity training reduces stress reactions in vulnerable individuals,Behaviour Research and Therapy,,,,2016,"The general positivity approach-avoidance training (pulling positive pictures, pushing negative pictures) reduces stress responses in dysphoric students",failure,close,psychology,clinical psychology,,high,,,,,,,,213,,,,0.302,=,,
10.1016/j.jbtep.2020.101569,https://doi.org/10.1016/j.jbtep.2020.101569,,,True,https://doi.org/10.1101/lm.032409.113,"Bisby, J.; Burgess, N.",Negative affect impairs associative memory but not item memory,Learning & Memory,21,,760-766,2014,Negative stimuli enhance item memory but impair associative memory for context,success,direct,psychology,cognitive psychology,,high,,,,,,,,85,0.54,d,,0.001,=,two-sided,
10.1016/j.jecp.2006.03.009,https://doi.org/10.1016/j.jecp.2006.03.009,,,True,https://doi.org/10.1037/0096-1523.27.1.92,"Vogel, E.; Woodman, G.; Luck, S.","Storage of features, conjunctions, and objects in visual working memory",Journal of Experimental Psychology: Human Perception and Performance,27,1,92-114,2001,Visual working memory capacity in adults is approximately three to four items,success,close,psychology,cognitive psychology,,high,,,,,,,,20,,,,,,,
10.1016/j.jecp.2006.03.009,https://doi.org/10.1016/j.jecp.2006.03.009,,,True,https://doi.org/10.1016/j.cogpsych.2004.12.001,"Cowan, N.; Nugent, L.; Elliott, E.; Ponomarev, I.; Saults, J.",On the capacity of attention: its estimation and its role in working memory and cognitive aptitudes,Cognitive Psychology,51,1,42-100,2005,Visual working memory capacity increases from approximately two items in 8-year-olds to four items in 11-year-olds,success,close,psychology,cognitive psychology,,high,,,,,,,,60,,,,,,,
10.1016/j.jecp.2011.10.007,https://doi.org/10.1016/j.jecp.2011.10.007,,,True,https://doi.org/10.1016/j.jecp.2006.03.009,"Riggs, K.; Mctaggart, J.; Simpson, A.; Freeman, R.",Changes in the capacity of visual working memory in 5-to 10year-olds,Journal of Experimental Child Psychology,95,1,18-26,2006,"Visual working memory capacity increases gradually from 5 to 10 years, as measured by the change detection task",success,direct,psychology,developmental psychology,,high,,,,,,,,28,,,,,,,
10.1016/j.jecp.2015.01.015,https://doi.org/10.1016/j.jecp.2015.01.015,,,True,https://doi.org/10.1080/17470210802696104,"Ricketts, J.; Bishop, D.; Nation, K.",Orthographic facilitation in oral vocabulary acquisition,Quarterly Journal of Experimental Psychology,62,10,1948-1966,2009,Typically developing children show greater learning for oral vocabulary items when they are taught with orthography present compared to orthography absent,success,direct,psychology,developmental psychology,,high,,,,,,,,81,0.48,etasq,,0.001,<,,
10.1016/j.jecp.2015.01.015,https://doi.org/10.1016/j.jecp.2015.01.015,,,True,https://doi.org/10.1080/17470218.2013.859714,"Lucas, R.; Norbury, C.",Orthography facilitates vocabulary learning for children with autism spectrum disorders (ASD),Quarterly Journal of Experimental Psychology,67,7,1317-1334,2013,Children with autism spectrum disorders benefit from the presence of orthography when learning new oral vocabulary items,success,direct,psychology,developmental psychology,,high,,,,,,,,81,0.48,etasq,,0.001,<,,
10.1016/j.jecp.2017.02.010,https://doi.org/10.1016/j.jecp.2017.02.010,,,True,https://doi.org/10.1016/j.lingua.2013.05.004,"Legendre, G.; Culbertson, J.; Zaroukian, E.; Hsin, L.; Barrière, I.; Nazzi, T.",Is children's comprehension of subject-verb agreement universally late? Comparative evidence from French,Lingua,144,,21-39,2014,Mexican Spanish-speaking children aged 30-47 months fail to comprehend subject-verb number agreement in a preferential looking task,success,direct,linguistics,second language acquisition,,high,,,,,,,,40,,,,0.09,=,,
10.1016/j.jecp.2017.02.010,https://doi.org/10.1016/j.jecp.2017.02.010,,,True,,"Pérez-Leroux, A.",Number problems in children,Proceedings of the 2005 Canadian Linguistic Association Annual Conference,,,,2005,Spanish-speaking children fail to comprehend subject-verb number agreement before 60 months of age,success,close,linguistics,second language acquisition,,medium,,,,,,,,40,,,,0.09,=,,
10.1016/j.jecp.2018.11.005,https://doi.org/10.1016/j.jecp.2018.11.005,,,True,https://doi.org/10.1111/cdev.12253,"O'Connor, E.; McCormack, T.; Feeney, A.",Do children who experience regret make better decisions? A developmental study of the behavioral consequences of regret,Child Development,85,5,1995-2010,2014,Children who experience regret about a choice are more likely to switch their choice adaptively when given the opportunity to choose again,success,conceptual,psychology,developmental psychology,,high,,,,,,,,70,,,,0.004,<,,
10.1016/j.jecp.2020.104841,https://doi.org/10.1016/j.jecp.2020.104841,,,True,https://doi.org/10.1111/j.1467-8624.2010.01512.x,"Svetlova, M.; Nichols, S.; Brownell, C.",Toddlers' prosocial behavior: from instrumental to empathic to altruistic helping,Infancy,81,6,1814-1827,2010,Non-costly helping (giving experimenter's items) based on emotional/internal state cues increases with age in toddlers,success,close,psychology,developmental psychology,,high,,,,,,,,100,,,,0.001,<,,
10.1016/j.jecp.2020.104841,https://doi.org/10.1016/j.jecp.2020.104841,,,True,https://doi.org/10.1111/j.1467-8624.2010.01512.x,"Svetlova, M.; Nichols, S.; Brownell, C.",Toddlers' prosocial behavior: from instrumental to empathic to altruistic helping,Infancy,81,6,1814-1827,2010,Costly helping (giving own items) based on emotional/internal state cues is difficult for both younger and older toddlers,inconclusive,close,psychology,developmental psychology,,high,,,,,,,,100,,,,0.001,<,,
10.1016/j.jenvp.2019.101333,https://doi.org/10.1016/j.jenvp.2019.101333,,,True,https://doi.org/10.1098/rspb.2013.2295,"Van Der Wal, A.; Schade, H.; Krabbendam, L.; Van Vugt, M.",Do natural landscapes reduce future discounting in humans,Proceedings of the Royal Society of London B Biological Sciences,280,,20132295,2013,Exposure to natural landscapes (vs urban landscapes) induces lower time discounting,success,close,psychology,social psychology,,high,,,,,,,,93,0.08,etasq,,0.014,=,two-sided,
10.1016/j.jesp.2009.03.009,https://doi.org/10.1016/j.jesp.2009.03.009,,,True,https://doi.org/10.1287/mksc.4.3.199,"Thaler, R.",Mental accounting and consumer choice,Marketing Science,4,3,199-214,1985,Price expectations influence willingness to pay for identical products depending on the source (fancy resort vs. run-down grocery store),success,close,psychology,cognitive psychology,,high,,,,,,,,144,0.16,etasq,,0.0001,<,,
10.1016/j.jesp.2009.03.009,https://doi.org/10.1016/j.jesp.2009.03.009,,,True,https://doi.org/10.1287/mksc.4.3.199,"Thaler, R.",Mental accounting and consumer choice,Marketing Science,4,3,199-214,1985,Sunk cost effect: people are more likely to attend an event if they paid for the ticket versus received it for free,success,close,psychology,cognitive psychology,,high,,,,,,,,144,0.04,etasq,,0.05,<,,
10.1016/j.jesp.2009.06.003,https://doi.org/10.1016/j.jesp.2009.06.003,,,True,https://doi.org/10.1037/0096-3445.136.1.154,"Elliot, A.; Maier, M.; Moller, A.; Friedman, R.; Meinhardt, J.",Color and psychological functioning: the effect of red on performance attainment,Journal of Experimental Psychology: General,136,1,154-168,2007,Perceiving the color red undermines performance on challenging intellectual tasks,success,conceptual,psychology,cognitive psychology,,high,,,,,,,,20,0.38,etasq,,0.01,<,,
10.1016/j.jesp.2014.04.014.,https://doi.org/10.1016/j.jesp.2014.04.014.,,,True,https://doi.org/10.1016/j.jesp.2009.05.003,"Dewall, C.; Bushman, B.",Hot under the collar in a lukewarm environment: words associated with hot temperature increase aggressive thoughts and hostile perception,Journal of Experimental Social Psychology,45,,1045-1047,2009,Exposure to heat-related primes (vs. cold-related or neutral primes) causes participants to judge an ambiguously aggressive protagonist as more hostile,failure,close,psychology,social psychology,,high,72,0.63,d,,,,,181,-0.02,d,"[-0.38, 0.34]",0.77,=,,
10.1016/j.jesp.2014.04.014.,https://doi.org/10.1016/j.jesp.2014.04.014.,,,True,https://doi.org/10.1016/j.jesp.2009.05.003,"Dewall, C.; Bushman, B.",Hot under the collar in a lukewarm environment: words associated with hot temperature increase aggressive thoughts and hostile perception,Journal of Experimental Social Psychology,45,,1045-1047,2009,Exposure to heat-related primes (vs. cold-related or neutral primes) causes participants to judge an ambiguously aggressive protagonist as more hostile,failure,close,psychology,social psychology,,high,72,0.63,d,,,,,507,-0.06,d,"[-0.27, 0.16]",0.22,=,,
10.1016/j.jesp.2016.07.009,https://doi.org/10.1016/j.jesp.2016.07.009,,,True,https://doi.org/10.1038/scientificamerican0182-160,"Kahneman, D.; Tversky, A.",The psychology of preferences,Scientific American,246,1,160-173,1982,Negative outcomes resulting from action (switching investments) are regretted more than the same negative outcomes resulting from inaction (not switching investments),success,close,psychology,social psychology,,high,,,,,,,,76,0.75,d,,0.042,=,,
10.1016/j.jesp.2016.07.009,https://doi.org/10.1016/j.jesp.2016.07.009,,,True,https://doi.org/10.1038/scientificamerican0182-160,"Kahneman, D.; Tversky, A.",The psychology of preferences,Scientific American,246,1,160-173,1982,Negative outcomes resulting from action (switching investments) are regretted more than the same negative outcomes resulting from inaction (not switching investments),success,close,psychology,social psychology,,high,,,,,,,,154,0.91,d,,0.001,<,,
10.1016/j.jesp.2016.07.009,https://doi.org/10.1016/j.jesp.2016.07.009,,,True,https://doi.org/10.1038/scientificamerican0182-160,"Kahneman, D.; Tversky, A.",The psychology of preferences,Scientific American,246,1,160-173,1982,Negative outcomes resulting from action (switching investments) are regretted more than the same negative outcomes resulting from inaction (not switching investments),success,close,psychology,social psychology,,high,,,,,,,,116,1.15,d,,0.001,<,,
10.1016/j.jesp.2016.07.009,https://doi.org/10.1016/j.jesp.2016.07.009,,,True,https://doi.org/10.1038/scientificamerican0182-160,"Kahneman, D.; Tversky, A.",The psychology of preferences,Scientific American,246,1,160-173,1982,Negative outcomes resulting from action (switching investments) are regretted more than the same negative outcomes resulting from inaction (not switching investments),success,close,psychology,social psychology,,high,,,,,,,,329,0.56,d,,0.001,<,,
10.1016/j.jesp.2017.12.008,https://doi.org/10.1016/j.jesp.2017.12.008,,,True,https://doi.org/10.1016/j.jesp.2015.08.003,"Ottati, Victor; Price, Emily; Wilson, Chadly; Sumaktoyo, Nathanael",When self-perceptions of expertise increase closed-minded cognition: the earned dogmatism effect,Journal of Experimental Social Psychology,61,,131-138,2015,Manipulating perceived expertise through an easy (vs. difficult) recall task decreases open-minded cognition,failure,direct,psychology,social psychology,,high,78,-0.48,d,"[-0.95, -0.01]",,,,297,0.00,d,"[-0.21, 0.21]",,,,
10.1016/j.jesp.2017.12.008,https://doi.org/10.1016/j.jesp.2017.12.008,,,True,https://doi.org/10.1016/j.jesp.2015.08.003,"Ottati, Victor; Price, Emily; Wilson, Chadly; Sumaktoyo, Nathanael",When self-perceptions of expertise increase closed-minded cognition: the earned dogmatism effect,Journal of Experimental Social Psychology,61,,131-138,2015,Manipulating perceived expertise through an easy (vs. difficult) trivia test decreases open-minded cognition,failure,direct,psychology,social psychology,,high,50,-0.67,d,"[-1.25, -0.08]",,,,404,-0.02,d,"[-0.21, 0.17]",,,,
10.1016/j.jesp.2017.12.008,https://doi.org/10.1016/j.jesp.2017.12.008,,,True,https://doi.org/10.1016/j.jesp.2015.08.003,"Ottati, Victor; Price, Emily; Wilson, Chadly; Sumaktoyo, Nathanael",When self-perceptions of expertise increase closed-minded cognition: the earned dogmatism effect,Journal of Experimental Social Psychology,61,,131-138,2015,Envisioning oneself as an expert (vs. having typical knowledge) decreases predicted open-minded cognition,success,direct,psychology,social psychology,,high,50,-0.60,d,"[-0.83, -0.38]",,,,233,-0.54,d,"[-0.64, -0.44]",,,,
10.1016/j.jesp.2018.05.006,https://doi.org/10.1016/j.jesp.2018.05.006,,,False,,,,,,,,,,,,,,,,,,,,,,,,,,,,,,
10.1016/j.jesp.2020.104010,https://doi.org/10.1016/j.jesp.2020.104010,,,True,https://doi.org/10.1037/xge0000595,"Cameron, C.; Hutcherson, C.; Ferguson, A.; Scheffer, J.; Hadjiandreou, E.; Inzlicht, M.",Empathy is hard work: People choose to avoid empathy because of its cognitive costs,Journal of Experimental Psychology,,,,2019,People choose to avoid empathy-eliciting situations with strangers because empathy is cognitively costly,success,close,psychology,social psychology,,high,,,,,,,,153,,,,0.001,<,,
10.1016/j.jesp.2020.104019,https://doi.org/10.1016/j.jesp.2020.104019,,,False,,,,,,,,,,,,,,,,,,,,,,,,,,,,,,
10.1016/j.jesp.2020104066,https://doi.org/10.1016/j.jesp.2020104066,,,True,https://doi.org/10.1016/j.obhdp.2004.12.002,"Mussweiler, T.; Englich, B.",Subliminal anchoring: Judgmental consequences and underlying mechanisms,Organizational Behavior and Human Decision Processes,98,2,133-143,2005,Subliminal presentation of numeric anchors influences subsequent numeric estimates when participants are asked to concentrate and take their time,failure,close,psychology,social psychology,,high,76,0.69,d,"[0.23, 1.16]",,,,165,-0.148,d,,0.830,=,one-sided,
10.1016/j.jesp.2020104066,https://doi.org/10.1016/j.jesp.2020104066,,,True,https://doi.org/10.1016/j.jesp.2005.05.001,"Reitsma-Van Rooijen, M.; Daamen, D.; L",Subliminal anchoring: The effects of subliminally presented numbers on probability estimates,Journal of Experimental Social Psychology,42,3,380-387,2006,Subliminal anchors affect probability estimates only when participants are under time pressure,failure,close,psychology,social psychology,,high,62,0.867,d,,0.025,=,,170,0.025,f,"[0, 0.155]",0.743,=,,
10.1016/j.jmathb.2024.101174,https://doi.org/10.1016/j.jmathb.2024.101174,,,True,https://doi.org/10.1007/s10857-015-9324-9,"Hohensee, C.",Preparing elementary prospective teachers to teach early algebra,Journal of Mathematics Teacher Education,20,3,231-257,2017,"Elementary pre-service teachers find certain aspects of pre-symbolic early algebra challenging when being prepared to teach it, including reasoning about variables and functions, differentiating between variables and unknowns, and using informal diagrams to represent algebraic concepts",success,conceptual,education,educational psychology,,high,,,,,,,,15,,,,,,,
10.1016/j.jml.2006.02.004,https://doi.org/10.1016/j.jml.2006.02.004,,,True,https://doi.org/10.1037/0033-295x.112.1.193,"Bowdle, B.; Gentner, D.",The career of metaphor,Psychological Review,112,1,193-216,2005,Conventional metaphor vehicles are preferred in metaphorical form over simile form more than novel vehicles,failure,close,psychology,cognitive psychology,,high,,,,,,,,48,,,,0.001,<,,
10.1016/j.jml.2006.02.004,https://doi.org/10.1016/j.jml.2006.02.004,,,True,https://doi.org/10.1037/0033-295x.112.1.193,"Bowdle, B.; Gentner, D.",The career of metaphor,Psychological Review,112,1,193-216,2005,"Conventionality interacts with grammatical form such that novel similes are comprehended easier than novel metaphors, whereas conventional metaphors are comprehended easier than conventional similes",failure,close,psychology,cognitive psychology,,high,,,,,,,,60,,,,,,,
10.1016/j.jml.2010.11.002,https://doi.org/10.1016/j.jml.2010.11.002,,,True,https://doi.org/10.1037/0096-3445.122.1.47,"Mazzoni, G.; Cornoldi, C.",Strategies in study time allocation: Why is study time sometimes not effective,Journal of Experimental Psychology: General,122,1,47-60,1993,Self-paced study (where learners control how much time to spend on each item) produces better memory performance than fixed-rate study when total study time is controlled,success,close,psychology,cognitive psychology,,high,,,,,,,,148,,,,0.05,<,,
10.1016/j.jml.2014.05.003,https://doi.org/10.1016/j.jml.2014.05.003,,,False,,,,,,,,,,,,,,,,,,,,,,,,,,,,,,
10.1016/j.jml.2015.05.003,https://doi.org/10.1016/j.jml.2015.05.003,,,True,https://doi.org/10.3758/s13421-010-0023-6,"Blumen, H.; Stern, Y.",Short-term and long-term collaboration benefits on individual recall in younger and older adults,Memory & Cognition,39,1,147-154,2011,Collaborative retrieval practice increases performance on individual memory tests after a delay compared to individual retrieval practice,success,close,psychology,cognitive psychology,,high,,,,,,,,138,0.64,d,,0.001,<,,
10.1016/j.jmp.2004.01.001,https://doi.org/10.1016/j.jmp.2004.01.001,,,False,,,,,,,,,,,,,,,,,,,,,,,,,,,,,,
10.1016/j.jneuroling.2010.05.001,https://doi.org/10.1016/j.jneuroling.2010.05.001,,,True,https://doi.org/10.1080/02687030600631827,"Edwards, S.; Tucker, K.",Verb retrieval in fluent aphasia: a clinical study,Aphasiology,20,7,644-675,2006,"Systematic 'drilling' treatment using verb retrieval tasks (sentence completion, naming to definition, picture naming with hierarchical cueing) improves verb retrieval accuracy and decreases retrieval latency in people with aphasia",success,close,linguistics,applied linguistics,,high,3,,,,,,,3,,,,,,,
10.1016/j.jrp.2012.05.005,https://doi.org/10.1016/j.jrp.2012.05.005,,,True,https://doi.org/10.1016/j.jrp.2010.05.001,"Boyce, C.; Wood, A.; Brown, G.",The dark side of conscientiousness: conscientious people experience greater drops in life satisfaction following unemployment,Journal of Research in Personality,44,4,535-539,2010,Conscientious individuals experience greater decreases in life satisfaction following unemployment,failure,direct,psychology,personality psychology,,high,,,,,,,,197,,,,,,,
10.1016/j.jrp.2012.05.005,https://doi.org/10.1016/j.jrp.2012.05.005,,,True,https://doi.org/10.1177/0022146510368933,"Pai, M.; Carr, D.",Do personality traits moderate the effect of late-life spousal loss on psychological distress?,Journal of Health and Social Behavior,51,2,183-199,2010,Extraversion buffers individuals against depressive symptoms associated with late-life spousal loss when the death is expected,failure,close,psychology,personality psychology,,high,,,,,,,,130,,,,,,,
10.1016/j.jrp.2012.05.005,https://doi.org/10.1016/j.jrp.2012.05.005,,,True,https://doi.org/10.1037/a0028335,"Dyrdal, G.; Lucas, R.",Reaction and adaptation to the birth of a child: a couple level analysis,Developmental Psychology,49,4,749-761,2013,Openness to Experience positively moderates fathers' reactions to childbirth and predicts higher long-term life satisfaction in the years following birth of their first child,inconclusive,close,psychology,personality psychology,,medium,,,,,,,,389,,,,,,,
10.1016/j.jrp.2014.04.009,https://doi.org/10.1016/j.jrp.2014.04.009,,,True,https://doi.org/10.1007/s11205-013-0541-2,"Yap, S.; Anusic, I.; Lucas, R.",Testing set-point theory in a Swiss national sample: reaction and adaptation to major life events,Social Indicators Research,119,3,1265-1288,2012,"Marriage is associated with increases in life satisfaction around the time of the event, followed by return to baseline levels, but married people remain more satisfied than they would have been if they remained unmarried",success,close,psychology,personality psychology,,high,,,,,,,,,0.53,d,,,,,
10.1016/j.jrp.2014.04.009,https://doi.org/10.1016/j.jrp.2014.04.009,,,True,https://doi.org/10.1007/s11205-013-0541-2,"Yap, S.; Anusic, I.; Lucas, R.",Testing set-point theory in a Swiss national sample: reaction and adaptation to major life events,Social Indicators Research,119,3,1265-1288,2012,"Birth of first child is associated with a brief boost in life satisfaction around the time of birth, but long-term life satisfaction levels are not different from baseline",success,close,psychology,personality psychology,,high,,,,,,,,,0.21,d,,,,,
10.1016/j.jrp.2014.04.009,https://doi.org/10.1016/j.jrp.2014.04.009,,,True,https://doi.org/10.1007/s11205-013-0541-2,"Yap, S.; Anusic, I.; Lucas, R.",Testing set-point theory in a Swiss national sample: reaction and adaptation to major life events,Social Indicators Research,119,3,1265-1288,2012,Widowhood is associated with persistent long-term declines in life satisfaction even after accounting for normative changes,inconclusive,close,psychology,personality psychology,,high,,,,,,,,,0.79,d,,,,,
10.1016/j.jrp.2014.04.009,https://doi.org/10.1016/j.jrp.2014.04.009,,,True,https://doi.org/10.1007/s11205-013-0541-2,"Yap, S.; Anusic, I.; Lucas, R.",Testing set-point theory in a Swiss national sample: reaction and adaptation to major life events,Social Indicators Research,119,3,1265-1288,2012,Unemployment is associated with drops in life satisfaction that reflect normative declines over time rather than unique effects of the unemployment event itself,success,close,psychology,personality psychology,,high,,,,,,,,,0.19,d,,,,,
10.1016/j.jrp.2014.09.005,https://doi.org/10.1016/j.jrp.2014.09.005,,,True,https://doi.org/10.1016/j.jrp.2013.09.001,"Vasey, M.; Harbaugh, C.; Lonigan, C.; Phillips, B.; Hankin, B.; Willem, L.",Dimensions of temperament and depressive symptoms: Replicating a three-way interaction,Journal of Research in Personality,47,6,908-921,2013,"The three-way interaction of negative emotionality, positive emotionality, and effortful control predicts concurrent depressive symptoms, following a 'best two out of three' pattern where low risk on any two dimensions protects against high risk on the third",success,close,psychology,personality psychology,,high,1888,,,,,,,319,,,,0.01,<,,
10.1016/j.jrp.2022.104232,https://doi.org/10.1016/j.jrp.2022.104232,,,False,,,,,,,,,,,,,,,,,,,,,,,,,,,,,,
10.1016/j.jrp.2024.104511,https://doi.org/10.1016/j.jrp.2024.104511,,,True,https://doi.org/10.1037/pspp0000263,"Krauss, S.; Orth, U.; Robins, R.",Family environment and self-esteem development: A longitudinal study from age 10 to 16,Journal of Personality and Social Psychology,119,2,457-478,2020,"Multiple characteristics of the family environment (parental warmth, parental hostility, parental monitoring, quality of parental relationship, maternal and paternal depression, and economic hardship) prospectively predict children's self-esteem development from age 10 to 16",failure,close,psychology,developmental psychology,,high,674,,,,,,,451,,,,,,,
10.1016/j.jsp.2017.07.006,https://doi.org/10.1016/j.jsp.2017.07.006,,,True,https://doi.org/10.1177/1088357615618941,"Lemons, Christopher J.; King, Sarah A.; Davidson, Kristen A.; Puranik, Cynthia S.; Al Otaiba, Stephanie; Fulmer, Devin; Fidler, Deborah J.",Developing an early reading intervention aligned with the Down syndrome behavioral phenotype,Research and Practice for Persons with Severe Disabilities,,,,2015,A personalized reading intervention developed in alignment with the Down syndrome behavioral phenotype improves reading outcomes (mastery of taught letter sounds and words) for children with Down syndrome,success,direct,education,special education,,high,5,,,,,,,6,,,,,,,
10.1016/j.jtbi.2007.11.004,https://doi.org/10.1016/j.jtbi.2007.11.004,,,True,https://doi.org/10.1016/j.jtbi.2005.02.010,"Kanazawa, Satoshi",Big and tall parents have more sons: further generalizations of the Trivers–Willard hypothesis,Journal of Theoretical Biology,235,4,583-590,2005,Parents with greater height and weight (BMI) have more male offspring,failure,direct,biology,physiology,,high,,,,,,,,8249,,,,0.99,=,,
10.1016/j.leaqua.2010.03.005,https://doi.org/10.1016/j.leaqua.2010.03.005,,,True,https://doi.org/10.1016/j.obhdp.2005.09.002,"Podsakoff, P.; Bommer, W.; Podsakoff, N.; Mackenzie, S.","Relationships between leader reward and punishment behavior and subordinate attitudes, perceptions, and behaviors: a meta-analytic review of existing and new research",Organizational Behavior and Human Decision Processes,99,2,113-142,2006,Contingent reward and non-contingent punishment leader behaviors are associated with employee trust and organizational citizenship behavior,success,close,business & management,management,,high,,,,,,,,475,,,,,,,
10.1016/j.leaqua.2015.08.005,https://doi.org/10.1016/j.leaqua.2015.08.005,,,True,https://doi.org/10.1037/0021-9010.91.1.97,"Mathieu, J.; Gilson, L.; Ruddy, T.",Empowerment and team effectiveness: an empirical test of an integrated model,Journal of Applied Psychology,91,,97-108,2006,External team leaders' team-oriented behaviors positively influence team empowerment in the context of other organizational supports,success,close,business & management,management,,high,,,,,,,,404,0.08,beta,,,,,
10.1016/j.leaqua.2018.01.002,https://doi.org/10.1016/j.leaqua.2018.01.002,,,True,https://doi.org/10.1126/science.1167748,"Antonakis, J.; Dalgas, O.",Predicting elections: Child's play!,Science,323,5918,1183,2009,Children's judgments of political candidates' facial appearance predict electoral outcomes,success,conceptual,business & management,management,,high,,,,,,,,819,,,,0.02,=,,
10.1016/j.leaqua.2020.101423,https://doi.org/10.1016/j.leaqua.2020.101423,,,True,https://doi.org/10.1287/mnsc.2021.4219,"Antonakis, J.; d'Adda, G.; Weber, R.; Zehnder, C.",Just words? Just speeches? On the economic value of charismatic leadership,NBER Reporter,68,4,6355-6381,2015,Charismatic leadership increases individual performance in a charitable task context,failure,close,business & management,management,,high,106,,,,,,,118,0.07,beta,,0.44,=,,
10.1016/j.leaqua.2020.101423,https://doi.org/10.1016/j.leaqua.2020.101423,,,True,https://doi.org/10.1287/mnsc.2021.4219,"Antonakis, J.; d'Adda, G.; Weber, R.; Zehnder, C.",Just words? Just speeches? On the economic value of charismatic leadership,NBER Reporter,68,4,6355-6381,2015,Performance-based rewards increase individual performance in a charitable task context,inconclusive,close,business & management,management,,high,106,,,,,,,118,0.19,beta,,0.03,=,,
10.1016/j.leaqua.2020.101423,https://doi.org/10.1016/j.leaqua.2020.101423,,,True,https://doi.org/10.1287/mnsc.2021.4219,"Antonakis, J.; d'Adda, G.; Weber, R.; Zehnder, C.",Just words? Just speeches? On the economic value of charismatic leadership,NBER Reporter,68,4,6355-6381,2015,Charismatic leadership increases individual performance in a charitable task context,success,close,business & management,management,,high,106,,,,,,,274,0.36,beta,,0.001,<,,
10.1016/j.leaqua.2020.101423,https://doi.org/10.1016/j.leaqua.2020.101423,,,True,https://doi.org/10.1287/mnsc.2021.4219,"Antonakis, J.; d'Adda, G.; Weber, R.; Zehnder, C.",Just words? Just speeches? On the economic value of charismatic leadership,NBER Reporter,68,4,6355-6381,2015,Performance-based rewards increase individual performance in a charitable task context,success,close,business & management,management,,high,106,,,,,,,274,0.44,beta,,0.001,<,,
10.1016/j.learninstruc.2014.08.004,https://doi.org/10.1016/j.learninstruc.2014.08.004,,,True,https://doi.org/10.1007/s11251-012-9209-6,"Kapur, M.",Productive failure in learning the concept of variance,Instructional Science,40,4,651-672,2012,Problem-solving prior to instruction (Productive Failure approach) improves conceptual knowledge compared to direct instruction,success,close,education,educational psychology,,high,,,,,,,,98,0.27,etasq,,0.001,<,,
10.1016/j.lindif.2008.10.009,https://doi.org/10.1016/j.lindif.2008.10.009,,,True,https://doi.org/10.3200/jexe.72.4.331-346,"Wilkins, J.",Mathematics and science self-concept: An international investigation,The Journal of Experimental Education,72,4,331-346,2004,"Asian countries (Hong Kong, Japan, and Korea) demonstrate the lowest math self-concept when compared to other countries",success,conceptual,psychology,educational psychology,,high,,,,,,,,250000,,,,,,,
10.1016/j.lindif.2008.10.009,https://doi.org/10.1016/j.lindif.2008.10.009,,,True,https://doi.org/10.1027//1015-5759.18.3.242,"Scholz, U.; Dona, B.; Sud, S.; Schwarzer, R.",Is general self-efficacy a universal construct? Psychometric findings from 25 countries,European Journal of Psychological Assessment,18,3,242-251,2002,"Asian countries (Hong Kong, Japan, and Korea) along with Poland demonstrate the lowest levels of general self-efficacy when compared to other countries",success,conceptual,psychology,educational psychology,,high,,,,,,,,250000,,,,,,,
10.1016/j.lindif.2014.11.026,https://doi.org/10.1016/j.lindif.2014.11.026,,,True,https://doi.org/10.1016/j.paid.2010.09.021,"Hunter, P.; Schellenberg, E.",Interactive effects of personality and frequency of exposure on liking for music,Personality and Individual Differences,50,2,175-179,2011,"Openness to experience moderates the relationship between exposure frequency and music satisfaction, with individuals high on openness showing reversed preferences after repeated exposures",success,close,psychology,personality psychology,,high,,,,,,,,106,0.21,beta,,0.022,=,,
10.1016/j.lindif.2015.12.026,https://doi.org/10.1016/j.lindif.2015.12.026,,,True,https://doi.org/10.1037//0022-0663.67.6.882,"Jensen, A.; Figueroa, R.",Forward and backward digit span interaction with race and IQ: Predictions from Jensen's theory,Journal of Educational Psychology,67,6,882,1975,Digit Span Backward shows larger Black-White differences than Digit Span Forward,success,direct,psychology,cognitive psychology,,high,,,,,,,,6796,,,,,,,
10.1016/j.lindif.2015.12.026,https://doi.org/10.1016/j.lindif.2015.12.026,,,True,https://doi.org/10.1037//0022-0663.67.6.882,"Jensen, A.; Figueroa, R.",Forward and backward digit span interaction with race and IQ: Predictions from Jensen's theory,Journal of Educational Psychology,67,6,882,1975,Digit Span Backward is more strongly correlated with General Mental Ability than Digit Span Forward,failure,close,psychology,cognitive psychology,,high,,0.30,r,,,,,8587,0.303,r,,,,,
10.1016/j.lingua.2013.05.004,https://doi.org/10.1016/j.lingua.2013.05.004,,,True,https://doi.org/10.1177/0142723705053120,"Johnson, V.; De Villiers, J.; Seymour, H.",Agreement without understanding? the case of third person singular /s/,First Language,25,3,317-317,2005,English-speaking children do not comprehend 3rd person singular subject-verb agreement (verbal -s) until age 5-6 years,success,close,linguistics,second language acquisition,,high,,,,,,,,21,,,,0.34,=,,
10.1016/j.lingua.2013.05.004,https://doi.org/10.1016/j.lingua.2013.05.004,,,True,,"Pérez-Leroux, A.",Number problems in children,Proceedings of the 2005 Canadian Linguistic Association Annual Conference,,,,2005,Spanish-speaking children do not comprehend 3rd person singular versus plural subject-verb agreement until age 4;8 years,success,close,linguistics,second language acquisition,,high,,,,,,,,31,0.76,d,,0.046,=,two-sided,
10.1016/j.neuroimage.2012.04.024,https://doi.org/10.1016/j.neuroimage.2012.04.024,,,True,https://doi.org/10.1523/jneurosci.6376-10.2011,"Guitart-Masip, M.; Fuentemilla, L.; Bach, D.; Huys, Q.; Dayan, P.; Dolan, R.; Duzel, E.",Action dominates valence in anticipatory representations in the human striatum and dopaminergic midbrain,J. Neurosci,31,21,7867-7875,2011,"Pavlovian influences create an interdependence between action (go/no-go) and valence (reward/punishment), where reward predictions promote active go responses and punishment predictions promote behavioral inhibition",success,close,neuroscience,cognitive neuroscience,,high,,,,,,,,47,,,,0.001,<,,
10.1016/j.neuroimage.2021.118247,https://doi.org/10.1016/j.neuroimage.2021.118247,,,True,https://doi.org/10.1073/pnas.1915629117,"Al, E.; Iliopoulos, F.; Forschack, N.; Nierhaus, T.; Grund, M.; Motyka, P.; Villringer, A.",Heart-brain interactions shape somatosensory perception and evoked potentials,Proc. Natl. Acad. Sci. U.S.A,117,19,10575-10584,2020,Cardiac cycle phase and prestimulus heartbeat-evoked potential (HEP) amplitudes influence somatosensory detection and evoked potentials,success,close,neuroscience,cognitive neuroscience,,high,,,,,,,,36,,,,0.002,=,two-sided,
10.1016/j.neuropsychologia.2012.03.012,https://doi.org/10.1016/j.neuropsychologia.2012.03.012,,,True,https://doi.org/10.1016/j.neuroimage.2010.11.036,"Clark, V.; Coffman, B.; Mayer, A.; Weisend, M.; Lane, T.; Calhoun, V.",TDCS guided using fMRI significantly accelerates learning to identify concealed objects,NeuroImage,59,1,117-128,2012,Transcranial direct current stimulation (tDCS) over right inferior frontal cortex enhances performance during learning of a difficult visual target detection task,success,close,neuroscience,cognitive neuroscience,,high,36,,,,,,,19,,,,,,,
10.1016/j.neuropsychologia.2018.05.004,https://doi.org/10.1016/j.neuropsychologia.2018.05.004,,,True,https://doi.org/10.1016/j.neuropsychologia.2012.04.015,"Abraham, A.; Pieritz, K.; Thybusch, K.; Rutter, B.; Kröger, S.; Schweckendiek, J.; Hermann, C.",Creativity and the brain: uncovering the neural signature of conceptual expansion,Neuropsychologia,50,8,1906-1917,2012,"Creative conceptual expansion during the alternate uses task engages the left anterior inferior frontal gyrus, temporal poles, and lateral frontopolar cortex",success,direct,neuroscience,cognitive neuroscience,,high,19,,,,,,,34,,,,,,,
10.1016/j.nlm.2017.09.009,https://doi.org/10.1016/j.nlm.2017.09.009,,,True,,"Kotchoubey, B.; Lang, S.; Herb, E.; Maurer, P.; Birbaumer, N.",Reliability of brain responses to the own name in healthy subjects and patients with brain damage,Reliability of brain responses to the own name in healthy subjects and patients with brain damage,,,,2004,Subject's own name elicits a larger P3 component than different names in a three-stimulus oddball paradigm,success,close,neuroscience,cognitive neuroscience,,high,,,,,,,,91,,,,,,,
10.1016/j.nlm.2017.09.009,https://doi.org/10.1016/j.nlm.2017.09.009,,,True,https://doi.org/10.1001/archneur.63.4.562,"Perrin, F.; Schnakers, C.; Schnabus, M.; Degueldre, C.; Goldman, S.; Bredart, S.; Laureys, S.","Brain response to one's own name in vegetative state, minimally conscious state, and locked-in syndrome",Archives of Neurology,63,4,562-569,2006,Subject's own name elicits a larger P3 component than different names in a three-stimulus oddball paradigm,success,close,neuroscience,cognitive neuroscience,,high,,,,,,,,91,,,,,,,
10.1016/j.obhdp.2003.10.001,https://doi.org/10.1016/j.obhdp.2003.10.001,,,False,,,,,,,,,,,,,,,,,,,,,,,,,,,,,,
10.1016/j.obhdp.2004.03.002,https://doi.org/10.1016/j.obhdp.2004.03.002,,,True,https://doi.org/10.1002/job.92,"Andrews, M.; Kacmar, K.","Discriminating among organizational politics, justice, and support",Journal of Organizational Behavior,22,4,347-366,2001,Organizational politics and procedural justice are empirically distinct constructs that can be discriminated through confirmatory factor analysis,success,direct,psychology,social psychology,,high,,,,,,,,414,,,,,,,
10.1016/j.obhdp.2006.01.005 (1),https://doi.org/10.1016/j.obhdp.2006.01.005 (1),,,False,,,,,,,,,,,,,,,,,,,,,,,,,,,,,,
10.1016/j.obhdp.2006.04.001,https://doi.org/10.1016/j.obhdp.2006.04.001,,,True,https://doi.org/10.1111/j.1467-9280.1992.tb00678.x,"Tversky, A.; Shafir, E.",The disjunction effect in choice under uncertainty,Psychological Science,3,5,305-309,1992,"Coin flip gamble: people violate the sure-thing principle by accepting a second bet after winning and after losing, but not when the first bet's outcome is unknown",success,direct,psychology,cognitive psychology,,high,,,,,,,,55,,,,0.65,>,,
10.1016/j.obhdp.2006.04.001,https://doi.org/10.1016/j.obhdp.2006.04.001,,,True,https://doi.org/10.1111/j.1467-9280.1992.tb00678.x,"Tversky, A.; Shafir, E.",The disjunction effect in choice under uncertainty,Psychological Science,3,5,305-309,1992,"Three Card Monte gamble: people violate the sure-thing principle by accepting a second bet after winning and after losing, but not when the first bet's outcome is unknown",success,direct,psychology,cognitive psychology,,high,,,,,,,,55,,,,0.79,>,,
10.1016/j.obhdp.2006.04.001,https://doi.org/10.1016/j.obhdp.2006.04.001,,,True,https://doi.org/10.1111/j.1467-9280.1992.tb00678.x,"Tversky, A.; Shafir, E.",The disjunction effect in choice under uncertainty,Psychological Science,3,5,305-309,1992,"Reverse Three Card Monte gamble: people violate the sure-thing principle by accepting a second bet after winning and after losing, but not when the first bet's outcome is unknown",success,direct,psychology,cognitive psychology,,high,,,,,,,,55,,,,0.09,>,,
10.1016/j.obhdp.2006.04.004,https://doi.org/10.1016/j.obhdp.2006.04.004,,,True,https://doi.org/10.1016/j.obhdp.2004.05.004,"Birnbaum, M. H.","Tests of rank-dependent utility and cumulative prospect theory in gambles represented by natural frequencies: effects of format, event framing, and branch splitting",Organizational Behavior and Human Decision Processes,95,1,40-65,2004,Violations of coalescing in Allais paradoxes refute cumulative prospect theory as a descriptive model of risky decision making,success,close,psychology,cognitive psychology,,high,,,,,,,,200,,,,,,,
10.1016/j.obhdp.2008.02.005,https://doi.org/10.1016/j.obhdp.2008.02.005,,,True,https://doi.org/10.1037/0022-3514.85.6.1121,"Moore, D.; Kim, T.",Myopic social prediction and the solo comparison effect,Journal of Personality and Social Psychology,85,6,1121-1135,2003,"Absolute performance information affects comparative judgments: when people lack comparative information, they use their own absolute performance to predict how they will perform relative to others (the solo comparison effect)",success,close,psychology,social psychology,,high,,,,,,,,94,0.15,etasq,,0.001,<,,
10.1016/j.obhdp.2009.01.001,https://doi.org/10.1016/j.obhdp.2009.01.001,,,True,https://doi.org/10.1037/0021-9010.91.5.1172,"Stajkovic, A.; Locke, E.; Blair, E.","A first examination of the relationships between primed subconscious goals, assigned conscious goals, and task performance",Journal of Applied Psychology,91,5,1172-1180,2006,Primed subconscious goals and conscious goals increase task performance,success,close,psychology,social psychology,,high,,,,,,,,81,0.43,d,,0.05,<,,
10.1016/j.obhdp.2011.11.010,https://doi.org/10.1016/j.obhdp.2011.11.010,,,True,https://doi.org/10.1126/science.1121629,"Dijksterhuis, A.; Bos, M.; Nordgren, L.; Van Baaren, R.",On making the right choice: the deliberation-without-attention effect,Science,311,5763,1005-1007,2006,"In complex decision-making situations, unconscious thought (deliberating while distracted) leads to better decisions than conscious thought",failure,direct,psychology,cognitive psychology,,high,20,,,,,,,60,,,,0.20,=,,
10.1016/j.obhdp.2013.05.001,https://doi.org/10.1016/j.obhdp.2013.05.001,,,True,https://doi.org/10.1037/0022-3514.77.2.221,"Kruger, J.",Lake Wobegon be gone! The 'below-average effect' and the egocentric nature of comparative ability judgments,Journal of Personality and Social Psychology,77,2,221-232,1999,"People weight their own abilities more heavily than others' abilities when making comparative ability judgments, showing differential weighting where self-assessments have more to do with own skills than with others' skills",success,direct,psychology,social psychology,,high,,,,,,,,112,,,,0.001,<,,
10.1016/j.obhdp.2013.05.001,https://doi.org/10.1016/j.obhdp.2013.05.001,,,True,https://doi.org/10.1037/0022-3514.95.2.253,"Windschitl, P.; Rose, J.; Stalkfleet, M.; Smith, A.",Are people excessive or judicious in their egocentrism? A modeling approach to understanding bias and accuracy in people's optimism within competitive contexts,Journal of Personality and Social Psychology,95,2,253-273,2008,"People show differential weighting in comparative judgments when predicting their performance relative to others on trivia quizzes, with predictions weighted more heavily toward self-assessment than assessment of the competitor",success,direct,psychology,social psychology,,high,,,,,,,,112,,,,0.001,<,,
10.1016/j.obhdp.2013.05.001,https://doi.org/10.1016/j.obhdp.2013.05.001,,,True,https://doi.org/10.1016/j.jesp.2003.06.002,"Kruger, J.; Burrus, J.",Egocentrism and focalism in unrealistic optimism (and pessimism),Journal of Experimental Social Psychology,40,3,332-340,2004,"People show differential weighting when predicting the likelihood of future life events happening to themselves versus others, with judgments focused more on self-relevant information than on others' likelihood",success,direct,psychology,social psychology,,high,,,,,,,,112,,,,0.001,<,,
10.1016/j.obhdp.2014.11.003,https://doi.org/10.1016/j.obhdp.2014.11.003,,,True,https://doi.org/10.1002/bdm.1789,"Erlandsson, A.; Björklund, F.; Bäckström, M.",Perceived utility (not sympathy) mediates the proportion dominance effect in helping decisions,Journal of Behavioral Decision Making,27,1,37-47,2014,Perceived impact (not sympathy) mediates the proportion dominance effect in helping decisions,success,direct,psychology,social psychology,,high,,,,,,,,39,,,,0.001,<,,
10.1016/j.obhdp.2019.05.005,https://doi.org/10.1016/j.obhdp.2019.05.005,,,True,https://doi.org/10.1016/j.jpubeco.2014.06.014,"Ashraf, Nava; Bandiera, Oriana; Jack, B. Kelsey","No margin, no mission? A field experiment on incentives for public service delivery",Journal of Public Economics,120,,1-17,2014,Social recognition (stars for performance plus public ceremony for top performers) increases work performance,inconclusive,close,economics,behavioral economics,,high,800,,,,,,,140,,,,,,,
10.1016/j.obhdp.2021.04.001,https://doi.org/10.1016/j.obhdp.2021.04.001,,,True,https://doi.org/10.1111/j.1467-9280.2008.02100.x,"Halevy, N.; Bornstein, G.; Sagiv, L.",In-group love and out-group hate as motives for individual participation in intergroup conflict: a new game paradigm,Psychological Science,19,4,405-411,2008,"In the IPD-MD game, participants prefer parochial cooperation (helping ingroup without harming outgroup) over outgroup spite (helping ingroup while harming outgroup), and intragroup communication increases parochial cooperation but not outgroup spite",success,direct,psychology,social psychology,,high,,,,,,,,117,,,,0.001,<,,
10.1016/j.obhdp.2021.04.001,https://doi.org/10.1016/j.obhdp.2021.04.001,,,True,https://doi.org/10.1177/1368430210377332,"De Dreu, C.",Social value orientation moderates ingroup love but not outgroup hate in competitive intergroup conflict,Group Processes & Intergroup Relations,13,6,701-713,2010,Social value orientation (chronic prosocial tendencies) is positively correlated with parochial cooperation but not with outgroup spite in intergroup conflict,success,direct,psychology,social psychology,,high,,,,,,,,120,9.64,beta,,0.002,=,one-sided,
10.1016/j.obhdp.2021.04.001,https://doi.org/10.1016/j.obhdp.2021.04.001,,,True,https://doi.org/10.1016/j.euroecorev.2016.01.004,"Weisel, O.; Zultan, R.",Social motives in intergroup conflict: group identity and perceived target of threat,European Economic Review,90,,122-133,2016,Framing intergroup conflict at the group level (rather than individual level) increases participation in conflict as measured by contributions to the between-group pool in the IPD game,success,direct,psychology,social psychology,,high,,,,,,,,120,,,,0.013,=,one-sided,
10.1016/j.paid.2010.09.021,https://doi.org/10.1016/j.paid.2010.09.021,,,True,https://doi.org/10.1037/0278-7393.30.2.370,"Szpunar, K.; Schellenberg, E.; Pliner, P.",Liking and memory for musical stimuli as a function of exposure,"Journal of Experimental Psychology: Learning, Memory",30,2,370-381,2004,"Liking for music follows an inverted-U shaped function of exposure frequency, with liking peaking at 8 exposures and declining after 32 exposures",success,direct,psychology,cognitive psychology,,high,,,,,,,,79,0.178,etasq,,0.005,<,,
10.1016/j.paid.2012.04.040,https://doi.org/10.1016/j.paid.2012.04.040,,,True,https://doi.org/10.1177/147470491100900407,"Lewis, D.; Conroy-Beam, D.; Al-Shawaf, L.; Raja, A.; Dekay, T.; Buss, D.",Friends with benefits: Ultimate functions and proximate psychology of same-and opposite-sex friendship,Evolutionary Psychology,9,4,543-563,2011,"Men place greater value on physical attractiveness in opposite-sex friends, whereas women place greater value on economic resources and physical prowess",success,direct,psychology,social psychology,,high,,,,,,,,167,0.17,etasq,,0.001,<,,
10.1016/j.paid.2014.12.045,https://doi.org/10.1016/j.paid.2014.12.045,,,True,https://doi.org/10.1111/j.1467-6494.1994.tb00798.x,"Gabriel, M. T.; Critelli, J. W.; Ee, J. S.",Narcissistic illusions in self-evaluations of intelligence and attractiveness,Journal of Personality,62,1,143-155,1994,Narcissism is positively correlated with self-evaluated intelligence even after controlling for objectively measured cognitive ability,success,direct,psychology,personality psychology,,high,,,,,,,,205,0.26,r,,0.001,<,,
10.1016/j.paid.2015.08.031,https://doi.org/10.1016/j.paid.2015.08.031,,,True,https://doi.org/10.1016/j.paid.2014.11.040,"Yang, H.; Stoeber, J.; Wang, Y.","Moral perfectionism and moral values, virtues, and judgments: A preliminary investigation",Personality and Individual Differences,75,,229-233,2015,"Perfectionistic personal moral standards (but not concern over moral mistakes) show unique positive relationships with moral values, virtues, and judgments",success,close,psychology,personality psychology,,high,,,,,,,,238,,,,,,,
10.1016/j.paid.2015.08.050,https://doi.org/10.1016/j.paid.2015.08.050,,,False,,,,,,,,,,,,,,,,,,,,,,,,,,,,,,
10.1016/j.paid.2017.02.069,https://doi.org/10.1016/j.paid.2017.02.069,,,True,https://doi.org/10.1521/jscp.2005.24.4.580,"Rice, K.; Lopez, F.; Vergara, D.",Parental/social influences on perfectionism and adult attachment orientation,Journal of Social and Clinical Psychology,24,4,580-605,2005,"Parental expectations are associated with self-oriented perfectionism-striving, and parental criticism is associated with self-oriented perfectionism-critical",success,close,psychology,developmental psychology,,high,241,,,,,,,203,,,,0.001,<,,
10.1016/j.paid.2018.11.030,https://doi.org/10.1016/j.paid.2018.11.030,,,True,https://doi.org/10.1207/s15327752jpa5001_2,"Farmer, R.; Sundberg, N.",Boredom proneness. The development and correlates of a new scale,Journal of Personality Assessment,50,,4-17,1986,The Boredom Proneness Scale (BPS-28) has a unidimensional factorial structure representing a general personal tendency to become bored,failure,direct,psychology,personality psychology,,high,,,,,,,,690,,,,,,,
10.1016/j.paid.2018.11.030,https://doi.org/10.1016/j.paid.2018.11.030,,,True,https://doi.org/10.3406/psy.1998.28576,"Gana, K.; Akremi, M.",French adaptation and validation of the Boredom Proneness Scale (BP),L'Annee Psychologique,98,,429-450,1998,The BPS-26 has a two-factor structure (lack of Internal Stimulation and External Stimulation) as found in French validation,failure,direct,psychology,personality psychology,,high,,,,,,,,690,,,,,,,
10.1016/j.paid.2018.11.030,https://doi.org/10.1016/j.paid.2018.11.030,,,True,https://doi.org/10.1207/s15327752jpa8503_05,"Vodanovich, S.; Wallace, J.; Kass, S.",A confirmatory approach to the factor structure of the Boredom Proneness Scale: Evidence for a two-factor short form,Journal of Personality Assessment,85,,295-303,2005,The BPS-SF (12-item short form) has a two-factor structure representing boredom proneness,failure,direct,psychology,personality psychology,,high,,,,,,,,690,,,,,,,
10.1016/j.paid.2018.11.030,https://doi.org/10.1016/j.paid.2018.11.030,,,True,https://doi.org/10.1177/1073191115609996,"Struk, A.; Carriere, J.; Cheyne, J.; Danckert, J.",A short Boredom Proneness Scale: Development and psychometric properties,Assessment,24,,346-359,2017,The BPS-8 (8-item short form) has a unidimensional factorial structure representing boredom proneness,success,direct,psychology,personality psychology,,high,,,,,,,,690,,,,,,,
10.1016/j.paid.2019.04.001,https://doi.org/10.1016/j.paid.2019.04.001,,,False,,,,,,,,,,,,,,,,,,,,,,,,,,,,,,
10.1016/j.paid.2019.06.012,https://doi.org/10.1016/j.paid.2019.06.012,,,True,https://doi.org/10.1080/23311908.2016.1199294,"Verzeletti, C.; Zammuner, V.; Galli, C.; Agnoli, S.",Emotion regulation strategies and psychosocial well-being in adolescence,Cogent Psychology,3,,1-15,2016,Emotion suppression is positively correlated with loneliness in adolescents,success,close,psychology,social psychology,,high,,,,,,,,142,0.18,r,,0.05,<,,
10.1016/j.paid.2021.111472,https://doi.org/10.1016/j.paid.2021.111472,,,True,https://doi.org/10.5127/jep.057116,"Hur, J.; Heller, W.; Kern, J.; Berenbaum, H.",A bi-factor approach to modeling the structure of worry and rumination,Journal of Experimental Psychopathology,8,3,252-264,2017,"A bifactor structure provides the best fit for modeling the relation between worry and rumination, with a general negative repetitive thinking factor capturing common variance and specific worry and rumination factors capturing unique variance",success,direct,psychology,clinical psychology,,high,,,,,,,,2091,,,,0.001,<,,
10.1016/j.paid.2021.111472,https://doi.org/10.1016/j.paid.2021.111472,,,True,https://doi.org/10.5127/jep.057116,"Hur, J.; Heller, W.; Kern, J.; Berenbaum, H.",A bi-factor approach to modeling the structure of worry and rumination,Journal of Experimental Psychopathology,8,3,252-264,2017,"A bifactor structure provides the best fit for modeling the relation between worry and rumination, with a general negative repetitive thinking factor capturing common variance and specific worry and rumination factors capturing unique variance",success,close,psychology,clinical psychology,,high,,,,,,,,2256,,,,0.001,<,,
10.1016/j.pain.2004.07.022,https://doi.org/10.1016/j.pain.2004.07.022,,,True,https://doi.org/10.1016/j.neucli.2003.11.001,"Van Damme, S.; Lorenz, J.; Eccleston, C.; Koster, E.; Clercq, D.; Crombez, G.",Fear-conditioned cues of impending pain facilitate attentional engagement in an emotional modification of the exogenous cueing paradigm,Neurophysiol Clin,34,1,33-39,2004,Signals of impending pain facilitate attentional engagement in a spatial cueing paradigm,success,close,psychology,cognitive psychology,,high,,,,,,,,52,,,,,,,
10.1016/j.psychres.2013.11.009,https://doi.org/10.1016/j.psychres.2013.11.009,,,True,https://doi.org/10.1016/j.psychres.2013.10.012,"Gooding, D.; Pflum, M.",The assessment of interpersonal pleasure: introduction of the Anticipatory and Consummatory Interpersonal Pleasure Scale (ACIPS) and preliminary findings,Psychiatry Research,215,1,237-243,2014,The ACIPS scale demonstrates high internal consistency and shows expected patterns of convergent and discriminant validity with established measures of anhedonia and pleasure,success,direct,psychology,clinical psychology,,high,,,,,,,,1708,,,,,,,
10.1016/j.psychsport.2015.08.007,https://doi.org/10.1016/j.psychsport.2015.08.007,,,True,https://doi.org/10.1123/jsp.1.4.320,"Weinberg, R.; Gould, D.; Jackson, A.",Expectations and performance: an empirical test of Bandura's self-efficacy theory,Journal of Sport Psychology,1,4,320-331,1979,Higher self-efficacy leads to greater persistence on a muscular endurance task when feedback about performance is unambiguous (competitors can observe each other),success,close,psychology,sports psychology,,high,,0.68,r,,,,,154,0.051,r²,,0.017,=,,
10.1016/j.psychsport.2015.08.007,https://doi.org/10.1016/j.psychsport.2015.08.007,,,True,https://doi.org/10.1123/jsp.2.4.340,"Weinberg, R.; Yukelson, D.; Jackson, A.",Effect of public and private efficacy expectations on competitive performance,Journal of Sport Psychology,2,4,340-349,1980,Higher self-efficacy leads to greater persistence on a muscular endurance task when competitors cannot observe each other (ambiguous feedback condition),failure,close,psychology,sports psychology,,high,,0.19,r,,,,,154,0.011,r²,,0.501,=,,
10.1016/j.psym.2016.03.006,https://doi.org/10.1016/j.psym.2016.03.006,,,True,https://doi.org/10.1111/j.1478-3231.2010.02246.x,"Stewart, C.; Enders, F.; Schneider, N.; Felmlee-Devine, D.; Kamath, P.; Smith, G.",Development of a three-factor neuropsychological approach for detecting minimal hepatic encephalopathy,Liver Int,30,6,841-849,2010,"Cognitive functioning among patients with cirrhosis can be described by a three-factor model comprising global intellectual functioning, psychomotor speed, and learning and memory functioning",success,close,medical fields,psychiatry,,high,,,,,,,,246,,,,0.001,<,,
10.1016/j.ridd.2011.07.018,https://doi.org/10.1016/j.ridd.2011.07.018,,,True,https://doi.org/10.3104/REPORTS.2059,"Jones, E.; Feeley, K.; Blackburn, C.",A preliminary study of intervention addressing early developing requesting behaviours in young toddlers with Down syndrome,,,,,2010,Teaching infants with Down syndrome to shift gaze and vocalize to request continued social interaction with an object increases requesting behaviors,success,close,psychology,clinical psychology,,high,,,,,,,,4,,,,,,,
10.1016/j.schres.2010.01.028,https://doi.org/10.1016/j.schres.2010.01.028,,,True,https://doi.org/10.1016/j.pnpbp.2009.02.004,"Ohnuma, T.; Shibata, N.; Maeshima, H.; Baba, H.; Hatano, T.; Hanzawa, R.; Arai, H.",Association analysis of glycine-and serine-related genes in a Japanese population of patients with schizophrenia,Progress in Neuro-Psychopharmacology and Biological Psychiatry,33,3,511-518,2009,"Three SNPs in the DAO gene (rs3825251, rs3918347, and rs4964770) and their haplotypes are associated with schizophrenia in a Japanese population",failure,direct,medical fields,psychiatry,,high,680,1.152,OR,,,,,3498,,,,0.84,=,two-sided,
10.1016/j.socscimed.2010.04.026,https://doi.org/10.1016/j.socscimed.2010.04.026,,,True,https://doi.org/10.1111/j.1751-9861.1999.tb00053.x,"Burkholder, G.; Harlow, L.; Washkwich, J.","Social stigma, HIV/AIDS knowledge, and sexual risk",Journal of Applied Bio-Behavioral Research,4,1,27-44,1999,"Stigmatizing attitudes toward people with HIV/AIDS are associated with reduced safer sexual behavior, with this relationship not mediated by reduced perception of personal vulnerability to HIV",success,close,psychology,social psychology,,high,,,,,,,,460,-0.098,unstandardized regression coefficient,"[-0.151, -0.039]",0.001,=,,
10.1016/j.trf.2014.05.005,https://doi.org/10.1016/j.trf.2014.05.005,,,True,https://doi.org/10.1016/j.aap.2010.05.014,"Lewis-Evans, B.; De Waard, D.; Brookhuis, K.","That's close enough-A threshold effect of time headway on the experience of risk, task difficulty, effort, and comfort",Accident Analysis and Prevention,42,6,1926-1933,2010,"A threshold effect exists for time headway on drivers' ratings of risk, task difficulty, effort, and comfort, where ratings stay constant for large time headways (4.0-2.0s) but increase significantly for time headways below 2.0s",success,close,psychology,human factors and ergonomics,,high,40,,,,0.001,<,,33,,,,0.001,<,,
10.1016/j.visres.2020.04.011,https://doi.org/10.1016/j.visres.2020.04.011,,,True,https://doi.org/10.1097/00001756-199901180-00004,"Valle-Inclan, F.; Hackley, S.; De Labra, C.; Alvarez, A.",Early visual processing during binocular rivalry studied with visual evoked potentials,Neuroreport,10,1,21-25,1999,"Probes presented to the suppressed eye during binocular rivalry produce shorter percept durations than probes presented to the dominant eye, with no-probe trials falling midway between the two conditions",success,close,psychology,cognitive psychology,,high,,,,,,,,17,1.01,d,,0.001,<,,
10.1016/s0010-0277(99)00052-9,https://doi.org/10.1016/s0010-0277(99)00052-9,,,True,https://doi.org/10.1037/0278-7393.24.2.267,"Gerhand, S.; Barry, C.",Word frequency effects in oral reading are not merely age-of-acquisition effects in disguise,Journal of Experimental Psychology: Learning,24,2,267-283,1998,Age-of-acquisition and word frequency both independently affect word naming latencies in immediate (standard) oral reading,success,close,psychology,cognitive psychology,,high,,,,,,,,30,,,,0.01,<,,
10.1016/s0926-6410(02)00068-x,https://doi.org/10.1016/s0926-6410(02)00068-x,,,True,https://doi.org/10.1016/0028-3932(87)90048-0,"Gazzaniga, M.S.",Perceptual and attentional processes following callosal section in humans,Neuropsychologia,25,1,119-133,1987,Split-brain patients cannot perceive visual apparent motion across the midline,success,direct,neuroscience,cognitive neuroscience,,high,,,,,,,,1,,,,,,,
10.1016/s1048-9843(03)00008-0,https://doi.org/10.1016/s1048-9843(03)00008-0,,,True,https://doi.org/10.1016/s1048-9843(98)90038-8,"Pillai, R.; Williams, E.",Does leadership matter in the political arena? Voter perceptions of candidates' transformational and charismatic leadership and the 1996 U.S. presidential vote,The Leadership Quarterly,9,3,397-416,1998,Transformational leadership and attributed charisma predict voting behavior for presidential candidates beyond the effects of party affiliation,success,close,political science,political economy,,high,,,,,,,,342,,,,,,,
10.1016/s1048-9843(97)90031-x,https://doi.org/10.1016/s1048-9843(97)90031-x,,,True,https://doi.org/10.1037/0021-9010.72.3.444,"Vecchio, R.",Situational leadership theory: An examination of a prescriptive theory,Journal of Applied Psychology,72,3,444-445,1987,"Situational Leadership Theory predicts a three-way interaction among leader task behavior, leader relationship behavior, and subordinate readiness/maturity in determining leader effectiveness",failure,direct,psychology,social psychology,,high,303,,,,,,,332,,,,,,,
10.1016j/jsp.2024.101307,https://doi.org/10.1016j/jsp.2024.101307,,,True,https://doi.org/10.1016/j.jsp.2021.09.004,"Gettinger, M.; Kratochwill, T.; Eubanks, A.; Foy, A.; Levin, J.",Academic and behavior combined support: Evaluation of an integrated supplemental intervention for early elementary students,Journal of School Psychology,89,,1-19,2021,ABC Support intervention improves reading fluency and classroom behavior (engagement and disruptiveness) for Grade 2 students with academic and behavioral deficits,success,close,education,educational psychology,,high,6,2.53,g,,,,,4,3.59,g,,0.042,=,one-sided,
10.1017/bec.2013.16.,https://doi.org/10.1017/bec.2013.16.,,,True,https://doi.org/10.1016/s0005-7967(02)00012-8,"Van Den Hout, M.; Kindt, M.",Repeated checking causes memory distrust,Behaviour Research and Therapy,41,,301-316,2003,"Repeated checking of a virtual stove leads to decreased memory confidence, vividness, and detail compared to a control stimulus, without affecting memory accuracy",success,direct,psychology,clinical psychology,,high,39,,,,,,,113,0.39,etasq,,0.001,<,,
10.1017/epi.2013.23,https://doi.org/10.1017/epi.2013.23,,,True,,"Starmans, Christina; Friedman, Ori",Is knowledge subjective? A sex difference in adults' epistemic intuitions,Biennial Meeting of the Cognitive Development Society,,,,2009,Female participants are more likely than male participants to attribute knowledge to protagonists in Gettier cases,failure,direct,psychology,experimental philosophy,,high,,,,,,,,1153,,,,,>,,
10.1017/pds.2024.14,https://doi.org/10.1017/pds.2024.14,,,True,,"Matthiesen, S.; Nelius, T.",Managing assumptions during analysis - study on successful approaches of design engineers,ICED 2018,,,,2018,A structured verbalization of one's own understanding of a technical system helps to identify gaps and mistakes in the own analysis,success,direct,engineering,general engineering,,high,26,,,,,,,16,0.38,r,,0.147,=,,
10.1017/pds.2024.14,https://doi.org/10.1017/pds.2024.14,,,True,,"Matthiesen, S.; Nelius, T.",Managing assumptions during analysis - study on successful approaches of design engineers,ICED 2018,,,,2018,Verifying own assumptions about the function and behaviour of a technical system improves the quality of the analysis,failure,direct,engineering,general engineering,,medium,24,0.63,r,,0.001,=,,16,0.48,r,,0.06,=,,
10.1017/s0033291703001715,https://doi.org/10.1017/s0033291703001715,,,True,https://doi.org/10.1001/archpsyc.1993.01820190043005,"Breier, A.; Davis, O. R.; Buchanan, R. W.; Moricle, L. A.; Munson, R. C.",Effects of metabolic perturbation on plasma homovanillic acid in schizophrenia. Relationship to prefrontal cortex volume,Archives of General Psychiatry,50,7,541-550,1993,Individuals with schizophrenia display an increased homovanillic acid (HVA) response to metabolic stress compared to healthy controls,success,direct,psychology,clinical psychology,,high,,,,,,,,100,,,,0.039,<,,
10.1017/s0033291714002359,https://doi.org/10.1017/s0033291714002359,,,True,https://doi.org/10.1080/14640748808402300,"Huq, S.; Garety, P.; Hemsley, D.",Probabilistic judgements in deluded and non-deluded subjects,Quarterly Journal of Experimental Psychology,40,4,801-812,1988,"Deluded individuals require fewer draws before making a decision in a probabilistic reasoning task (beads task), gathering less evidence than non-deluded controls",success,close,psychology,clinical psychology,,high,,,,,,,,112,,,,0.021,=,,
10.1017/s026144482000021x,https://doi.org/10.1017/s026144482000021x,,,True,https://doi.org/10.1111/flan.12063,"Wu, S.; Ortega, L.",Measuring global oral proficiency in SLA research: A new elicited imitation test of L2 Chinese,Foreign Language Annals,46,4,680-704,2013,An elicited imitation test (EIT) reliably distinguishes between low-level and high-level language abilities among instructed second language learners of Mandarin Chinese,success,close,linguistics,second language acquisition,,high,40,,,,,,,65,,,,,,,
10.1017/s027226312400010x,https://doi.org/10.1017/s027226312400010x,,,True,https://doi.org/10.1017/s0272263114000126,"Kanwit, M.; Geeslin, K.",The interpretation of Spanish subjunctive and indicative forms in adverbial clauses: a cross-sectional study,Studies in Second Language Acquisition,36,3,487-533,2014,"L2 learners interpret verbal moods in Spanish adverbial clauses in variable ways, with indicative linked to habitual interpretation and subjunctive linked to not-yet-occurred interpretation",success,close,linguistics,second language acquisition,,high,64,,,,,,,119,,,,,,,
10.1017/s0305000996002917,https://doi.org/10.1017/s0305000996002917,,,False,,,,,,,,,,,,,,,,,,,,,,,,,,,,,,
10.1017/s1041610222000898,https://doi.org/10.1017/s1041610222000898,,,True,https://doi.org/10.1016/j.jagp.2018.06.010,"Monin, J.",Longitudinal associations between cognitive functioning and depressive symptoms among older adult spouses in the Cardiovascular Health Study,The American Journal of Geriatric Psychiatry,26,,1036-1046,2018,One spouse's greater depressive symptoms predict the other spouse's greater depressive symptoms over time (partner effects for depression),success,close,psychology,clinical psychology,,high,,,,,,,,1810,0.10,Beta,,,,,
10.1017/s1041610222000898,https://doi.org/10.1017/s1041610222000898,,,True,https://doi.org/10.1016/j.jagp.2018.06.010,"Monin, J.",Longitudinal associations between cognitive functioning and depressive symptoms among older adult spouses in the Cardiovascular Health Study,The American Journal of Geriatric Psychiatry,26,,1036-1046,2018,One spouse's greater depressive symptoms predict the other spouse's lower cognitive functioning over time (cross-partner cognition-depression effects),failure,close,psychology,clinical psychology,,high,,,,,,,,1810,,,,,,,
10.1017/thg.2023.45,https://doi.org/10.1017/thg.2023.45,,,True,https://doi.org/10.1016/j.ajhg.2016.03.008,"Mbarek, H.; Steinberg, S.; Nyholt, D.; Gordon, S.; Miller, M.; Mcrae, A.; Hottenga, J.; Day, F.; Willemsen, G.; De Geus, E.; Davies, G.; Martin, H.; Penninx, B.; Jansen, R.; Mcaloney, K.; Vink, J.; Kaprio, J.; Plomin, R.; Spector, T.; Boomsma, D.",Identification of common genetic variants influencing spontaneous dizygotic twinning and female fertility,American Journal of Human Genetics,98,,898-908,2016,Genetic variants near FSHB (Follicle Stimulating Hormone Beta subunit) are associated with spontaneous dizygotic twinning in mothers of DZ twins,success,direct,biology,genetics,,high,14933,,,,,,,27282,,,,0.0000000000000000678,=,,
10.1017/thg.2023.45,https://doi.org/10.1017/thg.2023.45,,,True,https://doi.org/10.1016/j.ajhg.2016.03.008,"Mbarek, H.; Steinberg, S.; Nyholt, D.; Gordon, S.; Miller, M.; Mcrae, A.; Hottenga, J.; Day, F.; Willemsen, G.; De Geus, E.; Davies, G.; Martin, H.; Penninx, B.; Jansen, R.; Mcaloney, K.; Vink, J.; Kaprio, J.; Plomin, R.; Spector, T.; Boomsma, D.",Identification of common genetic variants influencing spontaneous dizygotic twinning and female fertility,American Journal of Human Genetics,98,,898-908,2016,Genetic variants in SMAD3 (SMAD Family Member 3) are associated with spontaneous dizygotic twinning in mothers of DZ twins,success,direct,biology,genetics,,high,14933,,,,,,,27282,,,,0.000000471,=,,
10.1017_s0261444824000120,https://doi.org/10.1017_s0261444824000120,,,False,,,,,,,,,,,,,,,,,,,,,,,,,,,,,,
10.1027/1015-5759/a000481,https://doi.org/10.1027/1015-5759/a000481,,,True,https://doi.org/10.1037/pspp0000096,"Soto, Christopher J.; John, Oliver P.","The next Big Five Inventory (BFI-2): Developing and assessing a hierarchical model with 15 facets to enhance bandwidth, fidelity, and predictive power",Journal of Personality and Social Psychology,113,,117-143,2017,"Distinctive correlation patterns between BFI-2 facets and NEO-PI-R facets, where specific NEO-PI-R facets correlate more strongly with particular BFI-2 facets than with other same-domain BFI-2 facets",success,close,psychology,personality psychology,,high,,,,,,,,204,0.83,r,,,,,
10.1027/1015-5759/a000552,https://doi.org/10.1027/1015-5759/a000552,,,True,https://doi.org/10.1037/pas0000120,"Maples, J.; Carter, N.; Few, L.; Crego, C.; Gore, W.; Samuel, D.; Krueger, R.",Testing whether the DSM-5 personality disorder trait model can be measured with a reduced set of items: An item response theory investigation of the Personality Inventory for DSM-5,Psychological assessment,27,,1195-1210,2015,"A reduced 100-item version of the PID-5 has adequate psychometric properties (validity, reliability, and internal structure) comparable to the original 220-item version",success,close,psychology,clinical psychology,,high,,,,,,,,631,,,,,,,
10.1027/1614-0001.27.2.87,https://doi.org/10.1027/1614-0001.27.2.87,,,True,https://doi.org/10.1207/s15327752jpa8302_04,"Hofstee, W.; Ten Berge, J.","Personality in proportion: A bipolar proportional scale for personality assessments, and its consequences for trait structure",Journal of Personality Assessment,83,2,120-127,2004,"In normal samples assessed on personality traits, the factor structure is dominated by a first principal component reflecting social desirability, on which 97% of participants have modest positive scores",success,close,psychology,personality psychology,,high,133,,,,,,,775,,,,,,,
10.1027/1618-3169/a000272,https://doi.org/10.1027/1618-3169/a000272,,,True,https://doi.org/10.1073/pnas.1103880109,"Province, J.; Rouder, J.",Evidence for discrete-state processing in recognition memory,Proceedings of the National Academy of Sciences USA,109,,14357-14362,2012,"The two high-threshold model (2HTM) provides a better account of recognition memory data than continuous signal detection models, as demonstrated by conditional independence in a two-alternative forced-choice task",success,close,psychology,cognitive psychology,,high,,,,,,,,33,,,,0.007,=,two-sided,
10.1027/1864-9335/a000147,https://doi.org/10.1027/1864-9335/a000147,,,True,https://doi.org/10.1111/j.1467-9280.2008.02165,"Zhong, C.; Leonardelli, G.",Cold and lonely: Does social exclusion literally feel cold?,Psychological Science,19,,838-842,2008,Activating concepts of communion (vs. agency) increases perceptions of ambient temperature,success,close,psychology,social psychology,,high,,,,,,,,80,0.86,d,,0.001,<,,
10.1027/1864-9335/a000147,https://doi.org/10.1027/1864-9335/a000147,,,True,https://doi.org/10.1111/j.1467-9280.2008.02165,"Zhong, C.; Leonardelli, G.",Cold and lonely: Does social exclusion literally feel cold?,Psychological Science,19,,838-842,2008,"Positive communal traits increase temperature perception while negative communal traits decrease it, with no effect for agentic traits",success,close,psychology,social psychology,,high,,,,,,,,80,,,,0.001,<,,
10.1027/1864-9335/a000147,https://doi.org/10.1027/1864-9335/a000147,,,True,https://doi.org/10.1111/j.1467-9280.2008.02165,"Zhong, C.; Leonardelli, G.",Cold and lonely: Does social exclusion literally feel cold?,Psychological Science,19,,838-842,2008,Sociability-related communal traits have stronger effects on temperature perception than morality-related traits or agentic traits,success,close,psychology,social psychology,,high,,,,,,,,160,,,,0.001,<,,
10.1027/1864-9335/a000236,https://doi.org/10.1027/1864-9335/a000236,,,True,https://doi.org/10.1111/j.0963-7214.2004.01502002.x,"Meier, B.; Robinson, M.; Clore, G.",Why good guys wear white: Automatic inferences about stimulus valence based on brightness,Psychological Science,15,2,82-87,2004,"Evaluations are faster when word valence metaphorically matches font color (positive words in white, negative words in black) compared to when they mismatch",success,direct,psychology,social psychology,,high,21,0.18,etasq,"[0.0, 0.44]",,,,980,0.07,etasq,"[0.04, 0.1]",0.01,<,,
10.1037//0022-3514.80.4.572,https://doi.org/10.1037//0022-3514.80.4.572,,,True,https://doi.org/10.1037/h0032086,"Woodruff, D. S.; Birren, J. E.",Age changes and cohort difference in personality,Developmental Psychology,6,2,252-259,1972,"People retrospectively rate their former selves as less well adjusted than they originally reported, even when no actual change occurred over time",success,conceptual,psychology,social psychology,,high,54,,,,,,,28,,,,0.001,<,two-sided,
10.1037//0097-7403.22.3.265,https://doi.org/10.1037//0097-7403.22.3.265,,,True,https://doi.org/10.1037/0097-7403.21.4.331,"Illich, Paul A.; King, Tamara A.; Grau, James W.",Impact of shock on pain reactivity: I. Whether hypo- or hyperalgesia is observed depends on how pain reactivity is tested,Journal of Experimental Psychology: Animal Behavior Processes,21,4,331-347,1995,Exposure to shock causes rats to be hyperreactive to a test shock and hyporeactive to radiant heat on the tail-flick test,success,direct,psychology,experimental psychology,,high,,,,,,,,40,,,,0.05,<,,
10.1037/0003-066x.54.6.408,https://doi.org/10.1037/0003-066x.54.6.408,,,False,,,,,,,,,,,,,,,,,,,,,,,,,,,,,,
10.1037/0012-1649.42.4.666,https://doi.org/10.1037/0012-1649.42.4.666,,,True,https://doi.org/10.1038/358749a0,"Wynn, K.",Addition and subtraction by human infants,Nature,358,6389,749-750,1992,"Five-month-old infants can compute the precise results of simple additions and subtractions, as evidenced by longer looking times at mathematically impossible versus possible outcomes",inconclusive,close,psychology,developmental psychology,,high,,,,,,,,62,,,,0.05,<,one-sided,
10.1037/0021-843x.108.3.511,https://doi.org/10.1037/0021-843x.108.3.511,,,True,https://doi.org/10.1037//0021-843x.104.4.585,"Kuyken, W.; Brewin, C.",Autobiographical memory functioning in depression and reports of early abuse,Journal of Abnormal Psychology,104,4,585-591,1995,Overgeneral memory is associated with intrusive memories and efforts to avoid these memories in depressed patients with childhood abuse history,inconclusive,direct,psychology,clinical psychology,,high,,,,,,,,44,0.52,r,,0.001,<,,
10.1037/0021-843x.108.3.511,https://doi.org/10.1037/0021-843x.108.3.511,,,True,https://doi.org/10.1192/bjp.162.1.118,"Brittlebank, A.; Scott, J.; Williams, J.; Ferrier, I.",Autobiographical memory in depression: State or trait marker?,British Journal of Psychiatry,162,1,118-121,1993,"Overgeneral memory at baseline predicts severity of depression at follow-up, even when controlling for initial symptom severity",failure,direct,psychology,clinical psychology,,high,19,,,,,,,44,,,,,,,
10.1037/0021-843x.115.3.636,https://doi.org/10.1037/0021-843x.115.3.636,,,True,https://doi.org/10.1037//0021-843x.111.4.620,"O'Donnell, B. F.; Nestor, P. G.; Stylianopoulos, K. C.; Shenton, M. E.; McCarley, R. W.",Spatial frequency discrimination in schizophrenia,Journal of Abnormal Psychology,111,4,620-625,2002,Patients with schizophrenia show impaired discrimination performance at low spatial frequencies compared to healthy controls,success,close,psychology,clinical psychology,,high,17,,,,,,,35,,,,0.007,=,two-sided,
10.1037/0021-843x.115.4.798,https://doi.org/10.1037/0021-843x.115.4.798,,,False,,,,,,,,,,,,,,,,,,,,,,,,,,,,,,
10.1037/0021-9010.61.4.446,https://doi.org/10.1037/0021-9010.61.4.446,,,False,,,,,,,,,,,,,,,,,,,,,,,,,,,,,,
10.1037/0021-9010.66.5.582,https://doi.org/10.1037/0021-9010.66.5.582,,,True,https://doi.org/10.1037/0021-9010.63.2.228,"Bigoness, W.",Correlates of faculty attitudes toward collective bargaining,Journal of Applied Psychology,63,2,228-233,1978,"Age is negatively related to faculty attitudes toward collective bargaining, but this relationship becomes non-significant when salary is controlled",success,direct,psychology,social psychology,,high,,,,,,,,220,,,,,,,
10.1037/0021-9010.66.5.582,https://doi.org/10.1037/0021-9010.66.5.582,,,True,https://doi.org/10.1037/0021-9010.63.2.228,"Bigoness, W.",Correlates of faculty attitudes toward collective bargaining,Journal of Applied Psychology,63,2,228-233,1978,Satisfaction with economic factors accounts for more variance in perceived need for a union than does intrinsic job satisfaction among college faculty,success,direct,psychology,social psychology,,high,,,,,,,,220,,,,,,,
10.1037/0021-9010.66.5.582,https://doi.org/10.1037/0021-9010.66.5.582,,,True,https://doi.org/10.1037/0021-9010.63.2.228,"Bigoness, W.",Correlates of faculty attitudes toward collective bargaining,Journal of Applied Psychology,63,2,228-233,1978,External locus of control is positively related to faculty attitudes favoring collective bargaining,success,close,psychology,social psychology,,high,,0.17,r,,,,,220,-0.37,r,,0.01,<,,
10.1037/0021-9010.66.5.582,https://doi.org/10.1037/0021-9010.66.5.582,,,True,https://doi.org/10.1037/0021-9010.63.2.228,"Bigoness, W.",Correlates of faculty attitudes toward collective bargaining,Journal of Applied Psychology,63,2,228-233,1978,"Perceived need for collective bargaining is negatively related to satisfaction with work, pay, supervision, and promotional opportunities among college faculty",success,direct,psychology,social psychology,,high,,,,,,,,220,-0.27,r,,0.01,<,two-sided,
10.1037/0021-9010.66.5.646,https://doi.org/10.1037/0021-9010.66.5.646,,,True,https://doi.org/10.1037/0021-9010.64.6.648,"Campbell, D.",Interior office design and visitor response,Journal of Applied Psychology,64,6,648-653,1979,Office design elements (desk placement and tidiness) systematically affect visitor feelings of comfort and welcomeness and attributions about the office occupant,success,close,psychology,social psychology,,high,,,,,,,,100,,,,,,,
10.1037/0021-9010.67.2.245,https://doi.org/10.1037/0021-9010.67.2.245,,,True,https://doi.org/10.1037/h0022937,"Locke, E. A.",The relationship of intentions to level of performance,Journal of Applied Psychology,50,1,50-66,1966,Higher goal levels lead to higher task performance on a creativity task,success,direct,psychology,social psychology,,high,,,,,,,,86,,,,0.0001,<,,
10.1037/0021-9010.67.5.640,https://doi.org/10.1037/0021-9010.67.5.640,,,True,https://doi.org/10.1037/0021-9010.65.4.479,"Gordon, M.; Philpot, J.; Burt, R.; Thompson, C.; Spiller, W.",Commitment to the union: Development of a measure and an examination of its correlates,Journal of Applied Psychology,65,4,479-499,1980,"Union commitment consists of four orthogonal dimensions: Union Loyalty, Responsibility to the Union, Willingness to Work for the Union, and Belief in Unionism",success,close,psychology,social psychology,,high,,,,,,,,783,,,,,,,
10.1037/0021-9010.69.2.349,https://doi.org/10.1037/0021-9010.69.2.349,,,True,https://doi.org/10.5465/256083,"Mobley, W.",Supervisor and employee race and sex effects on performance appraisals: A field study of adverse impact and generalizability,Academy of Management Journal,25,3,598-606,1982,Sex of rater and sex of ratee do not interact to affect performance appraisal ratings in organizational settings,success,close,psychology,social psychology,,high,1035,,,,,,,637,,,,0.05,<,,
10.1037/0021-9010.69.2.349,https://doi.org/10.1037/0021-9010.69.2.349,,,True,https://doi.org/10.1037//0021-9010.67.4.433,"Wexley, K.; Pulakos, E.",Sex effects on performance ratings in manager-subordinate dyads: A field study,Journal of Applied Psychology,67,4,433-439,1982,Sex of rater and sex of ratee do not interact to affect performance appraisal ratings in manager-subordinate dyads,success,close,psychology,social psychology,,high,286,,,,,,,637,,,,0.05,<,,
10.1037/0021-9010.70.1.108,https://doi.org/10.1037/0021-9010.70.1.108,,,True,https://doi.org/10.1037/0021-9010.66.5.541,"Terpstra, D.",Relationship between methodological rigor and reported outcomes in organization development evaluation research,Journal of Applied Psychology,66,5,541-543,1981,"More rigorous organization development evaluation studies report more negative outcomes, indicating positive findings bias in OD research",failure,direct,business & management,management,,high,52,0.27,eta,,,,,90,,,,0.805,=,,
10.1037/0021-9010.70.3.423,https://doi.org/10.1037/0021-9010.70.3.423,,,True,https://doi.org/10.5465/255589,"Parkington, J.; Schneider, B.",Some correlates of experienced job stress: a boundary role study,Academy of Management Journal,22,2,270-281,1979,"Service orientation discrepancy (mismatch between employees' own service orientation and their beliefs about management's service orientation) is associated with employee outcomes including role stress, frustration, and turnover intentions",inconclusive,direct,business & management,management,,high,243,,,,,,,132,,,,,,,
10.1037/0021-9010.70.3.423,https://doi.org/10.1037/0021-9010.70.3.423,,,True,https://doi.org/10.2307/2392454,"Schneider, B.; Parkington, J.; Buxton, V.",Employee and customer perceptions of service in banks,Administrative Science Quarterly,25,2,252-267,1980,"Branch employees' and branch customers' attitudes about service quality are strongly related, reflecting the close connection between employee and customer perceptions in face-to-face service organizations",success,direct,business & management,management,,high,,0.67,r,,0.01,<,,,0.63,r,,0.01,<,,
10.1037/0021-9010.70.3.540,https://doi.org/10.1037/0021-9010.70.3.540,,,True,https://doi.org/10.1037/0021-9010.61.4.446,"Bartol, K. M.; Butterfield, D. A.",Sex effects in evaluating leaders,Journal of Applied Psychology,61,4,446-454,1976,"Sex role stereotypes bias the performance evaluation of managers such that male managers using an initiating structure (task-oriented) leadership style are rated higher than female managers using the same style, and female managers using a considerate (relationship-oriented) leadership style are rated higher than male managers using the same style",failure,close,psychology,social psychology,,high,,,,,,,,1020,,,,,,,
10.1037/0021-9010.70.4.777,https://doi.org/10.1037/0021-9010.70.4.777,,,True,https://doi.org/10.1037/0021-9010.67.6.868,"Graen, G.; Liden, R.; Hoel, W.",Role of leadership in the employee withdrawal process,Journal of Applied Psychology,67,6,868-872,1982,Leader-member exchange (dyadic leadership style) predicts employee turnover better than average leadership style,success,close,business & management,human resource management,,high,48,0.44,r,,0.01,<,,68,0.19,r,,,,,
10.1037/0021-9010.72.3.344,https://doi.org/10.1037/0021-9010.72.3.344,,,True,https://doi.org/10.1016/0030-5073(76)90005-2,"Staw, B.",Knee-deep in the big muddy: A study of escalating commitment to a chosen course of action,Organizational Behavior and Human Performance,16,1,27-44,1976,Decision makers who are responsible for a failure will be more retrospectively oriented (seeking information to justify past actions) than those who are not responsible for a failure,success,direct,psychology,social psychology,,high,,,,,,,,72,,,,0.01,<,,
10.1037/0021-9010.72.4.522,https://doi.org/10.1037/0021-9010.72.4.522,,,False,,,,,,,,,,,,,,,,,,,,,,,,,,,,,,
10.1037/0021-9010.73.3.467,https://doi.org/10.1037/0021-9010.73.3.467,,,True,https://doi.org/10.1037/0021-9010.70.1.29,"Campion, Michael A.; Thayer, Paul W.",Development and field evaluation of an interdisciplinary measure of job design,Journal of Applied Psychology,70,1,29-43,1985,"Four distinct approaches to job design (motivational, mechanistic, biological, and perceptual/motor) relate to different categories of outcomes (satisfaction, efficiency, comfort, and reliability, respectively)",success,close,business & management,human resource management,,high,121,,,,,,,1024,,,,,,,
10.1037/0021-9010.74.3.411,https://doi.org/10.1037/0021-9010.74.3.411,,,True,https://doi.org/10.1037/0021-9010.72.3.387,"Frayne, C.; Latham, G.",The application of social learning theory to employee self-management of attendance,Journal of Applied Psychology,72,3,387-392,1987,Self-management training increases job attendance and self-efficacy in unionized state government employees,success,direct,psychology,social psychology,,high,20,,,,,,,20,,,,,,,
10.1037/0021-9010.74.5.823,https://doi.org/10.1037/0021-9010.74.5.823,,,True,https://doi.org/10.1037/0021-9010.72.4.573,"Murphy, K.; Constans, J.",Behavioral anchors as a source of bias in rating,Journal of Applied Psychology,72,4,573-577,1987,Behaviorally anchored rating scales containing observed but unrepresentative behaviors bias performance ratings in the direction of those behaviors,success,direct,psychology,social psychology,,high,,,,,,,,183,,,,0.01,<,,
10.1037/0021-9010.74.6.869,https://doi.org/10.1037/0021-9010.74.6.869,,,True,https://doi.org/10.1037/0021-9010.65.4.479,"Gordon, M.; Philpot, J.; Burt, R.; Thompson, C.; Spiller, W.",Commitment to the union: Development of a measure and an examination of its correlates,Journal of Applied Psychology,65,4,479-499,1980,"The Union Commitment scale yields four empirical dimensions: union loyalty, responsibility to the union, willingness to work for the union, and belief in unionism",inconclusive,close,psychology,social psychology,,high,,,,,,,,170,,,,,,,
10.1037/0021-9010.74.6.869,https://doi.org/10.1037/0021-9010.74.6.869,,,True,https://doi.org/10.1037/0021-9010.65.4.479,"Gordon, M.; Philpot, J.; Burt, R.; Thompson, C.; Spiller, W.",Commitment to the union: Development of a measure and an examination of its correlates,Journal of Applied Psychology,65,4,479-499,1980,Union commitment is a better predictor of intent to withdraw from the union than union satisfaction,success,close,psychology,social psychology,,high,,,,,,,,170,0.51,r,,0.05,<,two-sided,
10.1037/0021-9010.77.1.55,https://doi.org/10.1037/0021-9010.77.1.55,,,True,https://doi.org/10.1111/j.1469-8986.1984.tb00257.x,"Bradley, M.; Warfield, J.","Innocence, information, and the Guilty Knowledge Test in the detection of deception",Psychophysiology,21,6,683-689,1984,"Innocent subjects aware of crime-relevant information can be distinguished from guilty subjects on the Guilty Knowledge Test, with lying augmenting physiological responsivity beyond mere awareness",success,direct,psychology,psychophysiology,,high,,,,,,,,48,,,,0.05,<,,
10.1037/0021-9010.77.4.419,https://doi.org/10.1037/0021-9010.77.4.419,,,True,https://doi.org/10.1016/0030-5073(76)90005-2,"Staw, B.",Knee-deep in the big muddy: A study of escalating commitment to a chosen course of action,Organizational Behavior and Human Performance,16,1,27-44,1976,Decision makers who are responsible for an initial decision that leads to negative consequences will escalate commitment by investing more resources in that losing course of action compared to those who are not responsible for the initial decision,success,close,psychology,social psychology,,high,,,,,,,,63,,,,0.01,<,,
10.1037/0021-9010.77.4.562,https://doi.org/10.1037/0021-9010.77.4.562,,,True,https://doi.org/10.1037/0021-9010.75.3.310,"Lautenschlager, G.; Flaherty, V.",Computer administration of questions: more desirable or more social desirability,Journal of Applied Psychology,75,3,310-314,1990,Computer administration of attitude and personality questionnaires increases socially desirable responding on impression management and self-deception scales compared to paper-and-pencil administration,failure,close,psychology,social psychology,,high,246,0.36,d,,,,,246,,,,,,,
10.1037/0021-9010.79.1.77,https://doi.org/10.1037/0021-9010.79.1.77,,,True,https://doi.org/10.1037/0021-9010.76.1.137,"Gallupe, R. Brent; Bastianutti, Lana M.; Cooper, William H.",Unblocking brainstorms,Journal of Applied Psychology,76,1,137-142,1991,Electronic brainstorming groups produce more nonredundant ideas than verbal brainstorming groups,success,direct,psychology,social psychology,,high,,,,,,,,40,,,,0.01,<,,
10.1037/0021-9010.79.2.260,https://doi.org/10.1037/0021-9010.79.2.260,,,True,https://doi.org/10.1037/0021-9010.73.3.371,"Scrivner, E.; Safer, M.",Eyewitnesses show hypermnesia for details about a violent event,Journal of Applied Psychology,73,3,371-377,1988,"Repeated recall attempts (3 times, 7 min each, within 1 hour) lead to hypermnesia (increased net recall) for details of a violent videotaped event",failure,close,psychology,cognitive psychology,,high,,,,,,,,93,0.02,etasq,,,,,
10.1037/0021-9010.79.2.260,https://doi.org/10.1037/0021-9010.79.2.260,,,True,https://doi.org/10.1037/0021-9010.73.3.371,"Scrivner, E.; Safer, M.",Eyewitnesses show hypermnesia for details about a violent event,Journal of Applied Psychology,73,3,371-377,1988,"Repeated recall attempts (3 times, 7 min each, within 1 hour) lead to hypermnesia (increased net recall) for details of a violent videotaped event",success,direct,psychology,cognitive psychology,,high,,,,,,,,20,0.43,etasq,,0.01,<,,
10.1037/0021-9010.79.4.592,https://doi.org/10.1037/0021-9010.79.4.592,,,True,https://doi.org/10.1287/mnsc.36.6.643,"Thaler, Richard; Johnson, Eric",Gambling with the house money and trying to break even: the effects of prior outcomes on risky choice,Management Science,36,6,643-660,1990,"In dynamic two-stage decision contexts, decision makers who had previously gained money are more risk seeking (77% chose risky alternative) while those who had previously lost money are more risk averse (40% chose risky alternative), opposite to prospect theory predictions from static contexts",success,close,psychology,cognitive psychology,,high,,,,,,,,135,,,,0.05,<,,
10.1037/0021-9010.79.4.631,https://doi.org/10.1037/0021-9010.79.4.631,,,True,https://doi.org/10.1037/0021-9010.76.5.725,"Barling, J.; Kelloway, E.; Bremermann, E.",Preemployment predictors of union attitudes: The role of family socialization and work beliefs,Journal of Applied Psychology,76,5,725-731,1991,Family socialization (parental union attitudes and participation) predicts students' preemployment union attitudes,success,close,psychology,social psychology,,high,,,,,,,,87,0.58,r,,0.01,<,,
10.1037/0021-9010.80.5.628,https://doi.org/10.1037/0021-9010.80.5.628,,,True,https://doi.org/10.1016/0030-5073(82)90225-2,"Eden, D.; Ravid, G.",Pygmalion vs. self-expectancy: Effects of instructor-and self-expectancy on trainee performance,Organizational Behavior and Human Performance,50,3,351-364,1982,"Raising participants' self-expectations by informing them they have high potential produces a positive self-fulfilling prophecy effect (the Galatea effect), where subordinates induced to expect more of themselves achieve more",success,conceptual,psychology,social psychology,,high,,,,,,,,25,,,,0.01,<,,
10.1037/0021-9010.83.1.84,https://doi.org/10.1037/0021-9010.83.1.84,,,True,https://doi.org/10.1111/j.1744-6570.1994.tb02408.x,"Latham, Gary; Whyte, Glen",The futility of utility analysis,Personnel Psychology,47,1,31-46,1994,Managers give less positive evaluations to proposals for valid selection procedures when utility information is included compared to validity information alone,failure,direct,business & management,human resource management,,high,143,-0.75,d,,,,,145,0.09,d,,0.68,=,two-sided,
10.1037/0021-9010.84.1.14,https://doi.org/10.1037/0021-9010.84.1.14,,,True,https://doi.org/10.1037/0021-9010.82.4.578,"Fitzgerald, L. F.; Drasgow, F.; Hulin, C. L.; Gelfand, M. J.; Magley, V. J.",The antecedents and consequences of sexual harassment in organizations: a test of an integrated model,Journal of Applied Psychology,82,4,578-589,1997,"Organizational characteristics (organizational tolerance of sexual harassment and job gender context) predict sexual harassment, which negatively influences job outcomes and psychological well-being",success,close,psychology,social psychology,,high,,,,,,,,217,,,,,,,
10.1037/0021-9010.85.2.219,https://doi.org/10.1037/0021-9010.85.2.219,,,True,https://doi.org/10.1037//0021-9010.72.1.62,"Heilman, M.; Simon, M.; Repper, D.","Intentionally favored, unintentionally harmed? The impact of gender based preferential selection on self-perceptions and self-evaluations",Journal of Applied Psychology,72,1,62-68,1987,"Preferential selection (vs. merit-based selection) for leadership positions causes women, but not men, to judge their leadership abilities less favorably, evaluate their performance less favorably, and be less desirous of continuing in the leadership position",failure,direct,psychology,social psychology,,high,,,,,,,,201,,,,,,,
10.1037/0021-9010.85.6.860,https://doi.org/10.1037/0021-9010.85.6.860,,,True,https://doi.org/10.1111/j.1744-6570.1999.tb00163.x,"Edwards, J. R.; Scully, J. A.; Brtek, M. D.",The measurement of work: hierarchical representation of the Multimethod Job Design Questionnaire,Personnel Psychology,52,2,305-334,1999,The MJDQ (Multimethod Job Design Questionnaire) is best represented by a 10-factor first-order model rather than a 4-factor model or hierarchical structure,success,direct,psychology,social psychology,,high,602,,,,,,,885,,,,,,,
10.1037/0021-9010.85.6.860,https://doi.org/10.1037/0021-9010.85.6.860,,,True,https://doi.org/10.35426/iav14n65.02,"Campion, M. A.",Interdisciplinary approaches to job design: a constructive replication with extensions,Journal of Applied Psychology,73,,467-481,1988,"Each work-design approach (motivational, mechanistic, biological, perceptual-motor) correlates positively with its expected outcome (satisfaction, efficiency, comfort, reliability respectively)",success,close,business & management,human resource management,,high,1024,,,,,,,788,,,,,,,
10.1037/0021-9010.85.6.996,https://doi.org/10.1037/0021-9010.85.6.996,,,True,https://doi.org/10.1037/0021-9010.82.3.390,"VandeWalle, D.; Cummings, L.",A test of the influence of goal orientation on the feedback seeking process,Journal of Applied Psychology,82,3,390-400,1997,Learning goal orientation has a positive relationship with the perceived value of feedback seeking,success,close,psychology,social psychology,,high,,,,,,,,310,0.29,beta,,0.001,<,,
10.1037/0021-9010.85.6.996,https://doi.org/10.1037/0021-9010.85.6.996,,,True,https://doi.org/10.1037/0021-9010.82.3.390,"VandeWalle, D.; Cummings, L.",A test of the influence of goal orientation on the feedback seeking process,Journal of Applied Psychology,82,3,390-400,1997,Learning goal orientation has a negative relationship with the perceived cost of feedback seeking,success,close,psychology,social psychology,,high,,,,,,,,310,-0.22,beta,,0.001,<,,
10.1037/0021-9010.85.6.996,https://doi.org/10.1037/0021-9010.85.6.996,,,True,https://doi.org/10.1037/0021-9010.82.3.390,"VandeWalle, D.; Cummings, L.",A test of the influence of goal orientation on the feedback seeking process,Journal of Applied Psychology,82,3,390-400,1997,Perceived cost and value of feedback seeking mediate the relationship between learning goal orientation and feedback-seeking behavior,success,close,psychology,social psychology,,high,,,,,,,,310,,,,,,,
10.1037/0021-9010.86.2.293,https://doi.org/10.1037/0021-9010.86.2.293,,,True,https://doi.org/10.1037/0021-9010.84.3.390,"Magley, V.; Hulin, C.; Fitzgerald, L.; Denardo, M.",Outcomes of self-labeling sexual harassment,Journal of Applied Psychology,84,3,390-402,1999,Labeling unwanted sex-related experiences as sexual harassment is unimportant for negative outcomes - experiencing harassment leads to negative job and psychological outcomes regardless of whether it is labeled as sexual harassment,success,close,psychology,social psychology,,high,,,,,,,,28210,0.26,r,,,,,
10.1037/0021-9010.86.3.451,https://doi.org/10.1037/0021-9010.86.3.451,,,True,https://doi.org/10.1037/0021-9010.82.1.143,"Chan, D.; Schmitt, N.",Video-based versus paper-and-pencil method of assessment in situational judgment tests: Subgroup differences in test performance and face validity perceptions,Journal of Applied Psychology,82,1,143-159,1997,Video-based simulations produce smaller racial subgroup mean differences than paper-and-pencil tests when measuring similar constructs,success,close,psychology,social psychology,,high,,0.74,d,,,,,979,0.31,d,,,,,
10.1037/0021-9010.86.4.684,https://doi.org/10.1037/0021-9010.86.4.684,,,True,https://doi.org/10.1037//0021-9010.81.4.331,"Harrison, D.; Virick, M.; William, S.","Working without a net: time, performance, and turnover under maximally contingent rewards",Journal of Applied Psychology,81,4,331-345,1996,Short-term performance trends (2-month change in performance) predict voluntary turnover beyond current performance level,success,close,business & management,human resource management,,high,,,,,,,,1413,,,,0.001,<,,
10.1037/0021-9010.87.2.220,https://doi.org/10.1037/0021-9010.87.2.220,,,False,,,,,,,,,,,,,,,,,,,,,,,,,,,,,,
10.1037/0021-9010.87.4.715,https://doi.org/10.1037/0021-9010.87.4.715,,,True,https://doi.org/10.2307/256921,"Bamberger, P.; Kluger, A.; Suchard, R.",The antecedents and consequences of union commitment: A meta-analysis,Academy of Management Journal,42,3,304-318,1999,Union instrumentality and job satisfaction influence union commitment both directly and indirectly through mediating variables (pro-union attitudes and organizational commitment),success,close,business & management,human resource management,,high,,,,,,,,322,,,,,,,
10.1037/0021-9010.88.1.6,https://doi.org/10.1037/0021-9010.88.1.6,,,True,https://doi.org/10.1006/obhd.1998.2779,"Bragger, J.; Bragger, D.; Hantula, D.; Kirnan, J.",Hysteresis and uncertainty: the effect of information on delays to exit decisions,Organizational Behavior and Human Decision Processes,74,3,229-253,1998,Participants receiving equivocal (uncertain) feedback delay exit decisions longer and invest more resources than those receiving less equivocal feedback in a failing investment scenario,success,close,psychology,social psychology,,high,,,,,,,,136,0.19,r,,0.03,=,,
10.1037/0021-9010.88.1.6,https://doi.org/10.1037/0021-9010.88.1.6,,,True,https://doi.org/10.1006/obhd.1998.2779,"Bragger, J.; Bragger, D.; Hantula, D.; Kirnan, J.",Hysteresis and uncertainty: the effect of information on delays to exit decisions,Organizational Behavior and Human Decision Processes,74,3,229-253,1998,Participants with opportunity to purchase information about their investment exit sooner and invest fewer resources than those without access to information,success,close,psychology,social psychology,,high,,,,,,,,136,0.29,r,,0.001,=,,
10.1037/0021-9010.88.3.404,https://doi.org/10.1037/0021-9010.88.3.404,,,True,https://doi.org/10.1016/0001-4575(80)90018-4,"Ostberg, O.",Risk perception and work behaviour in forestry-Implications for accident prevention policy,Accident Analysis and Prevention,12,3,189-200,1980,"Personnel groups' perceptions of risk magnitude vary by organizational role, with those closest to production underestimating risk and those further from production overestimating risk",failure,direct,psychology,social psychology,,high,,,,,,,,104,,,,0.01,<,,
10.1037/0021-9010.88.6.989,https://doi.org/10.1037/0021-9010.88.6.989,,,True,https://doi.org/10.1037/0033-2909.115.2.210,"Mullen, B.; Copper, C.",The relation between group cohesiveness and performance: an integration,Psychological Bulletin,115,2,210-227,1994,"Task commitment is the only component of cohesion independently related to performance, while interpersonal attraction and group pride are not independently related to performance",reversal,direct,psychology,social psychology,,high,,,,,,,,,0.199,r,,,,,
10.1037/0021-9010.88.6.989,https://doi.org/10.1037/0021-9010.88.6.989,,,True,https://doi.org/10.1037/0033-2909.115.2.210,"Mullen, B.; Copper, C.",The relation between group cohesiveness and performance: an integration,Psychological Bulletin,115,2,210-227,1994,Group pride is not independently related to performance,reversal,direct,psychology,social psychology,,high,,,,,,,,,0.261,r,,,,,
10.1037/0021-9010.88.6.989,https://doi.org/10.1037/0021-9010.88.6.989,,,True,https://doi.org/10.1037/0033-2909.115.2.210,"Mullen, B.; Copper, C.",The relation between group cohesiveness and performance: an integration,Psychological Bulletin,115,2,210-227,1994,Interpersonal attraction is not independently related to performance,reversal,direct,psychology,social psychology,,high,,,,,,,,,0.199,r,,,,,
10.1037/0021-9010.89.1.150,https://doi.org/10.1037/0021-9010.89.1.150,,,True,https://doi.org/10.1037/0021-9010.80.5.607,"Schmit, M. J.; Ryan, A. M.; Stierwalt, S. L.; Powell, A. B.",Frame-of-reference effects on personality scores and criterion-related validity,Journal of Applied Psychology,80,5,607-620,1995,Contextualizing personality test items to a school-specific frame of reference increases criterion-related validity for predicting college GPA compared to noncontextual personality items,success,close,psychology,personality psychology,,high,,,r,,,,,308,0.51,r,,0.01,<,two-sided,
10.1037/0021-9010.90.3.553,https://doi.org/10.1037/0021-9010.90.3.553,,,True,https://doi.org/10.1006/obhd.1999.2867,"Brief, A. P.; Dietz, J.; Cohen, R. R.; Pugh, S. D.; Vaslow, J. B.",Just doing business: modern racism and obedience to authority as explanations for employment discrimination,Organizational Behavior and Human Decision Processes,81,1,72-97,2000,Modern racism interacts with organizational climate for racial bias to predict discrimination in hiring decisions,failure,close,psychology,social psychology,,high,,,,,,,,103,,,,,,,
10.1037/0021-9010.90.5.1002,https://doi.org/10.1037/0021-9010.90.5.1002,,,True,https://doi.org/10.1037/0021-9010.83.3.462,"Schneider, B.; Smith, D. B.; Taylor, S.; Fleenor, J.",Personality and organizations: a test of the homogeneity of personality hypothesis,Journal of Applied Psychology,83,3,462-470,1998,Organizations exhibit within-organization homogeneity of personality traits among members,success,conceptual,psychology,social psychology,,high,13000,,,,,,,499,,,,0.001,<,,
10.1037/0021-9010.90.6.1204,https://doi.org/10.1037/0021-9010.90.6.1204,,,True,https://doi.org/10.1037/0021-9010.82.1.44,"Trevor, C.; Gerhart, B.; Boudreau, J.",Voluntary turnover and job performance: Curvilinearity and the moderating influences of salary growth and promotions,Journal of Applied Psychology,82,1,44-61,1997,"Job performance exhibits a curvilinear (U-shaped) relationship with voluntary turnover, where both high and low performers quit more than average performers",success,close,psychology,social psychology,,high,5143,,,,,,,11098,-0.06,β,,0.05,<,,
10.1037/0021-9010.90.6.1204,https://doi.org/10.1037/0021-9010.90.6.1204,,,True,https://doi.org/10.1037/0021-9010.82.1.44,"Trevor, C.; Gerhart, B.; Boudreau, J.",Voluntary turnover and job performance: Curvilinearity and the moderating influences of salary growth and promotions,Journal of Applied Psychology,82,1,44-61,1997,Promotions increase turnover risk (after controlling for salary growth) by signaling employee ability to the external labor market,failure,close,psychology,social psychology,,high,5143,,,,,,,11098,,,,,,,
10.1037/0021-9010.90.6.1204,https://doi.org/10.1037/0021-9010.90.6.1204,,,True,https://doi.org/10.1037/0021-9010.82.1.44,"Trevor, C.; Gerhart, B.; Boudreau, J.",Voluntary turnover and job performance: Curvilinearity and the moderating influences of salary growth and promotions,Journal of Applied Psychology,82,1,44-61,1997,Promotions interact with job performance to increase turnover more among underperformers than high performers (Performance × Promotions interaction),failure,close,psychology,social psychology,,high,5143,,,,,,,11098,,,,,,,
10.1037/0021-9010.93.5.1118,https://doi.org/10.1037/0021-9010.93.5.1118,,,True,https://doi.org/10.1037//0021-9010.82.3.376,"Parker, C.; Baltes, B.; Christiansen, N.","Support for affirmative action, justice perceptions, and work attitudes: A study of gender and racial-ethnic group differences",Journal of Applied Psychology,82,3,376-389,1997,"Stronger affirmative action programs (those giving more weight to race/ethnicity) elicit more negative reactions, especially among non-beneficiary groups",success,conceptual,psychology,social psychology,,medium,,,,,,,,858,,,,0.001,<,,
10.1037/0021-9010.93.5.1118,https://doi.org/10.1037/0021-9010.93.5.1118,,,True,https://doi.org/10.1037//0021-9010.82.3.376,"Parker, C.; Baltes, B.; Christiansen, N.","Support for affirmative action, justice perceptions, and work attitudes: A study of gender and racial-ethnic group differences",Journal of Applied Psychology,82,3,376-389,1997,Prior discrimination by the organization moderates reactions to affirmative action programs,failure,conceptual,psychology,social psychology,,medium,,,,,,,,858,,,,,,,
10.1037/0022-0663.72.1.21,https://doi.org/10.1037/0022-0663.72.1.21,,,False,,,,,,,,,,,,,,,,,,,,,,,,,,,,,,
10.1037/0022-3514.57.3.388,https://doi.org/10.1037/0022-3514.57.3.388,,,True,https://doi.org/10.1016/0010-0285(81)90010-4,"Nisbett, R.; Zukier, H.; Lemley, R.",The dilution effect: nondiagnostic information,Cognitive Psychology,13,2,248-277,1981,Nondiagnostic information dilutes the extremity of predictions based on diagnostic information,success,direct,psychology,social psychology,,high,,,,,,,,160,,,,0.01,<,,
10.1037/0022-3514.58.1.48,https://doi.org/10.1037/0022-3514.58.1.48,,,False,,,,,,,,,,,,,,,,,,,,,,,,,,,,,,
10.1037/0022-3514.74.4.865,https://doi.org/10.1037/0022-3514.74.4.865,,,True,https://doi.org/10.1037/0022-3514.71.2.230,"Bargh, J.; Chen, M.; Burrows, L.",The automaticity of social behavior: Direct effects of trait concept and stereotype activation on action,Journal of Personality and Social Psychology,71,2,230-244,1996,Priming participants with the stereotype of the elderly causes them to walk more slowly than participants who were not primed,success,conceptual,psychology,social psychology,,high,,,,,,,,60,,,,0.007,<,,
10.1037/0022-3514.80.4.557 ,https://doi.org/10.1037/0022-3514.80.4.557 ,,,False,,,,,,,,,,,,,,,,,,,,,,,,,,,,,,
10.1037/0022-3514.80.6.861,https://doi.org/10.1037/0022-3514.80.6.861,,,False,,,,,,,,,,,,,,,,,,,,,,,,,,,,,,
10.1037/0022-3514.81.6.1014,https://doi.org/10.1037/0022-3514.81.6.1014,,,True,https://doi.org/10.4992/JJPSY.28.107,"Ovsiankina, M.",Die Wiederaufnahme unterbrochener Handlungen,Psychologische Forschung,11,2,302-379,1928,Interrupted tasks are more likely to be resumed when individuals have a conscious goal to complete them,success,conceptual,psychology,social psychology,,high,,,,,,,,62,,,,0.02,<,,
10.1037/0022-3514.83.2.406,https://doi.org/10.1037/0022-3514.83.2.406,,,True,https://doi.org/10.1037//0022-3514.71.2.230,"Bargh, J.; Chen, M.; Burrows, L.",Automaticity of social behavior: direct effects of trait construct and stereotype activation on action,Journal of Personality and Social Psychology,71,2,230-244,1996,Exposure to elderly stereotype primes causes young participants to walk more slowly down a hallway,success,close,psychology,social psychology,,high,,,,,,,,71,,,,0.03,<,,
10.1037/0022-3514.94.1.32,https://doi.org/10.1037/0022-3514.94.1.32,,,True,https://doi.org/10.4324/9780203496398-4,"Kim, H.","We talk, therefore we think? A cultural analysis of the effect of talking on thinking",Journal of Personality and Social Psychology,83,,828-842,2002,Concurrent verbalization while working on a challenging cognitive task impairs the performance of East Asian Americans but has no effect or may even facilitate the performance of European Americans,success,direct,psychology,social psychology,,high,,,,,,,,36,,,,0.046,=,,
10.1037/0022-3514.94.2.245,https://doi.org/10.1037/0022-3514.94.2.245,,,True,https://doi.org/10.1037/0022-3514.59.5.981,"Feingold, Alan",Gender differences in effects of physical attractiveness on romantic attraction: a comparison across five research paradigms,Journal of Personality and Social Psychology,59,5,981-993,1990,Sex differences in the importance of physical attractiveness for romantic liking are small and nonsignificant when participants interact in actual dating contexts,success,close,psychology,social psychology,,high,,,,,,,,163,0.03,r,,0.673,=,,
10.1037/0022-3514.94.2.347,https://doi.org/10.1037/0022-3514.94.2.347,,,False,,,,,,,,,,,,,,,,,,,,,,,,,,,,,,
10.1037/0022-3514.94.2.94.2.231,https://doi.org/10.1037/0022-3514.94.2.94.2.231,,,True,https://doi.org/10.1037/h0022415,"Freedman, J.",Preference for dissonant information,Journal of Personality and Social Psychology,2,2,287-289,1965,"When presented with 2 pieces of information (1 consistent and 1 inconsistent with a prior decision), decision makers prefer the inconsistent information",success,direct,psychology,social psychology,,high,,,,,,,,34,,,,0.04,=,,
10.1037/0022-3514.94.2.94.2.231,https://doi.org/10.1037/0022-3514.94.2.94.2.231,,,True,https://doi.org/10.2307/2785989,"Sears, D.",Biased indoctrination and selectivity of exposure to new information,Sociometry,28,4,363-376,1965,"When presented with 2 pieces of information (1 consistent and 1 inconsistent with a prior decision), decision makers prefer the inconsistent information",success,direct,psychology,social psychology,,high,,,,,,,,34,,,,0.04,=,,
10.1037/0022-3514.94.2.94.2.265,https://doi.org/10.1037/0022-3514.94.2.94.2.265,,,False,,,,,,,,,,,,,,,,,,,,,,,,,,,,,,
10.1037/0022-3514.94.3.396,https://doi.org/10.1037/0022-3514.94.3.396,,,False,,,,,,,,,,,,,,,,,,,,,,,,,,,,,,
10.1037/0022-3514.94.3.531,https://doi.org/10.1037/0022-3514.94.3.531,,,True,https://doi.org/10.1037/0022-3514.67.4.674,"Shoda, Yuichi; Mischel, Walter; Wright, Jack C.",Intraindividual stability in the organization and patterning of behavior: incorporating psychological situations into the idiographic analysis of personality,Journal of Personality and Social Psychology,67,4,674-687,1994,Behavioral signatures (stable situation-behavior profiles) are stable individual difference characteristics in children,success,close,psychology,personality psychology,,high,,0.28,r,,,,,50,0.37,r,,,,,
10.1037/0022-3514.94.4.579,https://doi.org/10.1037/0022-3514.94.4.579,,,False,,,,,,,,,,,,,,,,,,,,,,,,,,,,,,
10.1037/0022-3514.94.4.647,https://doi.org/10.1037/0022-3514.94.4.647,,,False,,,,,,,,,,,,,,,,,,,,,,,,,,,,,,
10.1037/0022-3514.94.4.696,https://doi.org/10.1037/0022-3514.94.4.696,,,False,,,,,,,,,,,,,,,,,,,,,,,,,,,,,,
10.1037/0022-3514.94.6.1062,https://doi.org/10.1037/0022-3514.94.6.1062,,,False,,,,,,,,,,,,,,,,,,,,,,,,,,,,,,
10.1037/0033-295x.95.3.371,https://doi.org/10.1037/0033-295x.95.3.371,,,True,https://doi.org/10.1037/0096-1523.1.3.280,"Slovic, P.",Choice between equally valued alternatives,Journal of Experimental Psychology: Human Perception and Performance,1,3,280-287,1975,"When people match two options to make them equivalent and then choose between the matched options, they tend to select the option that is superior on the more important dimension rather than choosing randomly",success,direct,psychology,cognitive psychology,,high,,,,,,,,101,,,,,,,
10.1037/0096-3445.108.4.441,https://doi.org/10.1037/0096-3445.108.4.441,,,True,https://doi.org/10.1037/h0093874,"Jenkins, H.; Ward, W.",Judgment of contingency between response and outcome,Monographs,79,1,1,1965,People's judgments of degree of control between their responses and outcomes are unrelated to actual degree of control and instead correlate highly only with the number of successful trials,failure,close,psychology,cognitive psychology,,high,,,,,,,,96,0.56,r,,0.001,<,,
10.1037/0278-6133.3.5.431,https://doi.org/10.1037/0278-6133.3.5.431,,,False,,,,,,,,,,,,,,,,,,,,,,,,,,,,,,
10.1037/0278-7393.10.4.680,https://doi.org/10.1037/0278-7393.10.4.680,,,True,https://doi.org/10.1080/14640748108400797,"Evett, L.; Humphreys, G.",The use of abstract graphemic information in lexical access,Quarterly Journal of Experimental Psychology,33,4,325-350,1981,Masked primes produce significant repetition effects in word identification tasks when the prime is heavily masked and unavailable for conscious report,success,close,psychology,cognitive psychology,,high,,,,,,,,28,,,,0.001,<,,
10.1037/0278-7393.10.4.680,https://doi.org/10.1037/0278-7393.10.4.680,,,True,https://doi.org/10.1080/14640748108400797,"Evett, L.; Humphreys, G.",The use of abstract graphemic information in lexical access,Quarterly Journal of Experimental Psychology,33,4,325-350,1981,Graphemically similar primes produce facilitation for target word identification whether the prime is a word or a nonword,failure,close,psychology,cognitive psychology,,high,,,,,,,,24,,,,,,,
10.1037/0278-7393.10.4.680,https://doi.org/10.1037/0278-7393.10.4.680,,,True,https://doi.org/10.1037/0096-1523.3.1.1,"Cortese, C.; Scarborough",Frequency and repetition effects in lexical memory,Journal of Experimental Psychology: Human Perception and Performance,80,1,1-17,1977,"Low-frequency words benefit more from repetition than high-frequency words in lexical decision tasks, producing a frequency attenuation effect",success,direct,psychology,cognitive psychology,,high,,,,,,,,28,,,,0.05,<,,
10.1037/0278-7393.20.4.824,https://doi.org/10.1037/0278-7393.20.4.824,,,True,https://doi.org/10.1016/0749-596x(85)90017-8,"Balota, D. A.; Chumbley, J. I.",The locus of word-frequency effects in the pronunciation task: lexical access and/or production?,Journal of Memory and Language,24,1,89-106,1985,"Word frequency can modulate the speed of articulatory programming and articulation, with high-frequency words showing faster articulatory motor program compilation and execution in delayed naming tasks",failure,close,psychology,cognitive psychology,,high,,,,,,,,12,,,,0.23,=,,
10.1037/0278-7393.24.2.284,https://doi.org/10.1037/0278-7393.24.2.284,,,True,https://doi.org/10.3758/bf03202642,"Gardiner, J.; Java, R.",Recollective experience in word and nonword recognition,Memory & Cognition,18,1,23-30,1990,"Low-frequency words produce more 'remember' responses than high-frequency words in recognition memory, while the frequency effect is absent or reversed in 'know' responses",success,close,psychology,cognitive psychology,,high,,,,,,,,30,,,,0.05,<,,
10.1037/0278-7393.34.1.146,https://doi.org/10.1037/0278-7393.34.1.146,,,True,https://doi.org/10.1037/0278-7393.29.2.171,"Coltheart, V.; Langdon, R.",Repetition blindness for words yet repetition advantage for nonwords,"Journal of Experimental Psychology: Learning, Memory",29,2,171-185,2003,"Rapid serial visual presentation of words produces repetition blindness (both instances of a repeated word go unreported), while nonwords show a repetition advantage (both instances are reported more often when repeated)",success,direct,psychology,cognitive psychology,,high,,,,,,,,24,,,,0.001,<,,
10.1037/0278-7393.34.1.219,https://doi.org/10.1037/0278-7393.34.1.219,,,False,,,,,,,,,,,,,,,,,,,,,,,,,,,,,,
10.1037/0278-7393.34.1.237,https://doi.org/10.1037/0278-7393.34.1.237,,,True,https://doi.org/10.1080/17470210600705198,"Lavis, Y.; Mitchell, C.",Effects of preexposure on stimulus discrimination: An investigation of the mechanisms responsible for human perceptual learning,Quarterly Journal of Experimental Psychology,59,12,2083-2101,2006,Intermixed exposure to similar visual stimuli (AX/BX) produces better discrimination between those stimuli than blocked exposure to equally similar stimuli (CX/DX),success,direct,psychology,cognitive psychology,,high,,,,,,,,24,,,,,,,
10.1037/0278-7393.34.1.237,https://doi.org/10.1037/0278-7393.34.1.237,,,True,https://doi.org/10.1037/0097-7403.30.2.93,"Mackintosh, N.; Kaye, H.; Bennett, C.",Perceptual learning in flavor aversion conditioning,Quarterly Journal of Experimental Psychology: Comparative and Physiological Psychology,43,B,297-322,1991,Perceptual learning occurs when a stimulus is intermixed with a similar stimulus (AX/BX) but not when intermixed with a dissimilar stimulus (AX/BY),success,close,psychology,cognitive psychology,,high,,,,,,,,32,,,,,,,
10.1037/0278-7393.34.1.243,https://doi.org/10.1037/0278-7393.34.1.243,,,True,https://doi.org/10.1037/0278-7393.21.1.103,"Jones, D.; Macken, W.",Phonological similarity in the irrelevant speech effect: within-or between-stream similarity,"Journal of Experimental Psychology: Learning, Memory",21,1,103-115,1995,Between-sequence phonological similarity does not impair serial recall performance when to-be-ignored sounds are phonologically similar to to-be-remembered items,success,direct,psychology,cognitive psychology,,high,,,,,,,,24,0.30,d,,0.53,=,,
10.1037/0278-7393.34.1.243,https://doi.org/10.1037/0278-7393.34.1.243,,,True,https://doi.org/10.1016/j.jml.2007.05.002,"Marsh, J.; Hughes, R.; Jones, D.",Semantic auditory distraction: a process-based approach,Journal of Memory and Language,58,3,682,2007,"Free recall of category-exemplars is disrupted more by semantically related irrelevant category items than by categorically unrelated irrelevant items, and related items result in more intrusions",success,conceptual,psychology,cognitive psychology,,high,,,,,,,,24,1.64,d,,0.001,<,,
10.1037/0278-7393.34.1.50,https://doi.org/10.1037/0278-7393.34.1.50,,,True,https://doi.org/10.3758/bf03196355,"Reynolds, M.; Besner, D.",Contextual control over lexical and sublexical routines when reading English aloud,Psychonomic Bulletin & Review,12,1,113-118,2005,"Reading aloud low-frequency exception words and nonwords in an alternating AABB sequence produces switch costs, indicating that skilled readers change their phonological processing pathway depending on stimulus type",success,close,psychology,cognitive psychology,,high,,,,,,,,16,,,,0.001,<,,
10.1037/0278-7393.34.1.97,https://doi.org/10.1037/0278-7393.34.1.97,,,True,https://doi.org/10.1037/0278-7393.26.4.945,"Stark, Craig E. L.; McClelland, James L.","Repetition priming of words, pseudowords, and nonwords","Journal of Experimental Psychology: Learning, Memory, and Cognition",26,4,945-972,2000,"Priming can occur for old items that are not overtly recognized, specifically that identification reaction times for misses (old items judged new) are faster than those for correct rejections (new items judged new)",success,direct,psychology,cognitive psychology,,high,,,,,,,,24,,,,0.002,=,two-sided,
10.1037/0278-7393.34.2.257,https://doi.org/10.1037/0278-7393.34.2.257,,,False,,,,,,,,,,,,,,,,,,,,,,,,,,,,,,
10.1037/0278-7393.34.2.313,https://doi.org/10.1037/0278-7393.34.2.313,,,True,https://doi.org/10.1016/0010-0285(89)90004-2,"Gibbs, R.; Nayak, N.",Psycholinguistic studies on the syntactic behavior of idioms,Cognitive Psychology,21,1,100-138,1989,"People have clear and systematic intuitions about the semantic compositionality of idiomatic expressions (normally decomposable, abnormally decomposable, and nondecomposable)",failure,direct,psychology,cognitive psychology,,high,,,,,,,,18,,,,,,,
10.1037/0278-7393.34.2.313,https://doi.org/10.1037/0278-7393.34.2.313,,,True,https://doi.org/10.1016/0010-0285(89)90004-2,"Gibbs, R.; Nayak, N.",Psycholinguistic studies on the syntactic behavior of idioms,Cognitive Psychology,21,1,100-138,1989,"The more an idiom is seen as decomposable, the more likely it is to be treated as syntactically flexible (Experiment 2)",failure,close,psychology,cognitive psychology,,high,,,,,,,,52,,,,0.82,=,,
10.1037/0278-7393.34.2.313,https://doi.org/10.1037/0278-7393.34.2.313,,,True,https://doi.org/10.1016/0749-596x(89)90014-4,"Gibbs, R.; Nayak, N.; Cutting, J.",How to kick the bucket and not decompose: Analyzability and idiom processing,Journal of Memory and Language,28,5,576-593,1989,Decomposable idioms are recognized faster than controls while nondecomposable idioms are recognized slower than controls,failure,direct,psychology,cognitive psychology,,high,,,,,,,,26,,,,0.0005,=,two-sided,
10.1037/0278-7393.34.2.328,https://doi.org/10.1037/0278-7393.34.2.328,,,True,https://doi.org/10.1037/e501882009-475,"Wenger, M. J.; Ingvalson, E. M.",A decisional component of holistic encoding,"Journal of Experimental Psychology: Learning, Memory, and Cognition",28,,872-892,2002,Holistic face processing exhibits violations of decisional separability (DS) but not perceptual independence (PI) when measured using general recognition theory,success,direct,psychology,cognitive psychology,,high,,,,,,,,41,,,,,,,
10.1037/0278-7393.34.2.328,https://doi.org/10.1037/0278-7393.34.2.328,,,True,https://doi.org/10.1037/0278-7393.29.6.1106,"Wenger, M. J.; Ingvalson, E. M.",Preserving informational separability and violating decisional separability in facial perception and recognition,"Journal of Experimental Psychology: Learning, Memory, and Cognition",29,6,1106-1118,2003,Holistic face processing exhibits violations of decisional separability (DS) but not perceptual independence (PI) when measured using general recognition theory,success,direct,psychology,cognitive psychology,,high,,,,,,,,41,,,,,,,
10.1037/0278-7393.34.2.353,https://doi.org/10.1037/0278-7393.34.2.353,,,True,https://doi.org/10.1037/0278-7393.28.3.555,"Morsella, E.; Miozzo, M.",Evidence for a cascade model of lexical access in speech production,"Journal of Experimental Psychology: Learning, Memory",28,3,555-563,2002,"Phonologically related distractor pictures facilitate naming of target pictures, supporting continuous activation spread from concepts to phonological forms",success,direct,psychology,cognitive psychology,,high,,,,,,,,24,,,,0.002,=,,
10.1037/0278-7393.34.2.353,https://doi.org/10.1037/0278-7393.34.2.353,,,True,https://doi.org/10.1016/j.jml.2005.05.001,"Navarrete, E.; Costa, A.",Phonological activation of ignored pictures: Further evidence for a cascade model of lexical access,Journal of Memory and Language,53,3,359-377,2005,"Phonologically related distractor pictures facilitate naming of target pictures, supporting continuous activation spread from concepts to phonological forms",success,direct,psychology,cognitive psychology,,high,,,,,,,,24,,,,0.002,=,,
10.1037/0278-7393.34.2.369,https://doi.org/10.1037/0278-7393.34.2.369,,,True,https://doi.org/10.1016/s0042-6989(02)00402-9,"Landman, R.; Spekreijse, H.; Lamme, V.",Large capacity storage of integrated objects before change blindness,Vision Research,43,2,149-164,2003,Presenting a retrospective cue (pointing to a specific memory item) 1 second after memory encoding and before testing enhances visual working memory performance in a change detection task,success,direct,psychology,cognitive psychology,,high,,,,,,,,18,,,,0.001,<,,
10.1037/0278-7393.34.2.381,https://doi.org/10.1037/0278-7393.34.2.381,,,True,https://doi.org/10.1080/026999300378923,"Wurm, L.; Vakoch, D.",The adaptive value of lexical connotation in speech perception,Cognition and Emotion,14,2,177-191,2000,Words rated high on both danger and usefulness show slower reaction times in auditory lexical decision tasks due to approach-withdraw response conflict,success,close,psychology,cognitive psychology,,high,,,,,,,,29,,,,,,,
10.1037/0278-7393.34.2.381,https://doi.org/10.1037/0278-7393.34.2.381,,,True,https://doi.org/10.1080/026999300378923,"Wurm, L.; Vakoch, D.",The adaptive value of lexical connotation in speech perception,Cognition and Emotion,14,2,177-191,2000,Words rated high on both danger and usefulness show slower reaction times in auditory lexical decision tasks due to approach-withdraw response conflict,reversal,conceptual,psychology,cognitive psychology,,high,,,,,,,,58,,,,,,,
10.1037/0278-7393.34.2.381,https://doi.org/10.1037/0278-7393.34.2.381,,,True,https://doi.org/10.1080/026999300378923,"Wurm, L.; Vakoch, D.",The adaptive value of lexical connotation in speech perception,Cognition and Emotion,14,2,177-191,2000,Words rated high on both danger and usefulness show slower reaction times in auditory lexical decision tasks due to approach-withdraw response conflict,reversal,conceptual,psychology,cognitive psychology,,high,,,,,,,,12,,,,,,,
10.1037/0278-7393.34.2.415,https://doi.org/10.1037/0278-7393.34.2.415,,,False,,,,,,,,,,,,,,,,,,,,,,,,,,,,,,
10.1037/0278-7393.34.2.422,https://doi.org/10.1037/0278-7393.34.2.422,,,True,https://doi.org/10.1037/0096-1523.32.6.1303,"Reynolds, M.; Besner, D.",Reading aloud is not automatic: Processing capacity is required to generate a phonological code from print,Journal of Experimental Psychology: Human Perception and Performance,32,6,1303-1323,2006,Repetition priming for exception words shows an underadditive interaction with stimulus onset asynchrony (SOA) when reading aloud - the repetition effect is reduced at short SOA compared to long SOA,success,direct,psychology,cognitive psychology,,high,,54,ms,,,,,48,18.69,ms,,0.05,<,,
10.1037/0278-7393.34.3.514,https://doi.org/10.1037/0278-7393.34.3.514,,,True,https://doi.org/10.1016/j.concog.2006.06.010,"Schmidt, J.; Crump, M.; Cheesman, J.; Besner, D.",Contingency learning without awareness: Evidence for implicit control,Consciousness and Cognition,16,2,421-435,2007,"Color-unrelated words presented mostly in specific colors show contingency effects, with faster responses to high contingency trials than low contingency trials (response latency measure)",success,close,psychology,cognitive psychology,,high,,,,,,,,34,,,,0.003,=,two-sided,
10.1037/0278-7393.34.3.514,https://doi.org/10.1037/0278-7393.34.3.514,,,True,https://doi.org/10.1016/j.concog.2006.06.010,"Schmidt, J.; Crump, M.; Cheesman, J.; Besner, D.",Contingency learning without awareness: Evidence for implicit control,Consciousness and Cognition,16,2,421-435,2007,"Color-unrelated words presented mostly in specific colors show contingency effects in error rates, with both facilitation for high contingency trials and interference for low contingency trials",success,close,psychology,cognitive psychology,,high,,,,,,,,95,,,,0.005,=,two-sided,
10.1037/0278-7393.34.3.546,https://doi.org/10.1037/0278-7393.34.3.546,,,True,https://doi.org/10.1037/0278-7393.31.2.250,"Rickard, T.",A revised identical elements model of arithmetic fact representation,"Journal of Experimental Psychology: Learning, Memory",31,2,250-257,2005,"Factoring practice (stating factors given a product, e.g., 56 = ? × ?) facilitates performance on corresponding multiplication problems (e.g., 7 × 8 = ?) due to a shared bidirectional retrieval structure",failure,conceptual,psychology,cognitive psychology,,high,,,,,,,,28,,,,0.019,=,,
10.1037/0278-7393.34.3.546,https://doi.org/10.1037/0278-7393.34.3.546,,,True,https://doi.org/10.1037/0278-7393.31.2.250,"Rickard, T.",A revised identical elements model of arithmetic fact representation,"Journal of Experimental Psychology: Learning, Memory",31,2,250-257,2005,"Factoring practice (stating factors given a product, e.g., 56 = ? × ?) facilitates performance on corresponding multiplication problems (e.g., 7 × 8 = ?) due to a shared bidirectional retrieval structure",success,close,psychology,cognitive psychology,,high,,,,,,,,36,,,,0.001,<,,
10.1037/0894-4105.16.4.562,https://doi.org/10.1037/0894-4105.16.4.562,,,True,https://doi.org/10.1207/s15324826an0701_3,"Rosselli, M.; Ardila, A.; Araujo, K.; Weekes, V.; Caracciolo, V.; Padilla, M.; Ostrosky-Solis, F.",Verbal fluency and repetition skills in healthy older Spanish-English bilinguals,Applied Neuropsychology,7,1,17-24,2000,"Older Spanish-English bilinguals produce fewer correct responses than monolinguals on semantic fluency (animals, fruits) but not on letter fluency (F, A, S), with a larger impairment on semantic categories",inconclusive,close,psychology,neuropsychology,,high,,,,,,,,60,,,,0.01,<,two-sided,
10.1037/10165-004,https://doi.org/10.1037/10165-004,,,True,https://doi.org/10.1016/0001-8791(91)90006-8,"Hanisch, K.; Hulin, C.",General attitudes and organizational withdrawal: An evaluation of a causal model,Journal of Vocational Behavior,39,1,110-128,1991,Job satisfaction and health satisfaction predict organizational withdrawal behaviors (work withdrawal and job withdrawal),success,close,psychology,social psychology,,high,,,,,,,,357,,,,,,,
10.1037/1040-3590.8.4.398,https://doi.org/10.1037/1040-3590.8.4.398,,,True,https://doi.org/10.1037//0022-3514.63.3.452,"Buss, A.; Perry, M.",The Aggression Questionnaire,Journal of Personality and Social Psychology,63,3,452-459,1992,"The Aggression Questionnaire has a four-factor structure consisting of Physical Aggression, Verbal Aggression, Hostility, and Anger",inconclusive,direct,psychology,personality psychology,,high,1000,,,,,,,200,,,,,,,
10.1037/10423-008,https://doi.org/10.1037/10423-008,,,False,,,,,,,,,,,,,,,,,,,,,,,,,,,,,,
10.1037/1089-2699.6.1.101,https://doi.org/10.1037/1089-2699.6.1.101,,,True,https://doi.org/10.1037/0022-3514.74.6.1464,"Greenwald, A. G.; McGhee, D. E.; Schwartz, J. L. K.",Measuring individual differences in implicit cognition: the implicit association test,Journal of Personality and Social Psychology,74,6,1464-1480,1998,The Implicit Association Test reveals automatic preferences for White over Black using name and face stimuli paired with positive and negative valence words,success,direct,psychology,social psychology,,high,,,,,,,,,0.71,d,,,,,
10.1037/1089-2699.6.1.101,https://doi.org/10.1037/1089-2699.6.1.101,,,True,https://doi.org/10.1037//0022-3514.83.1.44,"Nosek, B. A.; Banaji, M. R.; Greenwald, A. G.","Math ϭ male, me ϭ female, therefore math me",Journal of Personality and Social Psychology,83,1,44,2002,Males are automatically associated with science and females with liberal arts as measured by the Implicit Association Test,success,direct,psychology,social psychology,,high,,,,,,,,,0.72,d,,,,,
10.1037/1089-2699.6.1.101,https://doi.org/10.1037/1089-2699.6.1.101,,,True,https://doi.org/10.1177/01461672241286084,"Wang, C.; Banaji, M. R.",Stereotypes about career and family,Personality and Social Psychology Bulletin,52,3,706,1999,Males are automatically associated with career and females with family as measured by the Implicit Association Test,success,direct,psychology,social psychology,,high,,,,,,,,,0.72,d,,,,,
10.1037/a0012840,https://doi.org/10.1037/a0012840,,,False,,,,,,,,,,,,,,,,,,,,,,,,,,,,,,
10.1037/a0014651,https://doi.org/10.1037/a0014651,,,True,https://doi.org/10.1037/0022-3514.81.2.322,"Costa, P.; Terracciano, A.; McCrae, R.",Gender differences in personality traits across cultures: robust and surprising findings,Journal of Personality and Social Psychology,81,2,322-331,2001,"Sex differences in personality traits are larger in prosperous, healthy, and egalitarian cultures where women have more opportunities equal with men",success,close,psychology,personality psychology,,high,,,,,,,,17637,0.73,r,,0.001,<,,
10.1037/a0014651,https://doi.org/10.1037/a0014651,,,True,https://doi.org/10.1037/0022-3514.88.3.547,"McCrae, R.; Terracciano, A.",Universal features of personality traits from the observer's perspective: data from 50 cultures,Journal of Personality and Social Psychology,88,3,547-561,2005,"Sex differences in personality traits are larger in prosperous, healthy, and egalitarian cultures where women have more opportunities equal with men",success,close,psychology,personality psychology,,high,,,,,,,,17637,0.48,r,,0.01,<,,
10.1037/a0016748,https://doi.org/10.1037/a0016748,,,True,https://doi.org/10.1016/s0022-5371(84)90442-0,"Kemler Nelson, D.",The effect of intention on what concepts are acquired,Journal of Verbal Learning and Verbal Behavior,23,6,734-759,1984,"Intentional category learners adopt rule-based (criterial attribute) strategies, while incidental category learners adopt family-resemblance strategies",success,close,psychology,cognitive psychology,,high,,,,,,,,72,,,,0.05,<,,
10.1037/a0019187,https://doi.org/10.1037/a0019187,,,False,,,,,,,,,,,,,,,,,,,,,,,,,,,,,,
10.1037/a0019219,https://doi.org/10.1037/a0019219,,,False,,,,,,,,,,,,,,,,,,,,,,,,,,,,,,
10.1037/a0019951,https://doi.org/10.1037/a0019951,,,True,https://doi.org/10.1037//0096-1523.15.4.673,"Rafal, R.; Calabresi, P.; Brennan, C.; Sciolto, T.",Saccade preparation inhibits reorienting to recently attended locations,Journal of Experimental Psychology: Human Perception and Performance,15,4,673-685,1989,"Endogenous saccade preparation (preparing but not executing an eye movement to a location indicated by a central arrow cue, then cancelling it) produces Inhibition of Return (IOR)",failure,direct,psychology,cognitive psychology,,high,,,,,,,,74,,,,0.044,=,two-sided,
10.1037/a0021227,https://doi.org/10.1037/a0021227,,,True,https://doi.org/10.1037/0022-006X.72.3.500,"Chaffin, M.; Silovsky, J.; Funderburk, B.; Valle, L.; Brestan, E.; Balachova, T.; Bonner, B.",Parent-child interaction therapy with physically abusive parents: efficacy for reducing future abuse reports,Journal of Consulting and Clinical Psychology,72,,500-510,2004,A self-motivational orientation combined with parent-child interaction therapy (SM + PCIT) reduces child welfare recidivism among physically abusive parents compared to services as usual,success,close,psychology,clinical psychology,,high,110,,,,,,,153,,,,0.002,<,,
10.1037/a0021524,https://doi.org/10.1037/a0021524,,,False,,,,,,,,,,,,,,,,,,,,,,,,,,,,,,
10.1037/a0021682,https://doi.org/10.1037/a0021682,,,True,https://doi.org/10.1037/0894-4105.20.6.633,"Duchek, J.; Balota, D.; Cortese, M.",Prospective memory and apolipoprotein E in healthy aging and early Alzheimer's disease,Neuropsychology,20,6,633-644,2006,Focal prospective memory performance is impaired in very mild dementia (early Alzheimer's disease) relative to healthy older adults,success,close,psychology,cognitive psychology,,high,,,,,,,,68,,,,,,,
10.1037/a0022822,https://doi.org/10.1037/a0022822,,,True,https://doi.org/10.1080/02699930143000374,"Gohm, C.; Clore, G.","Four latent traits of emotional experience and their involvement in well-being, coping, and attributional style",Cognition and Emotion,16,4,495-518,2002,Higher levels of attention to emotion are associated with higher intensity of affect (both negative and positive),success,conceptual,psychology,social psychology,,high,,,,,,,,53,,,,0.001,<,,
10.1037/a0022822,https://doi.org/10.1037/a0022822,,,True,https://doi.org/10.1016/j.jrp.2009.07.006,"Thompson, R.; Dizen, M.; Berenbaum, H.",The unique relations between emotional awareness and facets of affective instability,Journal of Research in Personality,43,5,875-879,2009,Higher levels of attention to emotion are associated with higher intensity of affect (both negative and positive),success,conceptual,psychology,social psychology,,high,,,,,,,,53,,,,0.001,<,,
10.1037/a0023527,https://doi.org/10.1037/a0023527,,,True,https://doi.org/10.1037/a0013933,"Park, L.; Maner, J.",Does self-threat promote social connection? The role of self-esteem and contingencies of self-worth,Journal of Personality and Social Psychology,96,1,203-217,2009,Social exclusion experiences increase people's need for social affiliation,success,close,psychology,social psychology,,high,,,,,,,,176,,,,0.01,<,,
10.1037/a0024313,https://doi.org/10.1037/a0024313,,,True,https://doi.org/10.1016/j.chiabu.2005.11.004,"Chamberlain, P.; Price, J.; Reid, J.; Landsverk, J.; Fisher, P.; Stoolmiller, M.",Who disrupts from placement in foster and kinship care?,Child Abuse & Neglect,30,4,409-424,2006,"Number of daily child problem behaviors at entry into a new foster home predicts subsequent placement disruptions in foster children, with a threshold effect where low problem behavior predicts low disruption risk but each additional behavior above the threshold increases disruption risk",success,close,psychology,developmental psychology,,high,,,,,,,,60,,,,0.013,=,,
10.1037/a0024739,https://doi.org/10.1037/a0024739,,,True,https://doi.org/10.1037/0021-9010,"Conlon, E.; Parks, J.",Information requests in the context of escalation,Journal of Applied Psychology,72,,344-350,1987,"Participants responsible for an initial investment decision that received negative feedback show biased information search, preferring retrospective information that bolsters their initial decision",failure,direct,psychology,social psychology,,high,48,0.25,w,,,,,176,,,,0.07,=,,
10.1037/a0024923,https://doi.org/10.1037/a0024923,,,True,https://doi.org/10.1111/j.1467-7687.2009.00859,"Mccrink, K.; Bloom, P.; Santos, L.",Children's and adults' judgments of equitable resource distributions,Developmental Science,13,,37-45,2010,"Children favor absolute quantity over proportion when judging the niceness of givers, while adults favor proportion",success,direct,psychology,developmental psychology,,high,,,,,,,,30,,,,0.001,<,,
10.1037/a0025169,https://doi.org/10.1037/a0025169,,,True,https://doi.org/10.1037/0022-3514.83.6.1409,"Fleeson, William; Malanos, Adriane B.; Achille, Noelle M.",An intraindividual process approach to the relationship between extraversion and positive affect: is acting extraverted as 'good' as being extraverted?,Journal of Personality and Social Psychology,83,6,1409-1422,2002,Acting extraverted increases positive affect regardless of dispositional extraversion level,success,direct,psychology,social psychology,,high,,,,,,,,112,,,,0.02,=,,
10.1037/a0025169,https://doi.org/10.1037/a0025169,,,True,https://doi.org/10.1037/0022-3514.83.6.1409,"Fleeson, William; Malanos, Adriane B.; Achille, Noelle M.",An intraindividual process approach to the relationship between extraversion and positive affect: is acting extraverted as 'good' as being extraverted?,Journal of Personality and Social Psychology,83,6,1409-1422,2002,Acting extraverted increases positive affect regardless of dispositional extraversion level,success,close,psychology,social psychology,,high,,,,,,,,124,0.23,etasq,,0.001,<,,
10.1037/a0026617,https://doi.org/10.1037/a0026617,,,False,,,,,,,,,,,,,,,,,,,,,,,,,,,,,,
10.1037/a0027210,https://doi.org/10.1037/a0027210,,,True,https://doi.org/10.1016/j.neulet.2009.06.030,"Kim, R.; Seitz, A.; Feenstra, H.; Shams, L.",Testing assumptions of statistical learning: is it implicit and long-term?,Neuroscience Letters,461,,145-149,2009,"Visual statistical learning of triplet sequences occurs implicitly, without conscious awareness of the statistical regularities",failure,close,psychology,cognitive psychology,,high,,,,,,,,48,0.57,d,,0.001,<,two-sided,
10.1037/a0027407,https://doi.org/10.1037/a0027407,,,True,https://doi.org/10.1037/0022-3514.85.6.1193,"Van Boven, L.; Gilovich, T.",To do or to have? that is the question,Journal of Personality and Social Psychology,85,,1193-1202,2003,Experiential purchases provide more enduring satisfaction than material possessions,success,close,psychology,social psychology,,high,,,,,,,,121,0.349,d,,0.001,<,,
10.1037/a0027407,https://doi.org/10.1037/a0027407,,,True,https://doi.org/10.1037/0022-3514.85.6.1193,"Van Boven, L.; Gilovich, T.",To do or to have? that is the question,Journal of Personality and Social Psychology,85,,1193-1202,2003,Experiential purchases provide more enduring satisfaction than material possessions,success,close,psychology,social psychology,,high,,,,,,,,60,0.54,d,,0.04,<,,
10.1037/a0027965,https://doi.org/10.1037/a0027965,,,True,https://doi.org/10.1037/0022-0167.53.2.151,"Chronister, K.; McWhirter, E.",An experimental examination of two career interventions for battered women,Journal of Counseling Psychology,53,,151-164,2006,The ACCESS career counseling intervention increases career-search self-efficacy in women survivors of intimate partner violence,success,close,psychology,clinical psychology,,high,86,,,,,,,73,1.18,d,,0.01,<,two-sided,
10.1037/a0028216,https://doi.org/10.1037/a0028216,,,True,https://doi.org/10.1111/j.1467-9280.2008.02137,"Magen, E.; Dweck, C.; Gross, J.",Representing a single choice as an extended sequence reduces impulsive choice,Psychological Science,19,,648-649,2008,Making zero outcomes explicit in intertemporal choices (turning single outcomes into sequences) increases preference for the larger-but-later option,success,direct,psychology,cognitive psychology,,high,,,,,,,,277,,,,0.005,<,,
10.1037/a0028216,https://doi.org/10.1037/a0028216,,,True,https://doi.org/10.1017/s193029750000406x,"Rao, L.; Li, S.",New paradoxes in intertemporal choice,Judgment and Decision Making,6,2,122-129,2011,Adding a common amount to the immediate outcomes of both options in an intertemporal choice decreases preference for the larger-but-later option,success,direct,psychology,cognitive psychology,,high,,,,,,,,277,,,,0.005,<,,
10.1037/a0028216,https://doi.org/10.1037/a0028216,,,True,https://doi.org/10.1509/jmkr.48.2.282,"Urminsky, O.; Kivetz, R.","Scope insensitivity and the ""mere token",Journal of Marketing Research,48,,282-295,2011,"Adding a small early outcome (token) to both options in an intertemporal choice increases preference for the larger-but-later option, with preference being insensitive to the magnitude of the token",inconclusive,close,psychology,cognitive psychology,,high,,,,,,,,349,,,,0.10,<,,
10.1037/a0028585,https://doi.org/10.1037/a0028585,,,True,https://doi.org/10.1207/s15327752jpa8701_10,"Stredny, R.; Archer, R.; Mason, J.",MMPI-2 and MCMI-III characteristics of parental competency examinees,Journal of Personality Assessment,87,1,113-115,2006,"Parents undergoing court-mandated parental competency evaluations exhibit specific MMPI-2 score patterns on clinical, validity, and restructured clinical scales",success,direct,psychology,clinical psychology,,high,127,,,,,,,136,0.4,d,,0.003,<,two-sided,
10.1037/a0029406,https://doi.org/10.1037/a0029406,,,False,,,,,,,,,,,,,,,,,,,,,,,,,,,,,,
10.1037/a0029513,https://doi.org/10.1037/a0029513,,,True,https://doi.org/10.1111/1468-0475.t01-1-00007,"Albers, W.; Pope, R.; Selten, R.; Vogt, B.",Experimental evidence for attractions to chance,German Economic Review,1,,113-130,2000,"Risk-averse decision makers show attraction to chance by choosing to play symmetric lotteries of the form {.5, Y+X; .5, Y-X} where X>0, despite revealing risk-averse preferences in standard lottery elicitation tasks",success,direct,economics,behavioral economics,,high,,,,,,,,50,,,,0.01,<,,
10.1037/a0030530,https://doi.org/10.1037/a0030530,,,True,https://doi.org/10.1037/a0026099,"Morsanyi, K.; Handley, S.",Logic feels so good-I like it! Evidence for intuitive detection of logicality in syllogistic reasoning,"Journal of Experimental Psychology: Leaming, Memory",38,,596-616,2012,"People can intuitively detect the logical validity of difficult syllogisms via small changes in affective state, as measured by liking ratings of syllogism conclusions",failure,close,psychology,cognitive psychology,,high,,0.14,etasq,,,,,40,0.08,etasq,,0.001,<,,
10.1037/a0033323,https://doi.org/10.1037/a0033323,,,False,,,,,,,,,,,,,,,,,,,,,,,,,,,,,,
10.1037/a0034376,https://doi.org/10.1037/a0034376,,,True,https://doi.org/10.1037/a0023222,"Berry, C.; Clark, M.; McClure, T.",Racial/ethnic differences in the criterion-related validity of cognitive ability tests: A qualitative and quantitative review,Journal of Applied Psychology,96,,881-906,2011,"Cognitive ability tests have lower observed criterion-related validity (test-criterion correlations) for Black and Hispanic subgroups compared to White and Asian subgroups across college admissions, civilian employment, and military domains",success,close,psychology,social psychology,,high,,,,,,,,1000000,,,,,,,
10.1037/a0034748,https://doi.org/10.1037/a0034748,,,True,https://doi.org/10.1037/a0018937,"Wiseman, Matthew C.; Moradi, Bonnie",Body image and eating disorder symptoms in sexual minority men: a test and extension of objectification theory,Journal of Counseling Psychology,57,2,154-166,2010,"Sexual objectification experiences, internalization of sociocultural standards of attractiveness, body surveillance, and body shame predict eating disorder symptoms in sexual minority individuals",inconclusive,close,psychology,social psychology,,high,,,,,,,,316,,,,,,,
10.1037/a0036079,https://doi.org/10.1037/a0036079,,,True,https://doi.org/10.1037/a0023527,"Bargh, J.; Shalev, I.",The substitutability of physical and social warmth in daily life,Emotion,12,1,154-162,2012,"Trait loneliness is positively associated with physical warmth extraction from bathing (frequency, duration, and water temperature of showers and baths)",failure,direct,psychology,social psychology,,high,92,0.47,r,,,,,3073,0.050,r,"[-0.024, 0.123]",0.186,=,,
10.1037/a0038159,https://doi.org/10.1037/a0038159,,,True,https://doi.org/10.1037/a0019219,"Stephen, D. G.; Arzamarski, R.; Michaels, C. F.",The role of fractality in perceptual learning: exploration in dynamic touch,Journal of Experimental Psychology: Human Perception and Performance,36,5,1161-1173,2010,Fractal temporal correlations in hand-wielding movements moderate the effect of inertial moments on haptic length judgments in dynamic touch tasks,success,close,psychology,cognitive psychology,,high,,,,,,,,14,,,,0.01,<,,
10.1037/a0038159,https://doi.org/10.1037/a0038159,,,True,https://doi.org/10.3758/S13414-011-0142-6,"Stephen, D. G.; Hajnal, A.",Transfer of calibration between hand and foot: functional equivalence and fractal fluctuations,Perception & Psychophysics,73,,1302-1328,2011,Fractal temporal correlations in hand-wielding movements moderate the effect of inertial moments on haptic length judgments in dynamic touch tasks,success,close,psychology,cognitive psychology,,high,,,,,,,,14,,,,0.01,<,,
10.1037/a0039508,https://doi.org/10.1037/a0039508,,,True,https://doi.org/10.1037/a0017400,"Chao, H.",Inhibition of return to negative emotion: Evidence from an emotional expression detection task,Emotion,10,,272-277,2010,"Following a negative emotional cue, participants are slower to respond to negative targets than positive targets (inhibition of return to negative emotions), and following a positive cue, participants are faster to respond to positive targets than negative targets",failure,direct,psychology,cognitive psychology,,high,,,,,,,,29,0.80,d,,0.0005,<,,
10.1037/abn0000144,https://doi.org/10.1037/abn0000144,,,True,https://doi.org/10.1521/pedi.2012.26.5.704,"Berghuis, H.; Kamphuis, J.; Verheul, R.",Core features of personality disorder: Differentiating general personality dysfunctioning from personality traits,Journal of Personality Disorders,26,,704-716,2012,Self-pathology scales form a distinct factor separate from FFM neuroticism when all 15 GAPD scales are included in factor analysis,success,direct,psychology,clinical psychology,,high,,,,,,,,584,,,,,,,
10.1037/abn0000144,https://doi.org/10.1037/abn0000144,,,True,https://doi.org/10.1521/pedi.2012.26.5.704,"Berghuis, H.; Kamphuis, J.; Verheul, R.",Core features of personality disorder: Differentiating general personality dysfunctioning from personality traits,Journal of Personality Disorders,26,,704-716,2012,Self-pathology scales form a distinct factor separate from FFM neuroticism when all 15 GAPD scales are included in factor analysis,success,direct,psychology,clinical psychology,,high,,,,,,,,515,,,,,,,
10.1037/abn0000277,https://doi.org/10.1037/abn0000277,,,True,https://doi.org/10.1111/j.1460-9568.2006.05035.x,"Sanderson, D.; Pearce, J.; Kyd, R.; Aggleton, J.",The importance of the rat hippocampus for learning the structure of visual arrays,European Journal of Neuroscience,24,,1781-1788,2006,Hippocampal lesions in rats specifically impair structural learning (discriminating spatial arrangements of visual elements) but not other forms of configural learning such as biconditional discrimination or transverse patterning,success,conceptual,neuroscience,behavioral neuroscience,,high,,,,,,,,38,0.84,d,"[0.16, 1.49]",0.05,<,,
10.1037/aca0000031,https://doi.org/10.1037/aca0000031,,,True,https://doi.org/10.1126/science.1239918,"Kidd, D.; Castano, E.",Reading literary fiction improves theory of mind,Science,342,,377-380,2013,Reading award-winning literary fiction (compared to nonfiction) leads to increases in performance on tests of theory of mind,success,conceptual,psychology,social psychology,,high,90,0.23,f,,,,,100,0.43,d,,0.017,=,one-sided,
10.1037/adb0000155,https://doi.org/10.1037/adb0000155,,,True,https://doi.org/10.1016/j.drugalcdep.2008.03.031,"Hughes, J.; Peters, E.; Callas, P.; Budney, A.; Livingston, A.",Attempts to stop or reduce marijuana use in non-treatment seekers: a pilot study,Drug and Alcohol Dependence,97,1-2,180-184,2008,"Daily cannabis users trying to change make many rapid transitions among use as usual, reduction and abstinence; reduction attempts are more common than abstinence attempts; quit and reduction attempts are short-lived; alcohol/drug use does not increase with abstinence; few seek treatment",success,direct,psychology,clinical psychology,,high,19,,,,,,,193,,,,,,,
10.1037/apl0000183,https://doi.org/10.1037/apl0000183,,,False,,,,,,,,,,,,,,,,,,,,,,,,,,,,,,
10.1037/apl0000254,https://doi.org/10.1037/apl0000254,,,False,,,,,,,,,,,,,,,,,,,,,,,,,,,,,,
10.1037/apl0000383,https://doi.org/10.1037/apl0000383,,,True,https://doi.org/10.1007/BF01126707,"Campion, M.; Stevens, M.","Neglected questions in job design: How people design jobs, task-job predictability, and influence of training",Journal of Business and Psychology,6,,169-191,1991,"Naïve job designers (untrained individuals) naturally tend to design simplified, low-variety work with a mechanistic or work simplification approach when creating jobs for others",success,direct,psychology,social psychology,,high,,,,,,,,211,,,,,,,
10.1037/cdp0000160,https://doi.org/10.1037/cdp0000160,,,True,https://doi.org/10.1037/a0027361,"Cicero, D.; Becker, T.; Martin, E.; Docherty, A.; Kerns, J.",The role of aberrant salience and self-concept clarity in psychotic-like experiences,"Personality Disorders: Theory, Research, and Treatment",4,,33-42,2013,People with high aberrant salience and low self-concept clarity have the highest levels of psychotic-like experiences,success,close,psychology,clinical psychology,,high,,,,,,,,663,0.08,f2,,0.018,=,,
10.1037/dev0000499,https://doi.org/10.1037/dev0000499,,,True,https://doi.org/10.1111/j.1467-7687.2009.00807.x,"Stevens, C.; Lauinger, B.; Neville, H.",Differences in the neural mechanisms of selective attention in children from different socioeconomic backgrounds: an event-related brain potential study,Developmental Science,12,,634-646,2009,Increased socioeconomic risk is associated with larger ERP amplitudes elicited by distracting sounds in preschool-aged children,success,direct,psychology,developmental psychology,,high,16,,,,,,,104,0.21,r,,0.033,=,,
10.1037/e445022005-001,https://doi.org/10.1037/e445022005-001,,,True,https://doi.org/10.1037/e670082012-001,"Driskill, W. E.; Weissmuller, J. J.; Quebe, J.; Hand, D. K.; Dittmar, M. J.; Hunter, D. R.",The use of weather information in aeronautical decision-making,"Office of Aviation Medicine, Federal Aviation Administration, Department of Transportation",,,,1997,"Pilots' cognitive processes in making aeronautical decisions about flight in poor weather conditions can be modeled using regression methods, with values attributed to weather variables being a function of terrain type",success,close,psychology,human factors and ergonomics,,high,150,,,,,,,326,,,,,,,
10.1037/ebs0000028 (1),https://doi.org/10.1037/ebs0000028 (1),,,False,,,,,,,,,,,,,,,,,,,,,,,,,,,,,,
10.1037/edu0000743,https://doi.org/10.1037/edu0000743,,,True,https://doi.org/10.1016/j.learninstruc.2020.101416,"Lee, J.; Lee, H.; Song, J.; Bong, M.",Enhancing children's math motivation with a joint intervention on mindset and gender-stereotypes,Learning and Instruction,73,,101416,2021,"A classroom intervention teaching elementary school students about growth mindset and gender-fair beliefs in math enhances their growth mindset, reduces gender stereotypes, and improves math motivation and achievement",failure,direct,psychology,educational psychology,,high,,,,,,,,467,,,,,,,
10.1037/fam0000147,https://doi.org/10.1037/fam0000147,,,True,https://doi.org/10.1037/0893-3200.22.3.574,"Connell, A.; Dishion, T. J.",Reducing depression among at-risk early adolescents: Three-year effects of a family-centered intervention embedded within schools,Journal of Family Psychology,22,4,574-585,2008,The Family Check-Up intervention reduces growth in adolescent depressive symptoms over time,success,direct,psychology,clinical psychology,,high,,,,,,,,593,0.24,d,,,,,
10.1037/fam0000147,https://doi.org/10.1037/fam0000147,,,True,https://doi.org/10.1016/j.jadohealth.2011.10.255,"Van Ryzin, M. J.; Stormshak, E. A.; Dishion, T. J.",Engaging parents in the Family Check-Up in middle school: Longitudinal effects on family conflict and problem behavior through the transition to high school,Journal of Adolescent Health,50,6,627-633,2012,The Family Check-Up intervention reduces escalation in family conflict during middle school,success,direct,psychology,clinical psychology,,high,,,,,,,,593,0.14,d,,,,,
10.1037/h0022937,https://doi.org/10.1037/h0022937,,,False,,,,,,,,,,,,,,,,,,,,,,,,,,,,,,
10.1037/h0023542,https://doi.org/10.1037/h0023542,,,True,https://doi.org/10.1177/001316445401400407,"Frederiksen, N.; Melville, S. D.",Differential predictability in the use of test scores,Educational and Psychological Measurement,14,4,647-656,1954,"Compulsivity moderates the relationship between vocational interest scales and grade-point average in male engineering students, such that interest scales correlate more strongly with GPA for less compulsive students",inconclusive,close,psychology,educational psychology,,high,,,,,,,,145,,,,,,,
10.1037/h0023542,https://doi.org/10.1037/h0023542,,,True,https://doi.org/10.1177/001316446002000412,"Frederiksen, N.; Gilbert, A. C. F.",Replication of a study of differential predictability,Educational and Psychological Measurement,20,4,759-767,1960,"Compulsivity moderates the relationship between vocational interest scales and grade-point average in male engineering students, such that interest scales correlate more strongly with GPA for less compulsive students",inconclusive,close,psychology,educational psychology,,high,,,,,,,,145,,,,,,,
10.1037/h0027407,https://doi.org/10.1037/h0027407,,,True,https://doi.org/10.1037/h0024237,"Korman, A. K.",Self-esteem as a moderator of the relationship between self-perceived abilities and vocational choice,Journal of Applied Psychology,51,1,65-67,1967,High self-esteem individuals are more likely to choose careers that are need-fulfilling and in which they believe they will be adequate compared to low self-esteem individuals,success,close,psychology,social psychology,,high,,,,,,,,,,,,,,,
10.1037/h0027796,https://doi.org/10.1037/h0027796,,,True,https://doi.org/10.2466/pr0.1965.17.2.519,"Mehrabian, A.",Communication length as an index of communicator attitude,Psychological Reports,17,2,519-522,1965,People write more words in positive letters of recommendation about someone they like compared to someone they dislike,success,direct,psychology,social psychology,,high,69,,,,,,,72,,,,0.001,<,,
10.1037/h0031152,https://doi.org/10.1037/h0031152,,,False,,,,,,,,,,,,,,,,,,,,,,,,,,,,,,
10.1037/h0031564,https://doi.org/10.1037/h0031564,,,False,,,,,,,,,,,,,,,,,,,,,,,,,,,,,,
10.1037/h0032457,https://doi.org/10.1037/h0032457,,,True,https://doi.org/10.1016/0001-8791(71)90010-8,"Osipow, Samuel H.; Scheid, A. B.",The effect of manipulated success ratios on task preference,Journal of Vocational Behavior,1,1,93-98,1971,"Task preferences can be manipulated by varying the rate of success feedback, with subjects preferring tasks where they experience high success ratios even when those tasks were initially less preferred",success,direct,psychology,social psychology,,high,,,,,,,,90,,,,0.01,<,,
10.1037/h0032457,https://doi.org/10.1037/h0032457,,,True,https://doi.org/10.1016/0001-8791(71)90010-8,"Osipow, Samuel H.; Scheid, A. B.",The effect of manipulated success ratios on task preference,Journal of Vocational Behavior,1,1,93-98,1971,"Task preferences can be manipulated by varying the rate of success feedback, with subjects preferring tasks where they experience high success ratios even when those tasks were initially less preferred",success,close,psychology,social psychology,,high,,,,,,,,90,,,,0.01,<,,
10.1037/h0033373,https://doi.org/10.1037/h0033373,,,False,,,,,,,,,,,,,,,,,,,,,,,,,,,,,,
10.1037/h0033973,https://doi.org/10.1037/h0033973,,,True,https://doi.org/10.1037/h0031111,"Berzins, J.; Barnes, D.; Cohen, D.; Ross, W.",A reappraisal of the A-B distinction in terms of the Personality Research Form,Journal of Consulting and Clinical Psychology,36,3,360-369,1971,"A and B therapist types differ on five personality dimensions measured by the Personality Research Form, with B-types scoring higher on risk taking, dominance, change, sentience, and counterdependence",success,close,psychology,clinical psychology,,high,,,,,,,,1589,0.53,r,,0.001,<,,
10.1037/h0035791,https://doi.org/10.1037/h0035791,,,False,,,,,,,,,,,,,,,,,,,,,,,,,,,,,,
10.1037/h0036457,https://doi.org/10.1037/h0036457,,,True,https://doi.org/10.1086/266773,"Kephart, W.; Bressler, M.",Increasing the response to mail questionnaires: a research study,Public Opinion Quarterly,22,2,123-132,1958,Including a 25-cent monetary incentive with a mailed questionnaire increases response rates compared to no incentive,success,close,psychology,social psychology,,high,,,,,,,,200,,,,0.001,<,,
10.1037/h0036771,https://doi.org/10.1037/h0036771,,,True,https://doi.org/10.1037/h0035418,"Locke, E.",Satisfiers and dissatisfiers among white-collar and blue-collar employees,Journal of Applied Psychology,58,1,67-76,1973,"White-collar employees derive satisfaction and dissatisfaction more from motivator events (especially achievement/failure), while blue-collar employees derive them more from hygiene factors (especially money)",success,close,psychology,social psychology,,high,,,,,,,,45,,,,0.01,<,,
10.1037/h0040525,https://doi.org/10.1037/h0040525,,,False,,,,,,,,,,,,,,,,,,,,,,,,,,,,,,
10.1037/h0058574,https://doi.org/10.1037/h0058574,,,True,https://doi.org/10.1037/h0073175,"Thorndike, E.",Individual difference in judgment of the beauty of simple forms,Psychol. Reo,24,2,147-153,1917,"When presented with isosceles triangles with altitudes longer than bases, subjects show aesthetic preference for triangles with an altitude to base ratio of approximately 1.60 to 1 (the golden section)",success,conceptual,psychology,experimental philosophy,,high,,,,,,,,52,,,,0.01,<,,
10.1037/h0058574,https://doi.org/10.1037/h0058574,,,True,,"Witmer, L.",Zur experimentellen Aesthetik einfacher raumlicher Formverhaltnisse,Philos. Stud,9,,389,1894,"When presented with isosceles triangles with altitudes shorter than bases, subjects show aesthetic preference for triangles with an altitude to base ratio of approximately 0.41 to 1",failure,conceptual,psychology,experimental philosophy,,high,,,,,,,,52,,,,0.01,<,,
10.1037/h0076548,https://doi.org/10.1037/h0076548,,,True,https://doi.org/10.1037/h0031152,"Hackman, J.; Lawler, E.",Employee reactions to job characteristics,Journal of Applied Psychology Monograph,55,3,259-286,1971,"Job characteristics (variety, autonomy, task identity, and feedback) are positively related to employee affective reactions including internal work motivation, general job satisfaction, and job involvement",success,close,psychology,social psychology,,high,,,,,,,,104,,,,0.05,<,,
10.1037/h0076590,https://doi.org/10.1037/h0076590,,,True,https://doi.org/10.1037/h0035791,"Oswalt, R.; Napoliello, M.",Motivations of blood donors and nondonors,Journal of Applied Psychology,59,1,122-124,1974,"Humanitarian reasons are the primary motivating factor for blood donation, peer pressure is secondary, while nondonation is driven primarily by medical reasons, fear/nervousness, and apathy",success,close,psychology,social psychology,,high,,,,,,,,533,,,,,,,
10.1037/h0076916,https://doi.org/10.1037/h0076916,,,True,https://doi.org/10.1016/0030-5073(67)90021-9,"Bryan, J.; Locke, E.",Parkinson's law as a goal setting phenomenon,Organizational Behavior and Human Performance,2,3,258-275,1967,People work faster when given shorter time limits than when given longer time limits (Parkinson's Law: effort is adjusted to the perceived difficulty of the task),success,conceptual,psychology,social psychology,,high,,,,,,,,379,,,,0.005,<,,
10.1037/h0087446,https://doi.org/10.1037/h0087446,,,True,https://doi.org/10.1523/jneurosci.20-06-j0003.2000,"Wolford, George; Miller, Michael B.; Gazzaniga, Michael",The left hemisphere's role in hypothesis formation,Journal of Neuroscience,20,6,64,2000,The left hemisphere exhibits frequency matching while the right hemisphere exhibits maximizing in a probability-guessing task,success,close,neuroscience,cognitive neuroscience,,high,,,,,,,,30,,,,0.02,=,,
10.1037/h0091247,https://doi.org/10.1037/h0091247,,,False,,,,,,,,,,,,,,,,,,,,,,,,,,,,,,
10.1037/h0101833.pdf,https://doi.org/10.1037/h0101833.pdf,,,True,https://doi.org/10.1002/acp.1376,"Garry, M.; French, L.; Kinzett, T.; Mori, K.",Eyewitness memory following discussion: using the MORI technique with a western sample,Applied Cognitive Psychology,22,4,431-439,2008,"Co-witnesses who discuss an event often report seeing details they only heard about from their co-witness, demonstrating memory conformity",success,direct,psychology,cognitive psychology,,high,40,1.46,g,"[0.85, 2.07]",,,,486,1.67,g,"[1.40, 1.94]",0.001,<,,
10.1037/hea0000339,https://doi.org/10.1037/hea0000339,,,False,,,,,,,,,,,,,,,,,,,,,,,,,,,,,,
10.1037/lhb0000532,https://doi.org/10.1037/lhb0000532,,,True,https://doi.org/10.1037/lhb0000432,"Bartlett, J.; Zottoli, T.",The paradox of conviction probability: Mock defendants want better deals as risk of conviction increases,Law and Human Behavior,45,1,39-54,2021,Maximum plea sentences that mock defendants are willing to accept cluster together in groups with respect to conviction probability rather than changing linearly with each probability change,success,direct,psychology,experimental philosophy,,high,,,,,,,,1701,,,,,,,
10.1037/met0000650,https://doi.org/10.1037/met0000650,,,True,https://doi.org/10.1037/met0000511,"Dishop, C.",Spurious inference in consensus emergence modeling due to the distinguishability problem,Psychological Methods,,,,2022,Fitting the consensus emergence model (CEM) to simulated data from random walk models (Models A1 and A2) yields negative δ values indicating spurious consensus emergence,failure,direct,psychology,social psychology,,high,,,,,,,,,,,,,,,
10.1037/met0000650,https://doi.org/10.1037/met0000650,,,True,https://doi.org/10.1037/met0000511,"Dishop, C.",Spurious inference in consensus emergence modeling due to the distinguishability problem,Psychological Methods,,,,2022,Varying α parameters in Model A2 between -1 and 1 yields δ values ranging from below -0.5 to above 0.5 when fitting the CEM to simulated autoregressive data (Simulation 3),failure,direct,psychology,social psychology,,high,,,,,,,,,,,,,,,
10.1037/met0000650,https://doi.org/10.1037/met0000650,,,True,https://doi.org/10.1037/met0000511,"Dishop, C.",Spurious inference in consensus emergence modeling due to the distinguishability problem,Psychological Methods,,,,2022,"The supplementary simulation code (Models A6 and A7) demonstrates that autoregressive models generate negative δ values when fit with the CEM, indicating spurious consensus emergence",inconclusive,direct,psychology,social psychology,,high,,,,,,,,,,,,,,,
10.1037/neu0000606,https://doi.org/10.1037/neu0000606,,,True,https://doi.org/10.1016/j.neurobiolaging.2016.06.011,"McDonough, I. M.; Bischof, G. N.; Kennedy, K. M.; Rodrigue, K. M.; Farrell, M. E.; Park, D. C.",Discrepancies between fluid and crystallized ability in healthy adults: a behavioral marker of preclinical Alzheimer's disease,Neurobiology of Aging,46,,68-75,2016,Greater crystallized-fluid ability discrepancy scores are associated with increased beta-amyloid deposition and altered cortical thickness in AD-vulnerable brain regions,success,direct,neuroscience,cognitive neuroscience,,high,,,,,,,,266,,,,0.009,=,,
10.1037/neu0000624,https://doi.org/10.1037/neu0000624,,,True,https://doi.org/10.1016/0001-6918(91)90028-X,"Franz, E.; Zelaznik, H.; Mccabe, G.",Spatial topological constraints in a bimanual task,Acta Psychologica,77,,137-151,1991,"When individuals simultaneously draw lines with one hand and circles with the other, the line trajectory becomes ovalized due to bimanual coupling interference",success,direct,neuroscience,cognitive neuroscience,,high,,,,,,,,16,0.77,etasq,,0.001,<,,
10.1037/pas0000828,https://doi.org/10.1037/pas0000828,,,True,https://doi.org/10.1186/1747-597X-1-22,"Denson, T.; Earleywine, M.",Pothead or pot smoker? A taxometric investigation of cannabis dependence,and Policy,1,,22,2006,Cannabis dependence has a dimensional latent structure rather than a categorical (taxonic) structure,success,direct,psychology,clinical psychology,,high,,,,,,,,804,,,,,,,
10.1037/pas0000828,https://doi.org/10.1037/pas0000828,,,True,https://doi.org/10.1007/s10802-017-0269-6,"Liu, R.",Substance use disorders in adolescence exist along continua: Taxometric evidence in an epidemiological sample,Journal of Abnormal Child Psychology,45,,1577-1586,2017,Cannabis use disorder in adolescents has a dimensional latent structure rather than a categorical structure,success,direct,psychology,clinical psychology,,high,,,,,,,,804,,,,,,,
10.1037/per0000041,https://doi.org/10.1037/per0000041,,,True,https://doi.org/10.1521/pedi.2010.24.4.516,"Cohen, A.; Matthews, R.; Najolia, G.; Brown, L.",Toward a more psychometrically sound brief measure of schizotypal traits: Introducing the SPQ-Brief Revised,Journal of Personality Disorders,24,,516-537,2010,"The SPQ-BR demonstrates a stable factor structure with either three superordinate factors (Cognitive-Perceptual Deficits, Interpersonal Deficits, and Disorganization) or four superordinate factors (Cognitive-Perceptual Deficits, No Close Friends and Constricted Affect, Excessive Social Anxiety, and Disorganization)",success,direct,psychology,clinical psychology,,high,,,,,,,,1297,,,,,,,
10.1037/pspi0000218,https://doi.org/10.1037/pspi0000218,,,True,https://doi.org/10.1177/0956797616678930,"Skinner, A.; Meltzoff, A.; Olson, K.",Catching social bias: exposure to biased nonverbal signals creates social biases in preschool children,Psychological Science,28,,216-224,2017,Preschool children who observe an adult display positive nonverbal signals toward one individual and negative nonverbal signals toward another will favor the target of positive nonverbal signals,success,direct,psychology,social psychology,,high,,0.45,d,,,,,110,,,,0.006,=,two-sided,
10.1037/pst0000133,https://doi.org/10.1037/pst0000133,,,True,https://doi.org/10.1037/a0019247,"Shimokawa, K.; Lambert, M.; Smart, D.",Enhancing treatment outcome of patients at risk of treatment failure: Meta-analytic and mega-analytic review of a psychotherapy quality assurance system,Journal of Consulting and Clinical Psychology,78,,298-311,2010,Progress feedback using the OQ-System reduces deterioration rates and increases improvement rates for not-on-track (NOT) cases in psychotherapy,inconclusive,close,psychology,clinical psychology,,high,318,,,,,,,126,,,,,,,
10.1037/pst0000133,https://doi.org/10.1037/pst0000133,,,True,https://doi.org/10.1080/10503307.2014.900875,"Schuman, D.; Slone, N.; Reese, R.; Duncan, B.",Efficacy of client feedback in group psychotherapy with soldiers referred for substance abuse treatment,Psychotherapy Research,25,,396-407,2015,PCOMS feedback (progress monitoring using ORS) produces greater improvement for not-on-track cases and increases session attendance in group therapy,inconclusive,close,psychology,clinical psychology,,medium,263,0.28,d,,,,,430,,,,,,,
10.1037/pst0000133,https://doi.org/10.1037/pst0000133,,,True,https://doi.org/10.1037/gdn0000026,"Slone, N.; Reese, R.; Mathews-Duvall, S.; Kodet, J.",Evaluating the efficacy of client feedback in group psychotherapy,Group Dynamics: Theory,19,,122-136,2015,PCOMS feedback (combined ORS and GSRS) produces significant improvement in group therapy outcomes and increases session attendance,inconclusive,close,psychology,clinical psychology,,medium,84,0.41,d,,,,,430,,,,,,,
10.1037/pst0000133,https://doi.org/10.1037/pst0000133,,,True,https://doi.org/10.1037/ccp0000173,"Davidsen, A.; Poulsen, S.; Lindschou, J.; Winkel, P.; Tróndarson, M.; Waaddegaard, M.; Lau, M.",Feedback in group psychotherapy for eating disorders: A randomized clinical trial,Journal of Consulting and Clinical Psychology,85,,484-494,2017,"PCOMS feedback (ORS and GSRS) has no effect on eating disorder treatment outcomes, session attendance, or improvement for not-on-track cases in group therapy",reversal,close,psychology,clinical psychology,,high,159,,,,,,,430,,,,,,,
10.1037/xge0000067,https://doi.org/10.1037/xge0000067,,,True,https://doi.org/10.1177/1948550611410890,"Förster, Jens; Denzler, Markus","Sense creative! The impact of global and local vision, hearing, touching, tasting and smelling on creative and analytic thought",Social Psychological and Personality Science,3,1,118,2012,Global priming (via Navon task) increases creativity as measured by typicality ratings on fringe exemplars in a categorization task,inconclusive,direct,psychology,social psychology,,high,40,,,,,,,100,,,,0.110,=,one-sided,
10.1037/xge0000067,https://doi.org/10.1037/xge0000067,,,True,https://doi.org/10.1177/1948550611410890,"Förster, Jens; Denzler, Markus","Sense creative! The impact of global and local vision, hearing, touching, tasting and smelling on creative and analytic thought",Social Psychological and Personality Science,3,1,118,2012,Global priming (via Navon task) increases creativity as measured by typicality ratings on fringe exemplars in a categorization task,failure,direct,psychology,social psychology,,high,40,,,,,,,908,,,,0.379,=,one-sided,
10.1037/xge0000363,https://doi.org/10.1037/xge0000363,,,True,https://doi.org/10.1038/srep40094,"Aylward, J.; Robinson, O.",Non-subjective cognitive measure of anxious responding,Scientific Reports,7,,40094,2017,Threat of shock increases response inhibition accuracy on no-go trials in the Sustained Attention to Response Task,success,direct,psychology,cognitive psychology,,high,,,,,,,,61,0.46,d,,0.001,=,two-sided,
10.1037/xge0000363,https://doi.org/10.1037/xge0000363,,,True,https://doi.org/10.1523/JNEUROSCI.2513-09.2009,"Crockett, M.; Clark, L.; Robbins, T.",Reconciling the role of serotonin in behavioral inhibition and aversion: acute tryptophan depletion abolishes punishment-induced inhibition in humans,The Journal of Neuroscience,29,,11993-11999,2009,"Participants are slower to respond when going to avoid punishment compared to going to obtain reward, demonstrating Pavlovian-instrumental conflict",success,close,psychology,cognitive psychology,,high,,0.487,d,,,,,62,,,,0.001,<,two-sided,
10.1037/xge0001195,https://doi.org/10.1037/xge0001195,,,False,,,,,,,,,,,,,,,,,,,,,,,,,,,,,,
10.1037/xhp0000084,https://doi.org/10.1037/xhp0000084,,,True,https://doi.org/10.1037/0096-1523.18.4.1030,"Folk, C.; Remington, R.; Johnston, J.",Involuntary covert orienting is contingent on attentional control settings,Journal of Experimental Psychology: Human Perception and Performance,18,,1030-1044,1992,"When searching for a color-defined target, abrupt onset distractors presented on every trial do not capture attention (no spatial cuing effect)",success,direct,psychology,cognitive psychology,,high,,,,,,,,13,,,,0.60,>,,
10.1037/xhp0000084,https://doi.org/10.1037/xhp0000084,,,True,https://doi.org/10.1037/0096-1523.18.4.1030,"Folk, C.; Remington, R.; Johnston, J.",Involuntary covert orienting is contingent on attentional control settings,Journal of Experimental Psychology: Human Perception and Performance,18,,1030-1044,1992,"When searching for an onset-defined target, color singleton distractors do not capture attention (no spatial cuing effect)",success,direct,psychology,cognitive psychology,,high,,,,,,,,13,,,,0.40,>,,
10.1037/xhp0000383,https://doi.org/10.1037/xhp0000383,,,True,https://doi.org/10.1016/j.wocn.2007.11.002,"Escudero, P.; Hayes-Harb, R.; Mitterer, H.",Novel second-language words and asymmetric lexical access,Journal of Phonetics,36,,345-360,2008,Audio-only training on novel words containing the /ε/-/ae/ contrast does not lead to asymmetric fixation patterns in a visual-world eye-tracking task - learners treat words with the two vowels as equivalent,success,close,linguistics,second language acquisition,,high,,,,,,,,19,,,,,,,
10.1037/xhp0000483,https://doi.org/10.1037/xhp0000483,,,True,https://doi.org/10.1037/xhp0000084,"Folk, C.; Remington, R.",Unexpected abrupt onsets can override a top-down set for color,Journal of Experimental Psychology: Human Perception and Performance,41,,1153-1165,2015,Rare onset cues capture attention even when observers search for a nonmatching color target,success,direct,psychology,cognitive psychology,,high,,,,,,,,42,0.80,d,,0.001,=,two-sided,
10.1037/xhp0000605,https://doi.org/10.1037/xhp0000605,,,True,https://doi.org/10.1080/13506280701437295,"Godijn, R.; Kramer, A.",Oculomotor capture by surprising onsets,Visual Cognition,16,,279-290,2008,Oculomotor capture triggered by an onset distractor decreases as a function of repeated exposure to the irrelevant stimulus,success,close,psychology,cognitive psychology,,high,,,,,,,,30,1.06,d,,0.001,<,,
10.1037/xlm0000377,https://doi.org/10.1037/xlm0000377,,,True,https://doi.org/10.1037/a0013082,"Szpunar, K.; Mcdermott, K.; Roediger, H., III",Testing during study insulates against the buildup of proactive interference,"Journal of Experimental Psychology: Learning, Memory",34,,1392-1399,2008,"Initial testing of word lists reduces proactive interference on a final list, enhancing recall of the final list and reducing prior-list intrusions",success,direct,psychology,cognitive psychology,,high,,,,,,,,88,0.12,etasq,,0.01,<,,
10.1037/xlm0000399,https://doi.org/10.1037/xlm0000399,,,True,https://doi.org/10.1016/j.jml.2014.05.003,"Navarrete, E.; Del Prato, P.; Peressotti, F.; Mahon, B.",Lexical selection is not by competition: evidence from the blocked naming paradigm,Journal of Memory and Language,76,,253-272,2014,"When homogeneous sets are not repeated immediately but interleaved with unrelated sets, semantic relatedness induces facilitation rather than interference in the blocked-cyclic naming paradigm",success,close,psychology,cognitive psychology,,high,,,,,,,,41,,,,,,,
10.1037/xlm0001118,https://doi.org/10.1037/xlm0001118,,,True,https://doi.org/10.3758/BF03212422,"Nosofsky, R.; Palmeri, T.",Learning to classify integraldimension stimuli,Psychonomic Bulletin & Review,3,2,222-226,1996,Classification learning with integral dimension stimuli produces a learning difficulty ordering where Type IV structures result in fewer errors than Type II structures,success,direct,psychology,cognitive psychology,,high,,,,,,,,72,,,,,,,
10.1037a0028216,https://doi.org/10.1037a0028216,,,True,https://doi.org/10.1111/j.1467-9280.2008.02137,"Magen, E.; Dweck, C.; Gross, J.",Representing a single choice as an extended sequence reduces impulsive choice,Psychological Science,19,,648-649,2008,Making zero outcomes explicit in intertemporal choice increases preference for larger-but-later rewards (hidden-zero effect),success,conceptual,psychology,cognitive psychology,,high,,,,,,,,277,,,,0.005,<,,
10.1037a0028216,https://doi.org/10.1037a0028216,,,True,https://doi.org/10.1017/s193029750000406x,"Rao, L.; Li, S.",New paradoxes in intertemporal choice,Judgment and Decision Making,6,2,122-129,2011,Adding a common immediate amount to both options in an intertemporal choice decreases preference for the larger-but-later option (front-end amount effect),success,conceptual,psychology,cognitive psychology,,high,,,,,,,,277,,,,0.005,<,,
10.1037a0028216,https://doi.org/10.1037a0028216,,,True,https://doi.org/10.1509/jmkr.48.2.282,"Urminsky, O.; Kivetz, R.","Scope insensitivity and the ""mere token"" effect",Journal of Marketing Research,,4,282-295,2011,"Adding a small common immediate token to both options in an intertemporal choice increases preference for the larger-but-later option, with preference being insensitive to the magnitude of the token (mere token effect)",inconclusive,conceptual,psychology,cognitive psychology,,high,,,,,,,,349,,,,0.10,<,,
10.1038/21557,https://doi.org/10.1038/21557,,,False,,,,,,,,,,,,,,,,,,,,,,,,,,,,,,
10.1038/365611a0,https://doi.org/10.1038/365611a0,,,False,,,,,,,,,,,,,,,,,,,,,,,,,,,,,,
10.1038/nature05616,https://doi.org/10.1038/nature05616,,,False,,,,,,,,,,,,,,,,,,,,,,,,,,,,,,
10.1038/nature08637,https://doi.org/10.1038/nature08637,,,True,https://doi.org/10.1126/science.1167975,"Monfils, M.; Cowansage, K.; Klann, E.; Ledoux, J.",Extinction-reconsolidation boundaries: key to persistent attenuation of fear memories,Science,324,5929,951-955,2009,Extinction training conducted during the reconsolidation window (10 minutes after memory reactivation) prevents the recovery of conditioned fear responses in rats,success,conceptual,neuroscience,cognitive neuroscience,,high,,,,,,,,65,,,,,,,
10.1038/nature11467,https://doi.org/10.1038/nature11467,,,False,,,,,,,,,,,,,,,,,,,,,,,,,,,,,,
10.1038/nature13530,https://doi.org/10.1038/nature13530,,,False,,,,,,,,,,,,,,,,,,,,,,,,,,,,,,
10.1038/nclimate2093,https://doi.org/10.1038/nclimate2093,,,True,https://doi.org/10.1177/0956797611400913,"Li, Y.; Johnson, E.; Zaval, L.",Local warming: daily temperature change influences belief in global warming,Psychological Science,22,4,454-459,2011,Perceived abnormalities in present temperature causally influence belief in and concern for global warming,success,direct,psychology,social psychology,,high,,,,,,,,686,0.16,beta,,0.01,<,,
10.1038/ng0595-41,https://doi.org/10.1038/ng0595-41,,,False,,,,,,,,,,,,,,,,,,,,,,,,,,,,,,
10.1038/ng1808,https://doi.org/10.1038/ng1808,,,False,,,,,,,,,,,,,,,,,,,,,,,,,,,,,,
10.1038/nn.2889,https://doi.org/10.1038/nn.2889,,,True,https://doi.org/10.1167/9.12.13,"Balas, B.; Nakano, L.; Rosenholtz, R.",A summary-statistic representation in peripheral vision explains visual crowding,Journal of Vision,9,12,13,2009,"Crowding in peripheral vision can be explained by statistical pooling, with recognition performance for crowded peripheral letters matching that of foveally viewed images synthesized to match local summary statistics",success,close,neuroscience,cognitive neuroscience,,high,,,,,,,,5,,,,0.0001,<,two-sided,
10.1038/s41398-024-02799-x,https://doi.org/10.1038/s41398-024-02799-x,,,False,,,,,,,,,,,,,,,,,,,,,,,,,,,,,,
10.1038/s41467-020-18152-x,https://doi.org/10.1038/s41467-020-18152-x,,,True,https://doi.org/10.1016/j.cub.2015.12.067,"Caspar, E.; Christensen, J.; Cleeremans, A.; Haggard, P.",Coercion changes the sense of agency in the human brain,Curr. Biol,26,5,585-592,2016,Receiving coercive instructions reduces the sense of agency (measured by intentional binding effect on interval estimates) and outcome processing (measured by auditory N1 amplitude) compared to free choice conditions,success,close,psychology,cognitive psychology,,high,,0.630,d,,,,,39,0.608,d,,0.001,=,two-sided,
10.1038/s41562-018-0506-1,https://doi.org/10.1038/s41562-018-0506-1,,,False,,,,,,,,,,,,,,,,,,,,,,,,,,,,,,
10.1038/s41562-020-0886-x,https://doi.org/10.1038/s41562-020-0886-x,,,True,https://doi.org/10.2307/1914185,"Kahneman, D.; Tversky, A.",Prospect theory: an analysis of decisions under risk,Econometrica,47,2,263-291,1979,"People's decisions under risk systematically deviate from expected utility theory predictions through six behavioral patterns: certainty effect, reflection effect, framing effect, isolation effect, overweighting of small probabilities, and magnitude perception",success,direct,economics,behavioral economics,,high,,,,,,,,4098,,,,,,,
10.1038/s41562-022-01319-5,https://doi.org/10.1038/s41562-022-01319-5,,,True,https://doi.org/10.1016/j.cognition.2009.02.001,"Greene, J.",Pushing moral buttons: the interaction between personal force and intention in moral judgment,Cognition,111,3,364-371,2009,The application of personal force decreases the moral acceptability of sacrificing one person to save more people in moral dilemmas,success,direct,psychology,experimental philosophy,,high,,0.4,d,,,,,1569,0.29,d,,0.001,=,one-sided,
10.1038/s41562-022-01319-5,https://doi.org/10.1038/s41562-022-01319-5,,,True,https://doi.org/10.1016/j.cognition.2009.02.001,"Greene, J.",Pushing moral buttons: the interaction between personal force and intention in moral judgment,Cognition,111,3,364-371,2009,Personal force and intention interact such that the effect of intention is larger when personal force is present compared to when personal force is absent in moral dilemma judgments,inconclusive,direct,psychology,experimental philosophy,,high,,0.28,d,,,,,3984,0.019,etasq,,0.001,<,,
10.1038/s41598-018-30314-y,https://doi.org/10.1038/s41598-018-30314-y,,,True,https://doi.org/10.1073/pnas.1016686108,"Izard, V.; Pica, P.; Spelke, E.; Dehaene, S.",Flexible intuitions of Euclidean geometry in an Amazonian indigene group,Natl. Acad.,108,24,9782-9787,2011,"Adults from diverse cultural backgrounds (educated Western and uneducated Amazonian) show similar performance on triangle completion tasks, demonstrating universal geometric intuitions that roughly reflect Euclidean principles",success,conceptual,psychology,cognitive psychology,,medium,,,,,,,,40,,,,,,,
10.1038/s41598-019-57204-1,https://doi.org/10.1038/s41598-019-57204-1,,,True,https://doi.org/10.1038/226177a0,"Bouma, H.",Interaction effects in parafoveal letter recognition,Nature,226,5241,177,1970,Visual crowding effect increases with eccentricity (distance from fixation) in peripheral vision,success,conceptual,psychology,cognitive psychology,,high,,,,,,,,793,,,,0.001,<,two-sided,
10.1038/s41598-019-57204-1,https://doi.org/10.1038/s41598-019-57204-1,,,True,https://doi.org/10.1016/j.cortex.2018.03.013,"Joo, S.; White, A.; Strodtman, D.; Yeatman, J.",Optimizing text for an individual's visual system: The contribution of visual crowding to reading difficulties,Cortex,103,,291-301,2018,Individuals with dyslexia experience higher visual crowding than those without dyslexia,success,close,psychology,cognitive psychology,,high,,,,,,,,59,,,,0.005,<,two-sided,
10.1038/s41598-019-57204-1,https://doi.org/10.1038/s41598-019-57204-1,,,True,https://doi.org/10.1093/geronb/gbs086,"Scialfa, C.; Cordazzo, S.; Bubric, K.; Lyon, J.",Aging and visual crowding,Journals Gerontol. Ser. B: Psychol. Sci. Soc. Sci,68,4,522-528,2012,Visual crowding increases with aging,success,close,psychology,cognitive psychology,,high,,,,,,,,793,,,,0.005,<,two-sided,
10.1044/1092-4388(2002/032),https://doi.org/10.1044/1092-4388(2002/032),,,True,https://doi.org/10.1207/s15374424jccp2501_10,"Mitchell, T. V.; Quittner, A. L.",Multimethod study of attention and behavior problems in hearing impaired children,Journal of Clinical Child Psychology,25,1,83-96,1996,"Children with prelingual deafness perform significantly worse than children with normal hearing on the Continuous Performance Test, a visual vigilance task measuring sustained attention",failure,direct,psychology,developmental psychology,,high,,,,,,,,28,,,,0.079,=,,
10.1044/1092-4388(2002/032),https://doi.org/10.1044/1092-4388(2002/032),,,True,https://doi.org/10.1111/j.1467-9280.1994.tb00284.x,"Quittner, A. L.; Smith, L. B.; Osberger, M. J.; Mitchell, T. V.; Katz, D. B.",The impact of audition on the development of visual attention,Psychological Science,5,6,347-353,1994,Children with cochlear implants perform better than age-matched peers with hearing aids on visual attention tasks when older than about 8 years of age,failure,direct,psychology,developmental psychology,,high,,,,,,,,18,,,,,,,
10.1044/1092-4388(2002/032),https://doi.org/10.1044/1092-4388(2002/032),,,True,https://doi.org/10.1037/0012-1649.34.5.840,"Smith, L. B.; Quittner, A. L.; Osberger, M. J.; Miyamoto, R.",Audition and visual attention: The developmental trajectory in deaf and hearing populations,Developmental Psychology,34,5,840-850,1998,"Children with prelingual deafness perform significantly worse than children with normal hearing on visual vigilance tasks, with children with cochlear implants outperforming peers with hearing aids",failure,direct,psychology,developmental psychology,,high,,,,,,,,28,,,,0.079,=,,
10.1044/2018_jslhr-l-17-0186,https://doi.org/10.1044/2018_jslhr-l-17-0186,,,True,https://doi.org/10.1086/651195,"Méndez, L.; Crais, E.; Castro, D.; Kainz, K.",A culturally and linguistically responsive vocabulary approach for young Latino dual language learners,"Journal of Speech, Language, and Hearing Research",58,1,93-106,2015,A culturally and linguistically responsive (CLR) bilingual vocabulary instruction produces greater gains in English (L2) and Spanish (L1) vocabulary than English-only instruction in Latino preschoolers,success,direct,linguistics,second language acquisition,,high,42,0.67,d,,,,,35,0.66,d,,0.05,<,,
10.1044/2021_jslhr-21-00106,https://doi.org/10.1044/2021_jslhr-21-00106,,,True,https://doi.org/10.1177/0023830911404958,"Pilling, M.; Thomas, S.",Audiovisual cues and perceptual learning of spectrally distorted speech,Language and Speech,54,4,487-497,2011,"Visual speech cues improve perceptual adaptation to degraded (noise-vocoded) sentences, leading to greater improvement in recognition over time compared to audio-only presentation",inconclusive,close,linguistics,phonetics and phonology,,high,,,,,,,,59,,,,,,,
10.1044/2021_jslhr-21-00106,https://doi.org/10.1044/2021_jslhr-21-00106,,,True,https://doi.org/10.3389/fnins.2013.00034,"Bernstein, L.; Auer, E.; Eberhardt, S.; Jiang, J.",Auditory perceptual learning for speech perception can be enhanced by audiovisual training,Frontiers in Neuroscience,7,,34,2013,Visual speech cues lead to greater perceptual adaptation to noise-vocoded syllables compared to audio-only presentation,inconclusive,close,linguistics,phonetics and phonology,,medium,,1.21,d,,,,,59,,,,,,,
10.1044/2021_jslhr-21-00106,https://doi.org/10.1044/2021_jslhr-21-00106,,,True,https://doi.org/10.1097/WNR.0b013e32832fbef8EYEGAZEANDADAPTATION,"Kawase, T.; Sakamoto, S.; Hori, Y.; Maki, A.; Suzuki, Y.; Kobayashi, T.",Bimodal audio-visual training enhances auditory adaptation process,Neuroreport,20,14,1231-1234,2009,Visual speech cues lead to greater perceptual adaptation to noise-vocoded words compared to audio-only presentation,inconclusive,close,neuroscience,cognitive neuroscience,,medium,,,,,,,,59,,,,,,,
10.1046/j.1360-0443.1998.93710439.x,https://doi.org/10.1046/j.1360-0443.1998.93710439.x,,,True,https://doi.org/10.1300/j069v13n04_05,"Gottheil, E.; Sterling, R. C.; Weinstein, S. P.; Kurtz, N. M.",Therapist/patient matching and early treatment dropout,Journal of Addictive Diseases,13,4,169-176,1994,Patient/therapist matching on race and sex does not affect early treatment dropout rates in substance abuse treatment,success,direct,psychology,clinical psychology,,high,634,,,,,,,967,,,,0.05,>,,
10.1061/(asce)co.1943-7862.0001285,https://doi.org/10.1061/(asce)co.1943-7862.0001285,,,True,https://doi.org/10.1061/(asce)co.1943-7862.0000732,"Wanberg, J.; Harper, C.; Hallowell, M.; Rajendran, S.",Relationship between construction safety and quality performance,Journal of Construction Engineering and Management,139,10,4013003,2013,A significant positive relationship exists between quality and safety performance in construction projects,failure,close,engineering,civil and structural engineering,,high,18,,,,,,,456,,,,,,,
10.1068/i0484,https://doi.org/10.1068/i0484,,,True,https://doi.org/10.1037/h0058574,"Austin, T.; Sleight, R.",Aesthetic preference for isosceles triangles,Journal of Applied Psychology,35,6,430-430,1951,"Aesthetic preference for isosceles triangles peaks at low altitude-to-base ratios (1.0) rather than at the golden ratio, with preference decreasing as the ratio increases",success,close,psychology,cognitive psychology,,high,,,,,,,,48,,,,0.01,<,,
10.1068/ic321,https://doi.org/10.1068/ic321,,,True,,"Jingling, Li",,,,,,2010,"A task-irrelevant salient line composed of collinear bars impairs visual search performance, with slower response times for targets on the salient line compared to background targets",success,close,psychology,cognitive psychology,,medium,,,,,,,,8,,,,,,,
10.1068/p5484,https://doi.org/10.1068/p5484,,,True,https://doi.org/10.1111/j.1755-3768.1930.tb06192.x,"Granit, R.; Hohenthal, T.; Uoti, A.",On the latency of negative after-images in relation to brightness of stimulus,Acta Ophthalmologica,8,1-4,154,1930,Brighter and longer-lasting physical stimuli generate longer-lasting afterimages,success,direct,psychology,psychophysics,,high,,,,,,,,7,,,,0.001,<,,
10.1073/pnas.0908963106,https://doi.org/10.1073/pnas.0908963106,,,False,,,,,,,,,,,,,,,,,,,,,,,,,,,,,,
10.1073/pnas.1004932107,https://doi.org/10.1073/pnas.1004932107,,,False,,,,,,,,,,,,,,,,,,,,,,,,,,,,,,
10.1073/pnas.1103343108,https://doi.org/10.1073/pnas.1103343108,,,False,,,,,,,,,,,,,,,,,,,,,,,,,,,,,,
10.1073/pnas.1103880109,https://doi.org/10.1073/pnas.1103880109,,,False,,,,,,,,,,,,,,,,,,,,,,,,,,,,,,
10.1073/pnas.1410910111,https://doi.org/10.1073/pnas.1410910111,,,False,,,,,,,,,,,,,,,,,,,,,,,,,,,,,,
10.1073/pnas.1501592112,https://doi.org/10.1073/pnas.1501592112,,,False,,,,,,,,,,,,,,,,,,,,,,,,,,,,,,
10.1073/pnas.1516868113,https://doi.org/10.1073/pnas.1516868113,,,False,,,,,,,,,,,,,,,,,,,,,,,,,,,,,,
10.1073/pnas.1523586113,https://doi.org/10.1073/pnas.1523586113,,,False,,,,,,,,,,,,,,,,,,,,,,,,,,,,,,
10.1073/pnas.1606574113,https://doi.org/10.1073/pnas.1606574113,,,False,,,,,,,,,,,,,,,,,,,,,,,,,,,,,,
10.1073/pnas.1616921114,https://doi.org/10.1073/pnas.1616921114,,,False,,,,,,,,,,,,,,,,,,,,,,,,,,,,,,
10.1073/pnas.1620542114,https://doi.org/10.1073/pnas.1620542114,,,False,,,,,,,,,,,,,,,,,,,,,,,,,,,,,,
10.1073/pnas.1706913114,https://doi.org/10.1073/pnas.1706913114,,,False,,,,,,,,,,,,,,,,,,,,,,,,,,,,,,
10.1073/pnas.1707719114,https://doi.org/10.1073/pnas.1707719114,,,False,,,,,,,,,,,,,,,,,,,,,,,,,,,,,,
10.1073/pnas.1805327115,https://doi.org/10.1073/pnas.1805327115,,,True,https://doi.org/10.1126/science.1110589,"Todorov, Alexander; Mandisodza, Anesu N.; Goren, Amir; Hall, Crystal C.",Inferences of competence from faces predict election outcomes,Science,308,5728,1623-1626,2005,People can accurately predict election outcomes from brief exposure to candidates' photographs based on perceived competence,success,direct,psychology,social psychology,,high,,,,,,,,1007,,,,0.624,=,,
10.1073/pnas.2 015539118,https://doi.org/10.1073/pnas.2 015539118,,,True,https://doi.org/10.1257/jep.30.3.249,"Bauer, M.",Can war foster cooperation?,J. Econ. Perspect,30,3,249-274,2016,Exposure to wartime violence increases prosocial behavior and civic engagement in the aftermath of conflict,success,conceptual,economics,behavioral economics,,high,,0.10,d,,,,,862,0.56,d,,,,,
10.1073/pnas.2009030117,https://doi.org/10.1073/pnas.2009030117,,,True,https://doi.org/10.1073/pnas.1820701116,"Meyer, M.",Objecting to experiments that compare two unobjectionable policies or treatments,Proc. Natl. Acad. Sci. U.S.A,116,22,10723-10728,2019,People rate A/B tests comparing hospital safety checklist policies as less appropriate than implementing either policy directly (the A/B Effect),success,close,psychology,social psychology,,high,,,,,,,,301,,,,0.001,<,two-sided,
10.1073/pnas.2009030117,https://doi.org/10.1073/pnas.2009030117,,,True,https://doi.org/10.1073/pnas.1820701116,"Meyer, M.",Objecting to experiments that compare two unobjectionable policies or treatments,Proc. Natl. Acad. Sci. U.S.A,116,22,10723-10728,2019,People rate A/B tests comparing drug effectiveness policies at walk-in clinics as less appropriate than implementing either policy directly (the A/B Effect),success,close,psychology,social psychology,,high,,,,,,,,301,,,,0.001,<,two-sided,
10.1073/pnas.2009030117,https://doi.org/10.1073/pnas.2009030117,,,True,https://doi.org/10.1073/pnas.1820701116,"Meyer, M.",Objecting to experiments that compare two unobjectionable policies or treatments,Proc. Natl. Acad. Sci. U.S.A,116,22,10723-10728,2019,People rate A/B tests comparing consumer genetic testing policies as less appropriate than implementing either policy directly (the A/B Effect),success,close,psychology,social psychology,,high,,,,,,,,451,,,,0.001,<,two-sided,
10.1073/pnas.2009030117,https://doi.org/10.1073/pnas.2009030117,,,True,https://doi.org/10.1073/pnas.1820701116,"Meyer, M.",Objecting to experiments that compare two unobjectionable policies or treatments,Proc. Natl. Acad. Sci. U.S.A,116,22,10723-10728,2019,People rate A/B tests comparing employee retirement plan policies as less appropriate than implementing either policy directly (the A/B Effect),success,close,psychology,social psychology,,high,,,,,,,,448,,,,0.001,<,two-sided,
10.1073/pnas.2009030117,https://doi.org/10.1073/pnas.2009030117,,,True,https://doi.org/10.1073/pnas.1820701116,"Meyer, M.",Objecting to experiments that compare two unobjectionable policies or treatments,Proc. Natl. Acad. Sci. U.S.A,116,22,10723-10728,2019,People rate A/B tests comparing autonomous vehicle design policies as less appropriate than implementing either policy directly (the A/B Effect),failure,close,psychology,social psychology,,high,,,,,,,,454,,,,0.01,<,two-sided,
10.1075/arcl.7.07gri,https://doi.org/10.1075/arcl.7.07gri,,,False,,,,,,,,,,,,,,,,,,,,,,,,,,,,,,
10.1075/ijlcr.00046.ozk,https://doi.org/10.1075/ijlcr.00046.ozk,,,True,https://doi.org/10.1075/ijcl.19131.lar,"Larsson, T.; Callies, M.; Hasselgård, H.; Laso, J.; Vuuren, S.; Verdaguer, I.; Paquot, M.",Adverb placement in EFL academic writing: Going beyond syntactic transfer,International Journal of Corpus Linguistics,25,2,155-184,2020,"Linguistic features (presence/absence of auxiliary and verb type) are the main predictors of adverb placement in L2 English academic writing, more important than extralinguistic features like L1 background and native-speaker status",success,close,linguistics,second language acquisition,,high,,,,,,,,1705,,,,,,,
10.1075/resla.17019.loz,https://doi.org/10.1075/resla.17019.loz,,,True,https://doi.org/10.1111/j.1467-1770.1974.tb00234.x,"Dulay, H.; Burt, M.",Natural sequences in child second language acquisition,Language Learning,24,1,37-53,1974,L1 Spanish children learning L2 English show a predictable developmental order of grammatical morphemes (-ing > plural -s > copula be > auxiliary be > articles > irregular past > regular past -ed > 3rd person singular -s),inconclusive,close,linguistics,second language acquisition,,high,,,,,,,,40,,,,,,,
10.1075/resla.17019.loz,https://doi.org/10.1075/resla.17019.loz,,,True,https://doi.org/10.1111/j.1467-1770.1974.tb00505.x,"Bailey, N.; Madden, C.; Krashen, S.",in adult second language learning?,Language Learning,24,2,235-243,1974,Adult L1 Spanish learners of L2 English follow a similar morpheme acquisition order independent of their L1 background,inconclusive,close,linguistics,second language acquisition,,high,,,,,,,,40,,,,,,,
10.1075/resla.17019.loz,https://doi.org/10.1075/resla.17019.loz,,,True,https://doi.org/10.1111/j.1467-1770.1983.tb00945.x,"Pica, T.",Adult acquisition of English as a second language under different conditions of exposure,Language Learning,33,,465-497,1983,"Different conditions of exposure to English L2 (instructed, naturalistic, mixed) do not significantly alter the accuracy order in which grammatical morphemes are produced",inconclusive,close,linguistics,second language acquisition,,high,,,,,,,,40,,,,,,,
10.1080/00207594.2012.693182,https://doi.org/10.1080/00207594.2012.693182,,,True,https://doi.org/10.1111/j.1467-8624.2007.01031.x,"Gelman, S.; Heyman, G.; Legare, C.",Developmental changes in the coherence of essentialist beliefs about psychological characteristics,Child Development,78,3,757-774,2007,"Coherence among various dimensions of psychological essentialism increases with age, while overall essentialistic beliefs decrease from childhood to adulthood",success,close,psychology,developmental psychology,,high,,,,,,,,174,,,,,,,
10.1080/00221309.2013.831804,https://doi.org/10.1080/00221309.2013.831804,,,True,https://doi.org/10.1080/00207594.2013.778414,"Şimşek, Ömer Faruk",Self-absorption paradox is not a paradox: Illuminating the dark side of self-consciousness,International Journal of Psychology,48,6,1109,2013,Need for absolute truth (NAT) and self-rumination (SRU) act as suppressor variables in the relationship between self-reflection and mental health outcomes,success,direct,psychology,social psychology,,high,,,,,,,,241,,,,,,,
10.1080/00223890902936264,https://doi.org/10.1080/00223890902936264,,,False,,,,,,,,,,,,,,,,,,,,,,,,,,,,,,
10.1080/00223891.2012.700465,https://doi.org/10.1080/00223891.2012.700465,,,True,https://doi.org/10.1177/0022022198291008,"Hofstee, W.; Barelds, D.; Ten Berge, J.",Structuring assessments of personality,Journal of Individual Differences,27,1,87-92,2006,Biproportional scaling method reveals a large general factor of personality as the dominant first principal component in clinical personality assessment data,success,direct,psychology,personality psychology,,high,775,,,,,,,271,,,,,,,
10.1080/00223891.2012.718303,https://doi.org/10.1080/00223891.2012.718303,,,True,https://doi.org/10.1037/a0016530,"Pincus, A.; Ansell, E.; Pimentel, C.; Cain, N.; Wright, A.; Levy, K.",Initial construction and validation of the pathological narcissism inventory,Psychological Assessment,21,3,365-379,2009,The Pathological Narcissism Inventory exhibits a seven first-order factor structure and a two second-order factor structure measuring narcissistic grandiosity and vulnerability,success,direct,psychology,personality psychology,,high,,,,,,,,831,,,,,,,
10.1080/00224545.1987.9713711,https://doi.org/10.1080/00224545.1987.9713711,,,True,https://doi.org/10.1037/0022-3514.43.5.956,"Rogers, M.; Miller, N.; Mayer, F.; Duval, S.",Personal responsibility and salience of the request for help: Determinants of the relation between negative affect and helping behavior,Journal of Personality and Social Psychology,43,5,956,1982,Negative mood only increases helping behavior when the subject feels internal attribution of responsibility for the mood or event,failure,conceptual,psychology,social psychology,,high,,,,,,,,100,,,,0.05,<,,
10.1080/00224545.2015.1129306,https://doi.org/10.1080/00224545.2015.1129306,,,True,https://doi.org/10.1016/0049-089X(76)90003-X,"Kunz, P.; Woolcott, M.",Season's greetings: From my status to yours,Social Science Research,5,,269-278,1976,Strangers will reciprocate a Christmas card sent to them by a complete stranger at a rate of approximately 20%,failure,conceptual,psychology,social psychology,,high,578,,,,,,,755,,,,0.001,<,,
10.1080/00224545.2018.1491470,https://doi.org/10.1080/00224545.2018.1491470,,,True,https://doi.org/10.1177/0146167214525475,"Saguy, T.; Halperin, E.",Exposure to outgroup members criticizing their own group facilitates intergroup openness,Personality and Social Psychology Bulletin,40,6,791-802,2014,"Exposure to an outgroup member voicing internal criticism of their own group increases openness to the outgroup's perspective, mediated by perceptions of the critic as open-minded and increased hope for intergroup relations",success,conceptual,psychology,social psychology,,high,,,,,,,,237,,,,,,,
10.1080/01608061.2020.1792027,https://doi.org/10.1080/01608061.2020.1792027,,,True,https://doi.org/10.1080/01608061.2019.1666772,"Wilder, D.; Lipschultz, J.; Gehrman, C.; Ertel, H.; Hodges, A.",A preliminary assessment of the reliability and validity of the performance diagnostic checklist-human services,Journal of Organizational Behavior Management,39,,194-212,2019,The Performance Diagnostic Checklist-Human Services (PDC-HS) is a valid and reliable tool for identifying variables contributing to problematic employee performance in human service settings,success,close,psychology,social psychology,,high,,,,,,,,21,,,,0.001,<,,
10.1080/0163853x.2018.1515556,https://doi.org/10.1080/0163853x.2018.1515556,,,True,https://doi.org/10.1016/0010-0285(82)90005-6,"Levelt, W.; Kelter, S.",Surface form and memory in question answering,Cognitive Psychology,14,1,78-106,1982,"Speakers tend to repeat the structure of questions when generating their answers, producing more prepositional responses (e.g., 'At seven o'clock') to questions containing a preposition (e.g., 'At what time...') than to questions without a preposition (e.g., 'What time...')",inconclusive,direct,psychology,cognitive psychology,,high,114,0.19,V,,,,,1523,0.04,V,,0.34,=,,
10.1080/01639625.2014.924362,https://doi.org/10.1080/01639625.2014.924362,,,True,https://doi.org/10.1177/0022427898035003001,"Mears, Daniel P.; Ploeger, Matthew; Warr, Mark",Explaining the gender gap in delinquency: peer influence and moral evaluations of behavior,Journal of Research in Crime and Delinquency,35,3,251-266,1998,"Males are more strongly affected by association with delinquent peers than females, and this gendered effect is explained by gender differences in morality",inconclusive,close,psychology,criminology,,high,,,,,,,,502,,,,,,,
10.1080/01639625.2014.924362,https://doi.org/10.1080/01639625.2014.924362,,,True,https://doi.org/10.1177/0044118x04265652,"Piquero, Nicole Leeper; Gover, Angela; Macdonald, John; Piquero, Alex",The influence of delinquent peers on delinquency: does gender matter?,Youth and Society,36,3,251-275,2005,"Males are more strongly affected by association with delinquent peers than females, with gender differences in how internal and external constraints moderate this relationship",inconclusive,close,psychology,criminology,,high,,,,,,,,502,,,,,,,
10.1080/02650487.1997.11104674,https://doi.org/10.1080/02650487.1997.11104674,,,True,https://doi.org/10.1080/00218499.1992.12466821,"Michell, P.; Cataquet, H.; Hague, S.",Establishing the causes of disaffection in agency-client relations,Journal of Advertising Research,32,2,41-48,1992,A common set of variables is responsible for agency-client breakups both over time and between countries,success,direct,business & management,management,,high,,,,,,,,72,,,,,,,
10.1080/02699931.2014.935297,https://doi.org/10.1080/02699931.2014.935297,,,True,https://doi.org/10.1080/13546800601051847,"Green, M.; Waldron, J.; Coltheart, M.",Emotional context processing is impaired in schizophrenia,Cognitive Neuropsychiatry,12,,259-280,2007,Patients with schizophrenia make fewer vignette-based responses (reflecting reduced effortful emotional processing) on the face-vignette task compared to healthy controls,success,close,psychology,clinical psychology,,high,,,,,,,,58,0.33,etasq,,0.001,<,,
10.1080/02699931.2016.1168779,https://doi.org/10.1080/02699931.2016.1168779,,,True,https://doi.org/10.3389/fgene.2013.00246,"Stone, L.; McGeary, J.; Palmer, R.; Gibb, B.",Identifying genetic predictors of depression risk: 5-HTTLPR and BDNF val66met polymorphisms are associated with rumination and co-rumination in adolescents,Frontiers in Genetics,4,,,2013,BDNF val66met polymorphism (Val/Val genotype) is associated with higher levels of brooding rumination in adolescents aged 11-14 years,failure,close,psychology,developmental psychology,,high,127,,,,,,,441,0.16,r,,0.03,=,,
10.1080/02699931.2016.1168779,https://doi.org/10.1080/02699931.2016.1168779,,,True,https://doi.org/10.1080/02699931.2014.998631,"Woody, M.; Kudinova, A.; McGeary, J.; Knopik, V.; Palmer, R.; Gibb, B.",Influence of maternal depression on children's brooding rumination: Moderation by CRHR1 TAT haplotype,Cognition and Emotion,1,,1-13,2015,CRHR1 TAT haplotype acts as a protective factor against brooding rumination among children whose mothers have a lifetime history of depression,inconclusive,close,psychology,developmental psychology,,high,228,,,,,,,441,0.33,r,,0.01,=,,
10.1080/02699931.2017.1394817,https://doi.org/10.1080/02699931.2017.1394817,,,True,https://doi.org/10.1037/a0030503,"Chapman, H.; Johannes, K.; Poppenk, J.; Moscovitch, M.; Anderson, A.",Evidence for the differential salience of disgust and fear in episodic memory,Journal of Experimental Psychology,142,4,1100-1112,2013,Disgusting photographs are better remembered than frightening photographs when the two image types have equivalent valence and arousal,success,close,psychology,cognitive psychology,,high,,,,,,,,30,0.51,d,,0.016,=,two-sided,
10.1080/02699931.2018.1429389,https://doi.org/10.1080/02699931.2018.1429389,,,True,https://doi.org/10.1111/j.1467-9280.2006.01811.x,"Rydell, R.; McConnell, A.; Mackie, D.; Strain, L.",Of two minds forming and changing valence-inconsistent implicit and explicit attitudes,Psychological Science,17,11,954-958,2006,Briefly presented primes selectively influence implicit attitudes while explicitly learned behavioral information influences explicit attitudes,failure,direct,psychology,social psychology,,high,50,,,,,,,108,-0.56,d,"[-0.84, -0.28]",,,,
10.1080/02699931.2019.1591345,https://doi.org/10.1080/02699931.2019.1591345,,,True,https://doi.org/10.1027/0269-8803/a000086,"Werner, N.; Kerschreiter, R.; Kindermann, N.; Duschek, S.",Interoceptive awareness as a moderator of affective responses to social exclusion,Journal of Psychophysiology,27,1,39-50,2013,"Higher interoceptive accuracy moderates the impact of social exclusion (from a conversation) on negative affect, such that individuals with higher interoceptive abilities report less negative affect after being excluded",failure,close,psychology,social psychology,,high,,,,,,,,534,,,,,,,
10.1080/02699931.2019.1591345,https://doi.org/10.1080/02699931.2019.1591345,,,True,https://doi.org/10.3389/fpsyg.2015.00786,"Pollatos, O.; Matthias, E.; Keller, J.",When interoception helps to overcome negative feelings caused by social exclusion,Frontiers in Psychology,6,,786,2015,"Higher interoceptive accuracy moderates the impact of social exclusion (in the Cyberball paradigm) on distress as measured by the Needs Threat Scale, such that individuals with higher interoceptive abilities report less distress after being excluded",failure,direct,psychology,social psychology,,high,69,,,,,,,377,,,,0.053,=,,
10.1080/02703149.2018.1425030,https://doi.org/10.1080/02703149.2018.1425030,,,True,https://doi.org/10.1207/s15324834basp1704_2,"Fitzgerald, L.; Gelfand, M.; Drasgow, F.",Measuring sexual harassment: Theoretical and psychometric advances,Basic and Applied Social Psychology,17,,425-445,1995,"The Sexual Experiences Questionnaire (SEQ) has a three-factor structure consisting of gender harassment, unwanted sexual attention, and sexual coercion",success,close,psychology,social psychology,,high,,,,,,,,129,,,,,,,
10.1080/02703149.2018.1425030,https://doi.org/10.1080/02703149.2018.1425030,,,True,https://doi.org/10.1037/0022-006X.72.6.1090,"Harned, M.",Does it matter what you call it? The relationship between labeling unwanted sexual experiences and distress,Journal of Consulting and Clinical Psychology,72,6,1090-1099,2004,"Among people who report experiencing sexual harassment behaviors, 60-80% do not label those experiences as sexual harassment",success,close,psychology,social psychology,,high,,,,,,,,129,,,,,,,
10.1080/02724990244000106,https://doi.org/10.1080/02724990244000106,,,False,,,,,,,,,,,,,,,,,,,,,,,,,,,,,,
10.1080/02732173.1991.9981978.pdf,https://doi.org/10.1080/02732173.1991.9981978.pdf,,,True,https://doi.org/10.2307/1865005,"Reed, John Shelton",The enduring south: subcultural persistence in mass society,The American Historical Review,81,4,26-29,1972,"Southern college students hold distinct regional stereotypes, with white southerners seen as traditional, religious, family-oriented, and courteous, and white northerners seen as industrious, materialistic, intelligent, and progressive",success,direct,sociology,sociology,,high,47,,,,,,,50,,,,,,,
10.1080/07418820200095361.pdf,https://doi.org/10.1080/07418820200095361.pdf,,,True,https://doi.org/10.1080/10511259100082281,"Southerland, M.",Criminal justice curricula in the United States: An examination of baccalaureate programs,Journal of Criminal Justice Education,2,1,68,1991,"A systematic examination of criminal justice baccalaureate program curricula in the United States, documenting the number of programs, required courses, supporting courses, and curriculum consensus across five regions",success,direct,psychology,criminology,,high,91,,,,,,,97,,,,,,,
10.1080/08824090309388831,https://doi.org/10.1080/08824090309388831,,,True,https://doi.org/10.1080/03637759809376448,"Beatty, M. J.; McCroskey, J. C.; Heisel, A. D.",Interpersonal communication apprehension as temperamental expression: a communibiological paradigm,Communication Monographs,65,3,197-219,1998,Neuroticism and extraversion (temperament dimensions) predict individual differences in communication apprehension,success,close,psychology,social psychology,,high,,,,,,,,546,,,,0.001,<,,
10.1080/08911762.2012.744123,https://doi.org/10.1080/08911762.2012.744123,,,True,https://doi.org/10.1023/a:1008184423824,"Klink, R.",Creating brand names with meaning: the use of sound symbolism,Marketing Letters,11,1,5-20,2000,"Sound symbolism effects in brand naming - where vowel and consonant sounds convey inherent meaning about product attributes (e.g., front vowels convey smallness, back vowels convey largeness)",success,close,psychology,consumer psychology/marketing,,high,,,,,,,,171,,,,,,,
10.1080/0951508042000202354,https://doi.org/10.1080/0951508042000202354,,,False,,,,,,,,,,,,,,,,,,,,,,,,,,,,,,
10.1080/09515080500177309,https://doi.org/10.1080/09515080500177309,,,True,https://doi.org/10.1080/09515080307771,"Knobe, Joshua",Intentional action in folk psychology: An experimental investigation,Philosophical Psychology,16,2,309-324,2003,"Moral considerations affect folk judgments about whether actions are intentional, such that people are more likely to judge an unskilled action as intentional when it has negative moral consequences than when it is morally neutral",success,conceptual,psychology,experimental philosophy,,high,,,,,,,,160,,,,0.001,<,,
10.1080/09515080500355236,https://doi.org/10.1080/09515080500355236,,,True,https://doi.org/10.1093/analys/64.2.181,"Knobe, J.","Intention, intentional action, and moral considerations",Analysis,64,2,181-187,2004,"When presented with a harm vignette, people judge that an agent acted intentionally to cause harm but do not judge that the agent intended to cause harm",success,direct,psychology,experimental philosophy,,high,,,,,,,,205,,,,,,,
10.1080/09515080801978777,https://doi.org/10.1080/09515080801978777,,,True,https://doi.org/10.1007/s11097-007-9066-y,"Knobe, Joshua; Roedder, Erica",The concept of valuing: Experimental studies,Line Philosophy Conference,7,1,67,2006,Folk attributions of valuing vary according to the perceived moral goodness of the object of value (people are more likely to attribute valuing of racial equality to a conflicted person than valuing of racial discrimination),success,conceptual,psychology,experimental philosophy,,high,,,,,,,,44,,,,0.05,<,,
10.1080/09515080801978777,https://doi.org/10.1080/09515080801978777,,,True,https://doi.org/10.1007/s11097-007-9066-y,"Knobe, Joshua; Roedder, Erica",The concept of valuing: Experimental studies,Line Philosophy Conference,7,1,67,2006,Folk attributions of valuing vary according to the perceived moral goodness of the object of value (people are more likely to attribute valuing of racial equality to a conflicted person than valuing of racial discrimination),success,conceptual,psychology,experimental philosophy,,high,,,,,,,,53,,,,0.05,<,,
10.1080/09515080902802769,https://doi.org/10.1080/09515080902802769,,,True,,"Knobe, J.; Fraser, B.",Causal judgment and moral judgment: Two experiments,The cognitive science of morality,2,,441-447,2008,"Moral valence alone (without statistical atypicality) influences folk causal judgments, such that people are more willing to attribute causation to an immoral actor compared to a moral actor when both behaviors are typical",success,close,psychology,experimental philosophy,,high,,,,,,,,118,,,,0.001,<,,
10.1080/09515089.2014.894431,https://doi.org/10.1080/09515089.2014.894431,,,True,https://doi.org/10.5840/monist200285210,"Nichols, Shaun",How psychopaths threaten moral rationalism: is it irrational to be amoral?,Monist,85,2,285-304,2002,Subjects attribute moral understanding to a psychopathic criminal who understands that hurting others is wrong but lacks any motivation to refrain from hurting them,failure,direct,psychology,experimental philosophy,,high,26,,,,,,,93,,,,,,,
10.1080/09540121.2011.630348,https://doi.org/10.1080/09540121.2011.630348,,,True,https://doi.org/10.1016/j.socscimed.2010.04.026,"Riley, G.; Baah-Odoom, D.","Do stigma, blame and stereotyping contribute to unsafe sexual behaviour? A test of claims about the spread of HIV/AIDS arising from social representation theory and the AIDS risk reduction model",Social Science and Medicine,71,3,600-607,2010,Stigmatising attitudes toward people with HIV/AIDS reduce safe sexual behavior intentions through a mediated pathway of reduced perceived vulnerability to the disease,success,direct,psychology,social psychology,,high,,,,,,,,238,-0.032,beta,,0.006,=,,
10.1080/095414400382208,https://doi.org/10.1080/095414400382208,,,True,https://doi.org/10.1037/0278-7393.21.1.116,"Morrison, C.; Ellis, A.",Roles of word frequency and age of acquisition in word naming and lexical decision,"Journal of Experimental Psychology: Learning, Memory, and Cognition",21,1,116-133,1995,Word frequency has no effect on immediate naming latency when age-of-acquisition is controlled for,failure,direct,psychology,cognitive psychology,,high,,30,msec,,,,,20,12,msec,,0.01,<,,
10.1080/095414400382208,https://doi.org/10.1080/095414400382208,,,True,https://doi.org/10.1037/0278-7393.21.1.116,"Morrison, C.; Ellis, A.",Roles of word frequency and age of acquisition in word naming and lexical decision,"Journal of Experimental Psychology: Learning, Memory, and Cognition",21,1,116-133,1995,Neither frequency nor age-of-acquisition have effects on delayed naming latency,success,direct,psychology,cognitive psychology,,high,,,,,,,,20,,,,,,,
10.1080/095414400382208,https://doi.org/10.1080/095414400382208,,,True,https://doi.org/10.1037/0278-7393.21.1.116,"Morrison, C.; Ellis, A.",Roles of word frequency and age of acquisition in word naming and lexical decision,"Journal of Experimental Psychology: Learning, Memory, and Cognition",21,1,116-133,1995,Both word frequency and age-of-acquisition have significant effects on lexical decision latencies,success,direct,psychology,cognitive psychology,,high,,54,msec,,,,,20,,,,0.01,<,,
10.1080/09571264.2024.2310323,https://doi.org/10.1080/09571264.2024.2310323,,,True,https://doi.org/10.1017/jwe.2022.55,"Bodington, J.","A maximum entropy estimate of uncertainty about a wine rating, what can be deduced about the shape of a latent distribution from one observation",Journal of Wine Economics,17,4,296-310,2022,"The minimum cross entropy solution (Equation 2) provides a more accurate estimate of wine rating distributions than analyzing single ratings, tested using blind triplicate wine ratings from Stellenbosch",success,direct,economics,econometric methods,,high,90,,,,,,,90,,,,,,,
10.1080/09658210601109144,https://doi.org/10.1080/09658210601109144,,,True,https://doi.org/10.3758/bf03196410,"Goodwin, K.; Meissner, C.; Ericsson, K.",Toward a model of false recall: Experimental manipulation of encoding context and the collection of verbal reports,Memory & Cognition,29,6,806-819,2001,"Elaborative encoding predicts verbalisation of critical items during encoding, which in turn predicts false recall in the DRM paradigm",inconclusive,direct,psychology,cognitive psychology,,high,,,,,,,,80,,,,,,,
10.1080/09658211.2016.1219750,https://doi.org/10.1080/09658211.2016.1219750,,,True,,"Kowalczyk, Marek",Memory for words related to demands of a problem solved prior to encoding: An investigation into inhibitory mechanisms of defence against distraction,Polish Psychological Bulletin,37,,154-171,2006,Material encoded in a speeded affective classification task and related to demands of a divergent problem is recalled worse in participants who solved the problem prior to encoding than in control participants,inconclusive,close,psychology,cognitive psychology,,high,,,,,,,,166,,,,0.002,=,,
10.1080/09658211.2019.1661494,https://doi.org/10.1080/09658211.2019.1661494,,,True,https://doi.org/10.1080/09658211.2015.1019890,"Bohn, A.; Habermas, T.",Living in history and living by the cultural life script: how older germans date their autobiographical memories,Memory,24,,482-495,2016,"Cultural life script events serve as temporal landmarks when individuals date their autobiographical memories, with about 40% of memories being dated using references to life script events",success,direct,psychology,cognitive psychology,,high,,,,,,,,80,,,,,,,
10.1080/10409289.2011.616134,https://doi.org/10.1080/10409289.2011.616134,,,True,https://doi.org/10.2307/1129656,"Johnson, C.; Wellman, H.",Children's developing conceptions of the mind and brain,Child Development,53,1,222-234,1982,"Young children view the brain as being primarily involved in mental acts (thinking, remembering) but not in sensory activities (seeing, hearing, tasting, smelling)",success,direct,psychology,developmental psychology,,high,,,,,,,,53,0.52,r,,0.001,<,,
10.1080/10410236.2017.1283563,https://doi.org/10.1080/10410236.2017.1283563,,,True,https://doi.org/10.4324/9780203781203,"Breznitz, S.",Cry wolf: the psychology of false alarms,Psychology Press eBooks,,,,1984,"False alarms (threats that fail to materialize after warning signals) lead to loss of credibility, which in turn reduces protective behaviors and attitudes",success,conceptual,psychology,social psychology,,high,,,,,,,,508,,,,,,,
10.1080/10439463.2017.1342644,https://doi.org/10.1080/10439463.2017.1342644,,,False,,,,,,,,,,,,,,,,,,,,,,,,,,,,,,
10.1080/10474412.2016.1275649,https://doi.org/10.1080/10474412.2016.1275649,,,True,https://doi.org/10.1207/s1532768xjepc1201_01,"Erchul, William; Raven, Bertram; Whichard, Shannon",School psychologist and teacher perceptions of social power bases in school consultation,Journal of School Psychology,39,1,483-497,2001,"Teachers rate soft power bases (direct informational, positive expert, legitimate dependence, and positive referent) as the most effective influence strategies for school consultants, with strong internal consistency reliability for these subscales on the Interpersonal Power Inventory",success,direct,psychology,educational psychology,,high,118,,,,,,,99,,,,,,,
10.1080/10511253.2017.1373135,https://doi.org/10.1080/10511253.2017.1373135,,,True,https://doi.org/10.1080/07418820200095361,"Southerland, Mittie D.",Criminal justice curricula in the United States: A decade of change,Justice Quarterly,19,4,589-601,2002,"BCJ curricula show significant variability in fundamental aspects including total hours required, distribution of required vs. elective hours, and presence of core courses like research methods and statistics",success,close,education,,,high,408,,,,,,,670,,,,,,,
10.1080/10584609.1994.9963030,https://doi.org/10.1080/10584609.1994.9963030,,,True,https://doi.org/10.4324/9780203052259-8,"Reese, S.; Danielian, L.; Shoemaker, P. J.",Intermedia influence and the drug issue: converging on cocaine,"Communication campaigns about drugs: Government, media, and the public",,,29-45,1989,Newspapers influence the agenda of television news coverage,success,conceptual,political science,political economy,,high,,,,,,,,,0.734,r,,,,,
10.1080/10615806.2020.1763140,https://doi.org/10.1080/10615806.2020.1763140,,,True,https://doi.org/10.1177/1073191116686685,"Knoll, R.; Valentiner, D.; Holzman, J.","Development and initial test of the safety behaviors in test anxiety Questionnaire: Superstitious behavior, reassurance seeking, test anxiety, and test performance",Assessment,26,2,271-280,2019,Test-related reassurance seeking predicts underperformance on the ACT after controlling for high school academic performance,success,direct,psychology,educational psychology,,high,,,,,,,,59,-0.23,r,,0.046,=,one-sided,
10.1080/10668926.2016.1179606,https://doi.org/10.1080/10668926.2016.1179606,,,True,https://doi.org/10.1177/0091552108322631,"Goldstein, M.; Perin, D.",Predicting performance in a community college content-area course from academic skill level,Community College Review,36,2,89-115,2008,Students who complete developmental reading and writing course sequences before taking literacy-demanding college content courses have higher success rates in those courses than students who do not complete the developmental sequence,success,close,education,,,high,,,,,,,,1339,,,,,,,
10.1080/1068316031009634287,https://doi.org/10.1080/1068316031009634287,,,True,https://doi.org/10.1111/j.2044-8333.1998.tb00352.x,"Canter, D.; Fritzon, K.",Differentiating arsonists: a model of firesetting actions and characteristics,Legal and Criminological Psychology,3,1,73-96,1998,"The action system model differentiates arsonists into four distinct behavioral modes (adaptive, expressive, integrative, and conservative) based on behavioral indicators rather than inferred motives",success,close,psychology,criminology,,high,175,,,,,,,65,,,,,,,
10.1080/1068316x.2014.951647,https://doi.org/10.1080/1068316x.2014.951647,,,True,https://doi.org/10.1002/acp.1512,"Goodsell, C.; Neuschatz, J.; Gronlund, S.",Effects of mugshot commitment on lineup performance in young and older adults,Applied Cognitive Psychology,23,,788-803,2009,"Mug shot choosers select the same individual from a subsequent lineup that they previously chose from mug shots, even when the actual perpetrator is present in the lineup (commitment effect)",success,direct,psychology,cognitive psychology,,high,,,,,,,,462,,,,0.05,<,,
10.1080/1068316x.2019.1588970,https://doi.org/10.1080/1068316x.2019.1588970,,,True,https://doi.org/10.1192/bjp.bp.105.018150,"Dadds, M.; Perry, Y.; Hawes, D.; Merz, S.; Riddell, A.; Haines, D.; Solak, E.; Abeygunawardane, A.",Attention to the eyes and fear-recognition deficits in child psychopathy,British Journal of Psychiatry,189,,280-281,2006,Adolescents with high callous-unemotional traits show deficits in processing the eye region of fearful faces,success,close,psychology,clinical psychology,,high,,,,,,,,14,,,,0.048,=,,
10.1080/10720537.2017.1351013,https://doi.org/10.1080/10720537.2017.1351013,,,True,https://doi.org/10.2224/sbp.1987.15.1.81,"Mcdonagh, D.; Adams-Webber, J.",The implication potential of personal constructs in relation to their subjective importance and order of elicitation,Social Behavior and Personality,15,1,81-86,1987,Personal constructs elicited early in the repertory grid test are subjectively more important than constructs elicited later when using person role titles as elements,failure,direct,psychology,personality psychology,,high,17,,,,,,,61,0.107,rho,"[0.035, 0.179]",0.003,=,two-sided,
10.1080/10720537.2017.1351013,https://doi.org/10.1080/10720537.2017.1351013,,,True,https://doi.org/10.2224/sbp.1987.15.1.81,"Mcdonagh, D.; Adams-Webber, J.",The implication potential of personal constructs in relation to their subjective importance and order of elicitation,Social Behavior and Personality,15,1,81-86,1987,"Personal constructs elicited early in the repertory grid test are subjectively more important than constructs elicited later, tested in the nonperson domain (occupations as elements)",failure,conceptual,psychology,personality psychology,,high,17,,,,,,,60,0.014,rho,"[-0.067, 0.093]",0.74,=,two-sided,
10.1080/10888430701746849,https://doi.org/10.1080/10888430701746849,,,True,https://doi.org/10.3102/01623737028004335,"Kim, J.",The effects of a voluntary summer reading intervention on reading achievement: Results from a randomized field trial,Educational Evaluation and Policy Analysis,28,4,335-355,2006,Scaffolded voluntary summer reading intervention (with teacher modeling and parent support) increases reading achievement compared to untreated control for elementary grade children,success,close,education,educational psychology,,high,,0.14,d,,,,,400,0.14,d,,0.03,<,,
10.1080/13218719.2018.1482570,https://doi.org/10.1080/13218719.2018.1482570,,,True,https://doi.org/10.1080/13218719.2012.729018,"Culhane, S.; Kehn, A.; Horgan, A.; Meissner, C.; Hosch, H.; Wodahl, E.",Generation and detection of true and false alibi statements,"Psychiatry, Psychology and Law",20,,619-638,2013,"Differentiating between true and false alibis is difficult, with students achieving modest accuracy rates when evaluating alibis generated by other students",success,close,psychology,social psychology,,high,,,,,,,,93,,,,,,,
10.1080/13218719.2024.2346719,https://doi.org/10.1080/13218719.2024.2346719,,,True,https://doi.org/10.1037/lhb0000468,"Walters, G.",Changes in criminal thinking from midadolescence to early adulthood: Does trajectory direction matter?,Law and Human Behavior,46,2,154-163,2022,Decelerating patterns of moral disengagement predict significantly lower levels of subsequent offending compared to accelerating patterns in justice-involved youth,success,close,psychology,criminology,,high,1273,,,,,,,7117,,,,0.001,<,,
10.1080/13218719.2024.2346719,https://doi.org/10.1080/13218719.2024.2346719,,,True,https://doi.org/10.1080/03057240.2023.2176836,"Walters, G.",Does a change in moral neutralization from early to mid-adolescence predict a change in delinquency,Journal of Moral Education,52,4,526-540,2023,High decelerating patterns of moral neutralization predict significantly lower levels of subsequent delinquency compared to accelerating or stable patterns in general population youth,success,close,psychology,criminology,,high,1830,,,,,,,7117,,,,0.001,<,,
10.1080/13501760701314417,https://doi.org/10.1080/13501760701314417,,,True,https://doi.org/10.1111/j.1475-6765.1989.tb00202.x,"Castles, Francis G.",Explaining public education expenditure in OECD nations,European Journal of Political Research,17,4,431-448,1989,"Catholicism, rightist government participation, tertiary enrollment, and constitutional veto structure are core determinants of public education spending in OECD countries",success,direct,political science,political economy,,high,,,,,,,,21,,,,,,,
10.1080/13501760701314417,https://doi.org/10.1080/13501760701314417,,,True,https://doi.org/10.1111/j.1475-6765.1989.tb00202.x,"Castles, Francis G.",Explaining public education expenditure in OECD nations,European Journal of Political Research,17,4,431-448,1989,"Catholicism, rightist government participation, tertiary enrollment, and constitutional veto structure are core determinants of public education spending in OECD countries when tested in pooled time-series analysis",failure,close,political science,political economy,,high,,,,,,,,21,,,,,,,
10.1080/13506280544000093,https://doi.org/10.1080/13506280544000093,,,True,https://doi.org/10.1080/14640749508401419,"Vitkovitch, M.; Tyrrell, L.",Sources of disagreement in object naming,Quarterly Journal of Experimental Psychology,21,4,1155-1186,1995,Early acquired objects are identified as real objects more quickly than late acquired objects in an object decision task using chimeric nonobjects,success,direct,psychology,cognitive psychology,,high,,,,,,,,20,,,,0.001,<,,
10.1080/13506280544000093,https://doi.org/10.1080/13506280544000093,,,True,https://doi.org/10.1080/14640749508401419,"Vitkovitch, M.; Tyrrell, L.",Sources of disagreement in object naming,Quarterly Journal of Experimental Psychology,21,4,1155-1186,1995,Early acquired objects are identified as real objects more quickly than late acquired objects in an object decision task using non-chimeric nonobjects,success,close,psychology,cognitive psychology,,high,,,,,,,,20,,,,0.001,<,,
10.1080/13506280544000093,https://doi.org/10.1080/13506280544000093,,,True,https://doi.org/10.2466/pms.1998.87.2.573,"Moore, V.; Smith-Spark, J.; Valentine, T.",The effects of age of acquisition in object recognition,European Journal of Cognitive Psychology,16,2,417-439,2004,"Age of acquisition affects object decision response times, with early acquired objects being verified as real more quickly than late acquired objects",success,direct,psychology,cognitive psychology,,high,,,,,,,,20,,,,0.001,<,,
10.1080/13506280544000093,https://doi.org/10.1080/13506280544000093,,,True,https://doi.org/10.3758/bf03202720,"Morrison, C.; Ellis, A.; Quinlan, P.","Age of acquisition, not word frequency, affects object naming, not object recognition",Memory and Cognition,20,6,705-714,1992,Age of acquisition does not affect semantic classification of object pictures as 'natural' or 'man-made',failure,close,psychology,cognitive psychology,,medium,48,,,,,,,30,,,,,,,
10.1080/135062899395000,https://doi.org/10.1080/135062899395000,,,True,https://doi.org/10.1080/14640749308401045,"Tanaka, T.; Farah, M.",Parts and wholes in face recognition,Quarterly Journal of Experimental Psychology,46,2,225-245,1993,Complete face probes are recognized better than isolated facial feature probes (complete probe advantage) in a recognition memory task,success,direct,psychology,cognitive psychology,,high,,,,,,,,36,,,,0.01,<,,
10.1080/135062899395000,https://doi.org/10.1080/135062899395000,,,True,https://doi.org/10.1080/14640749308401045,"Tanaka, T.; Farah, M.",Parts and wholes in face recognition,Quarterly Journal of Experimental Psychology,46,2,225-245,1993,Complete house probes are NOT recognized better than isolated house feature probes (no complete probe advantage) in a recognition memory task,failure,direct,psychology,cognitive psychology,,high,,,,,,,,36,,,,0.01,<,,
10.1080/13527266.2024.2376918,https://doi.org/10.1080/13527266.2024.2376918,,,True,https://doi.org/10.1080/10496491.2022.2108189,"Segev, S.; Fernandes, J.",The anatomy of viral advertising: a content analysis of viral advertising from the elaboration likelihood model perspective,Journal of Promotion Management,29,1,125-154,2023,"Viral advertising uses predominantly peripheral cues (emotional appeals, celebrities, music, sound effects) over central cues (rational appeals, strong arguments) based on the Elaboration Likelihood Model framework",success,conceptual,business & management,management,,high,449,,,,,,,684,0.273,Cramer's φ,,0.001,<,,
10.1080/135467996387534,https://doi.org/10.1080/135467996387534,,,True,https://doi.org/10.1080/02699939408408931,"Ashcraft, M.; Faust, M.",Mathematics anxiety and mental arithmetic performance: an exploratory investigation,Cognition and Emotion,8,2,97-125,1994,"High mathematics anxiety impairs performance on complex arithmetic tasks, particularly those involving the carry operation, while having minimal effects on simple addition facts",success,close,psychology,cognitive psychology,,high,,,,,,,,60,,,,,,,
10.1080/13546800601051847,https://doi.org/10.1080/13546800601051847,,,True,https://doi.org/10.1037/0022-3514.70.2.205,"Carroll, J.; Russell, J.",Do facial expressions signal specific emotions? Judging emotion from the face in context,Journal of Personality and Social Psychology,70,2,205-218,1996,"When facial expressions are paired with contextual information (vignettes) that is discrepant in affective category but matched in pleasantness and arousal, healthy participants judge emotions in line with contextual information rather than facial cues alone",success,close,psychology,cognitive psychology,,high,,,,,,,,22,,,,0.01,=,,
10.1080/1357650x.2010.506690,https://doi.org/10.1080/1357650x.2010.506690,,,True,https://doi.org/10.1080/13803390701550110,"Mohr, C.; Rowe, A.; Crawford, M.",Hemispheric differences in the processing of attachment words,Journal of Clinical and Experimental Neuropsychology,30,4,471-480,2008,Positive attachment words show a processing advantage over negative attachment words when presented to the left visual field (initial right hemisphere processing),inconclusive,close,psychology,neuropsychology,,high,40,0.727,d,,,,,40,0.335,d,,,,,
10.1080/1357650x.2012.660164,https://doi.org/10.1080/1357650x.2012.660164,,,True,https://doi.org/10.1016/j.neurobiolaging.2008.05.021,"Bloss, C.; Delis, D.; Salmon, D.; Bondi, M.",APOE genotype is associated with left-handedness and visuospatial skills in children,Neurobiology of Aging,31,5,787-795,2010,The Apolipoprotein E ε2 allele is associated with increased left-handedness in adolescents,failure,direct,neuroscience,behavioral neuroscience,,high,137,,,,0.005,<,,166,,,,,,,
10.1080/13594320600989583,https://doi.org/10.1080/13594320600989583,,,True,https://doi.org/10.2307/3069390,"Parker, S.; Axtell, C.",Seeing another view point: Antecedents and outcomes of employee perspective taking activity,Academy of Management Journal,44,6,1085-1101,2001,Perspective taking activity is positively associated with helping behavior,success,conceptual,psychology,social psychology,,high,,,,,,,,305,0.58,r,,0.01,<,,
10.1080/13594320701473065,https://doi.org/10.1080/13594320701473065,,,True,https://doi.org/10.1037/0021-9010.87.2.220,"Schneider, B.; Salvaggio, A.; Subirats, M.",Climate strength: a new direction for climate research,Journal of Applied Psychology,87,2,220-229,2002,Climate strength moderates the relationship between service climate and customer perceptions of service quality,failure,close,psychology,social psychology,,high,,,,,,,,756,,,,,,,
10.1080/1359432x.2012.673280,https://doi.org/10.1080/1359432x.2012.673280,,,True,https://doi.org/10.1037/0021-9010.90.6.1241,"Dalal, R.",A meta-analysis of the relationship between organizational citizenship behavior and counterproductive work behavior,Journal of Applied Psychology,90,,1241-1255,2005,"Organizational citizenship behavior (OCB) and counterproductive work behavior (CWB) show a multidimensional, nonbipolar relationship rather than being opposite ends of a single continuum",success,close,psychology,social psychology,,high,,,,,,,,563,,,,,,,
10.1080/1359432x.2012.673280,https://doi.org/10.1080/1359432x.2012.673280,,,True,https://doi.org/10.1207/s15327043hup1904_7,"Sackett, P.; Berry, C.; Wiemann, S.; Laczo, R.",Citizenship and counterproductive behavior: clarifying relations between the two domains,Human Performance,19,,441-464,2006,"Organizational citizenship behavior (OCB) and counterproductive work behavior (CWB) show a multidimensional, nonbipolar relationship rather than being opposite ends of a single continuum",success,close,psychology,social psychology,,high,,,,,,,,563,,,,,,,
10.1080/1359432x.2019.1677609,https://doi.org/10.1080/1359432x.2019.1677609,,,True,https://doi.org/10.1080/1359432x.2019.1584183,"Nagy, N.; Johnston, C.; Hirschi, A.",Do we act as old as we feel? An examination of subjective age and job crafting behaviour of late career employees,European Journal of Work and Organizational Psychology,28,3,373-383,2019,Subjective age is negatively related to job crafting behavior among late-career employees,success,close,psychology,social psychology,,high,485,-0.106,beta,,,,,660,-0.142,beta,,0.021,=,,
10.1080/13869790600641905,https://doi.org/10.1080/13869790600641905,,,True,https://doi.org/10.1111/1467-8284.00419,"Knobe, Joshua",Intentional action and side effects in ordinary language,Analysis,63,279,190-194,2003,People are more likely to judge that a morally negative side effect was brought about intentionally than to judge that a structurally similar morally positive or neutral side effect was brought about intentionally,success,conceptual,psychology,experimental philosophy,,high,78,,,,,,,126,,,,0.001,<,two-sided,
10.1080/14640748808402300,https://doi.org/10.1080/14640748808402300,,,True,https://doi.org/10.1111/j.2044-8260.1976.tb00038.x,"Volans, P. J.",Styles of decision making and probability appraisal in selected obsessional and phobic patients,British Journal of Social and Clinical Psychology,15,3,305-317,1976,Obsessional patients require more evidence before making decisions on probabilistic reasoning tasks compared to phobic and normal control groups,success,close,psychology,clinical psychology,,high,,,,,,,,40,,,,0.05,<,two-sided,
10.1080/14768320600941814,https://doi.org/10.1080/14768320600941814,,,True,https://doi.org/10.1207/s15327752jpa5801_15,"Spence, J. T.; Robbins, A. S.","Workaholism: definition, measurement, and preliminary results",Journal of Personality Assessment,58,1,160-178,1992,"Workaholism consists of three independent dimensions measured by distinct subscales: Work Involvement, Drive, and Enjoyment of Work",failure,direct,psychology,social psychology,,high,,,,,,,,235,,,,,,,
10.1080/15298860500338534,https://doi.org/10.1080/15298860500338534,,,True,https://doi.org/10.1111/1467-9280.00111,"Shih, M.; Pittinsky, T.; Ambady, N.",Stereotype susceptibility: identity salience and shifts in quantitative performance,Psychological Science,10,1,81-84,1999,Making Asian identity salient improves quantitative performance and making female identity salient impairs quantitative performance in Asian American women,success,close,psychology,social psychology,,high,,,,,,,,51,,,,0.01,<,one-sided,
10.1080/15298868.2018.1465846,https://doi.org/10.1080/15298868.2018.1465846,,,True,https://doi.org/10.1016/0022-1031(82)90083-X,"Schlenker, B.; Leary, M.","Audience's reactions to self-enhancing, self-denigrating, and accurate self-presentations",Journal of Experimental Social Psychology,18,,89-104,1982,"Accurate self-promotional claims are evaluated more favorably than inaccurate claims, and modest self-claims are evaluated most favorably",success,conceptual,psychology,social psychology,,high,,,,,,,,211,0.0931,etasq,,0.0001,<,,
10.1080/15332960802125973,https://doi.org/10.1080/15332960802125973,,,False,,,,,,,,,,,,,,,,,,,,,,,,,,,,,,
10.1080/17439760.2011.570367,https://doi.org/10.1080/17439760.2011.570367,,,True,https://doi.org/10.1093/geronb/gbp041,"Brummett, B.; Morey, M.; Boyle, S.; Mark, D.",Prospective study of associations among positive emotion and functional status in older patients with coronary artery disease,"Series B, Psychological Sciences and Social Sciences",64,4,461-469,2009,Positive emotion at baseline predicts less decline in functional status in older adults over a 3-year follow-up period,inconclusive,close,psychology,clinical psychology,,high,,,,,,,,422,,,,0.033,=,,
10.1080/17439760.2017.1279210,https://doi.org/10.1080/17439760.2017.1279210,,,False,,,,,,,,,,,,,,,,,,,,,,,,,,,,,,
10.1080/17470210903380830,https://doi.org/10.1080/17470210903380830,,,True,https://doi.org/10.1037/0096-3445.132.2.228,"Miozzo, M.; Caramazza, A.",When more is less: a counterintuitive effect of distractor frequency in the picture-word interference paradigm,Journal of Experimental Psychology: General,132,2,228-252,2003,Low-frequency distractor words produce greater interference than high-frequency words in picture naming tasks,success,direct,psychology,cognitive psychology,,high,,,,,,,,20,,,,0.005,<,,
10.1080/17470215908416289,https://doi.org/10.1080/17470215908416289,,,True,https://doi.org/10.1121/1.1907229,"Cherry, E. C.",Experiments on the recognition of speech with one and two ears,J. acoust. Soc. Amer.,25,5,975,1953,Subjects shadowing one dichotic message are unable to report the content of a message simultaneously presented to the other ear,success,direct,psychology,cognitive psychology,,high,,,,,,,,,,,,0.01,<,,
10.1080/17470218.2010.533440,https://doi.org/10.1080/17470218.2010.533440,,,True,https://doi.org/10.1080/713755604,"Ellis, N.; Sinclair, S.",Working memory in the acquisition of vocabulary and syntax: Putting language in good order,Quarterly Journal of Experimental Psychology,49,1,234-250,1996,Articulatory suppression impairs grammar learning in second language acquisition,success,close,psychology,cognitive psychology,,high,,,,,,,,48,,,,0.04,=,one-sided,
10.1080/17470218.2010.533440,https://doi.org/10.1080/17470218.2010.533440,,,True,https://doi.org/10.1080/713755604,"Ellis, N.; Sinclair, S.",Working memory in the acquisition of vocabulary and syntax: Putting language in good order,Quarterly Journal of Experimental Psychology,49,1,234-250,1996,Overt rehearsal of grammatical strings enhances grammar learning in second language acquisition,success,close,psychology,cognitive psychology,,high,,,,,,,,75,,,,0.001,<,one-sided,
10.1080/17470218.2011.582126,https://doi.org/10.1080/17470218.2011.582126,,,True,https://doi.org/10.1348/000712608x386810,"Robinson, E.; Pendle, J.; Rowley, M.; Beck, S.; Mccolgan, K.",Guessing imagined and live chance events: Adults behave like children with live events,British Journal of Psychology,100,4,645-659,2009,Adults prefer to guess about chance events under epistemic uncertainty (after the outcome is determined but unknown) rather than physical uncertainty (before the outcome is determined),inconclusive,direct,psychology,cognitive psychology,,high,,,,,,,,65,,,,0.22,=,,
10.1080/17470218.2011.582126,https://doi.org/10.1080/17470218.2011.582126,,,True,https://doi.org/10.1348/000712608x386810,"Robinson, E.; Pendle, J.; Rowley, M.; Beck, S.; Mccolgan, K.",Guessing imagined and live chance events: Adults behave like children with live events,British Journal of Psychology,100,4,645-659,2009,Children prefer to guess about chance events under epistemic uncertainty (after the outcome is determined but unknown) rather than physical uncertainty (before the outcome is determined),success,direct,psychology,developmental psychology,,high,,,,,,,,52,,,,0.001,=,,
10.1080/17470218.2015.1049624,https://doi.org/10.1080/17470218.2015.1049624,,,True,https://doi.org/10.3758/s13423-013-0531-z,"Wentura, D.; Müller, P.; Rothermund, K.",Attentional capture by evaluative stimuli: gain- and loss-connoted colors boost the additional singleton effect,Psychonomic Bulletin and Review,21,3,701-707,2014,Gain-related and loss-related colored stimuli bias attention and boost the additional singleton effect in a visual search task,success,conceptual,psychology,cognitive psychology,,high,,0.63,d,,,,,53,0.46,d,,0.002,<,,
10.1080/17470218.2016.1206130,https://doi.org/10.1080/17470218.2016.1206130,,,True,https://doi.org/10.1080/17470210902752096,"Crump, M.; Milliken, B.",The flexibility of contextspecific control: Evidence for context-driven generalization of item-specific control settings,The Quarterly Journal of Experimental Psychology,62,8,1523-1532,2009,Context-specific proportion congruent (CSPC) effects can be obtained for frequency-unbiased items in Experiment 1 design where frequency-biased items appear 100% congruent in one location,success,close,psychology,cognitive psychology,,high,,0.72,d,,,,,91,0.30,d,,0.002,=,,
10.1080/17470218.2016.1206130,https://doi.org/10.1080/17470218.2016.1206130,,,True,https://doi.org/10.1080/17470210902752096,"Crump, M.; Milliken, B.",The flexibility of contextspecific control: Evidence for context-driven generalization of item-specific control settings,The Quarterly Journal of Experimental Psychology,62,8,1523-1532,2009,Context-specific proportion congruent (CSPC) effects can be obtained for frequency-unbiased items in Experiment 2 design where frequency-biased items appear 92% congruent in one location,inconclusive,close,psychology,cognitive psychology,,high,,,,,,,,46,,,,0.295,=,,
10.1080/17470218.2016.1253756,https://doi.org/10.1080/17470218.2016.1253756,,,False,,,,,,,,,,,,,,,,,,,,,,,,,,,,,,
10.1080/17470218.2017.1307427,https://doi.org/10.1080/17470218.2017.1307427,,,True,https://doi.org/10.1111/1467-9280.03432,"Schellenberg, E.; Trehub, S.",Good pitch memory is widespread,Psychological Science,14,3,262-266,2003,Individuals can reliably distinguish when well-known music recordings have been shifted in pitch,success,conceptual,psychology,cognitive psychology,,high,,,,,,,,29,,,,0.001,<,,
10.1080/17470218.2017.1307427,https://doi.org/10.1080/17470218.2017.1307427,,,True,https://doi.org/10.1111/1467-9280.03432,"Schellenberg, E.; Trehub, S.",Good pitch memory is widespread,Psychological Science,14,3,262-266,2003,Individuals can reliably distinguish when well-known music recordings have been shifted in pitch,success,conceptual,psychology,cognitive psychology,,high,,,,,,,,39,,,,0.001,<,,
10.1080/17470218.2017.1307427,https://doi.org/10.1080/17470218.2017.1307427,,,True,https://doi.org/10.1080/17470218.2015.1131726,"Jakubowski, K.; Müllensiefen, D.; Stewart, L.",A developmental study of latent absolute pitch memory,The Quarterly Journal of Experimental Psychology,70,3,434-443,2017,Vocal recordings can be used to assess long-term pitch memory,success,conceptual,psychology,cognitive psychology,,high,,,,,,,,28,,,,0.896,=,,
10.1080/20445911.2013.817413,https://doi.org/10.1080/20445911.2013.817413,,,True,https://doi.org/10.1016/j.brat.2011.06.005,"Huijding, J.; Muris, P.; Lester, K.; Field, A.; Joosse, G.",Training children to approach or to avoid novel animals: Effects on self-reported attitudes and fear beliefs and information seeking behaviors,Behaviour Research and Therapy,49,10,606-613,2011,Training to move a manikin towards some stimuli and away from others induces more positive explicit evaluations of approached stimuli compared to avoided stimuli,success,close,psychology,cognitive psychology,,high,,,,,,,,83,0.57,d,,0.001,<,,
10.1080/20445911.2017.1282489,https://doi.org/10.1080/20445911.2017.1282489,,,True,https://doi.org/10.3389/fpsyg.2011.00183,"Soveri, A.; Rodriguez-Fornells, A.; Laine, M.",Is there a relationship between language switching and executive functions in bilingualism? Introducing a within-group analysis approach,Frontiers in Psychology,2,,18,2011,Increased everyday language switching is associated with smaller mixing cost in error rates in the number-letter task,failure,direct,psychology,cognitive psychology,,high,38,,,,,,,177,,,,,,,
10.1080/23273798.2020.1849749,https://doi.org/10.1080/23273798.2020.1849749,,,False,,,,,,,,,,,,,,,,,,,,,,,,,,,,,,
10.1080/23743603.2016.1248079,https://doi.org/10.1080/23743603.2016.1248079,,,True,https://doi.org/10.1177/0956797610383437,"Carney, D.; Cuddy, A.; Yap, A.",Power posing: brief nonverbal displays affect neuroendocrine levels and risk tolerance,Psychological Science,21,10,1363-1368,2010,Enacting high-power postures (expansive poses) for brief periods increases risk-taking behavior and feelings of power,failure,direct,psychology,social psychology,,high,,,,,,,,94,,,,,,,
10.1080/23743603.2017.1341183,https://doi.org/10.1080/23743603.2017.1341183,,,True,https://doi.org/10.1177/0956797610383437,"Carney, D.; Cuddy, A.; Yap, A.",Power posing: brief nonverbal displays affect neuroendocrine levels and risk tolerance,Psychological Science,21,10,1363-1368,2010,Adopting expansive body poses increases risk tolerance and willingness to gamble compared to constrictive poses,failure,direct,psychology,social psychology,,high,42,,,,,,,200,0.04,phi,,0.620,=,,
10.1080/23743603.2017.1341183,https://doi.org/10.1080/23743603.2017.1341183,,,True,https://doi.org/10.1177/0956797610383437,"Carney, D.; Cuddy, A.; Yap, A.",Power posing: brief nonverbal displays affect neuroendocrine levels and risk tolerance,Psychological Science,21,10,1363-1368,2010,Adopting expansive body poses increases subjective feelings of power compared to constrictive poses,success,direct,psychology,social psychology,,high,42,,,,,,,200,0.28,d,"[0.004, 0.501]",0.047,=,two-sided,
10.1080/23743603.2017.1341186,https://doi.org/10.1080/23743603.2017.1341186,,,True,https://doi.org/10.1177/0956797610383437,"Carney, D.; Cuddy, A.; Yap, A.",Power posing brief nonverbal displays affect neuroendocrine levels and risk tolerance,Psychological Science,21,,1363-1368,2010,Holding expansive poses (vs. constrictive poses) increases feelings of power and risky gambling behavior,failure,direct,psychology,social psychology,,high,,0.94,d,,,,,279,0.16,d,"[-0.08, 0.39]",0.214,=,,
10.1080/23743603.2017.1341186,https://doi.org/10.1080/23743603.2017.1341186,,,True,https://doi.org/10.1037/a0038543,"Cuddy, A.; Wilmuth, C.; Yap, A.; Carney, D.",Preparatory power posing affects nonverbal presence and job interview performance,Journal of Applied Psychology,100,,1286-1295,2015,Holding expansive poses before a mock job interview improves interview performance and hireability ratings,failure,direct,psychology,social psychology,,high,61,0.73,d,,,,,246,-0.08,d,"[-0.33, 0.17]",0.537,=,,
10.1080/23743603.2018.1559647,https://doi.org/10.1080/23743603.2018.1559647,,,True,https://doi.org/10.1006/jesp.1998.1373,"Spencer, S.; Steele, C.; Quinn, D.",Stereotype threat and women's math performance,Journal of Experimental Social Psychology,35,1,4-28,1999,Exposure to stereotype threat causes women to underperform on mathematics tests compared to a control condition,failure,direct,psychology,social psychology,,high,,,,,,,,1036,-0.05,d,"[-0.18, 0.07]",,,,
10.1080/23743603.2020.1756239,https://doi.org/10.1080/23743603.2020.1756239,,,True,https://doi.org/10.1016/j.paid.2009.12.007,"Galloway, G.",Individual differences in personal humor styles: identification of prominent patterns and their associates,Personality and Individual Differences,48,5,563-567,2010,"Cluster analysis identifies distinct humour style profiles based on patterns of use of affiliative, aggressive, self-enhancing, and self-defeating humour types",failure,direct,psychology,social psychology,,high,,,,,,,,863,,,,,,,
10.1080/23743603.2020.1756239,https://doi.org/10.1080/23743603.2020.1756239,,,True,https://doi.org/10.1007/s10902-012-9342-6,"Leist, A.; Müller, D.","Humor types show different patterns of self-regulation, self-esteem, and well-being",Journal of Happiness Studies,14,2,551-569,2013,"Cluster analysis identifies three humour style profiles: above average use of all humour types (humour endorser), below average use of all humour types (humour denier), and greater than average affiliative and self-enhancing with lower than average aggressive and self-defeating humour (positive humour user)",success,direct,psychology,social psychology,,high,,,,,,,,410,,,,,,,
10.1080/23743603.2020.1756239,https://doi.org/10.1080/23743603.2020.1756239,,,True,https://doi.org/10.1177/2329488415612478,"Evans, T.; Steptoe-Warren, G.",Humor style clusters: exploring managerial humor,International Journal of Business Communication,55,4,443-454,2018,"Cluster analysis identifies distinct humour style profiles based on patterns of use of affiliative, aggressive, self-enhancing, and self-defeating humour types",failure,direct,psychology,social psychology,,high,,,,,,,,863,,,,,,,
10.1080/23743603.2020.1756239,https://doi.org/10.1080/23743603.2020.1756239,,,True,https://doi.org/10.1016/j.paid.2015.11.011,"Sirigatti, S.; Penzo, I.; Giannetti, E.; Casale, S.; Stefanile, C.",Relationships between humorism profiles and psychological well-being,Personality and Individual Differences,90,1,219-224,2016,"Cluster analysis identifies distinct humour style profiles based on patterns of use of affiliative, aggressive, self-enhancing, and self-defeating humour types",failure,direct,psychology,social psychology,,high,,,,,,,,863,,,,,,,
10.1080/713755779 (1),https://doi.org/10.1080/713755779 (1),,,True,https://doi.org/10.3758/bf03202720,"Morrison, C. M.; Ellis, A. W.; Quinlan, P. T.","Age of acquisition, not word frequency, affects object naming not object recognition",Memory and Cognition,20,6,705-714,1992,Age of acquisition (AoA) but not word frequency affects object naming latency,inconclusive,conceptual,psychology,cognitive psychology,,high,,,,,,,,30,,,,0.005,<,,
10.1080_0163853x.2024.2339738,https://doi.org/10.1080_0163853x.2024.2339738,,,True,https://doi.org/10.1016/j.learninstruc.2018.04.006,"Pérez, A.; Potocki, A.; Stadtler, M.; Macedo-Rouet, M.; Paul, J.; Salmerón, L.; Rouet, J.",Fostering teenagers' assessment of information reliability: effects of a classroom intervention focused on critical source dimensions,Learning and Instruction,58,,53-64,2018,"A brief classroom intervention focused on three critical source dimensions (author position, author motivation, media quality) improves students' sourcing skills in evaluating online information reliability",success,close,psychology,educational psychology,,high,,,,,,,,229,,,,0.001,<,,
10.1086/269239,https://doi.org/10.1086/269239,,,True,https://doi.org/10.1002/ejsp.2420180505,"Strack, F.; Martin, L.; Schwarz, N.",Priming and communication: the social determinants of information use in judgments of life-satisfaction,European Journal of Social Psychology,18,5,429-442,1988,Answering a specific question before a general question increases the correlation between the two measures due to cognitive accessibility effects,success,close,psychology,social psychology,,high,,0.55,r,,0.007,<,,50,0.67,r,,0.01,<,,
10.1086/269239,https://doi.org/10.1086/269239,,,True,https://doi.org/10.1002/ejsp.2420180505,"Strack, F.; Martin, L.; Schwarz, N.",Priming and communication: the social determinants of information use in judgments of life-satisfaction,European Journal of Social Psychology,18,5,429-442,1988,A joint lead-in that assigns both questions to the same conversational context reduces the correlation between specific and general questions,success,close,psychology,social psychology,,high,,0.26,r,,0.03,<,,56,0.18,r,,,,,
10.1086/683144,https://doi.org/10.1086/683144,,,True,https://doi.org/10.1111/j.1467-9477.2007.00176.x,"Putnam, Robert D.",E pluribus unum: diversity and community in the twenty-first century; the 2006 Johan Skytte prize lecture,Scandinavian Political Studies,30,2,137-174,2007,"Ethnoracial diversity in communities negatively predicts trust and social capital, causing people to 'hunker down' and withdraw from civic engagement",failure,direct,sociology,sociology,,high,,,,,,,,26740,,,,,,,
10.1089/107555304322849057,https://doi.org/10.1089/107555304322849057,,,True,,"Radin, D.",Unconscious perception of future emotions: An experiment in presentiment,Journal of Scientific Exploration,11,,163-180,1997,"The body responds to emotionally arousing stimuli seconds before experiencing them, showing physiological prestimulus responses",success,close,psychology,psychophysiology,,high,,,,,,,,26,,,,0.001,=,one-sided,
10.1089/cyber.2015.0311,https://doi.org/10.1089/cyber.2015.0311,,,False,,,,,,,,,,,,,,,,,,,,,,,,,,,,,,
10.1093/abm/kay043,https://doi.org/10.1093/abm/kay043,,,True,https://doi.org/10.1007/s12160-017-9888-y,"Martin, L. R.; Petrie, K. J.",Understanding the dimensions of anti-vaccination attitudes: the vaccination attitudes examination (VAX) scale,Ann Behav Med,51,5,652-660,2017,"The VAX Scale demonstrates high internal consistency, convergent validity with related psychological measures, and construct validity in differentiating vaccinators from nonvaccinators",success,direct,psychology,social psychology,,high,,,,,,,,243,,,,,,,
10.1093/cercor/bhae287,https://doi.org/10.1093/cercor/bhae287,,,True,https://doi.org/10.1523/jneurosci.0802-21.2021,"Das, A.; Menon, V.",Asymmetric frequency-specific feedforward and feedback information flow between hippocampus and prefrontal cortex during verbal memory encoding and recall,J Neurosci,41,40,8427-8440,2021,Greater causal information flow from hippocampus to prefrontal cortex in the delta-theta frequency band (0.5-8 Hz) and stronger prefrontal cortex to hippocampus flow in the beta band (12-30 Hz) during verbal and spatial memory encoding and recall,success,close,neuroscience,cognitive neuroscience,,high,,,,,,,,96,,,,,,,
10.1093/geronj/42.1.86,https://doi.org/10.1093/geronj/42.1.86,,,True,https://doi.org/10.1093/geronj/34.3.396,"Jacewicz, M.; Hartley, A.",Rotation of mental images by young and old college students: The effects of familiarity,Journal of Gerontology,34,3,396-403,1979,Middle-aged adults (mean age 56) show no difference from younger adults in the speed of mental rotation operations,success,direct,psychology,cognitive psychology,,high,,,,,,,,22,,,,0.05,>,,
10.1093/geronj/42.1.86,https://doi.org/10.1093/geronj/42.1.86,,,True,https://doi.org/10.1093/geronj/30.6.674,"Gaylord, S.; Marsh, G.",Age differences in the speed of a spatial cognitive process,Journal of Gerontology,30,6,674-678,1975,Older adults (aged 65-72) show slower mental rotation speeds and increased age differences as rotational difference increases,success,close,psychology,cognitive psychology,,high,,,,,,,,22,,,,0.01,<,,
10.1093/geronj/42.1.86,https://doi.org/10.1093/geronj/42.1.86,,,True,https://doi.org/10.1093/geronj/36.5.620,"Cerella, J.; Poon, L.; Fozard, J.",Mental rotation and age reconsidered,Journal of Gerontology,36,5,620-624,1981,Older adults show slower mental rotation speeds with increased age differences as rotational difference increases,success,close,psychology,cognitive psychology,,high,,,,,,,,22,,,,0.01,<,,
10.1093/ijnp/pyae050,https://doi.org/10.1093/ijnp/pyae050,,,True,https://doi.org/10.1038/s41386-021-00998-4,"Robble, M.; Schroder, H.; Kangas, B.; Nickels, S.; Breiger, M.; Iturra-Mena, A.; Perlo, S.; Cardenas, E.; Der-Avakian, A.; Barnes, S.; Leutgeb, S.; Risbrough, V.; Vitaliano, G.; Bergman, J.; Carlezon, W.; Pizzagalli, D.",Concordant neurophysiological signatures of cognitive control in humans and rats,Neuropsychopharmacology,46,7,1252-1262,2021,"Modified Flanker task elicits interference effects on accuracy and response time, increased target-locked theta power for incongruent trials, and increased ERN and Pe components following errors in humans",success,direct,neuroscience,cognitive neuroscience,,high,,0.89,etasq,,,,,24,0.70,etasq,,0.001,<,,
10.1093/ijnp/pyae050,https://doi.org/10.1093/ijnp/pyae050,,,True,https://doi.org/10.1038/s41386-021-00998-4,"Robble, M.; Schroder, H.; Kangas, B.; Nickels, S.; Breiger, M.; Iturra-Mena, A.; Perlo, S.; Cardenas, E.; Der-Avakian, A.; Barnes, S.; Leutgeb, S.; Risbrough, V.; Vitaliano, G.; Bergman, J.; Carlezon, W.; Pizzagalli, D.",Concordant neurophysiological signatures of cognitive control in humans and rats,Neuropsychopharmacology,46,7,1252-1262,2021,"Modified Flanker task elicits interference effects on accuracy, increased ERN-like and Pe-like components following errors, increased target-locked theta power for incongruent trials, and reduced response-locked delta power in rats",inconclusive,direct,neuroscience,cognitive neuroscience,,high,,0.97,etasq,,,,,22,0.67,etasq,,0.001,<,,
10.1093/jcr/ucac017,https://doi.org/10.1093/jcr/ucac017,,,True,https://doi.org/10.1086/678193,"Mittelman, M.; Andrade, E.; Chattopadhyay, A.; Brendl, C.",The Offer Framing Effect: Choosing Single versus Bundled Offerings Affects Variety Seeking,Journal of Consumer Research,41,4,953-964,2014,Experiment 3: Constructing bundles sequentially (vs. selecting prepackaged bundles) increases variety seeking in donation and bouquet selection tasks,success,conceptual,psychology,consumer psychology/marketing,,high,,,,,,,,373,,,,0.033,=,,
10.1093/jcr/ucac017,https://doi.org/10.1093/jcr/ucac017,,,True,https://doi.org/10.1086/678193,"Mittelman, M.; Andrade, E.; Chattopadhyay, A.; Brendl, C.",The Offer Framing Effect: Choosing Single versus Bundled Offerings Affects Variety Seeking,Journal of Consumer Research,41,4,953-964,2014,Experiment 4: Bundle construction method affects variety seeking even when pathways to variety are equated,failure,conceptual,psychology,consumer psychology/marketing,,high,,,,,,,,,,,,,,,
10.1093/jcr/ucac017,https://doi.org/10.1093/jcr/ucac017,,,True,https://doi.org/10.1086/678193,"Mittelman, M.; Andrade, E.; Chattopadhyay, A.; Brendl, C.",The Offer Framing Effect: Choosing Single versus Bundled Offerings Affects Variety Seeking,Journal of Consumer Research,41,4,953-964,2014,Experiments 1 and 2: Constructing two-item bundles of sodas or candy bars sequentially increases variety seeking compared to selecting prepackaged bundles,inconclusive,conceptual,psychology,consumer psychology/marketing,,medium,,,,,,,,,,,,,,,
10.1093/jos/ffw010,https://doi.org/10.1093/jos/ffw010,,,True,https://doi.org/10.1007/s11050-016-9126-3,"Singh, Raj; Wexler, Ken; Astle, Andrea; Kamawar, Deepthi; Fox, Danny",Children interpret disjunction as conjunction: consequences for the theory of scalar implicatures,Natural Language Semantics,24,4,305,2015,"Some children interpret disjunction conjunctively, rejecting disjunctive descriptions 'A or B' when only one disjunct is true",success,close,linguistics,second language acquisition,,high,31,,,,,,,46,,,,,,,
10.1093/ntr/ntaa229,https://doi.org/10.1093/ntr/ntaa229,,,True,https://doi.org/10.1001/archgenpsychiatry.2012.124,"Hartz, S.; Short, S.; Saccone, N.",Increased genetic vulnerability to smoking at CHRNA5 in early-onset smokers,Arch Gen Psychiatry,69,8,854-860,2012,"The rs16969968-A risk allele at the CHRNA5 gene interacts with early age of onset of smoking (AOS ≤16) to increase risk for heavy smoking, such that early-onset smokers carrying the risk allele show greater vulnerability to heavy smoking compared to late-onset smokers",failure,direct,neuroscience,behavioral neuroscience,,high,33348,1.16,OR,,,,,61077,1.004,OR,,0.82,=,,
10.1093/oxfordjournals.jpart.a037145,https://doi.org/10.1093/oxfordjournals.jpart.a037145,,,True,,"Golembiewski, R.; Munzenrider, R.",Health-related covariates of phases of burnout a pilot study,Journal of Health and Human Resources Administration,142,,204-225,1991,Advanced phases of burnout are associated with higher proportions of psychiatric cases as measured by the General Health Questionnaire,success,direct,psychology,social psychology,,high,,,,,,,,213,,,,0.0000,<,,
10.1093/oxfordjournals.jpart.a037145,https://doi.org/10.1093/oxfordjournals.jpart.a037145,,,True,https://doi.org/10.1080/10615809208250488,"Golembiewski, R.; Munzenrider, R.; Scherb, K.; Billingsley, W.",Burnout and psychiatric cases,"Anxiety, Stress, and Coping",5,1,69-78,1992,Advanced phases of burnout are associated with higher proportions of psychiatric cases as measured by the General Health Questionnaire,success,direct,psychology,social psychology,,high,,,,,,,,213,,,,0.0000,<,,
10.1093/ptj/65.7.1034,https://doi.org/10.1093/ptj/65.7.1034,,,True,https://doi.org/10.1093/ptj/61.2.185,"Halkovich, L. R.; Personius, W. J.; Clamann, H. P.",Effect of Fluori-Methane spray on passive hip flexion,Physical Therapy,61,2,185-189,1981,Fluori-Methane spray combined with passive stretch increases passive hip flexion range of motion more than passive stretch alone,failure,direct,medical fields,rehabilitation medicine,,high,,,,,,,,40,,,,0.05,<,one-sided,
10.1093/scan/nsae054,https://doi.org/10.1093/scan/nsae054,,,False,,,,,,,,,,,,,,,,,,,,,,,,,,,,,,
10.1093/scan/nst154,https://doi.org/10.1093/scan/nst154,,,True,https://doi.org/10.1111/j.1469-7610.2006.01677.x,"Krain, A.; Hefton, S.; Pine, D.",An fMRI examination of developmental differences in the neural correlates of uncertainty and decision-making,"Journal of Child Psychology and Psychiatry, and Allied Disciplines",47,10,1023-1030,2006,Greater activation of posterior medial frontal cortex (pMFC) and anterior insula (AI) is associated with decreasing outcome predictability during decision making,success,close,neuroscience,cognitive neuroscience,,high,,,,,,,,17,,,,0.05,<,,
10.1093/scan/nsz017,https://doi.org/10.1093/scan/nsz017,,,True,https://doi.org/10.1093/scan/nsw175,"Riccelli, R.; Toschi, N.; Nigro, S.",Surface-based morphometry reveals the neuroanatomical basis of the five-factor model of personality,Social Cognitive and Affective Neuroscience,34,4,175,2017,"Five-Factor Model personality traits (Neuroticism, Extraversion, Openness, Agreeableness, Conscientiousness) are associated with specific cortical morphometry patterns, particularly in prefrontal regions",inconclusive,direct,psychology,personality psychology,,high,507,0.015,CNR,,,,,597,0.015,CNR,,,,,
10.1093/schbul/sby017.650,https://doi.org/10.1093/schbul/sby017.650,,,False,,,,,,,,,,,,,,,,,,,,,,,,,,,,,,
10.1093/schbul/sbz019.346,https://doi.org/10.1093/schbul/sbz019.346,,,False,,,,,,,,,,,,,,,,,,,,,,,,,,,,,,
10.1093/schbulsbae058,https://doi.org/10.1093/schbulsbae058,,,True,https://doi.org/10.1016/s2215-0366(21)00241-8,"Taipale, H.; Solmi, M.; Lahteenvuo, M.; Tanskanen, A.; Correll, C.; Tiihonen, J.",Antipsychotic use and risk of breast cancer in women with schizophrenia: a nationwide nested case-control study in Finland,Lancet Psychiatry,8,10,883-891,2021,Exposure to prolactin-increasing antipsychotics for ≥5 years is associated with increased odds of breast cancer in women with schizophrenia,success,direct,medical fields,psychiatry,,high,6408,1.56,OR,"[1.27, 1.92]",,,,9815,1.47,OR,"[1.26, 1.71]",,,,
10.1093/toxsci/kfx105,https://doi.org/10.1093/toxsci/kfx105,,,True,https://doi.org/10.1093/toxsci/kfs275,"Boudreau, M.; Mellick, P.; Olson, G.; Felton, R.; Thorn, B.; Beland, F.",Clear evidence of carcinogenic activity by a whole-leaf extract of Aloe barbadensis Miller (Aloe vera) in F344/N rats,Toxicol Sci,131,1,26-39,2013,Administration of Aloe vera whole leaf extract induces mucosal and goblet cell hyperplasia in the large intestine of F344/N rats after 13 weeks,success,close,medical fields,pharmacology and toxicology,,high,,,,,,,,10,,,,0.001,<,one-sided,
10.1093/workar/waac024,https://doi.org/10.1093/workar/waac024,,,True,https://doi.org/10.1037/0882-7974.5.3.335,"Fredrickson, B.; Carstensen, L.",Choosing social partners: how old age and anticipated endings make people more selective,Psychology and Aging,5,3,335-347,1990,"Time horizons causally affect age-related preferences, such that older adults prefer emotionally meaningful social partners over future-oriented ones when time horizons are unspecified, but these age differences are eliminated when time horizons are experimentally expanded or limited",success,conceptual,psychology,social psychology,,high,,,,,,,,555,,,,,,,
10.1093workarwaac024,https://doi.org/10.1093workarwaac024,,,True,https://doi.org/10.1037/0882-7974.5.3.335,"Fredrickson, Barbara L.; Carstensen, Laura L.",Choosing social partners: how old age and anticipated endings make people more selective,Psychology and Aging,5,3,335-347,1990,"Time horizons cause age differences in preferences, such that when time horizons are unspecified, older adults prefer emotionally meaningful social partners over future-oriented ones, but these age differences are eliminated when time horizons are experimentally expanded or limited",success,conceptual,psychology,social psychology,,high,,,,,,,,555,0.59,logit,"[0.27, 0.93]",0.001,<,two-sided,
10.1097/00004703-200604002-00013,https://doi.org/10.1097/00004703-200604002-00013,,,True,https://doi.org/10.1037//0022-006x.55.1.3,"Lovaas, O. I.",Behavioral treatment and normal educational and intellectual functioning in young autistic children,Journal of Consulting and Clinical Psychology,55,3,3-9,1987,Early intensive behavioral treatment (40 hours per week for 2+ years) leads to full inclusion in regular education and significant gains in intellectual achievement for young children with autism,success,direct,psychology,clinical psychology,,high,19,,,,,,,42,,,,0.03,=,,
10.1097/01.nmd.0000254675.52952.e5,https://doi.org/10.1097/01.nmd.0000254675.52952.e5,,,True,https://doi.org/10.1097/01.nmd.0000202235.78441.53,"Zimmerman, M.; Mcglinchey, J.; Young, D.; Chelminski, I.","Diagnosing major depressive disorder, II: Is there justification for compound symptom criteria?",J Nerv Ment Dis,194,3,235-240,2006,"Compound-related depression symptoms (death thoughts/suicidal ideation, indecisiveness/concentration problems, guilt/worthlessness) frequently co-occur and splitting them into separate criteria would reclassify few patients",success,direct,psychology,clinical psychology,,high,1800,,,,,,,1138,,,,,,,
10.1097/01.nmd.0000254675.52952.e5,https://doi.org/10.1097/01.nmd.0000254675.52952.e5,,,True,,"Zimmerman, M.; Mcglinchey, J.; Young, D.; Chelminski, I.","Diagnosing major depressive disorder, III: Can some symptoms be eliminated from the diagnostic criteria?",J Nerv Ment Dis,194,,313-317,2006,Weight change and indecisiveness symptoms rarely influence MDD diagnostic classification in patients meeting exactly five criteria and could be eliminated from symptom inclusion criteria,success,direct,psychology,clinical psychology,,high,1800,,,,,,,1138,,,,,,,
10.1097/01.nmd.0000254675.52952.e5,https://doi.org/10.1097/01.nmd.0000254675.52952.e5,,,True,,"Zimmerman, M.; Mcglinchey, J.; Young, D.; Chelminski, I.","Diagnosing major depressive disorder, IV: Relationship between number of symptoms and the diagnosis of disorder",J Nerv Ment Dis,194,,450-453,2006,"Very few patients report five or more MDD symptom criteria without also reporting depressed mood or anhedonia, supporting DSM-IV's hierarchical requirement",success,direct,psychology,clinical psychology,,high,1800,,,,,,,1138,,,,,,,
10.1097/chi.0b013e31816407f1,https://doi.org/10.1097/chi.0b013e31816407f1,,,True,https://doi.org/10.1192/bjp.bp.105.018150,"Dadds, M.; Perry, Y.; Hawes, D.",Look at the eyes: fear recognition in child psychopathy,British Journal of Psychiatry,189,3,181,2006,Children with high callous-unemotional traits show deficits in fear recognition that disappear when instructed to look at the eyes of facial stimuli,success,close,psychology,clinical psychology,,high,,,,,,,,100,,,,0.05,<,,
10.1097/fpc.0b013e32831367f0,https://doi.org/10.1097/fpc.0b013e32831367f0,,,True,https://doi.org/10.1007/s003359900902,"Gill, K.; Desaulniers, N.; Desjardins, P.; Lake, K.",Alcohol preference in AXB/BXA recombinant inbred mice: gender differences and gender-specific quantitative trait loci,Mamm Genome,9,12,929-935,1998,"A quantitative trait locus (QTL) on chromosome 2 regulates voluntary alcohol consumption in mice, with C57BL/6J alleles associated with higher consumption and A/J alleles associated with lower consumption",success,close,neuroscience,behavioral neuroscience,,high,,,,,,,,201,3.6,LOD,,0.003,=,,
10.1097/fpc.0b013e32831367f0,https://doi.org/10.1097/fpc.0b013e32831367f0,,,True,https://doi.org/10.1007/s003359900902,"Gill, K.; Desaulniers, N.; Desjardins, P.; Lake, K.",Alcohol preference in AXB/BXA recombinant inbred mice: gender differences and gender-specific quantitative trait loci,Mamm Genome,9,12,929-935,1998,"A quantitative trait locus (QTL) on chromosome 15 regulates voluntary alcohol consumption in mice, with C57BL/6J alleles associated with higher consumption and A/J alleles associated with lower consumption",success,close,neuroscience,behavioral neuroscience,,high,,,,,,,,201,,,,0.007,<,,
10.1097/fpc.0b013e32831367f0,https://doi.org/10.1097/fpc.0b013e32831367f0,,,True,https://doi.org/10.1007/s00335-004-2239-x,"Gill, K.; Boyle, A.",Genetic analysis of alcohol intake in recombinant inbred and congenic strains derived from A/J and C57BL/6J progenitors,Mamm Genome,16,5,319-331,2005,"A quantitative trait locus (QTL) on chromosome 2 regulates voluntary alcohol consumption in mice, with C57BL/6J alleles associated with higher consumption and A/J alleles associated with lower consumption",success,close,neuroscience,behavioral neuroscience,,high,,,,,,,,201,3.6,LOD,,0.003,=,,
10.1097/fpc.0b013e32831367f0,https://doi.org/10.1097/fpc.0b013e32831367f0,,,True,https://doi.org/10.1007/s00335-004-2239-x,"Gill, K.; Boyle, A.",Genetic analysis of alcohol intake in recombinant inbred and congenic strains derived from A/J and C57BL/6J progenitors,Mamm Genome,16,5,319-331,2005,"A quantitative trait locus (QTL) on chromosome 3 regulates voluntary alcohol consumption in mice, with C57BL/6J alleles associated with higher consumption and A/J alleles associated with lower consumption",success,close,neuroscience,behavioral neuroscience,,high,,,,,,,,201,2.7,LOD,,0.006,=,,
10.1097/fpc.0b013e32831367f0,https://doi.org/10.1097/fpc.0b013e32831367f0,,,True,https://doi.org/10.1007/s00335-004-2239-x,"Gill, K.; Boyle, A.",Genetic analysis of alcohol intake in recombinant inbred and congenic strains derived from A/J and C57BL/6J progenitors,Mamm Genome,16,5,319-331,2005,"A quantitative trait locus (QTL) on chromosome 15 regulates voluntary alcohol consumption in mice, with C57BL/6J alleles associated with higher consumption and A/J alleles associated with lower consumption",success,close,neuroscience,behavioral neuroscience,,high,,,,,,,,201,,,,0.007,<,,
10.1097/jcp.0b013e3181ac5213,https://doi.org/10.1097/jcp.0b013e3181ac5213,,,True,https://doi.org/10.1111/j.1530-0277.2006.00101.x,"Hernandez-Avila, C.; Song, C.; Kuo, L.",Targeted versus daily naltrexone: secondary analysis of effects on average daily drinking,Alcohol Clin Exp Res,30,5,860-865,2006,Targeted naltrexone administration reduces mean number of daily drinks consumed compared to daily naltrexone or placebo in problem drinkers,success,close,medical fields,psychiatry,,high,,,,,,,,163,,,,0.014,=,,
10.1097/psy.0b013e3181fdd074,https://doi.org/10.1097/psy.0b013e3181fdd074,,,True,https://doi.org/10.1002/ajmg.b.31028,"Beach, S. R. H.; Brody, G. H.; Todorov, A. A.; Gunter, T. D.; Philibert, R. A.",Methylation at SLC6A4 is linked to family history of child abuse: an examination of the Iowa Adoptee sample,Am J Med Genet B Neuropsychiatr Genet,153,2,710-713,2010,Childhood sex abuse is associated with hypermethylation of the 5HTT promoter region in women,success,direct,medical fields,psychiatry,,high,82,0.360,r,,0.001,<,,155,0.301,r,,0.0001,=,,
10.1097/psy.0b013e318227a9bc,https://doi.org/10.1097/psy.0b013e318227a9bc,,,True,https://doi.org/10.1016/s0140-6736(96)90007-0,"Denollet, J.; Sys, S.; Stroobant, N.; Rombouts, H.; Gillebert, T.; Brutsaert, D.",Personality as independent predictor of long-term mortality in patients with coronary heart disease,Lancet,347,8999,21,1996,Type D personality predicts increased all-cause mortality in patients with coronary heart disease,failure,direct,psychology,clinical psychology,,high,,,,,,,,977,,,,0.95,=,two-sided,
10.1098/rsbl.2006.0509,https://doi.org/10.1098/rsbl.2006.0509,,,True,https://doi.org/10.1016/j.evolhumbehav.2005.01.002,"Haley, K.; Fessler, D.",Nobody's watching? Subtle cues affect generosity in an anonymous economic game,Evolution and Human Behavior,26,,245-256,2005,Subtle cues of being watched (eye-like spots on computer background) increase cooperative behavior in anonymous economic games,success,conceptual,psychology,social psychology,,high,,,,,,,,48,,,,0.011,=,,
10.1098/rsos.230447,https://doi.org/10.1098/rsos.230447,,,True,https://doi.org/10.1016/j.neuroimage.2012.04.024,"Guitart-Masip, M.; Huys, Q.; Fuentemilla, L.; Dayan, P.; Duzel, E.; Dolan, R.",Go and no-go learning in reward and punishment: interactions between affect and effect,Neuroimage,62,,154-166,2012,"Pavlovian influences create an asymmetry in instrumental learning where individuals are better at learning to approach reward-predictive cues and avoid punishment-predictive cues than their contrary, with the lowest performance occurring when learning to withhold action (NoGo) in response to reward cues",success,close,psychology,cognitive psychology,,high,,,,,,,,146,,,,0.001,=,,
10.1098/rspb.2011.1959,https://doi.org/10.1098/rspb.2011.1959,,,False,,,,,,,,,,,,,,,,,,,,,,,,,,,,,,
10.1101/2021.06.17.21258764,https://doi.org/10.1101/2021.06.17.21258764,,,True,https://doi.org/10.1038/s41398-019-0439-0,"Alexander, M.; Alagapan, S.; Lugo, C.; Mellin, J.; Lustenberger, C.; Rubinow, D.","Double-blind, randomized pilot clinical trial targeting alpha oscillations with transcranial alternating current stimulation (tACS) for the treatment of major depressive disorder (MDD)",Translational psychiatry,9,1,1-12,2019,Transcranial alternating current stimulation at alpha frequency reduces left frontal alpha power in patients with major depressive disorder,success,close,neuroscience,cognitive neuroscience,,high,18,,,,,,,41,0.667,d,,0.039,=,two-sided,
10.1101/2021.06.25.449984,https://doi.org/10.1101/2021.06.25.449984,,,True,https://doi.org/10.1111/j.1474-9726.2009.00533.x,"Liao, C.; Rikke, B.; Johnson, T.; Diaz, V.; Nelson, J.",Genetic variation in the murine lifespan response to dietary restriction: from life extension to life shortening,Aging Cell,9,1,92-95,2010,40% dietary restriction reduces mean survival of female 115-RI mice by approximately 85%,reversal,direct,biology,physiology,,high,,,,,,,,71,,,,0.001,<,,
10.1101/2021.06.25.449984,https://doi.org/10.1101/2021.06.25.449984,,,True,https://doi.org/10.1111/j.1474-9726.2009.00533.x,"Liao, C.; Rikke, B.; Johnson, T.; Diaz, V.; Nelson, J.",Genetic variation in the murine lifespan response to dietary restriction: from life extension to life shortening,Aging Cell,9,1,92-95,2010,40% dietary restriction reduces mean survival of male 115-RI mice by approximately 70%,reversal,direct,biology,physiology,,high,,,,,,,,79,,,,0.008,=,,
10.1101/2021.06.25.449984,https://doi.org/10.1101/2021.06.25.449984,,,True,https://doi.org/10.1111/j.1474-9726.2009.00533.x,"Liao, C.; Rikke, B.; Johnson, T.; Diaz, V.; Nelson, J.",Genetic variation in the murine lifespan response to dietary restriction: from life extension to life shortening,Aging Cell,9,1,92-95,2010,40% dietary restriction reduces mean survival of female 97-RI mice by over 50%,reversal,direct,biology,physiology,,high,,,,,,,,66,,,,0.013,=,,
10.1101/2021.06.25.449984,https://doi.org/10.1101/2021.06.25.449984,,,True,https://doi.org/10.1111/j.1474-9726.2009.00533.x,"Liao, C.; Rikke, B.; Johnson, T.; Diaz, V.; Nelson, J.",Genetic variation in the murine lifespan response to dietary restriction: from life extension to life shortening,Aging Cell,9,1,92-95,2010,40% dietary restriction reduces mean survival of male 97-RI mice by over 50%,failure,direct,biology,physiology,,high,,,,,,,,59,,,,0.862,=,,
10.1101/2021.06.25.449984,https://doi.org/10.1101/2021.06.25.449984,,,True,https://doi.org/10.1111/j.1474-9726.2009.00533.x,"Liao, C.; Rikke, B.; Johnson, T.; Diaz, V.; Nelson, J.",Genetic variation in the murine lifespan response to dietary restriction: from life extension to life shortening,Aging Cell,9,1,92-95,2010,40% dietary restriction reduces mean survival of female 98-RI mice by over 40%,failure,direct,biology,physiology,,high,,,,,,,,68,,,,0.888,=,,
10.1101/2021.06.25.449984,https://doi.org/10.1101/2021.06.25.449984,,,True,https://doi.org/10.1111/j.1474-9726.2009.00533.x,"Liao, C.; Rikke, B.; Johnson, T.; Diaz, V.; Nelson, J.",Genetic variation in the murine lifespan response to dietary restriction: from life extension to life shortening,Aging Cell,9,1,92-95,2010,40% dietary restriction reduces mean survival of male 98-RI mice by over 40%,inconclusive,direct,biology,physiology,,medium,,,,,,,,61,,,,0.019,=,,
10.1101/2021.06.25.449984,https://doi.org/10.1101/2021.06.25.449984,,,True,https://doi.org/10.1111/j.1474-9726.2009.00533.x,"Liao, C.; Rikke, B.; Johnson, T.; Diaz, V.; Nelson, J.",Genetic variation in the murine lifespan response to dietary restriction: from life extension to life shortening,Aging Cell,9,1,92-95,2010,40% dietary restriction has no effect on the lifespan of female 107-RI mice,failure,direct,biology,physiology,,high,,,,,,,,80,,,,0.001,<,,
10.1101/2021.06.25.449984,https://doi.org/10.1101/2021.06.25.449984,,,True,https://doi.org/10.1111/j.1474-9726.2009.00533.x,"Liao, C.; Rikke, B.; Johnson, T.; Diaz, V.; Nelson, J.",Genetic variation in the murine lifespan response to dietary restriction: from life extension to life shortening,Aging Cell,9,1,92-95,2010,40% dietary restriction reduces mean survival of male 107-RI mice by 50%,success,direct,biology,physiology,,high,,,,,,,,79,,,,0.001,<,,
10.1101/2022.04.14.488400,https://doi.org/10.1101/2022.04.14.488400,,,True,https://doi.org/10.1523/JNEUROSCI.0258-06.2006,"Daselaar, S.; Fleck, M.; Prince, S.; Cabeza, R.",The medial temporal lobe distinguishes old from new independently of consciousness,J. Neurosci,26,21,5835-5839,2006,"The medial temporal lobe shows increased activation for objectively old stimuli (both hits and misses) compared to new stimuli (both false alarms and correct rejections), regardless of participants' subjective recognition experience",failure,direct,neuroscience,cognitive neuroscience,,high,14,,,,,,,53,0.174,etasq,,0.002,=,,
10.1101/2022.04.14.488400,https://doi.org/10.1101/2022.04.14.488400,,,True,https://doi.org/10.1152/jn.01029.2005,"Daselaar, S.; Fleck, M.; Cabeza, R.","Triple dissociation in the medial temporal lobes: recollection, familiarity, and novelty",J. Neurophysiol,96,4,1902-1911,2006,"The medial temporal lobe shows a triple dissociation with the posterior hippocampus selectively responding to recollection, posterior parahippocampal cortex showing graded familiarity responses, and anterior hippocampal/rhinal regions showing graded novelty responses",inconclusive,direct,neuroscience,cognitive neuroscience,,high,14,,,,,,,53,1.14,d,,,,,
10.1101/2023.02.10.527999,https://doi.org/10.1101/2023.02.10.527999,,,True,https://doi.org/10.1371/journal.pbio.0050138,"Slagter, H.; Lutz, A.; Greischar, L.; Francis, A.; Nieuwenhuis, S.; Davis, J.; Davidson, R.",Mental training affects distribution of limited brain resources,PLoS Biology,5,6,138,2007,Intensive meditation training (3-month retreat) improves attentional blink task accuracy and reduces P3b amplitude to T1 stimuli,failure,close,psychology,cognitive psychology,,high,,,,,,,,61,,,,0.798,=,,
10.1101/2023.02.10.527999,https://doi.org/10.1101/2023.02.10.527999,,,True,https://doi.org/10.1162/jocn.2009.21125,"Slagter, H.; Lutz, A.; Greischar, L.; Nieuwenhuis, S.; Davidson, R.",Theta phase synchrony and conscious target perception: impact of intensive mental training,Journal of Cognitive Neuroscience,21,8,1536-1549,2009,Intensive meditation training increases theta phase synchronization to T2 stimuli and reduces alpha phase synchronization to distractor stimuli in the attentional blink task,failure,close,psychology,cognitive psychology,,high,,,,,,,,61,,,,0.086,=,,
10.1101/lm.047282.117,https://doi.org/10.1101/lm.047282.117,,,True,https://doi.org/10.1016/j.nlm.2017.12.007,"Schümann, D.; Bayer, J.; Talmi, D.; Sommer, T.",Dissociation of immediate and delayed effects of emotional arousal on episodic memory,Neurobiology of Learning and Memory,148,,11-19,2017,Immediate emotional enhancement of memory (iEEM) and delayed emotional enhancement of memory (dEEM) are weakly correlated across individuals,success,close,neuroscience,cognitive neuroscience,,high,690,0.14,r,,,,,70,0.16,r,,0.20,=,,
10.1101/lm.050211.119,https://doi.org/10.1101/lm.050211.119,,,True,https://doi.org/10.1038/nature08637,"Schiller, D.; Monfils, M.; Raio, C.; Johnson, D.; Ledoux, J.; Phelps, E.",Preventing the return of fear in humans using reconsolidation update mechanisms,Nature,463,,49-53,2010,A reminder trial presented 10 minutes before extinction training prevents the return of threat-conditioned fear responses after reinstatement,failure,direct,neuroscience,cognitive neuroscience,,high,18,,,,,,,71,,,,0.38,=,two-sided,
10.1108/02683941011048373,https://doi.org/10.1108/02683941011048373,,,True,https://doi.org/10.1080/002075997400629,"Bourhis, R.; Moise, L.; Perreault, S.; Senecal, S.",Towards an interactive acculturation model: a social psychological approach,International Journal of Psychology,32,6,369-386,1997,Discordance in acculturation orientations between host community and immigrant groups leads to more problematic or conflictual intergroup relations,success,conceptual,psychology,social psychology,,high,,,,,,,,190,,,,0.018,<,,
10.1108/02683941011048373,https://doi.org/10.1108/02683941011048373,,,True,https://doi.org/10.1016/s0147-1767(02)00061-5,"Jasinskaja-Lahti, I.; Liebkind, K.; Horenczyk, G.; Schmitz, P.","The interactive nature of acculturation: perceived discrimination, acculturation attitudes and stress among young ethnic repatriates in Finland, Israel and Germany",International Journal of Intercultural Relations,27,1,79-97,2003,Immigrants who differ in their acculturation orientations from the host population experience more discrimination or stress compared to immigrants with more concordant acculturation orientations,success,conceptual,psychology,social psychology,,high,,,,,,,,190,,,,0.018,<,,
10.1108/02683941111164508,https://doi.org/10.1108/02683941111164508,,,False,,,,,,,,,,,,,,,,,,,,,,,,,,,,,,
10.1108/02683941211199545,https://doi.org/10.1108/02683941211199545,,,True,https://doi.org/10.1108/02683940910952697,"Yukl, Gary; O'Donnell, Mark; Taber, Thomas",Influence of leader behaviors on the leader-member exchange relationship,Journal of Managerial Psychology,24,4,289-299,2009,"Specific leader behaviors (supporting, delegating, recognizing, consulting, developing, and leading by example) positively predict the quality of leader-member exchange relationships",inconclusive,close,business & management,management,,high,,,,,,,,239,,,,,,,
10.1108/07363761111181509,https://doi.org/10.1108/07363761111181509,,,True,https://doi.org/10.1086/518530,"Lowrey, Tina M.; Shrum, L. J.",Phonetic symbolism and brand name preference,Journal of Consumer Research,34,3,406-414,2007,"Consumers prefer brand names containing vowel sounds that are congruent with product attributes (front vowel sounds for icy ice cream, back vowel sounds for creamy ice cream)",inconclusive,close,psychology,consumer psychology/marketing,,high,,,,,,,,51,,,,,,,
10.1108/cdi-04-2022-0100,https://doi.org/10.1108/cdi-04-2022-0100,,,True,https://doi.org/10.1177/1069072717723095,"Motl, T.; Krieshok, T.; Multon, K.",The effect of rational and intuitive decisionmaking strategies on interest appraisals,Journal of Career Assessment,26,4,616-630,2018,"Unconscious-intuitive decision-making strategies produce superior interest forecasts compared to conscious-rational strategies, and occupational engagement promotes the accuracy of interest forecasts",inconclusive,close,psychology,cognitive psychology,,high,114,,,,,,,117,,,,,,,
10.1108/cdi-04-2022-0100,https://doi.org/10.1108/cdi-04-2022-0100,,,True,https://doi.org/10.1177/1069072717723095,"Motl, T.; Krieshok, T.; Multon, K.",The effect of rational and intuitive decisionmaking strategies on interest appraisals,Journal of Career Assessment,26,4,616-630,2018,Unconscious-intuitive decision-making strategies produce superior interest forecasts compared to conscious-rational strategies (tested using process-tracing measures of self-generated strategies),failure,close,psychology,cognitive psychology,,high,114,,,,,,,64,,,,,,,
10.1108/cdi-07-2017-0117,https://doi.org/10.1108/cdi-07-2017-0117,,,True,https://doi.org/10.1108/cdi-05-2013-0063,"Van den Broeck, A.; Sulea, C.; Vander Elst, T.; Fischmann, G.; Iliescu, D.; De Witte, H.",The mediating role of basic need satisfaction in the relation between qualitative job insecurity and counterproductive work behavior,Career Development International,19,5,526-547,2014,"Basic psychological need satisfaction (autonomy, competence, relatedness) mediates the relationship between qualitative job insecurity and employee outcomes",inconclusive,close,psychology,social psychology,,high,,,,,,,,358,,,,,,,
10.1108/cdi-07-2017-0117,https://doi.org/10.1108/cdi-07-2017-0117,,,True,https://doi.org/10.1080/02678373.2012.703900,"Vander Elst, T.; Van den Broeck, A.; De Witte, H.; De Cuyper, N.",The mediating role of frustration of psychological needs in the relationship between job insecurity and work-related well-being,Work & Stress,26,3,252-271,2012,Basic psychological need frustration mediates the relationship between job insecurity and work-related well-being outcomes (engagement and burnout),inconclusive,close,psychology,social psychology,,high,,,,,,,,358,,,,,,,
10.1108/cdi-07-2017-0117,https://doi.org/10.1108/cdi-07-2017-0117,,,True,https://doi.org/10.1177/0143831x13510326,"Stynen, D.; Forrier, A.; Sels, L.; De Witte, H.",The relationship between qualitative job insecurity and OCB: differences across age groups,Economic and Industrial Democracy,36,3,383-405,2015,Basic psychological need satisfaction mediates the relationship between qualitative job insecurity and organizational citizenship behavior,inconclusive,close,psychology,social psychology,,high,,,,,,,,358,,,,,,,
10.1108/cdi-12-2018-0327,https://doi.org/10.1108/cdi-12-2018-0327,,,True,https://doi.org/10.1207/s15327752jpa5801_15,"Spence, Janet; Robbins, Ann","Workaholism: definition, measurement, and preliminary results",Journal of Personality Assessment,58,1,160-178,1992,"Workers can be classified into distinct subtypes based on drive to work and work enjoyment, including enthusiastic workaholics (high drive, high enjoyment) and non-enthusiastic workaholics (high drive, low enjoyment)",success,close,psychology,social psychology,,high,,,,,,,,537,,,,,,,
10.1108/jocm-10-2020-0332,https://doi.org/10.1108/jocm-10-2020-0332,,,True,https://doi.org/10.2307/20650309,"Kim, H.; Kankanhalli, A.",Investigating user resistance to information systems implementation: a status quo bias perspective,MIS Quarterly,33,3,567-582,2009,"Status quo bias theory explains IT user resistance through switching costs and switching benefits, which influence perceived value and ultimately affect user resistance to new information systems",success,close,computer science,AI and machine learning,,high,,,,,,,,103,,,,0.05,<,,
10.1108/lodj-08-2012-0097,https://doi.org/10.1108/lodj-08-2012-0097,,,False,,,,,,,,,,,,,,,,,,,,,,,,,,,,,,
10.1108/lodj-09-2012-0121,https://doi.org/10.1108/lodj-09-2012-0121,,,True,https://doi.org/10.1016/j.leaqua.2011.12.013,"Kuvaas, B.; Buch, R.; Dysvik, A.; Haerem, T.",Economic and social leader-member exchange relationships and follower performance,The Leadership Quarterly,23,5,756-765,2012,"Social leader-member exchange (SLMX) relationships are positively related to follower work performance, whereas economic leader-member exchange (ELMX) relationships are negatively related to work performance",success,close,business & management,management,,high,,,,,,,,352,,,,,,,
10.1109/icsme.2016.84,https://doi.org/10.1109/icsme.2016.84,,,True,https://doi.org/10.1109/vlhcc.2011.6070387,"Piorkowski, D.; Fleming, S.; Scaffidi, C.; John, L.; Bogart, C.; John, B.; Burnett, M.; Bellamy, R.",Modeling programmer navigation: A head-to-head empirical evaluation of predictive models,Proc. 2011 IEEE Symp. Visual Languages and Human-Centric Computing,,,109-116,2011,"Recency-based models of programmer navigation are more accurate than other predictive models (including frequency, working set, within-file distance, call depth, and source topology models) at predicting where developers will navigate next in code",success,close,computer science,software engineering,,high,1,,,,,,,10,0.93,r,,0.007,=,two-sided,
10.1111/0023-8333.00112,https://doi.org/10.1111/0023-8333.00112,,,True,https://doi.org/10.1111/j.1467-1770.1994.tb01103.x,"MacIntyre, P.; Gardner, R.",The subtle effects of language anxiety on cognitive processing in the second language,Language Learning,44,2,283-305,1994,"The Input Anxiety Scale (IAS), Processing Anxiety Scale (PAS), and Output Anxiety Scale (OAS) each demonstrate adequate reliability (coefficient alpha) and criterion validity (correlations with other foreign language anxiety measures)",success,close,linguistics,second language acquisition,,high,,,,,,,,258,,,,,,,
10.1111/1467-6486.00108,https://doi.org/10.1111/1467-6486.00108,,,True,https://doi.org/10.2307/2393277,"Delacroix, J.; Swaminathan, A.","Cosmetic, speculative, and adaptive organizational change in the wine industry: a longitudinal study",Administrative Science Quarterly,36,4,631-661,1991,Organizational change is not related to organizational failure in the wine industry,success,close,sociology,anthropology,,high,,,,,,,,278,,,,,,,
10.1111/1467-6486.00282,https://doi.org/10.1111/1467-6486.00282,,,True,https://doi.org/10.2307/2392616,"Bettman, J.; Weitz, B.",Attributions in the board room: causal reasoning in corporate annual reports,Administrative Science Quarterly,28,2,165-183,1983,Corporate managements tend to attribute favorable performance outcomes to internal causes and unfavorable outcomes to external environmental causes (self-serving attribution bias),success,close,business & management,management,,high,,,,,,,,208,,,,,,,
10.1111/1467-6486.t01-1-00378,https://doi.org/10.1111/1467-6486.t01-1-00378,,,True,https://doi.org/10.1093/oso/9780198781806.003.0004,"Chandler, Alfred D.",Strategy and Structure,"Resources, Firms, And Strategies",,,40,1962,Firms whose structure matches their strategy (new strategy aligned with new divisional structure) become more economically efficient than mismatched firms (new strategy with old functional structure),failure,direct,business & management,management,,high,,,,,,,,11,,,,0.05,<,one-sided,
10.1111/1467-6494.t01-1-00094,https://doi.org/10.1111/1467-6494.t01-1-00094,,,False,,,,,,,,,,,,,,,,,,,,,,,,,,,,,,
10.1111/1467-9280.00169,https://doi.org/10.1111/1467-9280.00169,,,True,https://doi.org/10.1016/0304-3940(94)11221-4,"Rauscher, F.; Shaw, G.; Ky, K.",Listening to Mozart enhances spatial-temporal reasoning: Towards a neurophysiological basis,Neuroscience Letters,185,1,44-47,1995,Listening to Mozart's Sonata for Two Pianos (K. 448) for 10 minutes increases spatial-reasoning performance on Paper Folding and Cutting tasks,failure,direct,psychology,cognitive psychology,,high,79,0.72,d,,,,,125,0.06,d,,0.89,=,,
10.1111/1467-9280.00350,https://doi.org/10.1111/1467-9280.00350,,,True,https://doi.org/10.1037/0033-295x.103.3.582,"Kahneman, D.; Tversky, A.",On the reality of cognitive illusions: A reply to Gigerenzer's critique,Psychological Review,103,3,582-591,1996,"Conjunction effects occur in between-subjects designs even when information is presented in frequency formats, demonstrating that the representativeness heuristic persists across different presentation formats",inconclusive,direct,psychology,cognitive psychology,,high,,,,,,,,108,,,,,<,,
10.1111/1467-9280.00350,https://doi.org/10.1111/1467-9280.00350,,,True,https://doi.org/10.1007/s10009-023-00704-3,"Hertwig, R.",Judgment under uncertainty: Beyond probabilities,Judgment under uncertainty: Beyond probabilities,25,3,375,1997,The conjunction phrase 'who are' eliminates conjunction effects in between-subjects designs with frequency formats by reducing semantic ambiguity of the conjunction operator,inconclusive,direct,psychology,cognitive psychology,,high,30,,,,,,,96,,,,,<,,
10.1111/1467-9280.03432,https://doi.org/10.1111/1467-9280.03432,,,False,,,,,,,,,,,,,,,,,,,,,,,,,,,,,,
10.1111/1468-2389.00132,https://doi.org/10.1111/1468-2389.00132,,,True,,"Earl, J.; Bright, J.; Adams, A.",What gets graduate resumes short-listed?,Australian Journal of Career Development,7,1,15,1998,"Including competency statements (self-descriptive statements about knowledge, skills and abilities) in resumes increases managers' ratings of candidate suitability, likelihood of being interviewed, and overall ranking",success,close,business & management,human resource management,,high,,,,,,,,62,,,,,,,
10.1111/1748-8583.12362,https://doi.org/10.1111/1748-8583.12362,,,True,https://doi.org/10.1037/apl0000147,"Li, J.; Lee, T.; Mitchell, T.; Hom, P.; Griffeth, R.","The effects of proximal withdrawal states on job attitudes, job searching, intent to leave, and employee turnover",Journal of Applied Psychology,101,10,1436-1456,2016,"Four distinct latent withdrawal profiles (enthusiastic leavers, reluctant stayers, reluctant leavers, and enthusiastic stayers) exist among employees based on desired employment status and perceived volitional control",success,close,business & management,human resource management,,high,,,,,,,,3516,,,,0.01,<,,
10.1111/ajsp.12080,https://doi.org/10.1111/ajsp.12080,,,True,https://doi.org/10.1037/e537902012-063,"Kifer, Yona; Heller, Daniel; Perunovic, W. Q. Elaine; Galinsky, Adam D.",The good life of the powerful: the experience of power and authenticity enhances subjective well-being,Psychological Science,24,,280-288,2013,Power enhances subjective well-being through increased feelings of authenticity,success,close,psychology,social psychology,,high,,,,,,,,131,,,,,,,
10.1111/apps.12176,https://doi.org/10.1111/apps.12176,,,True,https://doi.org/10.1111/apps.12087,"Latham, Gary; Brcic, Jelena; Steinhauer, Alexander",Toward an integration of goal setting theory and the automaticity model,Applied Psychology: An International Review,66,1,25-48,2017,Self-set goals mediate the relationship between primed goals and performance,success,close,psychology,social psychology,,high,,,,,,,,981,0.36,d,"[0.23, 0.49]",0.001,<,two-sided,
10.1111/bjd.20093,https://doi.org/10.1111/bjd.20093,,,False,,,,,,,,,,,,,,,,,,,,,,,,,,,,,,
10.1111/bjhp.12422,https://doi.org/10.1111/bjhp.12422,,,True,https://doi.org/10.1016/j.addbeh.2018.05.026,"Kavanagh, D.; Robinson, N.; Connolly, J.; Connor, J.; Andrade, J.; May, J.",Further analyses on the Motivational Thought Frequency and State Motivation scales for alcohol control identify four factors,Addictive Behaviours,87,,69-73,2018,"The Motivational Thought Frequency scale for alcohol control has a four-factor structure comprising Intensity, Incentives Imagery, Self-Efficacy Imagery, and Availability",success,conceptual,psychology,clinical psychology,,high,,,,,,,,,,,,,,,
10.1111/bjhp.12422,https://doi.org/10.1111/bjhp.12422,,,True,https://doi.org/10.1007/s12529-016-9607-2,"Parham, S.; Kavanagh, D.; Gericke, C.; King, N.; May, J.; Andrade, J.","Assessment of motivational cognitions in diabetic self-care: The Motivation Thought Frequency Scales for Glucose Testing, Physical Activity and Healthy Eating",International Journal of Behavioral Medicine,24,,447-456,2016,"The Motivational Thought Frequency scale for diabetes management has a four-factor structure comprising Intensity, Incentives Imagery, Self-Efficacy Imagery, and Availability",success,conceptual,psychology,clinical psychology,,high,,,,,,,,,,,,,,,
10.1111/bjop.12522,https://doi.org/10.1111/bjop.12522,,,False,,,,,,,,,,,,,,,,,,,,,,,,,,,,,,
10.1111/bjso.12217,https://doi.org/10.1111/bjso.12217,,,True,https://doi.org/10.1037/0022-3514.89.3.277,"Payne, B.; Cheng, C.; Govorun, O.; Stewart, B.",An inkblot for attitudes: affect misattribution as implicit measurement,Journal of Personality and Social Psychology,89,,277,2005,Warning participants about the potential biasing effect of affectively charged prime images does not eliminate or significantly reduce the affect misattribution procedure (AMP) effect on subsequent judgements of neutral target images,success,direct,psychology,social psychology,,high,,,,,,,,371,,,,0.35,=,two-sided,
10.1111/bjso.12231,https://doi.org/10.1111/bjso.12231,,,True,https://doi.org/10.1177/0146167214525475,"Saguy, T.; Halperin, E.",Exposure to outgroup members criticizing their own group facilitates intergroup openness,Personality and Social Psychology Bulletin,40,6,791-802,2014,Exposure to an outgroup member voicing internal criticism increases openness to the outgroup's perspective,success,close,psychology,social psychology,,high,,,,,,,,152,0.08,b,"[0.01, 0.24]",,,,
10.1111/cdev.12381,https://doi.org/10.1111/cdev.12381,,,True,https://doi.org/10.1016/0163-6383(91)90059-2,"Tyrrell, D.; Stauffer, L.; Snowman, L.",Perception of abstract identity/difference relationships by infants,Infant Behavior and Development,14,,125-129,1991,Seven-month-old infants spontaneously encode and generalize same-different relations from a single exemplar,failure,direct,psychology,developmental psychology,,high,22,,,,,,,26,,,,0.42,=,,
10.1111/cogs.12176,https://doi.org/10.1111/cogs.12176,,,True,https://doi.org/10.1111/j.1551-6709.2010.01126.x,"Cimpian, A.; Brandone, A.; Gelman, S.",Generic statements require little evidence for acceptance but have powerful implications,Cognitive Science,34,8,1452-1482,2010,"Generic statements about novel categories show an asymmetry: adults interpret generics as referring to nearly all members of a kind (roughly 95%), yet judge the same generics to be true at a wide range of prevalence levels (even as low as 10%)",success,close,psychology,cognitive psychology,,high,,,,,,,,16,0.22,etasq,,0.009,=,,
10.1111/cogs.13064,https://doi.org/10.1111/cogs.13064,,,True,https://doi.org/10.1016/j.jesp.2010.05.025,"Lev-Ari, S.; Keysar, B.",Why don't we believe non-native speakers? The influence of accent on credibility,Journal of Experimental Social Psychology,46,6,1093-1096,2010,People believe information less when it is delivered in a foreign accent rather than a native accent,success,direct,psychology,social psychology,,high,,,,,,,,220,,,,,,,
10.1111/cogs.13202,https://doi.org/10.1111/cogs.13202,,,True,https://doi.org/10.1111/cogs.12725,"Rose, D.; Nichols, S.",Teleological essentialism,Cognitive Science,434,4,e12725,2019,"When a bee undergoes a physical transformation to look like a spider and its telos changes (no longer pollinates flowers/makes honey, instead spins webs/catches insects), people judge it to be a spider; when telos is preserved, people judge it still to be a bee",success,direct,psychology,cognitive psychology,,high,,,,,,,,100,1.59,d,,0.001,<,,
10.1111/cogs.13202,https://doi.org/10.1111/cogs.13202,,,True,https://doi.org/10.1111/cogs.12725,"Rose, D.; Nichols, S.",Teleological essentialism,Cognitive Science,434,4,e12725,2019,"When a bee's insides are replaced with spider insides and its telos changes (no longer pollinates flowers/makes honey, instead spins webs/catches insects), people judge it to be a spider; when telos is preserved, people judge it still to be a bee",success,direct,psychology,cognitive psychology,,high,,,,,,,,100,2.77,d,,0.001,<,,
10.1111/cogs.13202,https://doi.org/10.1111/cogs.13202,,,True,https://doi.org/10.1111/cogs.12725,"Rose, D.; Nichols, S.",Teleological essentialism,Cognitive Science,434,4,e12725,2019,"When a newborn bee is placed in a cage full of spiders and its telos changes (no longer pollinates flowers/makes honey, instead spins webs/catches insects), people judge it to be a spider; when telos is preserved, people judge it still to be a bee",success,direct,psychology,cognitive psychology,,high,,,,,,,,100,1.21,d,,0.001,<,,
10.1111/desc.12704,https://doi.org/10.1111/desc.12704,,,True,https://doi.org/10.1371/journal.pone.0040517,"Rabagliati, Hugh; Senghas, Ann; Johnson, Scott; Marcus, Gary","Infant rule learning: advantage language, or advantage speech?",PLoS ONE,7,7,40517,2012,Seven-month-old infants learn ABB patterns from sequences of sign language-like gestures without prior communicative priming,failure,close,psychology,developmental psychology,,high,,,,,,,,63,,,,0.70,=,,
10.1111/exd.13114,https://doi.org/10.1111/exd.13114,,,True,,"Ibarrola-Villava, M.; Martin-Gonzalez, M.; Lazaro, P.",GSTP1 polymorphism and MC1R variants in melanoma risk,British Journal of Dermatology,166,,1176-1183,2012,"GSTP1 Ile105Val polymorphism is associated with light hair color and increased cutaneous malignant melanoma risk, with greater penetrance when combined with MC1R RHC-variant alleles",failure,direct,biology,genetics,,high,,,,,,,,25441,,,,0.79,=,,
10.1111/flan.12063,https://doi.org/10.1111/flan.12063,,,False,,,,,,,,,,,,,,,,,,,,,,,,,,,,,,
10.1111/ijsa.12095,https://doi.org/10.1111/ijsa.12095,,,True,https://doi.org/10.1080/08959285.2014.929692,"Kell, H.; Motowidlo, S.; Martin, M.; Stotts, A.; Moreno, C.",Testing for independent effects of prosocial knowledge and technical knowledge on skill and performance,Human Performance,27,4,311-327,2014,Prosocial knowledge and technical knowledge have independent effects on medical students' clinical performance,success,close,psychology,social psychology,,high,,0.22,r,,,,,196,0.17,r,,0.05,<,,
10.1111/ijsa.12227,https://doi.org/10.1111/ijsa.12227,,,True,https://doi.org/10.1111/ijsa.12144,"Konradt, U.; Garbers, Y.; Erdogan, B.; Bauer, T.",Patterns of change in fairness perceptions during the hiring process,International Journal of Selection and Assessment,24,,246-259,2016,"Fairness perceptions decline in a nonlinear way over time during the hiring process, with high initial levels of fairness perception corresponding to a lower rate of decline",success,conceptual,psychology,social psychology,,high,,,,,,,,209,0.76,etasq,,0.001,<,,
10.1111/ijsa.12265,https://doi.org/10.1111/ijsa.12265,,,True,https://doi.org/10.1037/a0026655,"Fan, J.; Gao, D.; Carroll, S.; Lopez, F.; Tian, T.; Meng, H.",Testing the efficacy of a new procedure for reducing faking on personality tests within selection contexts,Journal of Applied Psychology,97,,866-880,2012,A middle-warning faking-mitigation procedure significantly lowers personality test scores among identified fakers while having minimal effect on non-fakers,success,direct,psychology,social psychology,,high,,,,,,,,193,0.58,d,,0.01,<,two-sided,
10.1111/ijsa.12341,https://doi.org/10.1111/ijsa.12341,,,False,,,,,,,,,,,,,,,,,,,,,,,,,,,,,,
10.1111/ijsa.12344,https://doi.org/10.1111/ijsa.12344,,,True,https://doi.org/10.1037//0022-3514.57.3.388,"Tetlock, P.; Boettger, R.",Accountability: A social magnifier of the dilution effect,Journal of Personality and Social Psychology,57,3,388-398,1989,Nondiagnostic information dilutes the extremity of GPA predictions based on diagnostic information about study hours,failure,close,psychology,social psychology,,high,40,1.13,d,,0.01,<,,796,,,,0.351,=,,
10.1111/ijsa.12344,https://doi.org/10.1111/ijsa.12344,,,True,https://doi.org/10.1002/(sici)1099-0992(199611)26:6<915::aid-ejsp797>3.0.co;2-w,"Tetlock, P.; Lerner, J.; Boettger, R.","The dilution effect: Judgmental bias, conversational convention, or a bit of both?",European Journal of Social Psychology,26,6,915-934,1996,Nondiagnostic information dilutes the extremity of GPA predictions based on diagnostic information about study hours,failure,close,psychology,social psychology,,high,240,0.40,d,,0.05,<,,796,,,,0.351,=,,
10.1111/j.0956-7976.2004.00757.x,https://doi.org/10.1111/j.0956-7976.2004.00757.x,,,False,,,,,,,,,,,,,,,,,,,,,,,,,,,,,,
10.1111/j.0956-7976.2005.00799.x,https://doi.org/10.1111/j.0956-7976.2005.00799.x,,,False,,,,,,,,,,,,,,,,,,,,,,,,,,,,,,
10.1111/j.0965-075x.2005.00297.x,https://doi.org/10.1111/j.0965-075x.2005.00297.x,,,True,https://doi.org/10.1111/j.1744-6570.1998.tb00252.x,"Atwater, L.; Ostroff, C.; Yammarino, F.; Fleenor, J.",Self-other agreement: does it really matter,Personnel Psychology,51,3,577-598,1998,"Simultaneous consideration of self and other ratings of leadership skills predicts managerial performance, with agreement at high levels related to higher performance than agreement at low levels, and overestimation related to lower performance than underestimation",success,close,business & management,management,,high,,,,,,,,3793,,,,,,,
10.1111/j.1439-0310.2008.01513.x,https://doi.org/10.1111/j.1439-0310.2008.01513.x,,,True,https://doi.org/10.1016/j.anbehav.2007.03.011,"Stoltz, J.; Mcneil, J.; Andrade, M.",Males assess chemical signals to discriminate justmated females from virgins in redback spiders,Animal Behaviour,74,6,1669-1674,2007,"Male redback spiders discriminate between virgin and just-mated females based on web-borne chemical signals, showing higher activity on virgin female webs",success,direct,biology,behavioral neuroscience,,high,,,,,,,,75,,,,0.001,=,,
10.1111/j.1460-9568.2006.05130.x,https://doi.org/10.1111/j.1460-9568.2006.05130.x,,,True,https://doi.org/10.1016/s0926-6410(01)00130-6,"Gruber, T.; Müller, M.","Effects of picture repetition on induced gamma band responses, evoked potentials, and phase synchrony in the human EEG",Brain Research. Cognitive Brain Research,13,3,377-392,2002,"Repeated presentation of pictures suppresses induced gamma band responses (iGBRs) at 200-300 ms after stimulus onset, reflecting 'sharpening' of cortical object representations",success,close,neuroscience,cognitive neuroscience,,high,,,,,,,,11,,,,0.05,<,,
10.1111/j.1460-9568.2006.05130.x,https://doi.org/10.1111/j.1460-9568.2006.05130.x,,,True,https://doi.org/10.1111/j.0953-816x.2004.03176.x,"Gruber, T.; Malinowski, P.; Müller, M.",Modulation of oscillatory brain activity and evoked potentials in a repetition priming task in the human EEG,European Journal of Neuroscience,19,4,1073-1082,2004,"Repeated presentation of pictures suppresses induced gamma band responses (iGBRs) at 200-300 ms after stimulus onset, reflecting 'sharpening' of cortical object representations",success,close,neuroscience,cognitive neuroscience,,high,,,,,,,,11,,,,0.05,<,,
10.1111/j.1460-9568.2006.05130.x,https://doi.org/10.1111/j.1460-9568.2006.05130.x,,,True,https://doi.org/10.1016/s0926-6410(01)00130-6,"Gruber, T.; Müller, M.","Effects of picture repetition on induced gamma band responses, evoked potentials, and phase synchrony in the human EEG",Brain Research. Cognitive Brain Research,13,3,377-392,2002,Repeated presentation of pictures produces an amplitude decrease in the ERP L1 component at 220-380 ms in posterior regions,success,direct,neuroscience,cognitive neuroscience,,high,,,,,,,,11,,,,0.001,<,,
10.1111/j.1460-9568.2006.05130.x,https://doi.org/10.1111/j.1460-9568.2006.05130.x,,,True,https://doi.org/10.1111/j.0953-816x.2004.03176.x,"Gruber, T.; Malinowski, P.; Müller, M.",Modulation of oscillatory brain activity and evoked potentials in a repetition priming task in the human EEG,European Journal of Neuroscience,19,4,1073-1082,2004,Repeated presentation of pictures produces an amplitude decrease in the ERP L1 component at 220-380 ms in posterior regions,success,direct,neuroscience,cognitive neuroscience,,high,,,,,,,,11,,,,0.001,<,,
10.1111/j.1467-6486.1990.tb00250.x,https://doi.org/10.1111/j.1467-6486.1990.tb00250.x,,,True,https://doi.org/10.2307/3007945,"Mintzberg, Henry",The nature of managerial work,The Nature of Managerial Work,25,3,505,1973,"Managerial work is brief, varied, fragmented, and highly interpersonal",success,direct,business & management,management,,high,5,,,,,,,41,,,,,,,
10.1111/j.1467-6486.2004.00456.x,https://doi.org/10.1111/j.1467-6486.2004.00456.x,,,True,https://doi.org/10.2307/2393080,"Dess, Gregory G.; Beard, Donald W.",Dimensions of organizational task environments,Administrative Science Quarterly,29,1,52-73,1984,"Three independent (orthogonal) environmental dimensions—munificence, dynamism, and complexity—characterize organizational task environments",failure,close,business & management,management,,high,52,,,,,,,247,,,,0.00,<,,
10.1111/j.1467-8624.2007.00995.x,https://doi.org/10.1111/j.1467-8624.2007.00995.x,,,False,,,,,,,,,,,,,,,,,,,,,,,,,,,,,,
10.1111/j.1467-8624.2010.01512.x,https://doi.org/10.1111/j.1467-8624.2010.01512.x,,,False,,,,,,,,,,,,,,,,,,,,,,,,,,,,,,
10.1111/j.1467-9280.1992.tb00678.x,https://doi.org/10.1111/j.1467-9280.1992.tb00678.x,,,False,,,,,,,,,,,,,,,,,,,,,,,,,,,,,,
10.1111/j.1467-9280.1993.tb00471.x,https://doi.org/10.1111/j.1467-9280.1993.tb00471.x,,,False,,,,,,,,,,,,,,,,,,,,,,,,,,,,,,
10.1111/j.1467-9280.1996.tb00346.x,https://doi.org/10.1111/j.1467-9280.1996.tb00346.x,,,False,,,,,,,,,,,,,,,,,,,,,,,,,,,,,,
10.1111/j.1467-9280.2006.01704.x,https://doi.org/10.1111/j.1467-9280.2006.01704.x,,,False,,,,,,,,,,,,,,,,,,,,,,,,,,,,,,
10.1111/j.1467-9280.2006.01720.x,https://doi.org/10.1111/j.1467-9280.2006.01720.x,,,True,https://doi.org/10.1023/a:1005595519944,"Slovic, P.; Monahan, J.; Macgregor, D.","Violence risk assessment and risk communication: The effects of using actual cases, providing instructions, and employing probability vs. frequency formats",Law and Human Behavior,24,3,271-296,2000,Clinicians told that '20 out of every 100' similar patients would likely commit an act of violence (frequency frame) were more likely to refuse to discharge the patient than were clinicians told the patient had a '20% chance' of committing an act of violence (percentage frame),inconclusive,close,psychology,clinical psychology,,high,,,,,,,,46,,,,0.05,<,,
10.1111/j.1467-9280.2006.01720.x,https://doi.org/10.1111/j.1467-9280.2006.01720.x,,,True,https://doi.org/10.1037/0022-3514.66.5.819,"Denes-Raj, V.; Epstein, S.",Conflict between intuitive and rational processing: When people behave against their better judgment,Journal of Personality and Social Psychology,66,5,819-829,1994,"When offered a chance to win a prize by drawing a red jelly bean from a bowl, participants often elected to draw from a bowl containing a greater absolute number, but a smaller proportion, of red beans (e.g., 9 in 100 or 9%) rather than from a bowl with fewer red beans but a better probability of winning (e.g., 1 in 10 or 10%)",inconclusive,close,psychology,cognitive psychology,,high,,,,,,,,46,0.75,d,,0.05,<,,
10.1111/j.1467-9280.2006.01720.x,https://doi.org/10.1111/j.1467-9280.2006.01720.x,,,True,https://doi.org/10.1111/j.0272-4332.2004.00433.x,"Slovic, P.; Finucane, M.; Peters, E.; Macgregor, D.","Risk as analysis and risk as feelings: Some thoughts about affect, reason, risk, and rationality",Risk Analysis,24,2,311-322,2004,"When a possible loss of 5 cents was added to a gamble (7/36 chances to win $9), the mean attractiveness rating jumped from 9.4 to 14.9, an anomaly from the perspective of economic theory",inconclusive,close,psychology,cognitive psychology,,high,,,,,,,,171,0.34,d,,0.05,<,,
10.1111/j.1467-9280.2006.01780.x,https://doi.org/10.1111/j.1467-9280.2006.01780.x,,,False,,,,,,,,,,,,,,,,,,,,,,,,,,,,,,
10.1111/j.1467-9280.2007.01944.x,https://doi.org/10.1111/j.1467-9280.2007.01944.x,,,True,https://doi.org/10.1126/science.1107621,"Onishi, K. H.; Baillargeon, R.",Do 15-month-old infants understand false beliefs?,Science,308,5719,255-258,2005,"15-month-old infants attribute false beliefs to agents, as shown by looking longer when an agent's behavior is incongruent with a false belief",success,close,psychology,developmental psychology,,high,,,,,,,,20,,,,0.003,=,two-sided,
10.1111/j.1467-9280.2007.01944.x,https://doi.org/10.1111/j.1467-9280.2007.01944.x,,,True,https://doi.org/10.1016/0885-2014(94)90012-4,"Clements, W.; Perner, J.",Implicit understanding of belief,Cognitive Development,9,4,377-395,1994,Children younger than 2 years 11 months fail to correctly anticipate the behavior of a person with a false belief using anticipatory gaze,failure,close,psychology,developmental psychology,,high,,,,,,,,20,,,,0.003,=,two-sided,
10.1111/j.1467-9280.2007.01961,https://doi.org/10.1111/j.1467-9280.2007.01961,,,True,https://doi.org/10.1037//0022-3514.72.6.1335,"Batson, C. D.; Kobrynowicz, D.; Dinnerstein, J. L.; Kampf, H. C.; Wilson, A. D.",In a very different voice: unmasking moral hypocrisy,Journal of Personality and Social Psychology,72,6,1335-1348,1997,Individuals evaluate their own moral transgressions (unfair task assignments) more leniently than identical transgressions committed by others,success,close,psychology,social psychology,,high,,,,,,,,74,1.11,d,,0.001,=,,
10.1111/j.1467-9280.2007.01961.x,https://doi.org/10.1111/j.1467-9280.2007.01961.x,,,True,https://doi.org/10.1037//0022-3514.72.6.1335,"Batson, C.; Kobrynowicz, D.; Dinnerstein, J.; Kampf, H.; Wilson, A.",In a very different voice: Unmasking moral hypocrisy,Journal of Personality and Social Psychology,72,6,1335-1348,1997,Individuals judge their own unfair actions (assigning themselves to an easy task and another person to a difficult task without using randomization) as more fair than identical unfair actions performed by others,success,direct,psychology,social psychology,,high,,,,,,,,74,,,,,,,
10.1111/j.1467-9280.2008.02039.x,https://doi.org/10.1111/j.1467-9280.2008.02039.x,,,False,,,,,,,,,,,,,,,,,,,,,,,,,,,,,,
10.1111/j.1467-9280.2008.02043.x,https://doi.org/10.1111/j.1467-9280.2008.02043.x,,,True,https://doi.org/10.1037/0882-7974.17.4.677,"Levine, Brian; Svoboda, Eva; Hay, Jill F.; Winocur, Gordon; Moscovitch, Morris",Aging and autobiographical memory: Dissociating episodic from semantic retrieval,Psychology and Aging,17,4,677-689,2002,Older adults recall significantly fewer episodic details and produce more external information than younger adults when describing past autobiographical events,success,direct,psychology,cognitive psychology,,high,,,,,,,,32,0.326,etasq,,,,,
10.1111/j.1467-9280.2008.02046.x,https://doi.org/10.1111/j.1467-9280.2008.02046.x,,,True,https://doi.org/10.3758/bf03214207,"Chun, M.",Temporal binding errors are redistributed by the attentional blink,Perception & Psychophysics,59,8,1191-1199,1997,"During the attentional blink, intrusions from posttarget items are elevated, indicating delayed temporal selection",success,close,psychology,cognitive psychology,,high,,,,,,,,12,,,,,,,
10.1111/j.1467-9280.2008.02050.x,https://doi.org/10.1111/j.1467-9280.2008.02050.x,,,True,https://doi.org/10.3758/bf03203943,"Phillips, W.A.",On the distinction between sensory storage and short-term visual memory,Perception & Psychophysics,16,2,283-290,1974,"In visual change detection, stimulus complexity interacts with interstimulus interval (ISI), such that complexity has little effect when ISI is very short (< 100ms, due to high-capacity iconic memory) but has a dramatic effect when ISI exceeds 100ms (due to low-capacity visual short-term memory)",failure,conceptual,psychology,cognitive psychology,,high,,,,,,,,4,,,,0.001,<,,
10.1111/j.1467-9280.2008.02052.x,https://doi.org/10.1111/j.1467-9280.2008.02052.x,,,True,https://doi.org/10.1093/jpepsy/jsj015,"Boyer, M.; Compas, B.; Stanger, C.; Colletti, R.; Konik, B.; Morrow, S.; Thomsen, A.",Attentional biases to pain and social threat in children with recurrent abdominal pain,Journal of Pediatric Psychology,31,2,209-220,2006,"Children with chronic pain show attentional engagement toward threatening pain-related words when presented subliminally (20 ms) but attentional avoidance when presented supraliminally (1,250 ms)",success,conceptual,psychology,social psychology,,high,,,,,,,,28,1.53,d,,,,,
10.1111/j.1467-9280.2008.02054.x,https://doi.org/10.1111/j.1467-9280.2008.02054.x,,,False,,,,,,,,,,,,,,,,,,,,,,,,,,,,,,
10.1111/j.1467-9280.2008.02064.x,https://doi.org/10.1111/j.1467-9280.2008.02064.x,,,False,,,,,,,,,,,,,,,,,,,,,,,,,,,,,,
10.1111/j.1467-9280.2008.02065.x,https://doi.org/10.1111/j.1467-9280.2008.02065.x,,,True,https://doi.org/10.1111/j.1467-6494.2008.00507.x,"Twenge, Jean M.; Konrath, Sara; Foster, Joshua D.; Campbell, W. Keith; Bushman, Brad J.",Egos inflating over time: a cross-temporal meta-analysis of the narcissistic personality inventory,Journal of Personality,76,4,875-902,2008,"Narcissism levels, as measured by the Narcissistic Personality Inventory, have been increasing in college students from the 1980s through 2007",failure,conceptual,psychology,social psychology,,high,,,,,,,,25849,0.01,r,,,,,
10.1111/j.1467-9280.2008.02077.x,https://doi.org/10.1111/j.1467-9280.2008.02077.x,,,True,https://doi.org/10.1086/208899,"Huber, J.; Payne, J.; Puto, C.",Adding asymmetrically dominated alternatives: Violations of regularity and the similarity hypothesis,Journal of Consumer Research,9,1,90-98,1982,The presence of an asymmetrically dominated decoy option increases preference for the similar non-decoy option (attraction effect),success,direct,psychology,cognitive psychology,,high,,,,,,,,120,0.119,etasq,,,,,
10.1111/j.1467-9280.2008.02077.x,https://doi.org/10.1111/j.1467-9280.2008.02077.x,,,True,https://doi.org/10.2139/ssrn.955427,"Pocheptsova, A.; Amir, O.; Dhar, R.; Baumeister, R.",Deciding without resources: Psychological depletion and choice in context,Deciding without resources: Psychological depletion and choice in context,,,,2007,Prior self-control depletion intensifies reliance on the attraction effect heuristic in decision making,success,direct,psychology,social psychology,,high,,,,,,,,120,0.033,etasq,,,,,
10.1111/j.1467-9280.2008.02079.x,https://doi.org/10.1111/j.1467-9280.2008.02079.x,,,True,https://doi.org/10.1037/0022-3514.80.1.86,"Tiedens, L.",Anger and advancement versus sadness and subjugation: the effect of negative emotion expressions on social status conferral,Journal of Personality and Social Psychology,80,1,86-94,2001,"Men who express anger in professional settings are conferred higher status, power, and independence than men who express sadness",success,direct,psychology,social psychology,,high,,,,,,,,69,,,,,,,
10.1111/j.1467-9280.2008.02081.x,https://doi.org/10.1111/j.1467-9280.2008.02081.x,,,True,https://doi.org/10.1037//0096-3445.130.3.466,"Öhman, A.; Flykt, A.; Esteves, F.",Emotion drives attention: Detecting the snake in the grass,Journal of Experimental Psychology,130,3,466-478,2001,Adults detect snakes more rapidly than flowers in visual search tasks,success,close,psychology,cognitive psychology,,high,,,,,,,,144,,,,0.01,<,,
10.1111/j.1467-9280.2008.02083.x,https://doi.org/10.1111/j.1467-9280.2008.02083.x,,,True,https://doi.org/10.1037//0022-3514.59.3.384,"Andersen, S.; Cole, S.",The role of significant others in general social perception,Journal of Personality and Social Psychology,59,3,384-399,1990,"Individuals use significant-other representations to make representation-consistent inferences about newly encountered individuals who resemble their significant others, falsely remembering qualities that the new person does not have but are part of the significant-other representation",success,close,psychology,social psychology,,high,,,,,,,,42,,,,0.05,<,,
10.1111/j.1467-9280.2008.02092.x,https://doi.org/10.1111/j.1467-9280.2008.02092.x,,,False,,,,,,,,,,,,,,,,,,,,,,,,,,,,,,
10.1111/j.1467-9280.2008.02157.x,https://doi.org/10.1111/j.1467-9280.2008.02157.x,,,True,https://doi.org/10.1016/j.jml.2006.05.004,"Kensinger, E.; Garoff-Eaton, R.; Schacter, D.",Effects of emotion on memory specificity: Memory trade-offs elicited by negative visually arousing stimuli,Journal of Memory and Language,56,4,575-591,2007,"Negative arousing objects are better remembered than neutral objects, but their backgrounds are more poorly remembered than backgrounds associated with neutral objects",success,direct,psychology,cognitive psychology,,high,,,,,,,,40,,,,0.0001,<,,
10.1111/j.1467-9280.2008.02227.x,https://doi.org/10.1111/j.1467-9280.2008.02227.x,,,False,,,,,,,,,,,,,,,,,,,,,,,,,,,,,,
10.1111/j.1467-9280.2009.02326.x,https://doi.org/10.1111/j.1467-9280.2009.02326.x,,,False,,,,,,,,,,,,,,,,,,,,,,,,,,,,,,
10.1111/j.1467-9280.2009.02426.x,https://doi.org/10.1111/j.1467-9280.2009.02426.x,,,False,,,,,,,,,,,,,,,,,,,,,,,,,,,,,,
10.1111/j.1467-9280.2009.02447.x,https://doi.org/10.1111/j.1467-9280.2009.02447.x,,,False,,,,,,,,,,,,,,,,,,,,,,,,,,,,,,
10.1111/j.1467-9922.2008.00446.x,https://doi.org/10.1111/j.1467-9922.2008.00446.x,,,True,,"Tavakoli, Parvaneh; Skehan, Peter","Strategic planning, task structure and performance testing",Planning and task performance in a second language,,,239-277,2005,Narratives with dual storylines (foreground and background events) lead to increased syntactic complexity in second language performance,success,direct,linguistics,second language acquisition,,high,,,,,,,,100,,,,0.001,=,,
10.1111/j.1467-9922.2008.00446.x,https://doi.org/10.1111/j.1467-9922.2008.00446.x,,,True,,"Skehan, Peter; Foster, Pauline",Task type and task processing conditions as influences on foreign language performance,Language Teaching Research,1,3,185-212,1997,Tightly structured narrative tasks lead to more accurate second language performance compared to loosely structured narratives,success,direct,linguistics,second language acquisition,,high,,,,,,,,100,,,,0.003,=,,
10.1111/j.1467-9922.2008.00446.x,https://doi.org/10.1111/j.1467-9922.2008.00446.x,,,True,,"Skehan, Peter; Foster, Pauline",Task type and task processing conditions as influences on foreign language performance,Language Teaching Research,1,3,185-212,1997,Tightly structured narrative tasks lead to more fluent second language performance compared to loosely structured narratives,failure,close,linguistics,second language acquisition,,high,,,,,,,,100,,,,,,,
10.1111/j.1468-0017.2011.01428.x,https://doi.org/10.1111/j.1468-0017.2011.01428.x,,,True,,"Nichols, Shaun",After objectivity: an empirical study of moral judgment,Philosophical Psychology,17,,3-26,2004,"When individuals from the same culture hold opposite moral views, people believe that at least one of them must be wrong (folk moral objectivism)",success,close,psychology,experimental philosophy,,high,,,,,,,,74,,,,0.001,<,,
10.1111/j.1468-0068.2007.00666.x,https://doi.org/10.1111/j.1468-0068.2007.00666.x,,,True,,"Nahmias, Eddy; Morris, Stephen; Nadelhoffer, Thomas; Turner, Jason",Surveying freedom: folk intuitions about free will and moral responsibility,Philosophical Psychology,18,,,2005,People give compatibilist responses when asked whether agents in deterministic universes are morally responsible for their actions,success,close,psychology,experimental philosophy,,high,,,,,,,,41,,,,0.05,<,two-sided,
10.1111/j.1468-0068.2010.00795.x,https://doi.org/10.1111/j.1468-0068.2010.00795.x,,,True,,"Schaffer, J.; Knobe, J.",Contrastive knowledge surveyed,Noûs,46,4,675-708,2012,People are more willing to ascribe knowledge when the contrast is with a person (knowing who stole the rubies) than with an object (knowing what was stolen),success,direct,psychology,experimental philosophy,,high,100,,,,0.001,=,,137,0.584,d,,0.001,<,,
10.1111/j.1471-6402.1988.tb00949.x,https://doi.org/10.1111/j.1471-6402.1988.tb00949.x,,,True,,"Stillion, J.; McDowell, E.; Shamblin, J.",The suicide attitude vignette experience: A method for measuring adolescent attitudes toward suicide,Death Education,8,,65-79,1984,Females sympathize more with suicidal target figures than do males,success,close,psychology,social psychology,,high,,,,,,,,201,,,,0.01,<,,
10.1111/j.1471-6402.1988.tb00949.x,https://doi.org/10.1111/j.1471-6402.1988.tb00949.x,,,True,,"Stillion, J.; McDowell, E.; May, J.",Developmental trends and sex differences in adolescent attitudes toward suicide,Death Education,8,,81-90,1984,Females sympathize more with suicidal target figures than do males,success,close,psychology,social psychology,,high,,,,,,,,201,,,,0.01,<,,
10.1111/j.1475-4975.2007.00158.x,https://doi.org/10.1111/j.1475-4975.2007.00158.x,,,True,,"Nichols, Shaun; Knobe, Joshua",Moral responsibility and determinism: the cognitive science of folk intuitions,Nous,,,,,"People's judgments about moral responsibility are significantly influenced by their emotional responses to agents performing morally reprehensible acts, with concrete scenarios eliciting higher moral responsibility attributions than abstract scenarios",success,close,psychology,experimental philosophy,,high,,,,,,,,632,,,,,,,
10.1111/j.1540-4560.1951.tb02240.x,https://doi.org/10.1111/j.1540-4560.1951.tb02240.x,,,False,,,,,,,,,,,,,,,,,,,,,,,,,,,,,,
10.1111/j.1744-6570.1958.tb00037.x,https://doi.org/10.1111/j.1744-6570.1958.tb00037.x,,,True,,"Bass, B. M.",Leadership opinions as forecasts of supervisory success,Journal of Applied Psychology,40,,345-346,1956,Supervisors who score high on Consideration on the Leadership Opinion Questionnaire are subsequently rated as more effective by their bosses,success,close,psychology,social psychology,,high,,0.29,r,,,,,42,0.32,r,,0.05,<,,
10.1111/j.1744-6570.1966.tb02028.x,https://doi.org/10.1111/j.1744-6570.1966.tb02028.x,,,False,,,,,,,,,,,,,,,,,,,,,,,,,,,,,,
10.1111/j.1744-6570.1969.tb02301.x,https://doi.org/10.1111/j.1744-6570.1969.tb02301.x,,,True,,"Klein, S.; Maher, J.",Education level and satisfaction with pay,Personnel Psychology,XIX,,195-208,1966,"College educated employees exhibit less satisfaction with their salary than non-college educated employees, mediated by differential expectations about internal and external pay opportunities",inconclusive,close,psychology,social psychology,,high,727,,,,,,,1600,,,,,,,
10.1111/j.1744-6570.1978.tb02130.x,https://doi.org/10.1111/j.1744-6570.1978.tb02130.x,,,True,,"Burke, R. J.; Wilcox, D. S.",Characteristics of effective employee performance review and development interviews,Personnel Psychology,22,,291-305,1969,"Four performance review interview characteristics (subordinate participation, helpful and constructive supervisor attitude, solving job problems hampering performance, and setting specific future performance goals) are positively related to employee satisfaction with the appraisal interview, motivation to improve performance, and actual performance improvement",success,close,psychology,social psychology,,high,,,,,,,,270,,,,,,,
10.1111/j.1744-6570.1993.tb00878.x,https://doi.org/10.1111/j.1744-6570.1993.tb00878.x,,,True,,"Farh, J.; Dobbins, G.; Cheng, B.",Cultural relativity in action: A comparison of self-ratings made by Chinese and U.S. workers,Personnel Psychology,44,,129-147,1991,Taiwanese workers exhibit modesty bias in self-ratings of performance (self-ratings lower than supervisory ratings),failure,direct,psychology,social psychology,,high,,-0.22,d,,,,,367,0.38,d,,0.05,<,,
10.1111/j.1744-6570.1996.tb01806.x,https://doi.org/10.1111/j.1744-6570.1996.tb01806.x,,,True,,"Campion, M.; Medsker, G.; Higgs, A.",Relations between work group characteristics and effectiveness: Implications for designing effective work groups,PERSONNEL PSYCHOLOGY,46,,82-50,1993,"Work team characteristics (job design, interdependence, composition, context, and process characteristics) are related to team effectiveness (productivity and satisfaction)",success,close,business & management,management,,high,391,,,,,,,357,,,,,,,
10.1111/j.1744-6570.1997.tb00707.x,https://doi.org/10.1111/j.1744-6570.1997.tb00707.x,,,True,,"Skarlicki, D.; Latham, G.",Increasing citizenship within a union: a test of organizational justice theory,Journal of Applied Psychology,82,,161-169,1996,Training union leaders in organizational justice principles increases union members' perceptions of their leaders' fairness and union members' citizenship behavior directed both toward the union as an organization (OCBO) and fellow union members (OCBI),success,close,psychology,social psychology,,high,,,,,,,,177,0.54,d,,0.001,<,,
10.1111/j.1744-6570.1997.tb01490.x,https://doi.org/10.1111/j.1744-6570.1997.tb01490.x,,,True,,"Gist, Marilyn E.; Stevens, Cynthia K.; Bavetta, Anna G.",Effects of self-efficacy and post-training intervention on the acquisition and maintenance of complex interpersonal skills,Personnel Psychology,44,,837-861,1991,"Self-efficacy moderates the effects of post-training interventions on negotiation skill maintenance, with a positive relationship between self-efficacy and skill maintenance in goal-setting conditions but not in self-management conditions",success,close,psychology,educational psychology,,high,,,,,,,,53,,,,0.05,<,,
10.1111/j.1745-6916.2006.00012.x,https://doi.org/10.1111/j.1745-6916.2006.00012.x,,,False,,,,,,,,,,,,,,,,,,,,,,,,,,,,,,
10.1111/j.1933-1592.2012.00609.x,https://doi.org/10.1111/j.1933-1592.2012.00609.x,,,True,,"Nichols, Shaun; Knobe, Joshua",Moral responsibility and determinism: the cognitive science of folk intuitions,Noûs,41,,663-685,2007,"When presented with abstract deterministic scenarios, most people judge that agents cannot be fully morally responsible for their actions (incompatibilist intuitions)",reversal,conceptual,psychology,experimental philosophy,,high,,,,,,,,249,,,,,,,
10.1111/j.2044-8295.1963.tb00861.x,https://doi.org/10.1111/j.2044-8295.1963.tb00861.x,,,False,,,,,,,,,,,,,,,,,,,,,,,,,,,,,,
10.1111/j.2044-8295.2012.02107.x,https://doi.org/10.1111/j.2044-8295.2012.02107.x,,,True,https://doi.org/10.1037/0278-7393.32.4.935,"Chrysikou, E.",When shoes become hammers: goal-derived categorization training enhances problem-solving performance,"Journal of Experimental Psychology: Learning, Memory",32,,935-942,2006,Engaging in a task requiring generation of alternative uses of common objects improves subsequent insight problem solving,success,close,psychology,cognitive psychology,,high,,,,,,,,80,0.97,d,,0.001,<,,
10.1111/j.2044-8325.1994.tb00549.x,https://doi.org/10.1111/j.2044-8325.1994.tb00549.x,,,True,https://doi.org/10.1111/j.1464-0597.1991.tb01002.x,"Bass, B. M.; Yammarino, F. J.",Congruence of self and others' leadership ratings of naval officers for understanding successful performance,Applied Psychology,40,4,437-454,1991,Congruence between self-ratings and subordinate ratings of leadership behavior predicts successful job performance as rated by superiors,success,close,psychology,social psychology,,high,,,,,,,,396,,,,,,,
10.1111/j.2044-8325.1995.tb00584.x,https://doi.org/10.1111/j.2044-8325.1995.tb00584.x,,,True,,"Wood, R.; Mento, A.; Locke, E.",Task complexity as a moderator of goal effects: a meta-analysis,Journal of Applied Psychology,72,,416-425,1987,Harder goals lead to greater effort and performance than easier goals (positive linear relationship between goal difficulty and performance),reversal,conceptual,psychology,other,,high,,,,,,,,132,,,,0.01,<,,
10.1111/j.2044-835x.1985.tb00980.x,https://doi.org/10.1111/j.2044-835x.1985.tb00980.x,,,True,,"Brazelton, T.; Koslowski, B.; Main, M.",The origins of reciprocity: The early mother infant interaction,The Effect of the Infant on its Caregiver,,,,1974,Infants categorize people as different from things and behave differently toward these two kinds of stimuli based on innate intersubjectivity,failure,direct,psychology,developmental psychology,,high,5,,,,,,,8,,,,,,,
10.1111/j.2044-835x.1986.tb01003.x,https://doi.org/10.1111/j.2044-835x.1986.tb01003.x,,,True,,"Baron-Cohen, S.; Leslie, A.; Frith, U.",Does the autistic child have a 'theory of mind',Cognition,21,,37-46,1985,"Autistic children have a specific cognitive deficit in employing a 'theory of mind' (the ability to attribute mental states, particularly false beliefs, to others)",success,conceptual,psychology,developmental psychology,,high,61,,,,0.001,<,,63,,,,0.001,<,,
10.1111/jasp.12482,https://doi.org/10.1111/jasp.12482,,,True,,"Powell, A. A.; Branscombe, N. R.; Schmitt, M. T.",Inequality as ingroup privilege or outgroup disadvantage: the impact of group focus on collective guilt and interracial attitudes,Personality and Social Psychology Bulletin,31,4,508-521,2005,Framing intergroup inequality as outgroup disadvantage (rather than ingroup privilege) reduces collective guilt and worsens intergroup attitudes among advantaged group members,success,close,psychology,social psychology,,high,,,,,,,,83,0.06,etasq,,0.028,=,,
10.1111/jcom.12135,https://doi.org/10.1111/jcom.12135,,,True,https://doi.org/10.1080/714041710,"Park, H.; Levine, T.; Mccornack, S.; Morrison, K.; Ferrara, S.",How people really detect lies,Communication Monographs,69,,144-157,2002,"Real-life lies are primarily detected through contextual information (third-party information, confessions, physical evidence) rather than behavioral cues",success,close,psychology,social psychology,,high,202,,,,,,,44,,,,,,,
10.1111/jcpp.13224,https://doi.org/10.1111/jcpp.13224,,,False,,,,,,,,,,,,,,,,,,,,,,,,,,,,,,
10.1111/joop.12339,https://doi.org/10.1111/joop.12339,,,True,https://doi.org/10.1016/j.jvb.2012.04.003,"Kossek, E.; Ruderman, M.; Braddy, P.; Hannum, K.",Work-non-work boundary management profiles: A person-centered approach,Journal of Vocational Behavior,81,,112-128,2012,"Six distinct boundary management style clusters exist based on cross-role interruption behaviors, role centrality, and perceived boundary control",inconclusive,close,psychology,social psychology,,high,,,,,,,,498,,,,,,,
10.1111/jpr.12158,https://doi.org/10.1111/jpr.12158,,,True,https://doi.org/10.1002/acp.2874,"Riekki, T.; Lindeman, M.; Aleneff, M.; Halme, A.; Nuortimo, A.",Paranormal and religious believers are more prone to illusory face perception than skeptics and nonbelievers,Applied Cognitive Psychology,27,,150-155,2013,Religious people are more prone to perceive faces in everyday objects than less-religious people (Study 1A - Japanese sample),success,close,psychology,social psychology,,high,,,,,,,,97,0.35,r,,0.001,<,,
10.1111/jpr.12158,https://doi.org/10.1111/jpr.12158,,,True,https://doi.org/10.1002/acp.2874,"Riekki, T.; Lindeman, M.; Aleneff, M.; Halme, A.; Nuortimo, A.",Paranormal and religious believers are more prone to illusory face perception than skeptics and nonbelievers,Applied Cognitive Psychology,27,,150-155,2013,Religious people are more prone to perceive faces in everyday objects than less-religious people (Study 1B - American sample),success,close,psychology,social psychology,,high,,,,,,,,94,0.36,r,,0.001,<,,
10.1111/jpr.12243,https://doi.org/10.1111/jpr.12243,,,True,https://doi.org/10.1016/j.beproc.2016.06.015,"Nakajima, S.",Swimming-based pica in rats,Behavioural Processes,130,,1-3,2016,"A single 40-minute swimming session generates pica behavior (kaolin clay ingestion) in rats, serving as a behavioral marker of nausea",success,direct,neuroscience,behavioral neuroscience,,high,4,,,,,,,8,0.512,etasq,,0.030,=,,
10.1111/jsm.12192,https://doi.org/10.1111/jsm.12192,,,True,,"Richters, J.; Visser, D.; Rissel, R.; Grulich, C.; Smith, A.",Demographic and psychosocial features of participants in bondage and discipline,J Sex Med,5,,1660-1688,2008,BDSM participation is associated with higher levels of subjective well-being compared with non-BDSM participants,success,close,psychology,social psychology,,high,,,,,,,,1336,0.008,etasq,,0.05,<,two-sided,
10.1111/jsm.12192,https://doi.org/10.1111/jsm.12192,,,True,,"Connolly, P.; Haley, H.; Gendelman, J.; Miller, J.",Psychological functioning of bondage/domination/sado-masochism practitioners,J Psychol Human Sex,18,,79-120,2006,BDSM participation is associated with higher levels of subjective well-being compared with non-BDSM participants,success,close,psychology,social psychology,,high,,,,,,,,1336,0.008,etasq,,0.05,<,two-sided,
10.1111/mbe.12253,https://doi.org/10.1111/mbe.12253,,,True,https://doi.org/10.1073/pnas.0910967107,"Beilock, S.; Gunderson, E.; Ramirez, G.; Levine, S.",Female teachers' math anxiety affects girls' math achievement,Proceedings of the National Academy of Sciences of the United States of America,107,5,1860-1863,2010,Teachers' mathematics anxiety negatively predicts their students' mathematics achievement,success,close,psychology,educational psychology,,high,,,,,,,,3741,-0.06,beta,,,,,
10.1111/ncmr.12153,https://doi.org/10.1111/ncmr.12153,,,True,https://doi.org/10.1037/bul0000135,"Kugler, Katharina H.; Reif, Julia A. M.; Kaschner, Theresa; Brodbeck, Felix C.",Gender differences in the initiation of negotiations: a meta-analysis,Psychological Bulletin,144,,198-222,2018,Men have a higher propensity to initiate negotiations compared to women,success,close,psychology,social psychology,,high,,,,,,,,358,0.02,etasq,,0.007,=,,
10.1111/nous.12017,https://doi.org/10.1111/nous.12017,,,True,,"Pinillos, N. Angel","Knowledge, experiments and practical interests",Knowledge Ascriptions,,,192-221,2012,High stakes subjects require more evidence before they can be said to know (stakes affect knowledge ascription as measured by evidence-seeking probes),success,direct,psychology,experimental philosophy,,high,,,,,,,,186,,,,,,,
10.1111/nous.12017,https://doi.org/10.1111/nous.12017,,,True,,"Sripada, Chandra; Stanley, Jason",Empirical tests of interest-relative invariantism,Episteme,9,,3-26,2012,High stakes subjects receive lower knowledge ascriptions than low stakes subjects (stakes affect knowledge ascription in Ignorant low/high cases),success,direct,psychology,experimental philosophy,,high,100,,,,,<,,240,,,,0.05,<,,
10.1111/pai.14044,https://doi.org/10.1111/pai.14044,,,False,,,,,,,,,,,,,,,,,,,,,,,,,,,,,,
10.1111/peps.12357,https://doi.org/10.1111/peps.12357,,,True,https://doi.org/10.5465/amj.2015.0195,"Leslie, L.; Manchester, C.; Dahm, P.",Why and when does the gender gap reverse? Diversity goals and the pay premium for high potential women,Academy of Management Journal,60,,402-432,2017,"Gender and high-potential status interact to predict pay, with high-potential women earning more than high-potential men (a reversal of the typical gender pay gap)",success,close,business & management,management,,high,,,,,,,,397,,,,0.01,<,,
10.1111/psyp.12452,https://doi.org/10.1111/psyp.12452,,,True,https://doi.org/10.1016/j.brat.2015.01.001,"Luck, Carolyn C.; Lipp, Ottmar V.",A potential pathway to the relapse of fear? Conditioned negative stimulus evaluation (but not physiological responding) resists instructed extinction,Behaviour Research and Therapy,66,,18-31,2015,Instructed extinction eliminates differential electrodermal responding but does not affect differential conditional stimulus valence evaluations following fear conditioning,success,close,psychology,psychophysiology,,high,,,,,,,,76,,,,0.144,=,,
10.1111/psyp.12825,https://doi.org/10.1111/psyp.12825,,,True,https://doi.org/10.1111/psyp.12583,"Klein Selle, N.; Verschuere, B.; Kindt, M.; Meijer, E.; Ben-Shakhar, G.",Orienting versus inhibition in the Concealed Information Test: Different cognitive processes drive different physiological measures,Psychophysiology,53,,579-590,2016,"In the Concealed Information Test, skin conductance response reflects pure orienting (increases in both conceal and reveal conditions), while respiratory line length and heart rate measures reflect arousal inhibition (change only in conceal condition)",success,close,psychology,psychophysiology,,high,,,,,,,,109,,,,,,,
10.1111/psyp.13061,https://doi.org/10.1111/psyp.13061,,,True,https://doi.org/10.1073/pnas.0706273104,"Cattaneo, L.; Fabbri-Destro, M.; Boria, S.; Pieraccini, C.; Monti, A.; Cossu, G.; Rizzolatti, G.",Impairment of actions chains in autism and its possible role in intention understanding,Proceedings of the National Academy of Sciences of the United States of America,104,45,17825-17830,2007,Greater mylohyoid muscle activity during observation of actions performed with the intention to eat than actions performed with the intention to place,failure,close,neuroscience,cognitive neuroscience,,high,8,,,,,,,29,,,,,,,
10.1111/psyp.13432,https://doi.org/10.1111/psyp.13432,,,True,https://doi.org/10.3758/s13415-016-0492-6,"Stites, M.; Payne, B.; Federmeier, K.",Getting ahead of yourself: parafoveal word expectancy modulates the N400 during sentence reading,Affective and Behavioral Neuroscience,17,,475-490,2017,"Parafoveal N400 amplitude is graded with semantic expectancy, showing larger N400s for unexpected and incongruent words compared to expected words when words first appear in parafoveal vision",success,direct,psychology,cognitive psychology,,high,,,,,,,,22,,,,0.001,<,,
10.1111/psyp.13432,https://doi.org/10.1111/psyp.13432,,,True,https://doi.org/10.3758/s13415-016-0492-6,"Stites, M.; Payne, B.; Federmeier, K.",Getting ahead of yourself: parafoveal word expectancy modulates the N400 during sentence reading,Affective and Behavioral Neuroscience,17,,475-490,2017,"N400 amplitudes are reduced overall when parafoveal targets are subsequently presented in foveal vision, with substantially mitigated relationships between foveal N400 amplitude and both expectancy and congruity",success,direct,psychology,cognitive psychology,,high,,,,,,,,22,,,,0.01,<,,
10.1111/psyp.13458,https://doi.org/10.1111/psyp.13458,,,True,https://doi.org/10.1177/0956797615620784,"Gamble, T.; Walker, I.",Wearing a bicycle helmet can increase risk taking and sensation seeking in adults,Psychological Science,27,2,289-294,2016,Wearing a bike helmet increases risk-taking behavior in a computer-based risk task,failure,close,psychology,cognitive psychology,,high,,,,,,,,40,,,,,,,
10.1111/sltb.12603,https://doi.org/10.1111/sltb.12603,,,True,,"Forrest, L.; Smith, A.; White, R.; Joiner, T.",(Dis)connected: An examination of interoception in individuals with suicidality,Journal of Abnormal Psychology,124,3,754-763,2015,"Suicide attempters show significantly greater interoceptive deficits than suicide ideators and planners, who in turn show greater deficits than nonsuicidal controls",success,close,psychology,clinical psychology,,high,,,,,,,,3764,,,,,,,
10.1121/1.1448339,https://doi.org/10.1121/1.1448339,,,True,,"Fidell, S.; Silvati, L.; Pearsons, K.; Lind, S.; Howe, R.",Field study of the annoyance of low-frequency runway sideline noise,J. Acoust. Soc. Am,106,3,1408-1415,1999,Low-frequency aircraft noise from runway sideline operations causes annoyance due to rattle and vibration in nearby homes,success,close,engineering,acoustics and ultrasonics,,high,,,,,,,,495,,,,,,,
10.1121/1.3629144,https://doi.org/10.1121/1.3629144,,,True,,"Maye, J.; Gerken, L.",Learning phonemes without minimal pairs,BUCLD 24 Proceedings,,,522-533,2000,Exposure to a bimodal distribution of speech sounds along an acoustic continuum improves adults' discrimination of non-native phoneme contrasts,inconclusive,conceptual,linguistics,second language acquisition,,medium,,,,,,,,159,,,,0.60,=,,
10.1121/1.409273,https://doi.org/10.1121/1.409273,,,True,,"Green, David M.",,Acta Oto-Laryngologica,57,,224-230,1964,Binaural beats are detectable when the intensity of one tone is below absolute threshold,failure,direct,psychology,psychophysics,,high,,,,,,,,,,,,,,,
10.1123/jmld.2015-0016,https://doi.org/10.1123/jmld.2015-0016,,,True,https://doi.org/10.1007/s00221-012-3266-6,"Boyle, J.; Kennedy, D.; Shea, C.",Optimizing the control of high ID single degree of freedom movements: re-thinking the obvious,Experimental Brain Research,223,,377-387,2012,"Practice tracking a sine-wave template results in enhanced performance on reciprocal aiming tasks with high index of difficulty (ID = 6), including lower movement times, lower dwell times, and reduced endpoint variability compared to direct practice on the aiming task",success,direct,psychology,psychophysics,,high,,,,,,,,32,,,,0.0001,<,,
10.1126/science.1083968,https://doi.org/10.1126/science.1083968,,,False,,,,,,,,,,,,,,,,,,,,,,,,,,,,,,
10.1126/science.1091721,https://doi.org/10.1126/science.1091721,,,False,,,,,,,,,,,,,,,,,,,,,,,,,,,,,,
10.1126/science.1132491,https://doi.org/10.1126/science.1132491,,,False,,,,,,,,,,,,,,,,,,,,,,,,,,,,,,
10.1126/science.1134475,https://doi.org/10.1126/science.1134475,,,False,,,,,,,,,,,,,,,,,,,,,,,,,,,,,,
10.1126/science.1150952,https://doi.org/10.1126/science.1150952,,,False,,,,,,,,,,,,,,,,,,,,,,,,,,,,,,
10.1126/science.1154983,https://doi.org/10.1126/science.1154983,,,False,,,,,,,,,,,,,,,,,,,,,,,,,,,,,,
10.1126/science.1167748,https://doi.org/10.1126/science.1167748,,,True,,"Todorov, A.; Mandisodza, A. N.; Goren, A.; Hall, C. C.",Inferences of competence from faces predict election outcomes,Science,308,,1623,2005,Naïve raters can predict election outcomes by rating the competence of political candidates from their photographs,success,close,psychology,social psychology,,high,,,,,,,,684,,,,0.001,<,,
10.1126/science.1183532,https://doi.org/10.1126/science.1183532,,,True,,"Ostrom, E.; Walker, J.; Gardner, R.",Covenants with and without a sword: self-governance is possible,American Political Science Review,86,,404,1992,Enabling participants to pay a fee to fine another participant improves gross benefits in common-pool resource experiments,failure,conceptual,economics,behavioral economics,,high,,,,,,,,165,,,,,,,
10.1126/science.1186799,https://doi.org/10.1126/science.1186799,,,False,,,,,,,,,,,,,,,,,,,,,,,,,,,,,,
10.1126/science.1189993,https://doi.org/10.1126/science.1189993,,,False,,,,,,,,,,,,,,,,,,,,,,,,,,,,,,
10.1126/science.1191465,https://doi.org/10.1126/science.1191465,,,False,,,,,,,,,,,,,,,,,,,,,,,,,,,,,,
10.1126/science.1215647,https://doi.org/10.1126/science.1215647,,,False,,,,,,,,,,,,,,,,,,,,,,,,,,,,,,
10.1126/science.1221936,https://doi.org/10.1126/science.1221936,,,False,,,,,,,,,,,,,,,,,,,,,,,,,,,,,,
10.1126/science.1224313,https://doi.org/10.1126/science.1224313,,,False,,,,,,,,,,,,,,,,,,,,,,,,,,,,,,
10.1126/science.1253932,https://doi.org/10.1126/science.1253932,,,False,,,,,,,,,,,,,,,,,,,,,,,,,,,,,,
10.1126/science.198.4312.75 (1),https://doi.org/10.1126/science.198.4312.75 (1),,,False,,,,,,,,,,,,,,,,,,,,,,,,,,,,,,
10.1126/science.2296719,https://doi.org/10.1126/science.2296719,,,False,,,,,,,,,,,,,,,,,,,,,,,,,,,,,,
10.1136/annrheumdis-2014-206530,https://doi.org/10.1136/annrheumdis-2014-206530,,,True,,"de Rooy, D. P.; Yeremenko, N. G.; Wilson, A. G.",Genetic studies on components of the Wnt signalling pathway and the severity of joint destruction in rheumatoid arthritis,Annals of the Rheumatic Diseases,72,,769-775,2013,DKK-1 polymorphisms (particularly rs1896368) are associated with increased structural progression in rheumatoid arthritis and elevated serum DKK-1 levels,failure,direct,medical fields,rheumatology,,high,,1.02,OR,"[1.01, 1.04]",,,,646,,,,,,,
10.1136/eb-2015-102141,https://doi.org/10.1136/eb-2015-102141,,,True,https://doi.org/10.1176/appi.ps.003622012,"Bartels, S. J.; Pratt, S. I.; Aschbrenner, K. A.",Clinically significant improved fitness and weight loss among overweight persons with serious mental illness,Psychiatric Services,64,,729-736,2013,Health promotion coaching (In SHAPE intervention) improves fitness and reduces weight among obese individuals with serious mental illness,success,direct,medical fields,psychiatry,,high,,,,,,,,210,,,,0.029,<,,
10.1145/3173574.3174188,https://doi.org/10.1145/3173574.3174188,,,True,https://doi.org/10.1037/a0016239,"Cheryan, Sapna; Plaut, Victoria C.; Davies, Paul G.; Steele, Claude M.",Ambient belonging: how stereotypical cues impact gender participation in computer science,Journal of Personality and Social Psychology,97,6,1045-1060,2009,Exposure to stereotypically masculine environmental cues decreases women's sense of belonging and interest in computer science,success,conceptual,psychology,social psychology,,high,,,,,,,,110,0.67,d,,0.001,<,,
10.1155/2015/904585,https://doi.org/10.1155/2015/904585,,,True,,"Silva, L.; Schalock, M.; Gabrielsen, K.",Early intervention for autism with a parent-delivered qigong massage program: a randomized controlled trial,The American Journal of Occupational Therapy,65,5,550-559,2011,"QST Dual massage intervention decreases severity of autism and improves autistic behavior, communication skills, sensory symptoms, and parenting stress in preschool children",success,direct,medical fields,nursing,,high,46,,,,,,,103,,,,,,,
10.1155/2015/904585,https://doi.org/10.1155/2015/904585,,,True,,"Silva, L.; Schalock, M.; Ayres, R.; Bunse, C.; Budden, S.",Qigong massage treatment for sensory and self-regulation problems in young children with autism: a randomized controlled trial,The American Journal of Occupational Therapy,63,4,423-432,2009,QST massage intervention improves sensory and self-regulation problems in young children with autism,success,direct,medical fields,nursing,,high,47,,,,,,,103,,,,,,,
10.1159/000319453,https://doi.org/10.1159/000319453,,,True,,"Fox, C.; Heard-Costa, N.; Cupples, L.; Dupuis, J.; Vasan, R.; Atwood, L.",Genome-wide association to body mass index and waist circumference: the Framingham Heart Study 100K project,BMC Med Genet,8,1,131,2007,The rs1466113 polymorphism in the SSTR2 gene is associated with body mass index and waist circumference,success,direct,biology,genetics,,high,,,,,,,,945,,,,0.035,=,two-sided,
10.1162/jocn_a_00141,https://doi.org/10.1162/jocn_a_00141,,,True,,"Catling, J.; Dent, K.; Johnston, R.; Balding, R.","Age of acquisition, word frequency, and picture-word interference",Quarterly Journal of Experimental Psychology,63,,1304-1317,2010,Low-frequency distractor words interfere with picture naming more than high-frequency distractor words in picture-word interference task,success,direct,psychology,cognitive psychology,,high,,,,,,,,17,0.64,etasq,,0.001,<,,
10.1162/jocn_a_00141,https://doi.org/10.1162/jocn_a_00141,,,True,,"Catling, J.; Dent, K.; Johnston, R.; Balding, R.","Age of acquisition, word frequency, and picture-word interference",Quarterly Journal of Experimental Psychology,63,,1304-1317,2010,Late-acquired distractor words interfere with picture naming more than early-acquired distractor words in picture-word interference task,success,direct,psychology,cognitive psychology,,high,,,,,,,,17,0.86,etasq,,0.001,<,,
10.1162/jocn_a_01337,https://doi.org/10.1162/jocn_a_01337,,,True,,"Prat, C.; Yamasaki, B.; Kluender, R.; Stocco, A.",Resting state qEEG predicts rate of second language learning in adults,Brain and Language,157,,44-50,2016,Higher beta power recorded over right hemisphere electrode sites predicts faster second language learning rate in adults,success,close,psychology,cognitive psychology,,high,16,,,,,,,41,,r,,0.019,=,,
10.1162/jocn_a_01337,https://doi.org/10.1162/jocn_a_01337,,,True,,"Prat, C.; Yamasaki, B.; Kluender, R.; Stocco, A.",Resting state qEEG predicts rate of second language learning in adults,Brain and Language,157,,44-50,2016,Greater laterality of alpha power (right hemisphere minus left hemisphere) predicts faster second language learning rate in adults,success,close,psychology,cognitive psychology,,high,16,,,,,,,41,0.44,r,,0.006,=,,
10.1162/jocn_a_01337,https://doi.org/10.1162/jocn_a_01337,,,True,,"Prat, C.; Yamasaki, B.; Kluender, R.; Stocco, A.",Resting state qEEG predicts rate of second language learning in adults,Brain and Language,157,,44-50,2016,Greater laterality of beta power (right hemisphere minus left hemisphere) in posterior regions predicts faster second language learning rate in adults,success,close,psychology,cognitive psychology,,high,16,,,,,,,41,0.34,r,,0.046,=,,
10.1162/jocn_a_01337,https://doi.org/10.1162/jocn_a_01337,,,True,,"Prat, C.; Yamasaki, B.; Kluender, R.; Stocco, A.",Resting state qEEG predicts rate of second language learning in adults,Brain and Language,157,,44-50,2016,Declarative memory posttest scores do not correlate with qEEG power at rest,success,close,psychology,cognitive psychology,,high,16,,,,,,,41,,,,,,,
10.1162/rest.90.2.300 (1),https://doi.org/10.1162/rest.90.2.300 (1),,,True,,"Katz, Lawrence F.; Murphy, Kevin M.","Changes in relative wages, 1963-87: supply and demand factors",Quarterly Journal of Economics,107,,35-78,1992,The college wage premium can be explained by a model with linear time trend in relative demand and fluctuations in relative supply of college workers,success,direct,economics,labor economics,,high,,,,,,,,,,,,,,,
10.1162/rest.90.2.300 (1),https://doi.org/10.1162/rest.90.2.300 (1),,,True,,"Lemieux, Thomas","Increasing residual wage inequality: composition effects, noisy data, or rising demand for skill?",American Economic Review,96,3,461-498,2006,"Most growth in residual wage dispersion from 1973 to 2003, and all growth after 1988, is explained by mechanical effects of workforce composition changes rather than price changes within skill groups",failure,close,economics,labor economics,,high,,,,,,,,,,,,,,,
10.1163/156853706776931222,https://doi.org/10.1163/156853706776931222,,,True,,"Knobe, J.","Intention, intentional action and moral considerations",Analysis,64,,181-187,2004,"People judge that an agent who foresees but does not intend a bad side-effect acted 'intentionally', but do not make this judgment for good side-effects",success,close,psychology,experimental philosophy,,high,,,,,,,,61,,,,0.001,<,,
10.1167/8.13.8,https://doi.org/10.1167/8.13.8,,,True,,"Egly, R.; Driver, J.; Rafal, R.",Shifting visual attention between objects and locations: evidence from normal and parietal lesion subjects,Journal of Experimental Psychology: General,123,,161-177,1994,"Reaction times are faster when targets appear in a cued rectangle (invalid-within object) compared to an uncued rectangle (invalid-between objects), demonstrating object-based attention effects",success,direct,psychology,cognitive psychology,,high,,,,,,,,24,,,,0.03,<,,
10.1177/0013164415618992,https://doi.org/10.1177/0013164415618992,,,True,,"Leth-Steensen, C.; Gallitto, E.",Testing mediation in structural equation modeling: the effectiveness of the test of joint significance,Educational and Psychological Measurement,76,,339-351,2016,The test of joint significance is more powerful than the bias-corrected bootstrap method for detecting mediated effects in structural equation models,failure,direct,sociology,metascience,,high,500,0.25,path coefficient,,,,,500,0.25,path coefficient,,,,,
10.1177/0018720818784803,https://doi.org/10.1177/0018720818784803,,,True,,"Loft, Shayne; Bowden, Vanessa; Braithwaite, Janelle; Morrell, Daniel; Huf, Simon; Durso, Francis",Situation awareness measures for simulated submarine track management,Human Factors,57,,298-310,2015,Participants with higher situation awareness (SA) as measured by SAGAT perform better on submarine track management tasks at the between-person level,success,direct,psychology,human factors and ergonomics,,high,,,,,,,,59,,,,0.01,<,two-sided,
10.1177/0018720818784803,https://doi.org/10.1177/0018720818784803,,,True,,"Endsley, Mica",Predictive utility of an objective measure of situation awareness,Proceedings of the 34th Annual Meeting of the Human Factors and Ergonomics Society,,,41-45,1990,Within-person increases in situation awareness (SA) as measured by SAGAT predict better subsequent performance on a specific task,failure,conceptual,psychology,human factors and ergonomics,,high,,,,,,,,59,,,,0.12,<,two-sided,
10.1177/0018726707080078,https://doi.org/10.1177/0018726707080078,,,True,,"Kacmar, K. Michele; Andrews, Martha C.; Van Rooy, David L.; Steilberg, R. Chris; Cerrone, Samuel",Sure everyone can be replaced... but at what cost? Turnover as a predictor of unit-level performance,Academy of Management Journal,49,,133-144,2006,Organizational efficiency (measured as customer wait time) mediates the relationship between voluntary employee turnover and organizational performance (sales and profitability) in fast food restaurants,success,close,business & management,management,,high,,,,,,,,31,,,,,,,
10.1177/001872677002300104,https://doi.org/10.1177/001872677002300104,,,True,,"Richardson, A.; Royce, J.",Race and handicap in children's preference for other children,Child Development,39,4,,1968,Physical handicap is such a powerful cue in establishing children's preferences that it almost completely masks the influence of skin color,failure,close,psychology,developmental psychology,,high,,,,,,,,199,,,,0.001,<,,
10.1177/001872677402700704,https://doi.org/10.1177/001872677402700704,,,True,,"Negandhi, A. R.; Reimann, B. C.","Task environment, decentralization and organizational effectiveness",Human Relations,26,,203-214,1973,Management's concern for task environment agents is positively related to decentralization of decision-making in organizations,inconclusive,close,business & management,management,,high,30,0.81,r,,,,,19,0.48,r,,0.05,<,,
10.1177/001872677703000503,https://doi.org/10.1177/001872677703000503,,,True,,"Staw, Barry M.",Knee-deep in the big muddy: the effect of personal responsibility and decision consequences upon commitment to a previously chosen course of action,Organizational Behavior and Human Performance,16,,27-44,1976,Personal responsibility for negative consequences increases commitment of resources to a previously chosen course of action,success,direct,psychology,social psychology,,high,,,,,,,,96,,,,0.003,<,,
10.1177/001872677903200503,https://doi.org/10.1177/001872677903200503,,,False,,,,,,,,,,,,,,,,,,,,,,,,,,,,,,
10.1177/001872678103400404,https://doi.org/10.1177/001872678103400404,,,True,,"Lieberman, Morton A.; Yalom, Irvin D.; Miles, Matthew B.",Encounter groups: First facts,,,,,1973,"Encounter group participation results in an 8% casualty rate, defined as individuals experiencing relatively enduring negative psychological change as identified through peer and self-nomination",success,close,psychology,social psychology,,high,210,,,,,,,327,,,,,,,
10.1177/001872678103400704,https://doi.org/10.1177/001872678103400704,,,True,,"Ebeling, J. S.; King, M.; Rodgers, M.",Hierarchical position in the work organization and job satisfaction: findings in national survey data,Human Relations,32,,387-399,1979,"Hierarchical position in the work organization is significantly associated with job satisfaction when occupational prestige, income, and age are controlled",failure,direct,psychology,social psychology,,high,1484,0.14,Beta,,0.042,=,,1613,0.09,Beta,,,,,
10.1177/001872678103400704,https://doi.org/10.1177/001872678103400704,,,True,,"Ebeling, J. S.; King, M.; Rodgers, M.",Hierarchical position in the work organization and job satisfaction: findings in national survey data,Human Relations,32,,387-399,1979,"Hierarchical position in the work organization is significantly associated with job satisfaction when occupational prestige, income, and age are controlled",failure,direct,psychology,social psychology,,high,1484,0.14,Beta,,0.042,=,,1504,0.08,Beta,,,,,
10.1177/001872678103400704,https://doi.org/10.1177/001872678103400704,,,True,,"Ebeling, J. S.; King, M.; Rodgers, M.",Hierarchical position in the work organization and job satisfaction: findings in national survey data,Human Relations,32,,387-399,1979,"Hierarchical position in the work organization is significantly associated with job satisfaction when occupational prestige, income, and age are controlled",failure,direct,psychology,social psychology,,high,1484,0.14,Beta,,0.042,=,,1499,0.06,Beta,,,,,
10.1177/001872678103400704,https://doi.org/10.1177/001872678103400704,,,True,,"Ebeling, J. S.; King, M.; Rodgers, M.",Hierarchical position in the work organization and job satisfaction: findings in national survey data,Human Relations,32,,387-399,1979,"Hierarchical position in the work organization is significantly associated with job satisfaction when occupational prestige, income, and age are controlled",failure,direct,psychology,social psychology,,high,1484,0.14,Beta,,0.042,=,,1530,0.10,Beta,,,,,
10.1177/001872679004300501,https://doi.org/10.1177/001872679004300501,,,True,,"Berger, C. J.; Olson, C. A.; Boudreau, J. W.",Effects of unions on job satisfaction: the role of work-related values and perceived rewards,Organizational Behavior and Human Performance,32,,289-324,1983,"Unionization affects satisfaction with work itself indirectly through its effects on job outcomes and values, with no direct effect remaining when these mediators are controlled",success,close,psychology,social psychology,,high,,,,,,,,1193,,,,,,,
10.1177/001872679004300501,https://doi.org/10.1177/001872679004300501,,,True,,"Berger, C. J.; Olson, C. A.; Boudreau, J. W.",Effects of unions on job satisfaction: the role of work-related values and perceived rewards,Organizational Behavior and Human Performance,32,,289-324,1983,"Unionization affects pay satisfaction only indirectly through pay level and values, with no direct effect remaining when these mediators are controlled",failure,close,psychology,social psychology,,high,,,,,,,,1193,,,,,,,
10.1177/001872679004300806,https://doi.org/10.1177/001872679004300806,,,True,,"Bedeian, A. G.; Armenakis, A. A.",A path-analytic study of the consequences of role conflict and ambiguity,Academy of Management Journal,24,,417-424,1981,"A causal model where role conflict and role ambiguity increase job-related tension and propensity to leave, decrease job satisfaction, with tension mediating effects on satisfaction and turnover intentions",success,close,business & management,management,,high,,,,,,,,272,,,,,,,
10.1177/001872679004300806,https://doi.org/10.1177/001872679004300806,,,True,,"Bedeian, A. G.; Armenakis, A. A.",A path-analytic study of the consequences of role conflict and ambiguity,Academy of Management Journal,24,,417-424,1981,"A causal model where role conflict and role ambiguity increase job-related tension and propensity to leave, decrease job satisfaction, with tension mediating effects on satisfaction and turnover intentions",failure,close,business & management,management,,high,,,,,,,,187,,,,,,,
10.1177/001872679004300806,https://doi.org/10.1177/001872679004300806,,,True,,"Bedeian, A. G.; Armenakis, A. A.",A path-analytic study of the consequences of role conflict and ambiguity,Academy of Management Journal,24,,417-424,1981,"A causal model where role conflict and role ambiguity increase job-related tension and propensity to leave, decrease job satisfaction, with tension mediating effects on satisfaction and turnover intentions",inconclusive,close,business & management,management,,high,,,,,,,,92,,,,,,,
10.1177/001872679004300806,https://doi.org/10.1177/001872679004300806,,,True,,"Bedeian, A. G.; Armenakis, A. A.",A path-analytic study of the consequences of role conflict and ambiguity,Academy of Management Journal,24,,417-424,1981,"A causal model where role conflict and role ambiguity increase job-related tension and propensity to leave, decrease job satisfaction, with tension mediating effects on satisfaction and turnover intentions",failure,close,business & management,management,,high,,,,,,,,69,,,,,,,
10.1177/001872679404700302,https://doi.org/10.1177/001872679404700302,,,True,,"Hazan, C.; Shaver, P.",Love and work: An attachment—theoretical perspective,Journal of Personality and Social Psychology,59,,270-280,1990,"Attachment styles (anxious/ambivalent vs. avoidant) predict distinct patterns of work behavior and orientation, with anxious/ambivalent individuals showing poor work performance and avoidant individuals being overinvolved with work",success,close,psychology,social psychology,,high,,,,,,,,219,,,,,,,
10.1177/001872679404700703,https://doi.org/10.1177/001872679404700703,,,True,,"Aranya, N.; Ferris, K. R.",A reexamination of accountants' organizational-professional conflict,The Accounting Review,LXIX,1,1-15,1984,High commitment to both organization and profession reduces organizational-professional conflict through an interaction effect,inconclusive,close,business & management,management,,high,,,,,,,,390,,,,,,,
10.1177/001872679504801003,https://doi.org/10.1177/001872679504801003,,,True,,"Hofstede, Geert",Culture's consequences: International differences in work-related values,Sage Publications,,,,1980,Japanese managers score higher on Individualism than Singaporean managers,success,close,business & management,management,,high,72000,,,,,,,220,,,,0.001,<,two-sided,
10.1177/001872679504801003,https://doi.org/10.1177/001872679504801003,,,True,,"Hofstede, Geert",Culture's consequences: International differences in work-related values,Sage Publications,,,,1980,Singaporean managers score higher on Power Distance than Japanese managers,reversal,close,business & management,management,,high,72000,,,,,,,220,,,,0.001,<,two-sided,
10.1177/001872679504801003,https://doi.org/10.1177/001872679504801003,,,True,,"Hofstede, Geert",Culture's consequences: International differences in work-related values,Sage Publications,,,,1980,Japanese managers score higher on Uncertainty Avoidance than Singaporean managers,success,close,business & management,management,,high,72000,,,,,,,220,,,,0.001,<,two-sided,
10.1177/001872679504801003,https://doi.org/10.1177/001872679504801003,,,True,,"Hofstede, Geert",Culture's consequences: International differences in work-related values,Sage Publications,,,,1980,Japanese managers score higher on Masculinity than Singaporean managers,reversal,close,business & management,management,,high,72000,,,,,,,220,,,,0.001,<,two-sided,
10.1177/001872679604900404,https://doi.org/10.1177/001872679604900404,,,True,,"Bielby, William T.; Bielby, Denise D.",Family ties: balancing commitments to work and family in dual-earner households,American Sociological Review,54,,76-89,1989,Gender differences in balancing work and family identity: women exhibit negative relationships between work and family identity (trade-off pattern) while men exhibit positive relationships (simultaneous identification with both roles),success,close,sociology,other,,high,,,,,,,,414,,,,,,,
10.1177/001872679905200305,https://doi.org/10.1177/001872679905200305,,,True,,"Ferris, G. R.; Russ, G. S.; Fandt, P. M.",Politics in organizations,Impression management in organizations,,,143-170,1989,"The Ferris et al. model posits that perceptions of organizational politics are influenced by organizational, job/work, and personal factors, which in turn influence individual outcomes such as job anxiety, job satisfaction, and withdrawal behaviors",success,close,psychology,social psychology,,high,,,,,,,,1255,,,,,,,
10.1177/0022022110381114,https://doi.org/10.1177/0022022110381114,,,True,,"Amsterdam, B.",Mirror self-image reactions before age two,Developmental Psychobiology,5,,297-305,1972,Children show signs of mirror self-recognition by touching or removing a mark on their face between 18 to 24 months of age,failure,direct,psychology,developmental psychology,,high,,,,,,,,215,,,,,,,
10.1177/0022343308096157,https://doi.org/10.1177/0022343308096157,,,True,,"Hauge, W.; Ellingsen, T.",Beyond environmental scarcity: causal pathways to conflict,Environmental Conflict,35,,36-57,1998,"Renewable resource scarcity (population density, deforestation, soil degradation, and water scarcity) increases the risk of internal armed conflict",failure,direct,political science,political economy,,high,303,,,,,,,302,,,,,,,
10.1177/0023830911404958,https://doi.org/10.1177/0023830911404958,,,False,,,,,,,,,,,,,,,,,,,,,,,,,,,,,,
10.1177/003151259407800321,https://doi.org/10.1177/003151259407800321,,,True,,"Golding, J.; Mangan, G.",Arousing and de-arousing effects of cigarette smoking under conditions of stress and mild sensory isolation,Psychophysiology,19,,449-456,1982,"Cigarette smoking produces arousing effects (decreased EEG alpha activity, increased electrodermal activity, increased heart rate) under conditions of mild sensory isolation",success,direct,psychology,psychophysiology,,high,,,,,,,,10,,,,,,,
10.1177/003151259407800321,https://doi.org/10.1177/003151259407800321,,,True,,"Golding, J.; Mangan, G.",Arousing and de-arousing effects of cigarette smoking under conditions of stress and mild sensory isolation,Psychophysiology,19,,449-456,1982,"Cigarette smoking produces de-arousing effects (increased EEG alpha activity, decreased electrodermal activity) under conditions of white-noise stress",failure,direct,psychology,psychophysiology,,high,,,,,,,,10,,,,,,,
10.1177/0093854807300758,https://doi.org/10.1177/0093854807300758,,,True,,"Vassileva, J.; Kosson, D.; Abramowitz, C.; Conrod, P.",Psychopathy versus psychopathies in classifying criminal offenders,Legal and Criminological Psychology,10,,1-18,2005,"Cluster analysis identifies four distinct subgroups of criminal offenders including primary psychopaths (low anxiety, high interpersonal/affective traits) and secondary psychopaths (high anxiety, high behavioral psychopathy)",success,direct,psychology,clinical psychology,,high,,,,,,,,258,,,,,,,
10.1177/0093854818812918,https://doi.org/10.1177/0093854818812918,,,False,,,,,,,,,,,,,,,,,,,,,,,,,,,,,,
10.1177/0098628315603065,https://doi.org/10.1177/0098628315603065,,,False,,,,,,,,,,,,,,,,,,,,,,,,,,,,,,
10.1177/0145445515616105,https://doi.org/10.1177/0145445515616105,,,False,,,,,,,,,,,,,,,,,,,,,,,,,,,,,,
10.1177/0145445520920813,https://doi.org/10.1177/0145445520920813,,,True,https://doi.org/10.1002/jaba.514,"Watkins, L.; O'reilly, M.; Kuhn, M.; Ledbetter-Cho, K.",An interest-based intervention package to increase peer social interaction in young children with autism spectrum disorder,Journal of Applied Behavior Analysis,52,1,132-149,2019,"Interest-based play activities with adult instruction, modeling, and response to child questions increase peer social interaction in young children with autism spectrum disorder",success,close,psychology,clinical psychology,,high,,,,,,,,4,,,,0.0006,<,,
10.1177/0146167202286008,https://doi.org/10.1177/0146167202286008,,,False,,,,,,,,,,,,,,,,,,,,,,,,,,,,,,
10.1177/0146167212475225,https://doi.org/10.1177/0146167212475225,,,True,,"Bar-Anan, Y.; Nosek, B.",Reporting intentional rating of the primes predicts priming effects in the affective misattribution procedure,Personality and Social Psychology Bulletin,38,,1194-1208,2012,Retrospective self-reports of intentionally rating primes are associated with larger effect sizes and higher reliability in the Affect Misattribution Procedure,success,direct,psychology,social psychology,,high,,,,,,,,288,0.22,b,,0.01,<,,
10.1177/0146167213490963,https://doi.org/10.1177/0146167213490963,,,True,https://doi.org/10.1111/j.1475-6811.2005.00126,"Impett, E.; Peplau, L.; Gable, S.",Approach and avoidance sexual motivation: Implications for personal and interpersonal well-being,Personal Relationships,12,,465-482,2005,"Engaging in sex for approach goals (to pursue intimacy) is associated with enhanced personal and relational well-being, while engaging in sex for avoidance goals (to avoid disappointing a partner) is associated with negative outcomes",success,conceptual,psychology,social psychology,,high,,,,,,,,517,,,,0.001,<,,
10.1177/0146167213490963,https://doi.org/10.1177/0146167213490963,,,True,https://doi.org/10.1111/j.1467-6494.2010.00713,"Cooper, M.; Barber, L.; Zhaoyang, R.; Talley, A.",Motivational pursuits in the context of human sexual relationships,Journal of Personality,79,,1031-1066,2011,"Approach goals for sex are linked to more positive feelings about sex and greater sexual satisfaction, while avoidance goals for sex are linked to more negative feelings about sex and lower sexual satisfaction",success,conceptual,psychology,social psychology,,high,,,,,,,,517,,,,0.001,<,,
10.1177/01461672211025423,https://doi.org/10.1177/01461672211025423,,,True,,"Scholer, Abigail A.; Miele, David B.",The role of metamotivation in creating task-motivation fit,Motivation Science,2,3,171-197,2016,"People recognize that promotion-inducing preparatory strategies enhance performance on eager tasks more than vigilant tasks, and prevention-inducing preparatory strategies enhance performance on vigilant tasks more than eager tasks",success,close,psychology,social psychology,,high,,,etasq,,,,,97,,,,,,,
10.1177/01461672211025423,https://doi.org/10.1177/01461672211025423,,,True,,"Scholer, Abigail A.; Miele, David B.",The role of metamotivation in creating task-motivation fit,Motivation Science,2,3,171-197,2016,People prefer promotion-focused incentive structures (Yours to Gain) over prevention-focused incentive structures (Yours to Lose) across different task types,success,direct,psychology,social psychology,,high,,,etasq,,,,,97,,,,,,,
10.1177/01461672211025423,https://doi.org/10.1177/01461672211025423,,,True,,"Scholer, Abigail A.; Miele, David B.",The role of metamotivation in creating task-motivation fit,Motivation Science,2,3,171-197,2016,"People exhibit a promotion bias, rating promotion-inducing strategies as generally more advantageous than prevention-inducing strategies across tasks",success,direct,psychology,social psychology,,high,,,etasq,,,,,97,,,,,,,
10.1177/01461672211025423,https://doi.org/10.1177/01461672211025423,,,True,,"Scholer, Abigail A.; Miele, David B.",The role of metamotivation in creating task-motivation fit,Motivation Science,2,3,171-197,2016,"People recognize how to create task-motivation fit through task-integral strategies, rating promotion-focused incentives as more useful for eager tasks and prevention-focused incentives as more useful for vigilant tasks",inconclusive,close,psychology,social psychology,,high,,,etasq,,,,,452,,,,,,,
10.1177/01461672952111004,https://doi.org/10.1177/01461672952111004,,,False,,,,,,,,,,,,,,,,,,,,,,,,,,,,,,
10.1177/0146167299025002007,https://doi.org/10.1177/0146167299025002007,,,True,,"Solarz, A.",Latency of instrumental responses as a function of compatibility with the meaning of eliciting verbal signs,Journal of Experimental Psychology,59,,239-245,1960,Participants are faster at pulling a lever toward themselves when indicating they like a stimulus and faster at pushing a lever away when indicating they dislike a stimulus,success,close,psychology,social psychology,,high,,,,,,,,42,,,,0.01,<,,
10.1177/014920630202800106,https://doi.org/10.1177/014920630202800106,,,True,,"Tversky, A.; Kahneman, D.",The framing of decisions and the psychology of choice,Science,211,,453-458,1981,"Positive framing of decision outcomes leads to risk aversion, while negative framing leads to risk seeking (the framing effect)",failure,close,psychology,cognitive psychology,,high,,,,,,,,292,,,,,,,
10.1177/014920630202800106,https://doi.org/10.1177/014920630202800106,,,True,,"Thaler, R.; Johnson, E.",Gambling with the house money and trying to break even: The effects of prior outcomes on risky choice,Management Science,36,,643-660,1990,Decision makers who receive information that they failed to attain a prior goal will choose less risky goals in subsequent decisions (Quasi-Hedonic Editing Theory),success,close,psychology,cognitive psychology,,high,,,,,,,,292,-.29,beta,,.01,<,two-sided,
10.1177/0149206307302551,https://doi.org/10.1177/0149206307302551,,,True,,"Gong, Y.","Subsidiary staffing in multinational enterprises: Agency, resources, and performance",Academy of Management Journal,46,,728-739,2003,Cultural distance between home and host countries increases the use of parent country nationals (PCNs) in subsidiary staffing,inconclusive,close,business & management,management,,high,695,,,,,,,12997,,,,,,,
10.1177/0149206307302551,https://doi.org/10.1177/0149206307302551,,,True,,"Gong, Y.","Subsidiary staffing in multinational enterprises: Agency, resources, and performance",Academy of Management Journal,46,,728-739,2003,Cultural distance negatively interacts with subsidiary age in determining expatriate staffing composition (younger subsidiaries in culturally distant countries have more PCNs),failure,close,business & management,management,,high,695,,,,,,,11063,,,,,,,
10.1177/0149206307302551,https://doi.org/10.1177/0149206307302551,,,True,,"Gong, Y.","Subsidiary staffing in multinational enterprises: Agency, resources, and performance",Academy of Management Journal,46,,728-739,2003,The proportion of parent country nationals (PCNs) interacts positively with cultural distance to improve subsidiary performance,failure,close,business & management,management,,high,695,,,,,,,8672,,,,,,,
10.1177/0149206307302551,https://doi.org/10.1177/0149206307302551,,,True,,"Gong, Y.","Subsidiary staffing in multinational enterprises: Agency, resources, and performance",Academy of Management Journal,46,,728-739,2003,The proportion of parent country nationals (PCNs) interacts negatively with subsidiary age in determining subsidiary performance,reversal,close,business & management,management,,high,695,,,,,,,8672,,,,,,,
10.1177/0149206309345019,https://doi.org/10.1177/0149206309345019,,,True,,"Hambrick, D.; Geletkanycz, M.; Fredrickson, J.",Top management commitment to the status quo: Some tests of its determinants,Strategic Management Journal,14,,401-418,1993,"Multilevel determinants (CEO characteristics, firm characteristics, and industry characteristics) predict CEO commitment to the status quo",inconclusive,close,business & management,management,,high,,,,,,,,129,,,,,,,
10.1177/0149206312443557,https://doi.org/10.1177/0149206312443557,,,True,,"Bordia, P.; Restubog, S.; Tang, R.",When employees strike back: investigating the mediating mechanisms between psychological contract breach and workplace deviance,Journal of Applied Psychology,93,,1104-1117,2008,"Psychological contract breach leads to violation (affective reaction), which leads to revenge cognitions, which in turn leads to workplace deviance; self-control moderates the relationship between revenge cognitions and workplace deviance",inconclusive,close,psychology,social psychology,,high,,,,,,,,146,,,,,,,
10.1177/0149206320908630,https://doi.org/10.1177/0149206320908630,,,True,https://doi.org/10.5465/amj.2005.18803920,"Gilbert, Clark G.",Unbundling the structure of inertia: resource versus routine rigidity,Academy of Management Journal,48,5,741-763,2005,"Propositions G2-G5: Threat perception amplifies routine rigidity through contraction of authority, reduced experimentation, and focus on existing resources; structural separation and external influence help decouple threat perception and relax routine rigidity",success,close,business & management,management,,high,,,,,,,,,,,,,,,
10.1177/0149206320908630,https://doi.org/10.1177/0149206320908630,,,True,https://doi.org/10.5465/amj.2005.18803920,"Gilbert, Clark G.",Unbundling the structure of inertia: resource versus routine rigidity,Academy of Management Journal,48,5,741-763,2005,Propositions G1a-G1b: Perception of an imminent threat enables managers to overcome resource rigidity stemming from resource dependence and incumbent position reinvestment incentives,failure,close,business & management,management,,high,,,,,,,,,,,,,,,
10.1177/0149206320948602,https://doi.org/10.1177/0149206320948602,,,False,,,,,,,,,,,,,,,,,,,,,,,,,,,,,,
10.1177/014920639702300403,https://doi.org/10.1177/014920639702300403,,,True,,"Mowen, J.; Middlemist, R.; Luther, D.",Joint effects of assigned goal level and incentive structure on task performance: a laboratory study,Journal of Applied Psychology,66,,598-603,1981,"Under bonus pay systems, subjects perform better with easy or medium goals than hard goals, while under piece-rate pay systems, subjects perform better with hard goals than medium goals",success,conceptual,psychology,social psychology,,high,,,,,,,,104,,,,0.05,<,,
10.1177/0193723504273121,https://doi.org/10.1177/0193723504273121,,,True,,"Regoli, B.",Racism in baseball card collecting,Human Relations,44,,255-264,1991,Race does not affect the value of baseball cards for National Baseball Hall of Fame players when controlling for performance and other factors,success,close,sociology,other,,high,,,,,,,,51,,,,0.734,=,,
10.1177/0301006620915421,https://doi.org/10.1177/0301006620915421,,,True,,"Wollaston, W.",On the apparent direction of eyes in a portrait,Philosophical Transactions of the Royal Society of London,114,,247-256,1824,"Manipulating facial features such as the nose can dramatically change perceived gaze direction in a portrait, even when the eye region (pupil and iris) remains unaltered",success,direct,psychology,psychophysics,,high,,,,,,,,18,,,,0.001,<,,
10.1177/0305735614535829,https://doi.org/10.1177/0305735614535829,,,True,,"Kreutz, G.; Ginsborg, J.; Williamon, A.",Health-promoting behaviours in conservatoire students,Psychology of Music,37,1,47-60,2009,"Music students show overall deficiencies in health-promoting behaviors, particularly low values for health responsibility, physical activity, stress management, and nutrition, with highest scores for interpersonal relations and spiritual growth",success,close,psychology,educational psychology,,high,,,,,,,,144,,,,,,,
10.1177/030631293023002004,https://doi.org/10.1177/030631293023002004,,,False,,,,,,,,,,,,,,,,,,,,,,,,,,,,,,
10.1177/074171367102100201,https://doi.org/10.1177/074171367102100201,,,True,,"Houle, C.",The inquiring mind,,,,,1961,"Adult education participants can be classified into three motivational types: goal-oriented (using education to accomplish clear objectives), activity-oriented (seeking social contact rather than content), and learning-oriented (seeking knowledge for its own sake)",success,conceptual,education,educational psychology,,high,22,,,,,,,233,,,,,,,
10.1177/074171367102100201,https://doi.org/10.1177/074171367102100201,,,True,,"Sheffield, S.",The orientations of adult continuing learners,Center for the Study of Liberal Education for Adults,,,1-22,1964,"Adult education participants' motivations can be characterized by five factors: learning orientation, desire-activity orientation, personal-goal orientation, societal-goal orientation, and need-activity orientation",inconclusive,close,education,educational psychology,,medium,453,,,,,,,233,,,,,,,
10.1177/074171367402400201,https://doi.org/10.1177/074171367402400201,,,True,,"Boshier, R.",Motivational orientations of adult education participants: A factor analytic exploration of Houle's typology,Adult Education,XXI,2,3-26,1971,The Education Participation Scale (EPS) yields similar factor patterns and dimensions of adult learning motivation across cultural contexts,success,close,education,educational psychology,,high,233,,,,,,,611,,,,,,,
10.1177/074193259001100206,https://doi.org/10.1177/074193259001100206,,,True,,"Walker, H.; Severson, H.; Stiller, B.; Williams, G.; Haring, N.; Shinn, M.; Todis, B.",Systematic screening of pupils in the elementary age range at risk for behavior disorders: development and trial testing of a multiple gating model,Remedial and Special Education,9,3,8-14,1988,"The SSBD screening system can discriminate among externalizing, internalizing, and normal comparison students using Stage 2 and Stage 3 measures",success,direct,psychology,educational psychology,,high,,,,,,,,856,0.28,etasq,,0.001,<,,
10.1177/0748175614522268,https://doi.org/10.1177/0748175614522268,,,True,,"Lambert, M.; Hansen, N.; Umpress, V.; Lunnen, K.; Okiishi, J.; Burlingame, G.",Administration and scoring manual for the OQ-45,Administration and scoring manual for the OQ-45,,,,1996,"The OQ-45.2 has a three-factor structure consisting of Symptom Distress, Interpersonal Relations, and Social Role Performance subscales",failure,direct,psychology,clinical psychology,,high,,,,,,,,2714,,,,,,,6
10.1177/0748175614522268,https://doi.org/10.1177/0748175614522268,,,True,https://doi.org/10.1037/a0019187,"Bludworth, J.; Tracey, T.; Glidden-Tracey, C.",The bilevel structure of the Outcome Questionnaire-45,Psychological Assessment,22,,350-355,2010,"The OQ-45.2 has a four-factor bilevel structure with three original factors (Symptom Distress, Interpersonal Relations, Social Role Performance) plus an overall maladjustment factor",inconclusive,direct,psychology,clinical psychology,,high,1100,,,,,,,2714,,,,,,,6
10.1177/0748175614522268,https://doi.org/10.1177/0748175614522268,,,True,https://doi.org/10.1177/0748175609354616,"Kim, S.; Beretvas, S.; Sherry, A.",A validation of the factor structure of OQ-45 scores using factor mixture modeling,Measurement and Evaluation in Counseling and Development,42,,275-295,2010,"Factor mixture modeling identifies a three-factor structure (Anxiety-Somatization, Negative Self-Worth, Loss of Interest) with multiple latent classes of participants",success,direct,psychology,clinical psychology,,high,4239,,,,,,,2714,,,,,,,6
10.1177/074873048700200101,https://doi.org/10.1177/074873048700200101,,,True,,"Klein, S. S.; Binkley, K.; Mosher",Circadian phase of sparrows: Control by light and dark,Photochem. Photobiol,41,,453-457,1985,"Light pulses administered at different circadian times cause phase shifts in sparrows' circadian activity rhythms, with early-night pulses causing delays and late-night pulses causing advances",success,direct,biology,physiology,,high,,,,,,,,,,,,,,,6
10.1177/0886260514563833,https://doi.org/10.1177/0886260514563833,,,True,https://doi.org/10.1037/a0029608,"Kimble, M.; Flack, W.; Burbridge, E.",Study abroad increases risk for sexual assault in female undergraduates: a preliminary report,"Psychological Trauma: Theory, Research, Practice, and Policy",5,,426-430,2013,"Study abroad programs increase risk of sexual assault victimization among female undergraduates, with most perpetrators being non-student local residents",inconclusive,direct,psychology,social psychology,,high,218,,,,,,,208,,,,,,,6
10.1177/0886260516653550,https://doi.org/10.1177/0886260516653550,,,True,,"Knight, R.; Carter, D.; Prentky, R.",A system for the classification of child molesters: Reliability and application,Journal of Interpersonal Violence,4,,3-23,1989,"The MTC:CM3 typology can reliably classify child molesters along two axes (Axis I: pedophilic fixation and social competence; Axis II: degree of contact with children, physical injury, and sadistic interest)",success,close,psychology,clinical psychology,,high,177,,,,,,,499,,,,,,,6
10.1177/0956797611428079,https://doi.org/10.1177/0956797611428079,,,True,,"Brescoll, V.; Uhlmann, E.","Can an angry woman get ahead? Status conferral, gender, and expression of emotion in the workplace",Psychological Science,19,,268-275,2008,"Women who express agency (anger, dominance) are evaluated more negatively and accorded lower status than women who do not express agency",success,close,psychology,social psychology,,high,,,,,,,,84,0.12,etasq,,0.002,<,two-sided,6
10.1177/0956797611432497,https://doi.org/10.1177/0956797611432497,,,False,,,,,,,,,,,,,,,,,,,,,,,,,,,,,,
10.1177/0956797611435919,https://doi.org/10.1177/0956797611435919,,,True,,"Zhong, Chen-Bo; Leonardelli, Geoffrey J.",Cold and lonely: does social exclusion literally feel cold?,Psychological Science,19,,838-842,2008,Social exclusion increases desire for physical warmth as measured by desirability ratings of warm-temperature refreshments,inconclusive,close,psychology,social psychology,,medium,,,,,,,,56,0.44,beta,,0.025,=,,6
10.1177/0956797613516010,https://doi.org/10.1177/0956797613516010,,,True,https://doi.org/10.1177/0956797612443838,"Birtel, M.; Crisp, R.","Treating"" prejudice: An exposure-therapy approach to reducing negative reactions toward stigmatized groups",Psychological Science,23,,1379-1386,2012,Study 1: Imagining a negative interaction followed by a positive interaction with a person with schizophrenia reduces anticipatory anxiety about future interactions compared to imagining only positive interactions,failure,direct,psychology,social psychology,,high,29,0.76,d,,,,,240,0.10,d,,0.450,=,,6
10.1177/0956797613516010,https://doi.org/10.1177/0956797613516010,,,True,https://doi.org/10.1177/0956797612443838,"Birtel, M.; Crisp, R.","Treating"" prejudice: An exposure-therapy approach to reducing negative reactions toward stigmatized groups",Psychological Science,23,,1379-1386,2012,Study 2a: Imagining a negative interaction followed by a positive interaction with a gay man reduces anticipatory anxiety about future interactions and increases contact intentions compared to imagining only positive interactions,failure,direct,psychology,social psychology,,high,32,1.08,d,,,,,175,-0.19,d,,0.210,=,,6
10.1177/0956797613520236,https://doi.org/10.1177/0956797613520236,,,True,https://doi.org/10.1177/0956797612466416,"Durante, K.; Rae, A.; Griskevicius, V.","The fluctuating female vote: Politics, religion, and the ovulatory cycle",Psychological Science,24,,1007-1016,2013,"During peak fertility, women in committed relationships become more religious, while single women become less religious",failure,direct,psychology,social psychology,,high,777,,,,,,,1206,,etasq,,,,,6
10.1177/0956797613520236,https://doi.org/10.1177/0956797613520236,,,True,https://doi.org/10.1177/0956797612466416,"Durante, K.; Rae, A.; Griskevicius, V.","The fluctuating female vote: Politics, religion, and the ovulatory cycle",Psychological Science,24,,1007-1016,2013,"During peak fertility, women in committed relationships become more socially conservative, while single women become more socially liberal",failure,direct,psychology,social psychology,,high,502,,,,,,,1206,,etasq,,,,,6
10.1177/0956797613520236,https://doi.org/10.1177/0956797613520236,,,True,https://doi.org/10.1177/0956797612466416,"Durante, K.; Rae, A.; Griskevicius, V.","The fluctuating female vote: Politics, religion, and the ovulatory cycle",Psychological Science,24,,1007-1016,2013,"During peak fertility, women in committed relationships prefer the more conservative presidential candidate, while single women prefer the more liberal presidential candidate",inconclusive,direct,psychology,social psychology,,high,,,,,,,,1206,,,,0.08,=,,6
10.1177/0956797614555727,https://doi.org/10.1177/0956797614555727,,,True,,"Haselton, M.; Buss, D.",Error management theory: A new perspective on biases in cross-sex mind reading,Journal of Personality and Social Psychology,78,,81-91,2000,Men overestimate women's sexual intentions when evaluating dating behaviors compared to women's self-reported intentions,success,direct,psychology,social psychology,,high,,,,,,,,484,0.68,d,,0.001,<,two-sided,6
10.1177/0956797614563108,https://doi.org/10.1177/0956797614563108,,,True,,"Chan, K.; Tong, E.; Tan, Y.",Taking a leap of faith: reminders of God lead to greater risk taking,Social Psychological and Personality Science,5,,901-909,2014,Reminders of God increase risk taking on nonmoral tasks such as the Balloon Analogue Risk Task (BART),success,conceptual,psychology,social psychology,,high,,,,,,,,61,0.574,d,,0.031,=,,6
10.1177/0956797614563108,https://doi.org/10.1177/0956797614563108,,,True,,"Chan, K.; Tong, E.; Tan, Y.",Taking a leap of faith: reminders of God lead to greater risk taking,Social Psychological and Personality Science,5,,901-909,2014,"When the Balloon Analogue Risk Task is framed as an immoral task, reminders of God decrease risk taking (reversing the effect for nonmoral tasks)",success,conceptual,psychology,social psychology,,high,,,,,,,,452051,,,,0.021,=,,6
10.1177/0956797614563958,https://doi.org/10.1177/0956797614563958,,,True,,"Thaler, R.",Mental accounting and consumer choice,Marketing Science,4,,199-214,1985,People offer a higher price for the same beer when it comes from a fancy resort versus a grocery store (the beer-on-the-beach scenario),inconclusive,conceptual,psychology,consumer psychology/marketing,,high,,,,,,,,149,0.07,etasq,,0.01,<,,6
10.1177/0956797614563958,https://doi.org/10.1177/0956797614563958,,,True,,"Tversky, A.; Kahneman, D.",The framing of decisions and psychology of choice,Science,211,,453-458,1981,People are more willing to travel for a discount when it represents a larger percentage of the total price (proportional thinking effect),inconclusive,conceptual,psychology,cognitive psychology,,high,,,,,,,,702,,,,0.05,<,,6
10.1177/0956797614563958,https://doi.org/10.1177/0956797614563958,,,True,,"Slovic, P.; Finucane, M.; Peters, E.; Macgregor, D.",The affect heuristic,Heuristics and biases: The psychology of intuitive judgment,,,397-420,2002,People rate a gamble with a small loss as more attractive than a dominated no-loss gamble (dominance violation effect),inconclusive,conceptual,psychology,cognitive psychology,,high,,,,,,,,503,0.01,etasq,,0.05,<,,6
10.1177/0956797614563958,https://doi.org/10.1177/0956797614563958,,,True,,"Morewedge, C.; Holtzman, L.; Epley, N.","Unfixed resources: Perceived costs, consumption, and the accessible account effect",Journal of Consumer Research,34,,459-467,2007,"When people evaluate items against the backdrop of a small mental account, the items seem more expensive than when evaluated against a large account",inconclusive,conceptual,psychology,consumer psychology/marketing,,high,,,,,,,,259,0.02,etasq,,0.05,<,,6
10.1177/0956797615624492,https://doi.org/10.1177/0956797615624492,,,True,,"Payne, B.",Prejudice and perception: the role of automatic and controlled processes in misperceiving a weapon,Journal of Personality and Social Psychology,81,,181-192,2001,Seeing faces of Black men (compared to White men) facilitates identification of weapons and slows identification of non-weapons due to automatic racial bias,success,close,psychology,social psychology,,high,30,0.24,etasq,,,,,63,0.22,etasq,,0.001,<,,6
10.1177/0956797616668510,https://doi.org/10.1177/0956797616668510,,,True,,"Epley, N.; Akalis, S.; Waytz, A.; Cacioppo, J.","Creating social connection through inferential reproduction: Loneliness and perceived agency in gadgets, gods, and greyhounds",Psychological Science,19,,114-120,2008,"Lonely people are more likely to ascribe humanlike traits (e.g., free will, intentions) to inanimate technological gadgets than nonlonely people",success,direct,psychology,social psychology,,high,,,,,,,,178,0.27,b,"[0.03, 0.51]",0.027,=,,6
10.1177/0956797617721270,https://doi.org/10.1177/0956797617721270,,,True,,"Koch, S.; Holland, R.; Hengstler, M.; Van Knippenberg, A.",Body locomotion as regulatory process: Stepping backward enhances cognitive control,Psychological Science,20,,549-550,2009,"Stepping backward (vs. forward) reduces the Stroop effect, indicating enhanced selective attention and cognitive control",success,conceptual,psychology,cognitive psychology,,high,,,,,,,,50,0.155,etasq,,0.004,=,,6
10.1177/0956797619879441,https://doi.org/10.1177/0956797619879441,,,True,,"Horner, A.; Burgess, N.",The associative structure of memory for multi-element events,Journal of Experimental Psychology: General,142,,1370-1383,2013,"Within-event retrieval accuracy is mutually contingent in young adults (holistic recollection via pattern completion), such that successfully retrieving one element of a multi-element event predicts successful retrieval of other elements from the same event",success,close,psychology,cognitive psychology,,high,,,,,,,,31,1.32,d,"[0.83, 1.8]",0.001,<,,6
10.1177/0956797620904154,https://doi.org/10.1177/0956797620904154,,,True,https://doi.org/10.1017/S0140525X00023992,"Buss, D.",Sex differences in human mate preferences: Evolutionary hypotheses tested in 37 cultures,Behavioral and Brain Sciences,12,,1-14,1989,"Women value good financial prospects in mates more than men do, while men value physical attractiveness more than women do across cultures",success,close,psychology,social psychology,,high,10000,,,,,,,14399,0.30,d,,0.001,<,,6
10.1177/0956797620904154,https://doi.org/10.1177/0956797620904154,,,True,https://doi.org/10.1017/S0140525X00067595,"Kenrick, D.; Keefe, R.",Age preferences in mates reflect sex differences in mating strategies,Behavioral and Brain Sciences,15,,75-133,1992,"Women prefer older spouses and tend to marry partners older than themselves, while men prefer younger spouses and increasingly marry younger partners as they age",success,close,psychology,social psychology,,high,,,,,,,,8614,0.96,d,,0.001,<,,6
10.1177/0956797620904154,https://doi.org/10.1177/0956797620904154,,,True,https://doi.org/10.1177/0146167215590987,"Conroy-Beam, D.; Buss, D.; Pham, M.; Shackelford, T.",How sexually dimorphic are human mate preferences?,Personality and Social Psychology,41,,1082-1093,2015,The multivariate sex difference in mate preferences is relatively large when measured using Mahalanobis D between males and females,success,close,psychology,social psychology,,high,,1.46,d,,,,,14399,0.73,d,,,,,6
10.1177/0956797620904154,https://doi.org/10.1177/0956797620904154,,,True,https://doi.org/10.1016/0162-3095(93)90009-7,"Gangestad, S.; Buss, D.",Pathogen prevalence and human mate preferences,Ethology and Sociobiology,14,,89-96,1993,"In countries with higher pathogen prevalence, both men and women place higher value on physical attractiveness, health, and intelligence as cues of pathogen load",failure,close,psychology,social psychology,,high,,,,,,,,14399,,,,,,,6
10.1177/0956797620904154,https://doi.org/10.1177/0956797620904154,,,True,,"Gangestad, S.; Haselton, M.; Buss, D.",Evolutionary foundations of cultural variation: Evoked culture and mate preferences,Psychological Inquiry,17,,75-95,2006,"Pathogen prevalence predicts cross-cultural variability in mate preferences for attractiveness, health, and intelligence, with gender equality not being a significant predictor",failure,close,psychology,social psychology,,high,,,,,,,,14399,,,,,,,6
10.1177/0956797620904154,https://doi.org/10.1177/0956797620904154,,,True,https://doi.org/10.1037/0003-066X.54.6.408,"Eagly, A.; Wood, W.",The origins of sex differences in human behavior: Evolved dispositions versus social roles,American Psychologist,54,,408-423,1999,"Gender equality diminishes sex differences in mate preferences, including age preferences and preferences for earning capacity",inconclusive,close,psychology,social psychology,,high,,,,,,,,14399,,,,,,,6
10.1177/0956797620904154,https://doi.org/10.1177/0956797620904154,,,True,https://doi.org/10.1177/0956797612441004,"Zentner, M.; Mitura, K.",Stepping out of the caveman's shadow: Nations' gender gap predicts degree of sex differentiation in mate preferences,Psychological Science,23,,1176-1185,2012,Gender equality diminishes sex differences in age preferences and rated preferences for good financial prospects across cultures,inconclusive,close,psychology,social psychology,,high,,,,,,,,14399,,,,,,,6
10.1177/0956797620927967,https://doi.org/10.1177/0956797620927967,,,False,,,,,,,,,,,,,,,,,,,,,,,,,,,,,,
10.1177/0956797620939054,https://doi.org/10.1177/0956797620939054,,,True,https://doi.org/10.31234/osf.io/3n9u8,"Pennycook, Gordon; Epstein, Ziv; Mosleh, Mohsen; Arechar, Antonio; Eckles, Dean; Rand, David",Understanding and reducing the spread of misinformation online,PsyArXiv Preprints,,,,2020,People show greater discernment between true and false news headlines when rating accuracy than when deciding whether to share content on social media (accuracy-sharing dissociation),success,close,psychology,social psychology,,high,,,,,,,,853,0.657,d,"[0.477, 0.836]",0.0001,<,,6
10.1177/0956797620939054,https://doi.org/10.1177/0956797620939054,,,True,https://doi.org/10.31234/osf.io/3n9u8,"Pennycook, Gordon; Epstein, Ziv; Mosleh, Mohsen; Arechar, Antonio; Eckles, Dean; Rand, David",Understanding and reducing the spread of misinformation online,PsyArXiv Preprints,,,,2020,Subtly prompting people to consider accuracy (accuracy nudge) increases the quality of news content they are willing to share on social media,success,close,psychology,social psychology,,high,,,,,,,,856,0.142,d,"[0.049, 0.235]",0.003,=,,6
10.1177/1029864915613390,https://doi.org/10.1177/1029864915613390,,,True,,"Peretz, I.; Babaï, M.; Lussier, I.; Hébert, S.; Gagnon, L.","Corpus d'extraits musicaux: Indices relatifs à la familiarité, à l'âge d'acquisition et aux évocations verbales",Canadian Journal of Experimental Psychology -Revue Canadienne De Psychologie Experimentale,49,2,211-238,1995,"Franco-Canadian listeners show specific patterns of familiarity with a corpus of 144 melody excerpts, with familiarity influenced by exposure frequency rather than style, genre, or musical expertise",inconclusive,close,psychology,cognitive psychology,,high,60,,,,,,,40,,,,,,,6
10.1177/1046496405281768,https://doi.org/10.1177/1046496405281768,,,True,,"Butler, D.; Geis, F.",Nonverbal affect responses to male and female leaders,Journal of Personality and Social Psychology,58,,48-59,1990,"Female leaders in authority positions receive more negative nonverbal affect reactions than male leaders, while competence ratings on cognitive measures show no difference between male and female leaders",success,direct,psychology,social psychology,,high,,,,,,,,59,,,,0.003,=,,6
10.1177/1046496405281768,https://doi.org/10.1177/1046496405281768,,,True,,"Butler, D.; Geis, F.",Nonverbal affect responses to male and female leaders,Journal of Personality and Social Psychology,58,,48-59,1990,Female leaders in authority positions receive more negative nonverbal affect reactions than male leaders in field settings with real workplace teams,inconclusive,close,psychology,social psychology,,high,,,,,,,,104,,,,,,,6
10.1177/1046496406291560,https://doi.org/10.1177/1046496406291560,,,True,,"Vecchio, R.",Situational leadership theory: An examination of a prescriptive theory,Journal of Applied Psychology,72,,444-451,1987,"Leader effectiveness is a joint function of leader behavior (consideration and structuring) and subordinate readiness/maturity, with specific combinations predicted to yield superior outcomes",success,close,psychology,social psychology,,high,303,,,,,,,860,,,,,,,6
10.1177/1046496406291560,https://doi.org/10.1177/1046496406291560,,,True,,"Norris, W.; Vecchio, R.",Situational leadership theory: A replication,Group and Organizational Management,17,,331-342,1992,"Leader effectiveness is a joint function of leader behavior (consideration and structuring) and subordinate readiness/maturity, with specific combinations predicted to yield superior outcomes",success,close,psychology,social psychology,,high,91,,,,,,,860,,,,,,,6
10.1177/1046496406291560,https://doi.org/10.1177/1046496406291560,,,True,,"Fernandez, C.; Vecchio, R.",Situational leadership theory revisited: A test of an across-jobs perspective,Leadership Quarterly,8,,67-84,1997,"Leader effectiveness is a joint function of leader behavior (consideration and structuring) and subordinate readiness/maturity, with specific combinations predicted to yield superior outcomes",success,close,psychology,social psychology,,high,332,0.02,R²,,0.05,<,,860,,,,,,,6
10.1177/1046496491221004,https://doi.org/10.1177/1046496491221004,,,True,,"Anderson, L. R.; Tolson, J.; Fields, M. W.; Thacker, J. W.",Extensions of the Pelz Effect: The impact of leader's upward influence on group members' control within the organization,Basic and Applied Social Psychology,11,,19-32,1990,Leaders' upward organizational influence moderates the relationship between leader support and group members' perceived control within the organization (the Pelz Effect),success,direct,psychology,social psychology,,high,,,,,,,,183,,,,0.015,=,,6
10.1177/1046496491221004,https://doi.org/10.1177/1046496491221004,,,True,,"Anderson, L. R.; Tolson, J.; Fields, M. W.; Thacker, J. W.",Job autonomy as a moderator of the Pelz Effect in relation to group members' perceived control within the organization,Journal of Social Psychology,130,,707-708,1990,Job autonomy moderates the Pelz Effect such that the interaction between leader support and upward influence is stronger for group members with high job autonomy,success,direct,psychology,social psychology,,high,,,,,,,,183,,,,0.03,=,,6
10.1177/1059601115625155,https://doi.org/10.1177/1059601115625155,,,True,,"Van Den Broeck, A.; De Cuyper, N.; De Witte, H.; Vansteenkiste, M.",Not all job demands are equal: Differentiating job hindrances and job challenges in the job demands-resources model,European Journal of Work and Organizational Psychology,19,6,735-759,2010,"Job hindrances are negatively associated with vigor, while job challenges are positively associated with vigor",inconclusive,close,psychology,social psychology,,high,,,,,,,,695,,,,,,,6
10.1177/1059601192173010,https://doi.org/10.1177/1059601192173010,,,True,https://doi.org/10.1037/0021-9010.72.3.444,"Vecchio, Robert P.",Situational leadership theory: an examination of a prescriptive theory,Journal of Applied Psychology,72,3,444-451,1987,Situational Leadership Theory predicts that optimal supervisory style (structuring and consideration) varies as a three-way interaction with follower maturity to predict employee performance and satisfaction,failure,close,psychology,social psychology,,high,303,,,,,,,91,,,,,,,6
10.1177/106342669400200201,https://doi.org/10.1177/106342669400200201,,,True,,"Walker, H.; Severson, H.; Todis, B.; Block-Pedego, A.; Williams, G.; Haring, N.; Barckley, M.","Systematic screening for behavior disorders (SSBD): further validation, replication, and normative data",Remedial and Special Education,11,2,32-45,1990,"The Systematic Screening for Behavior Disorders (SSBD) procedure accurately identifies and discriminates among elementary students with externalizing behavior disorders, internalizing behavior disorders, and normal behavior patterns through a three-stage screening process",success,direct,psychology,clinical psychology,,high,856,,,,,,,475,,,,,,,6
10.1177/1073191111398314,https://doi.org/10.1177/1073191111398314,,,True,,"Simmons, C.; Worrell, F.; Berry, J.",Psychometric properties of scores on three Black racial identity scales,Assessment,15,,259-276,2008,The African Self-Consciousness Scale has a two-factor structure when analyzed with exploratory factor analysis,inconclusive,direct,psychology,personality psychology,,high,225,,,,,,,348,,,,,,,6
10.1177/1073191111415365,https://doi.org/10.1177/1073191111415365,,,False,,,,,,,,,,,,,,,,,,,,,,,,,,,,,,
10.1177/1073191112450907,https://doi.org/10.1177/1073191112450907,,,False,,,,,,,,,,,,,,,,,,,,,,,,,,,,,,
10.1177/1091142106292776,https://doi.org/10.1177/1091142106292776,,,True,,"Kahneman, Daniel; Knetsch, Jack L.; Thaler, Richard H.",Fairness and the assumptions of economics,Journal of Business,59,4,285-300,1986,"Sellers demand more compensation to relinquish a good (willingness to accept) than buyers are willing to pay to acquire the same good (willingness to pay), demonstrating the endowment effect",success,direct,economics,behavioral economics,,high,,,,,,,,48,,,,0.0001,<,,6
10.1177/109442810144003,https://doi.org/10.1177/109442810144003,,,True,,"Wanous, J.; Reichers, A.; Hudy, M.",Overall job satisfaction: How good are single-item measures,Journal of Applied Psychology,82,,247-252,1997,Single-item measures of overall job satisfaction have a minimum reliability of .70 when analyzed at the individual level,success,close,psychology,other,,high,7682,0.70,reliability coefficient,,,,,323262,0.70,reliability coefficient,,,,,6
10.1177/1094428112470847,https://doi.org/10.1177/1094428112470847,,,True,,"Dess, Gregory G.; Ireland, R. Duane; Hitt, Michael A.",Industry effects and strategic management research,Journal of Management,16,,7-27,1990,"Strategy researchers between 1980 and 1988 often failed to systematically control for industry effects in empirical studies, with 25% not controlling for industry at all",success,direct,business & management,management,,high,40,,,,,,,75,,,,,,,6
10.1177/1094428116639131,https://doi.org/10.1177/1094428116639131,,,True,,"Rasinski, K.; Visser, P.; Zagatsky, M.; Rickett, E.",Using implicit goal priming to improve the quality of self-report data,Journal of Experimental Social Psychology,41,,321-327,2005,Priming the goal of honesty through word similarity tasks increases reporting of sensitive behaviors,failure,direct,psychology,social psychology,,high,,,,,,,,858,0.003,etasq,,,,,6
10.1177/1354067x19871197,https://doi.org/10.1177/1354067x19871197,,,True,,"Bartlett, F.C.",Remembering: a study in experimental and social psychology,,,,,1932,"Exposure to culturally unfamiliar narrative material ('The War of the Ghosts') leads to systematic memory distortions through processes of conventionalization, where participants transform the story to align with their own cultural schemas and expectations",success,close,psychology,social psychology,,high,,,,,,,,36,,,,,,,6
10.1177/1359105315624748,https://doi.org/10.1177/1359105315624748,,,True,https://doi.org/10.1177/1359105314567207,"Tsafou, K.; De Ridder, D.; Van Ee, R.",Mindfulness and satisfaction in physical activity: A cross-sectional study in the Dutch population,Journal of Health Psychology,,,,2015,State mindfulness during physical activity increases physical activity levels through enhanced satisfaction with physical activity,success,direct,psychology,health psychology,,high,,,,,,,,305,0.053,indirect effect,"[0.0045, 0.1107]",,,,6
10.1177/1362361314526004,https://doi.org/10.1177/1362361314526004,,,True,,"Senju, A.; Southgate, V.; White, S.",Mindblind eyes: an absence of spontaneous theory of mind in Asperger syndrome,Science,325,,883-885,2009,Individuals with autism spectrum disorders show an absence of spontaneous false belief-based action anticipation in an implicit theory of mind task,success,close,psychology,developmental psychology,,high,,,,,,,,37,-1.35,d,,0.001,<,two-sided,6
10.1177/1368430204046108,https://doi.org/10.1177/1368430204046108,,,True,,"Norton, M. I.; Monin, B.; Cooper, J.; Hogg, M. A.",Vicarious dissonance: attitude change from the inconsistency of others,Journal of Personality and Social Psychology,85,,47-62,2003,Witnessing an ingroup member deliver a counterattitudinal speech causes high identifiers to change their own attitudes in the direction of that speech,success,close,psychology,social psychology,,high,,,,,,,,48,,,,0.05,<,,6
10.1177/147470490700500101,https://doi.org/10.1177/147470490700500101,,,True,,"Volk, A.; Quinsey, V. L.",The influence of infant facial cues on adoption preferences,Human Nature,13,,437-455,2002,Men's willingness to adopt a child is more influenced by cues of resemblance than women's willingness,success,direct,psychology,social psychology,,high,,,,,,,,186,0.70,d,,0.001,<,,6
10.1177/1474704916673841,https://doi.org/10.1177/1474704916673841,,,True,https://doi.org/10.1037/0022-3514.95.5.1150,"Elliot, A.; Niesta, D.",Romantic red: red enhances men's attraction to women,Journal of Personality and Social Psychology,95,,1150-1164,2008,The color red enhances men's attraction ratings of women,failure,conceptual,psychology,social psychology,,high,,,,,,,,397,,,,,,,6
10.1177/1474704916673841,https://doi.org/10.1177/1474704916673841,,,True,https://doi.org/10.1016/j.jesp.2011.12.009,"Pazda, A.; Elliot, A.; Greitemeyer, T.",Sexy red: perceived sexual receptivity mediates the red-attraction relation in men viewing woman,Journal of Experimental Social Psychology,48,,787-790,2012,Women in red clothing are rated as more sexually receptive than women in white clothing,failure,direct,psychology,social psychology,,high,25,0.86,d,"[0.03, 1.68]",,,,433,-0.12,d,"[-0.31, 0.07]",0.219,=,two-sided,6
10.1177/1474704917702459,https://doi.org/10.1177/1474704917702459,,,True,https://doi.org/10.1017/s0140525x00023992,"Buss, D.",Sex differences in human mate preferences: Evolutionary hypotheses tested in 37 cultures,Behavioral and Brain Sciences,12,,1-14,1989,Men place greater importance on physical attractiveness in long-term mates compared to women,success,conceptual,psychology,social psychology,,high,,,,,,,,325,0.47,d,,0.01,<,,6
10.1177/1474704917702459,https://doi.org/10.1177/1474704917702459,,,True,https://doi.org/10.1017/s0140525x00023992,"Buss, D.",Sex differences in human mate preferences: Evolutionary hypotheses tested in 37 cultures,Behavioral and Brain Sciences,12,,1-14,1989,Women place greater importance on status and resources in long-term mates compared to men,success,conceptual,psychology,social psychology,,high,,,,,,,,325,1.30,d,,0.01,<,,6
10.1177/1474704917702459,https://doi.org/10.1177/1474704917702459,,,True,https://doi.org/10.1017/s0140525x00023992,"Buss, D.",Sex differences in human mate preferences: Evolutionary hypotheses tested in 37 cultures,Behavioral and Brain Sciences,12,,1-14,1989,Women place greater importance on kindness and dependability in long-term mates compared to men,success,conceptual,psychology,social psychology,,high,,,,,,,,325,0.48,d,,0.01,<,,6
10.1177/1474704917702459,https://doi.org/10.1177/1474704917702459,,,True,https://doi.org/10.1017/s0140525x00023992,"Buss, D.",Sex differences in human mate preferences: Evolutionary hypotheses tested in 37 cultures,Behavioral and Brain Sciences,12,,1-14,1989,Women place greater importance on education and intelligence in long-term mates compared to men,success,conceptual,psychology,social psychology,,high,,,,,,,,325,0.66,d,,0.01,<,,6
10.1177/1525740113518342,https://doi.org/10.1177/1525740113518342,,,True,,"Mason-Baughman, M.; Wallace, S.","Semantic feature knowledge in persons with aphasia: The role of commonality, distinctiveness and importance",Aphasiology,27,,364-380,2013,"People with aphasia who have difficulty discriminating semantically related foils show significantly impaired distinctive feature knowledge (especially low-importance distinctive features) compared to those without this difficulty, with no significant difference between mid-importance and low-importance distinctive features",failure,direct,linguistics,applied linguistics,,high,,,,,,,,10,,,,0.002,=,,6
10.1177/1525740113518342,https://doi.org/10.1177/1525740113518342,,,True,,"Mason-Baughman, M.; Wallace, S.","The role of commonality, distinctiveness, and importance of semantic features in persons with aphasia",Brain Injury,27,,399-407,2013,People with aphasia who have difficulty discriminating semantically related foils sort high-importance distinctive features with greater accuracy than low-importance distinctive features,success,direct,linguistics,applied linguistics,,high,,,,,,,,10,,,,0.03,=,,6
10.1177/153331759200700405,https://doi.org/10.1177/153331759200700405,,,True,,"Bennett, J.",Needs assessment of persons with Alzheimer's,Virginia Center on Aging,,,,1985,"Community-based persons with Alzheimer's disease have unmet needs for socialization services, and family caregivers experience significant strain while providing the majority of care",success,close,medical fields,nursing,,high,40,,,,,,,39,,,,,,,6
10.1177/1742715011407386,https://doi.org/10.1177/1742715011407386,,,True,,"Conger, Jay A.; Kanungo, Rabindra N.",Charismatic leadership in organizations: perceived behavioral attributes and their measurement,Journal of Organizational Behavior,15,,439-452,1994,"The five-factor measurement model of charismatic leadership can be characterized by sensitivity to the environment, sensitivity to member needs, articulating an innovative strategic vision, displaying unconventional behavior, and taking personal risks",inconclusive,close,psychology,social psychology,,high,,,,,,,,594,,,,,,,6
10.1177/1742715011429588,https://doi.org/10.1177/1742715011429588,,,True,https://doi.org/10.1080/13594320701693225,"Konradt, U.; Andressen, P.; Ellwart, T.",Self-leadership in organizational teams: a multilevel analysis of moderators and mediators,European Journal of Work and Organizational Psychology,18,3,322-346,2009,Self-leadership strategies positively influence individual performance in organizational teams,success,close,psychology,social psychology,,high,,,,,,,,85,0.35,beta,,0.001,<,,
10.1177/1742715018807042,https://doi.org/10.1177/1742715018807042,,,True,,"Steffens, N.; Peters, K.; Haslam, S.",Dying for charisma: leaders' inspirational appeal increases post-mortem,The Leadership Quarterly,28,,530-542,2017,A leader's death increases followers' attributions of that leader's charisma,success,close,psychology,social psychology,,high,,,,,,,,233,0.36,d,,0.007,=,,6
10.1177/1745691609357019,https://doi.org/10.1177/1745691609357019,,,True,,"Foster, J.; Campbell, W.; Twenge, J.",Individual differences in narcissism: Inflated self-views across the lifespan and around the world,Journal of Research in Personality,37,,469-486,2003,"Narcissism decreases across the life course, with approximately one standard deviation decrease from adolescence to old age",success,direct,psychology,personality psychology,,high,,1.0,d,,,,,591,1.0,d,,0.05,<,,6
10.1177/1747021817744546,https://doi.org/10.1177/1747021817744546,,,True,,"Newman, George; Scholl, Brian",Bar graphs depicting averages are perceptually misinterpreted: The within-the-bar bias,Psychonomic Bulletin & Review,19,,601-607,2012,"Bar graphs cause systematic bias where people believe data points within bars are more likely than equidistant points outside bars, affecting decisions about car tire tensile strength",success,conceptual,psychology,cognitive psychology,,high,,,,,,,,458,0.38,d,"[0.12, 0.63]",0.004,=,two-sided,6
10.1177/1747021817744546,https://doi.org/10.1177/1747021817744546,,,True,,"Newman, George; Scholl, Brian",Bar graphs depicting averages are perceptually misinterpreted: The within-the-bar bias,Psychonomic Bulletin & Review,19,,601-607,2012,Bar graphs cause systematic bias where people believe data points within bars are more likely than equidistant points outside bars,success,conceptual,psychology,cognitive psychology,,high,,,,,,,,818,0.91,d,"[0.71, 1.10]",0.001,<,two-sided,6
10.1177/1747021817744546,https://doi.org/10.1177/1747021817744546,,,True,,"Newman, George; Scholl, Brian",Bar graphs depicting averages are perceptually misinterpreted: The within-the-bar bias,Psychonomic Bulletin & Review,19,,601-607,2012,Bar graphs cause systematic bias where people believe data points within bars are more likely than equidistant points outside bars,success,conceptual,psychology,cognitive psychology,,high,,,,,,,,611,1.40,d,"[1.15, 1.62]",0.001,<,two-sided,6
10.1177/1948550611432938,https://doi.org/10.1177/1948550611432938,,,True,,"Greenberg, J.; Pyszczynski, T.; Solomon, S.; Simon, L.; Breus, M.",Role of consciousness and accessibility of death-related thoughts in mortality salience effects,Journal of Personality and Social Psychology,67,,627-637,1994,Death thoughts are more accessible after a delay following mortality salience than immediately after mortality salience (the death thought suppression and rebound hypothesis),reversal,conceptual,psychology,social psychology,,high,24,,,,,,,744,,,,,,,6
10.1177/1948550612457688,https://doi.org/10.1177/1948550612457688,,,True,,"Tetlock, P.; Kristel, O.; Elson, S.; Green, M.; Lerner, J.","The psychology of the unthinkable: taboo trade-offs, forbidden base rates, and heretical counterfactuals",Journal of Personality and Social Psychology,78,,853-870,2000,A hospital director who engaged in extended deliberation about a taboo trade-off (saving a child's life vs. using money for hospital equipment) is judged more harshly regardless of the final decision,reversal,direct,psychology,social psychology,,high,,,,,,,,181,,,,0.01,=,two-sided,6
10.1177/1948550612457688,https://doi.org/10.1177/1948550612457688,,,True,,"Tetlock, P.; Kristel, O.; Elson, S.; Green, M.; Lerner, J.","The psychology of the unthinkable: taboo trade-offs, forbidden base rates, and heretical counterfactuals",Journal of Personality and Social Psychology,78,,853-870,2000,A hospital director who engaged in extended deliberation about a taboo trade-off (saving a child's life vs. using money for hospital equipment) is judged more harshly regardless of the final decision,reversal,close,psychology,social psychology,,high,,,,,,,,146,,,,0.001,<,two-sided,6
10.1177/1948550614555029,https://doi.org/10.1177/1948550614555029,,,True,,"Slotter, E.; Gardner, W.","Where do you end and I begin? Evidence for anticipatory, motivated self-other integration between relationship partners",Journal of Personality and Social Psychology,96,,1137-1151,2009,Individuals' romantic interest in a potential partner predicts greater spontaneous self-expansion (adopting characteristics of the potential partner),success,close,psychology,social psychology,,high,,,,,,,,152,,,,0.05,<,,6
10.1177/1948550616654211,https://doi.org/10.1177/1948550616654211,,,True,,"Schnall, S.; Haidt, J.; Clore, G.; Jordan, A.",Disgust as embodied moral judgment,Personality & Social Psychology Bulletin,34,,1096-1109,2008,"Induced disgust increases the severity of moral judgments, moderated by sensitivity to bodily states (Private Body Consciousness)",failure,direct,psychology,social psychology,,high,69,0.07,etasq,,0.04,<,,478,0.04,d,"[-0.14, 0.22]",0.84,=,,6
10.1177/1948550617693060,https://doi.org/10.1177/1948550617693060,,,True,,"Milgram, S.",Obedience to authority: an experimental view,,,,,1974,"Experiment 2: Under conditions of pressure from an authority figure, the majority of people will administer electric shocks to another person even when informed the shocks can damage health or kill the learner",success,close,psychology,social psychology,,high,40,,,,,,,80,,,,,,,6
10.1177/1948550617751583,https://doi.org/10.1177/1948550617751583,,,True,https://doi.org/10.1177/0956797612451466,"Nelson, J. Elson; Adams, G.; Salter, P.",The Marley hypothesis: denial of racism reflects ignorance of history,Psychological Science,24,,213-218,2013,"White (vs. Black) Americans have less critical historical knowledge of past racism, which explains their greater denial of present-day systemic racism, and stronger positive racial identity among Whites predicts greater systemic racism denial",success,conceptual,psychology,social psychology,,high,,,,,,,,154,0.07,etasq,,0.001,<,,6
10.1177/1948550618775410,https://doi.org/10.1177/1948550618775410,,,True,https://doi.org/10.1126/science.1239918,"Kidd, D.; Castano, E.",Reading literary fiction improves theory of mind,Science,342,,377-380,2013,"Reading literary fiction (vs. popular fiction) improves performance on the Reading the Mind in the Eyes Test (RMET), a measure of Theory of Mind",inconclusive,direct,psychology,social psychology,,high,225,0.33,d,,,,,305,0.092,d,"[-0.155, 0.339]",,,,6
10.1177/1948550618775410,https://doi.org/10.1177/1948550618775410,,,True,https://doi.org/10.1126/science.1239918,"Kidd, D.; Castano, E.",Reading literary fiction improves theory of mind,Science,342,,377-380,2013,"Reading literary fiction (vs. popular fiction) improves performance on the Reading the Mind in the Eyes Test (RMET), a measure of Theory of Mind",inconclusive,direct,psychology,social psychology,,high,225,0.33,d,,,,,318,0.011,d,"[-0.208, 0.231]",,,,6
10.1177/1948550618775410,https://doi.org/10.1177/1948550618775410,,,True,https://doi.org/10.1126/science.1239918,"Kidd, D.; Castano, E.",Reading literary fiction improves theory of mind,Science,342,,377-380,2013,"Reading literary fiction (vs. popular fiction) improves performance on the Reading the Mind in the Eyes Test (RMET), a measure of Theory of Mind",success,direct,psychology,social psychology,,high,225,0.33,d,,,,,346,0.239,d,"[0.026, 0.449]",0.027,=,two-sided,6
10.1177/1948550618808863,https://doi.org/10.1177/1948550618808863,,,True,https://doi.org/10.1177/0956797612451466,"Nelson, J.; Adams, G.; Salter, P.",The Marley hypothesis: Denial of racism reflects ignorance of history,Psychological Science,24,,213-218,2013,White Americans' ignorance of historical racism mediates racial differences in perceptions of present racism (both isolated events and systemic manifestations),failure,direct,psychology,social psychology,,high,273,,,,,,,356,,,,,,,6
10.1177/1948550618808863,https://doi.org/10.1177/1948550618808863,,,True,https://doi.org/10.1177/0956797612451466,"Nelson, J.; Adams, G.; Salter, P.",The Marley hypothesis: Denial of racism reflects ignorance of history,Psychological Science,24,,213-218,2013,White Americans' ignorance of historical racism mediates racial differences in perceptions of present racism (both isolated events and systemic manifestations),failure,direct,psychology,social psychology,,high,273,,,,,,,225,,,,,,,6
10.1177/1948550619866187,https://doi.org/10.1177/1948550619866187,,,True,,"Buss, D.",Sex differences in human mate preferences: evolutionary hypotheses tested in 37 cultures,Behavioral and Brain Sciences,12,,1-49,1989,"Men and women differ in their long-term mate preferences, with women preferring indicators of resources and status while men prefer indicators of fertility and reproductive value",success,direct,psychology,social psychology,,high,,,,,,,,1089,,,,,,,6
10.1177/1948550620937937,https://doi.org/10.1177/1948550620937937,,,True,,"Opie, Tina; Phillips, Katherine",Hair penalties: the negative influence of natural hair on ratings of Black women's dominance and professionalism,Frontiers in Psychology,6,,1-14,2015,Black women with natural hairstyles are perceived as less professional than Black women with straightened hairstyles,success,close,psychology,social psychology,,high,,,,,,,,480,0.25,etasq,,0.001,<,,6
10.1177/2041669517698149,https://doi.org/10.1177/2041669517698149,,,True,https://doi.org/10.1167/10.2.16,"Motoyoshi, I.; Hayakawa, S.",Adaptation-induced blindness to sluggish stimuli,Journal of Vision,10,,1-8,2010,"After adaptation to flickering gratings, gradually-onset high-contrast target gratings become invisible (adaptation-induced blindness)",success,direct,psychology,psychophysics,,high,,,,,,,,6,,,,0.335,=,,6
10.1177/2041669518755806,https://doi.org/10.1177/2041669518755806,,,True,https://doi.org/10.1093/scan/nsu007,"Kveraga, K.; Boshyan, J.; Adams, R.; Mote, J.; Betz, N.; Ward, N.; Barrett, L.","If it bleeds, it leads: separating threat from mere negativity",Social Cognitive Affective Neuroscience,10,,28-35,2015,"The most negative scenes are also perceived as the most arousing, showing a strong negative linear relationship between valence and arousal ratings",success,close,psychology,cognitive psychology,,high,33,-0.894,r,,0.001,<,two-sided,60,-0.816,r,,0.001,<,two-sided,6
10.1177/2041669518755806,https://doi.org/10.1177/2041669518755806,,,True,https://doi.org/10.1093/scan/nsu007,"Kveraga, K.; Boshyan, J.; Adams, R.; Mote, J.; Betz, N.; Ward, N.; Barrett, L.","If it bleeds, it leads: separating threat from mere negativity",Social Cognitive Affective Neuroscience,10,,28-35,2015,"Observers can discriminate threatening and negative scenes based on spatial and temporal dimensions of threat, categorizing them into distinct groups (Direct Threat, Indirect Threat, Threat Aftermath, Low Threat)",success,close,psychology,cognitive psychology,,high,27,,,,,,,52,,,,,,,6
10.1177/2167702614545216,https://doi.org/10.1177/2167702614545216,,,True,,"Georgiou, G.; Bleakley, C.; Hayward, J.; Russo, R.; Dutton, K.; Eltiti, S.; Fox, E.",Focusing on fear: Attentional disengagement from emotional faces,Visual Cognition,12,,145-158,2005,High trait anxious individuals show delayed disengagement of attention from fearful facial expressions,failure,close,psychology,cognitive psychology,,high,,,,,,,,42,,,,,,,6
10.1177/2167702614545216,https://doi.org/10.1177/2167702614545216,,,True,,"Fox, E.; Russo, R.; Bowles, R.; Dutton, K.",Do threatening stimuli draw or hold visual attention in subclinical anxiety,Journal of Experimental Psychology: General,130,,681-700,2001,High trait anxious individuals show impaired disengagement of attention from threatening stimuli,failure,close,psychology,cognitive psychology,,high,,,,,,,,42,0.43,d,,0.01,<,two-sided,6
10.1177/2167702614545216,https://doi.org/10.1177/2167702614545216,,,True,,"Mathews, A.; Fox, E.; Yiend, J.; Calder, A.",The face of fear: Effects of eye gaze and emotion on attentional engagement,Visual Cognition,10,,823-835,2003,High trait anxious individuals show enhanced orienting toward locations cued by fearful facial expressions with averted eye gaze,failure,close,psychology,cognitive psychology,,high,,,,,,,,42,,,,,,,6
10.1177/2167702614545216,https://doi.org/10.1177/2167702614545216,,,True,,"Fox, E.; Mathews, A.; Calder, A.; Yiend, J.",Anxiety and sensitivity to gaze direction in emotionally expressive faces,Emotion,7,,478-486,2007,High trait anxious individuals show enhanced attentional engagement to locations indicated by eye gaze of fearful facial expressions,failure,close,psychology,cognitive psychology,,high,,,,,,,,42,,,,,,,6
10.1177/21677026241258380,https://doi.org/10.1177/21677026241258380,,,True,https://doi.org/10.1177/2167702612472487,"Toffolo, M.; Hout, M.; Van Den Hooge, I.; Engelhard, I.; Cath, D.",Mild uncertainty promotes checking behavior in subclinical obsessive-compulsive disorder,Clinical Psychological Science,1,2,103-109,2013,"Individuals with high obsessive-compulsive tendencies show prolonged search times in target-absent visual search trials compared to target-present trials, reflecting checking behavior under mild uncertainty",failure,conceptual,psychology,clinical psychology,,high,,,,,,,,433,0.12,d,,0.203,=,,6
10.1177/21677026241258380,https://doi.org/10.1177/21677026241258380,,,True,https://doi.org/10.1177/2167702612472487,"Toffolo, M.; Hout, M.; Van Den Hooge, I.; Engelhard, I.; Cath, D.",Mild uncertainty promotes checking behavior in subclinical obsessive-compulsive disorder,Clinical Psychological Science,1,2,103-109,2013,"Individuals with high obsessive-compulsive tendencies show prolonged search times in target-absent visual search trials compared to target-present trials, reflecting checking behavior under mild uncertainty",failure,direct,psychology,clinical psychology,,high,,,,,,,,178,0.22,d,,0.081,=,one-sided,6
10.1177/2515245920903079,https://doi.org/10.1177/2515245920903079,,,True,https://doi.org/10.1038/nn1066,"Fischer, M.; Castel, A.; Dodd, M.; Pratt, J.",Perceiving numbers causes spatial shifts of attention,Nature Neuroscience,6,,555-556,2003,"Participants are quicker to detect left-side targets when preceded by small numbers (1 or 2) and quicker to detect right-side targets when preceded by large numbers (8 or 9), suggesting that viewing a number automatically cues spatial attention in a magnitude-dependent manner (the Att-SNARC effect)",failure,direct,psychology,cognitive psychology,,high,,,,,,,,1105,,,,,,,6
10.1186/1471-2350-8-s1-s18,https://doi.org/10.1186/1471-2350-8-s1-s18,,,False,,,,,,,,,,,,,,,,,,,,,,,,,,,,,,
10.1186/s41155-017-0074-8,https://doi.org/10.1186/s41155-017-0074-8,,,True,https://doi.org/10.1016/j.obhdp.2014.11.001,"Shani, Y.; Danziger, S.; Zeelenberg, M.",Choosing between options associated with past and future regret,Organizational Behavior and Human Decision Processes,126,,107-114,2015,Future missed opportunities (discounts that will be offered in the future) cause more regret than past missed opportunities (discounts that were offered in the past),inconclusive,close,psychology,social psychology,,high,,,,,,,,216,,,,0.001,<,,6
10.1192/bjp.153.1.115,https://doi.org/10.1192/bjp.153.1.115,,,True,,"Meares, R.; Mendelsohn, F.; Milgrom-Friedman, J.",A sex difference in the seasonal variation of suicide rate,British Journal of Psychiatry,138,,321-325,1981,Males show spring peaks in suicide rates while females show both spring and autumn peaks in suicide rates,failure,direct,sociology,,,high,,,,,,,,26918,,,,0.30,>,,6
10.1192/bjp.153.1.115,https://doi.org/10.1192/bjp.153.1.115,,,True,,"Nayha, S.","Autumn incidence of suicides re-examined: data from Finland by sex, age and occupation",British Journal of Psychiatry,141,,512-517,1982,Males show spring peaks in suicide rates while females show both spring and autumn peaks in suicide rates,failure,direct,sociology,,,high,,,,,,,,26918,,,,0.30,>,,6
10.1192/bjp.153.1.115,https://doi.org/10.1192/bjp.153.1.115,,,True,,"Parker, G.; Walter, S.",Seasonal variation in depressive disorders and suicidal deaths in New South Wales,British Journal of Psychiatry,140,,626-632,1982,Males show spring peaks in suicide rates while females show both spring and autumn peaks in suicide rates,failure,direct,sociology,,,high,,,,,,,,26918,,,,0.30,>,,6
10.1194/jlr.m600184-jlr200,https://doi.org/10.1194/jlr.m600184-jlr200,,,True,,"Pajukanta, P.; Lilja, H. E.; Sinsheimer, J. S.; Cantor, R. M.; Lusis, A. J.; Gentile, M.; Duan, X. D.; Soro-Paavonen, A.; Naukkarinen, J.; Saarela, J.",Familial combined hyperlipidemia is associated with upstream transcription factor 1 (USF1),Nat. Genet,36,,371-376,2004,"The USF1 gene risk haplotype is associated with familial combined hyperlipidemia and related phenotypes including triglyceride levels, apolipoprotein B, total cholesterol, and small dense LDL",inconclusive,close,medical fields,cardiovascular medicine,,high,,,,,,,,611,,,,,,,6
10.1207/s15327752jpa8702_03,https://doi.org/10.1207/s15327752jpa8702_03,,,True,,"Tellegen, A.; Ben-Porath, Y.; McNulty, J.; Arbisi, P.; Graham, J.; Kaemmer, B.","The MMPI-2 restructured clinical (RC) scales: development, validation, and interpretation",,,,,2003,Development and validation of MMPI-2 Restructured Clinical (RC) Scales using principal components analysis to identify a general distress factor (Demoralization) and eight refined clinical scales with reduced interscale correlations,success,direct,psychology,clinical psychology,,high,,,,,,,,7330,,,,,,,6
10.1207/s15327795jra0303_2,https://doi.org/10.1207/s15327795jra0303_2,,,True,,"Tesch, S. A.; Cameron, K. A.",Openness to experience and development of adult identity,Journal of Personality,55,,615-630,1987,Foreclosed identity status is associated with lower openness to experience on the NEO-PI personality inventory,success,direct,psychology,developmental psychology,,high,,,,,,,,198,,,,0.05,<,,6
10.1212/01.wnl.0000336923.29538.5b,https://doi.org/10.1212/01.wnl.0000336923.29538.5b,,,True,,"Kobayashi, E.; Santos, N.; Torres, F.",Magnetic resonance imaging abnormalities in familial temporal lobe epilepsy with auditory auras,Arch Neurol,60,,1546-1551,2003,Lateral temporal malformation involving enlargement of temporal lobes and protrusion of brain parenchyma with an encephalocele-like appearance occurs in families with LGI1 mutations,failure,direct,neuroscience,cognitive neuroscience,,high,10,,,,,,,17,,,,,,,6
10.1212/wnl.0000000000005533,https://doi.org/10.1212/wnl.0000000000005533,,,True,,"Chen, H.; Shrestha, S.; Huang, X.",Olfaction and incident Parkinson disease in US white and black older adults,Neurology,89,,1441-1447,2017,"Hyposmia (reduced sense of smell) is a risk factor for incident Parkinson disease, including beyond 5 years of follow-up",success,close,neuroscience,behavioral neuroscience,,high,,,,,,,,539,3.60,RR,"[1.48, 8.78]",,,,6
10.1257/aer.101.2.470,https://doi.org/10.1257/aer.101.2.470,,,False,,,,,,,,,,,,,,,,,,,,,,,,,,,,,,
10.1257/aer.101.2.927,https://doi.org/10.1257/aer.101.2.927,,,True,,"Van Huyck, J.; Battalio, Raymond C.; Beil, R.","Asset markets as an equilibrium selection mechanism: coordination failure, game form auctions, and tacit communication",Games and Economic Behavior,5,3,485-504,1993,Preplay auction markets lead to coordination on the efficient high-output equilibrium in coordination games,reversal,conceptual,economics,behavioral economics,,high,,,,,,,,,,,,,,,6
10.1257/aer.101.4.1211,https://doi.org/10.1257/aer.101.4.1211,,,False,,,,,,,,,,,,,,,,,,,,,,,,,,,,,,
10.1257/aer.101.6.2562,https://doi.org/10.1257/aer.101.6.2562,,,False,,,,,,,,,,,,,,,,,,,,,,,,,,,,,,
10.1257/aer.102.1.337,https://doi.org/10.1257/aer.102.1.337,,,False,,,,,,,,,,,,,,,,,,,,,,,,,,,,,,
10.1257/aer.102.2.720,https://doi.org/10.1257/aer.102.2.720,,,False,,,,,,,,,,,,,,,,,,,,,,,,,,,,,,
10.1257/aer.102.2.865,https://doi.org/10.1257/aer.102.2.865,,,True,,"Smith, V.; Suchanek, G. L.; Williams, A.","Bubbles, crashes, and endogenous expectations in experimental spot asset markets",Econometrica,56,5,1119-1151,1988,"In experimental asset markets with declining fundamental value and increasing cash-to-asset ratio, market prices deviate strongly from fundamental value, with prices being mostly too high (bubbles)",success,direct,economics,behavioral economics,,high,,,,,,,,60,,,,,,,6
10.1257/aer.102.7.3317,https://doi.org/10.1257/aer.102.7.3317,,,True,,"Gächter, S.; Renner, E.; Sefton, M.",The long-run benefits of punishment,Science,,,1510,2008,Costly punishment increases average net payoffs in long-horizon public good contribution games,inconclusive,close,economics,behavioral economics,,medium,,,,,,,,57,,,,0.737,=,two-sided,6
10.1257/aer.104.11.3434,https://doi.org/10.1257/aer.104.11.3434,,,False,,,,,,,,,,,,,,,,,,,,,,,,,,,,,,
10.1287/orsc.2016.1065,https://doi.org/10.1287/orsc.2016.1065,,,True,,"Sørensen, J.",Bureaucracy and entrepreneurship: Workplace effects on entrepreneurial entry,Admin. Sci. Quart,52,3,387-412,2007,Employees at smaller firms are more likely to transition to entrepreneurship than employees at larger firms,success,direct,business & management,management,,high,,,,,,,,18994,-0.0521,beta,,0.05,<,,6
10.1300/j001v13n02_10,https://doi.org/10.1300/j001v13n02_10,,,True,,"Pardeck, John T.; Umfress, K.; Murphy, John W.",The utilization of computers in social service agencies,Computers in human services: An overview for clinical and welfare services,,,123-126,1990,"Social workers have limited understanding of computer technology, computer technology is underutilized by social workers, social workers receive little training in computer technology from professional social work curriculum, and social service agencies provide little or no in-service training on computer technology",success,direct,sociology,other,,high,59,,,,,,,100,,,,,,,6
10.1300/j075v12n01_04,https://doi.org/10.1300/j075v12n01_04,,,True,,"Mawhinney, T.; Dickinson, A.; Taylor, L.","The use of concurrent schedules to evaluate the effects of extrinsic rewards on ""intrinsic motivation""",Journal of Organizational Behavior Management,10,,109-129,1989,Extrinsic monetary rewards do not usurp control by intrinsic rewards during reward administration and do not permanently decrease the reinforcing value of intrinsic rewards,inconclusive,direct,psychology,social psychology,,high,3,,,,,,,10,,,,,,,6
10.1348/000712608x386810,https://doi.org/10.1348/000712608x386810,,,True,,"Brun, W.; Teigen, K.",Prediction and postdiction preferences in guessing,Journal of Behavioral Decision Making,3,,17-28,1990,Adults prefer to guess the outcome of a chance event before it has happened rather than after it has happened but remains unknown,success,direct,psychology,cognitive psychology,,high,,,,,,,,99,,,,0.002,=,,6
10.1348/000712608x386810,https://doi.org/10.1348/000712608x386810,,,True,,"Rothbart, M.; Snyder, M.",Confidence in the prediction and postdiction of an uncertain outcome,Canadian Journal of Behavioral Science,2,,38-43,1970,Adults are more confident when guessing before a die is thrown rather than after (using live die-throwing),reversal,close,psychology,cognitive psychology,,high,,,,,,,,116,,,,0.001,=,,6
10.1348/026151005x70094,https://doi.org/10.1348/026151005x70094,,,True,,"Peterson, C.",Kindred spirits: Influence of siblings' perspectives on theory of mind,Cognitive Development,15,,435-455,2000,Children with at least one child-aged sibling (ages 1-12 years) score significantly higher on theory of mind false belief tests than only children and pseudo-singletons (those with only infant or adult siblings),success,close,psychology,developmental psychology,,high,265,,,,,,,124,,,,0.025,<,,6
10.1348/096317901167415,https://doi.org/10.1348/096317901167415,,,True,,"Sagie, A.; Magnezy, R.","Assessor type, number of distinguishable dimension categories, and assessment centre construct validity",Journal of Occupational and Organizational Psychology,70,,103-108,1997,The correlated uniqueness model is appropriate for representing exercise effects in assessment centres and yields interpretable parameter estimates without estimation problems,success,direct,business & management,human resource management,,high,,,,,,,,191,,,,,,,6
10.1348/096317902321119574,https://doi.org/10.1348/096317902321119574,,,True,,"Axtell, C.; Holman, D.; Unsworth, K.; Wall, T.; Waterson, P.; Harrington, E.",Shopfloor innovation: Facilitating the suggestion and implementation of ideas,Journal of Occupational and Organizational Psychology,73,,265-285,2000,"Different classes of variables (personal/job vs. organizational) predict different stages of the innovation process: personal and job variables predict idea suggestion, whereas organizational variables predict idea implementation",success,close,business & management,management,,high,,,,,,,,128,,,,,,,6
10.1348/096317905x55271,https://doi.org/10.1348/096317905x55271,,,True,,"De Jonge, J.; Dormann, C.; Janssen, P.; Dollard, M.; Landeweerd, J.; Nijhuis, F.",Testing reciprocal relationships between job characteristics and psychological wellbeing: A cross-lagged structural equation model,Journal of Occupational and Organizational Psychology,74,,29-46,2001,"Job characteristics (demands, autonomy, social support) influence employee well-being (job satisfaction, emotional exhaustion) through regular causation rather than reverse or reciprocal causation",success,direct,psychology,social psychology,,high,261,,,,,,,133,,,,,,,6
10.1348/096317906x118685,https://doi.org/10.1348/096317906x118685,,,True,,"Herscovitch, L.; Meyer, J.",Commitment to organizational change: extension of a threecomponent model,Journal of Applied Psychology,87,,474-487,2002,"The three-component model of commitment to organizational change (affective, normative, and continuance commitment) predicts employees' behavioral support for change, with all three components relating positively to compliance and only affective and normative commitment relating positively to discretionary support",success,close,psychology,social psychology,,high,,,,,,,,686,,,,,,,6
10.1348/096317906x118685,https://doi.org/10.1348/096317906x118685,,,True,,"Herscovitch, L.; Meyer, J.",Commitment to organizational change: extension of a threecomponent model,Journal of Applied Psychology,87,,474-487,2002,"The three-component model of commitment to organizational change (affective, normative, and continuance commitment) predicts employees' behavioral support for change, with all three components relating positively to compliance and only affective and normative commitment relating positively to discretionary support",inconclusive,close,psychology,social psychology,,high,,,,,,,,129,,,,,,,6
10.1348/096317907x180360,https://doi.org/10.1348/096317907x180360,,,True,,"Parker, S. K.; Williams, E. S.; Turner, N.",Modeling the antecedents of proactive behavior at work,Journal of Applied Psychology,91,,636-652,2006,Role breadth self-efficacy is positively related to proactive behaviour at work,success,close,psychology,social psychology,,high,,,,,,,,98,0.27,r,,0.05,<,,6
10.1348/096317907x180360,https://doi.org/10.1348/096317907x180360,,,True,,"Morrison, E. W.; Phelps, C. C.",Taking charge at work: Extrarole efforts to initiate workplace change,Academy of Management Journal,42,,403-419,1999,Job self-efficacy is positively related to proactive behaviour at work,failure,close,psychology,social psychology,,high,,,,,,,,98,0.07,r,,,,,6
10.1348/096317908x280935,https://doi.org/10.1348/096317908x280935,,,True,,"Irving, P.; Meyer, J.",On using direct measures of met expectations: A methodological note,Journal of Management,21,,1159-1175,1995,Current attitudes (Time 2) are more strongly related to individuals' recollection of change in those attitudes than are past attitudes (Time 1),success,conceptual,psychology,social psychology,,high,,,,,,,,195,,,,0.001,<,,6
10.1348/096317908x360684,https://doi.org/10.1348/096317908x360684,,,True,,"Glomb, T.; Kammeyer-Muller, J.; Rotundo, M.",Emotional labor and wages,Journal of Applied Psychology,89,,700-714,2004,Higher emotional labor demands are associated with lower wages,success,close,psychology,social psychology,,high,,,,,,,,5488,,,,,,,6
10.1348/096317908x360684,https://doi.org/10.1348/096317908x360684,,,True,,"Glomb, T.; Kammeyer-Muller, J.; Rotundo, M.",Emotional labor and wages,Journal of Applied Psychology,89,,700-714,2004,There is an interactive effect between cognitive demands and emotional labor demands such that higher emotional labor demands are associated with lower wages when cognitive demands are lower and higher wages when cognitive demands are higher,failure,close,psychology,social psychology,,high,,,,,,,,5488,,,,,,,6
10.1371/journal.pone.0067000,https://doi.org/10.1371/journal.pone.0067000,,,True,,"Proops, L.; McComb, K.",Attributing attention: the use of human-given cues by domestic horses (Equus caballus),Animal Cognition,13,,197-205,2010,"Adult domestic horses can use subtle human attentional cues (body orientation, head direction, eye gaze) to determine whether a person is attending to them",inconclusive,close,psychology,cognitive psychology,,high,,,,,,,,22,,,,,,,6
10.1371/journal.pone.0067000,https://doi.org/10.1371/journal.pone.0067000,,,True,,"Proops, L.; Walton, M.; McComb, K.",The use of human-given cues by domestic horses (Equus caballus) during an object choice task,Animal Behaviour,79,,1205-1209,2010,"Adult domestic horses can use certain human-given cues (sustained pointing, marker placement, touching) but not others (body orientation, gaze, tapping) in an object choice task",success,close,psychology,cognitive psychology,,high,,,,,,,,25,,,,,,,6
10.1371/journal.pone.0071475,https://doi.org/10.1371/journal.pone.0071475,,,True,,"Chernev, A.; Gal, D.",Categorization effects in value judgments: averaging bias in evaluating combinations of vices and virtues,Journal of Marketing Research,47,,738-747,2010,Adding a healthy side dish to an unhealthy main meal reduces calorie estimates of the meal (the 'negative calorie illusion'),inconclusive,direct,psychology,consumer psychology/marketing,,high,188,0.47,d,,,,,1272,,,,,,,6
10.1371/journal.pone.0072467,https://doi.org/10.1371/journal.pone.0072467,,,True,https://doi.org/10.1037/0022-3514.81.6.1014,"Bargh, J.; Gollwitzer, P.; Lee-Chai, A.; Barndollar, K.; Trötschel, R.",The automated will: nonconscious activation and pursuit of behavioral goals,J Pers Soc Psychol,81,,1014-1027,2001,"Exposure to high-achievement words (e.g., compete, succeed, win) activates an unconscious high-performance goal, leading to enhanced performance on subsequent word search tasks",failure,direct,psychology,social psychology,,high,78,0.70,d,,,,,98,-0.24,d,"[0.15, -0.64]",0.23,=,two-sided,6
10.1371/journal.pone.0072467,https://doi.org/10.1371/journal.pone.0072467,,,True,https://doi.org/10.1037/0022-3514.81.6.1014,"Bargh, J.; Gollwitzer, P.; Lee-Chai, A.; Barndollar, K.; Trötschel, R.",The automated will: nonconscious activation and pursuit of behavioral goals,J Pers Soc Psychol,81,,1014-1027,2001,High-performance-goal priming effect becomes even stronger when there is a 5-minute delay between the achievement word priming task and the subsequent word search performance task,failure,direct,psychology,social psychology,,high,,,,,0.04,<,,66,-0.03,d,"[0.45, -0.52]",0.88,=,two-sided,6
10.1371/journal.pone.0102100,https://doi.org/10.1371/journal.pone.0102100,,,True,,"Kirino, Y.; Bertsias, G.; Ishigatsubo, Y.; Mizuki, N.; Tugal-Tutkun, I.",Genome-wide association analysis identifies new susceptibility loci for Behçet's disease and epistasis between HLA-B*51 and ERAP1,Nat Genet,45,,202-207,2013,ERAP1 gene polymorphism (rs17482078) is associated with Behçet's disease susceptibility with epistatic interaction with HLA-B*51,inconclusive,direct,medical fields,rheumatology,,high,,3.08,OR,,,,,822,1.8,OR,,0.1,>,,6
10.1371/journal.pone.0108210,https://doi.org/10.1371/journal.pone.0108210,,,True,https://doi.org/10.1001/jamapediatrics.2013.4914,"Liew, Z.; Riutz, B.; Rebordosa, C.; Lee, P.; Olsed, J.","Acetaminophen use during pregnancy, behavioural problems, and hyperkinetic disorders",JAMA Pediatrics,,,,2014,Acetaminophen use during pregnancy increases the risk of ADHD symptoms and hyperkinetic disorders in 7-year-old children,success,close,medical fields,psychiatry,,high,64322,,,,,,,871,2.1,OR,"[0.0, 5.0]",,,,6
10.1371/journal.pone.0109035,https://doi.org/10.1371/journal.pone.0109035,,,True,,"Horton, W.",The influence of partner-specific memory associations on language production: evidence from picture naming,Lang Cogn Process,22,,1114-1139,2007,"Partner-specific memory associations facilitate object naming, with speakers naming pictures faster when the partner present was previously associated with that picture label",failure,close,psychology,cognitive psychology,,high,16,0.68,d,,,,,14,,,,0.91,=,two-sided,6
10.1371/journal.pone.0109035,https://doi.org/10.1371/journal.pone.0109035,,,True,,"Horton, W.",The influence of partner-specific memory associations on language production: evidence from picture naming,Lang Cogn Process,22,,1114-1139,2007,"Partner-specific memory associations facilitate object naming, with speakers naming pictures faster when the partner present was previously associated with that picture label",failure,direct,psychology,cognitive psychology,,high,16,0.68,d,,,,,49,,,,0.40,=,two-sided,6
10.1371/journal.pone.0109035,https://doi.org/10.1371/journal.pone.0109035,,,True,,"Horton, W.",The influence of partner-specific memory associations on language production: evidence from picture naming,Lang Cogn Process,22,,1114-1139,2007,"Partner-specific memory associations facilitate object naming, with speakers naming pictures faster when the partner present was previously associated with that picture label",failure,conceptual,psychology,cognitive psychology,,high,16,0.68,d,,,,,48,,,,0.72,=,two-sided,6
10.1371/journal.pone.0137000,https://doi.org/10.1371/journal.pone.0137000,,,True,https://doi.org/10.1016/j.biopsycho.2010.05.010,"Mikolajczak, M.; Pinon, N.; Lane, A.; De Timary, P.; Luminet, O.","Oxytocin does not only increases trust when money is at stake, but also when confidential information is in the balance",Biological Psychology,85,,182-184,2010,"Intranasal oxytocin increases trusting behavior toward strangers when confidential information is at stake, as measured by the degree of openness of an envelope containing intimate questionnaire responses",failure,close,psychology,social psychology,,high,,2.29,d,,,,,95,,,,0.663,=,,6
10.1371/journal.pone.0137000,https://doi.org/10.1371/journal.pone.0137000,,,True,https://doi.org/10.1016/j.biopsycho.2010.05.010,"Mikolajczak, M.; Pinon, N.; Lane, A.; De Timary, P.; Luminet, O.","Oxytocin does not only increases trust when money is at stake, but also when confidential information is in the balance",Biological Psychology,85,,182-184,2010,"Intranasal oxytocin increases trusting behavior toward strangers when confidential information is at stake, as measured by the degree of openness of an envelope containing intimate questionnaire responses",failure,direct,psychology,social psychology,,high,,2.29,d,,,,,61,,,,0.589,=,,6
10.1371/journal.pone.0140665,https://doi.org/10.1371/journal.pone.0140665,,,True,https://doi.org/10.1371/journal.pone.0090747,"Fuermaier, A.; Tucha, L.; Koerts, J.; Van Heuvelen, M.; Van Der Zee, E.; Lange, K.",Good vibrations-effects of whole body vibration on attention in healthy individuals and individuals with attention-deficit / hyperactivity disorder,PLoS ONE,9,2,90747,2014,Two-minute whole body vibration (WBV) treatments improve inhibitory control and attention in healthy adults,success,close,psychology,cognitive psychology,,high,,,,,,,,55,0.10,d,,0.009,=,two-sided,6
10.1371/journal.pone.0140665,https://doi.org/10.1371/journal.pone.0140665,,,True,,"Regterschot, G.; Van Heuvelen, M.; Zeinstra, E.; Fuermaier, A.; Tucha, L.; Koerts, J.",Whole body vibration improves cognition in healthy young adults,PLoS One,9,6,,2014,Whole body vibration (WBV) treatment improves cognitive functioning in healthy young adults,success,close,psychology,cognitive psychology,,high,,,,,,,,55,0.10,d,,0.009,=,two-sided,6
10.1371/journal.pone.0141181,https://doi.org/10.1371/journal.pone.0141181,,,True,https://doi.org/10.1177/0956797610395393,"Hart, W.; Albarracín, D.",Learning about what others were doing: verb aspect and attributions of mundane and criminal intent for past actions,Psychol Sci,22,,261-266,2011,"Grammatical aspect (imperfective vs. perfective) influences perceived intentionality of criminal actions, with imperfective aspect leading to higher intentionality judgments",failure,conceptual,psychology,cognitive psychology,,high,,0.66,d,,,,,139,,,,0.596,=,,6
10.1371/journal.pone.0147924,https://doi.org/10.1371/journal.pone.0147924,,,False,,,,,,,,,,,,,,,,,,,,,,,,,,,,,,
10.1371/journal.pone.0154854,https://doi.org/10.1371/journal.pone.0154854,,,True,,"Degen, J.; Franke, M.",Optimal reasoning about referential expressions,The 16th Workshop on the Semantics and Pragmatics of Dialogue,,,2-11,2012,Experiment 1: Participants draw ad hoc Quantity implicatures of varying complexity in comprehension of referential expressions in reference games,success,direct,linguistics,applied linguistics,,high,,,,,,,,51,,,,,,,6
10.1371/journal.pone.0154854,https://doi.org/10.1371/journal.pone.0154854,,,True,,"Degen, J.; Franke, M.",Optimal reasoning about referential expressions,The 16th Workshop on the Semantics and Pragmatics of Dialogue,,,2-11,2012,Experiment 2: Participants produce referential expressions requiring ad hoc Quantity implicatures of varying complexity in reference games,success,direct,linguistics,applied linguistics,,high,,,,,,,,50,,,,,,,6
10.1371/journal.pone.0163051,https://doi.org/10.1371/journal.pone.0163051,,,True,,"Haushofer, J.; Schunk, D.; Fehr, E.",Negative income shocks increase discount rates,,,,,2013,Negative income shocks increase delay discounting rates for future monetary gains,success,close,economics,behavioral economics,,high,,,,,,,,203,,,,0.001,<,,6
10.1371/journal.pone.0163051,https://doi.org/10.1371/journal.pone.0163051,,,True,https://doi.org/10.1901/jeab.2011.96–363,"Radu, P.; Yi, R.; Bickel, W.; Gross, J.; McClure, S.",A mechanism for reducing delay discounting by altering temporal attention,J Exp Anal Behav,96,3,363-385,2011,Making implicit zeros explicit in intertemporal choice reduces delay discounting by extending the temporal window of valuation,success,direct,psychology,cognitive psychology,,high,,,,,,,,599,,,,0.001,<,,6
10.1371/journal.pone.0163051,https://doi.org/10.1371/journal.pone.0163051,,,True,https://doi.org/10.1037/0021-843X.112.3.382,"Baker, F.; Johnson, M.; Bickel, W.","Delay discounting in current and never-before cigarette smokers: similarities and differences across commodity, sign, and magnitude",J Abnorm Psychol,112,3,382-392,2003,Monetary losses are discounted less steeply than monetary gains (the sign effect),success,direct,psychology,cognitive psychology,,high,,,,,,,,599,,,,0.0001,<,,6
10.1371/journal.pone.0172792,https://doi.org/10.1371/journal.pone.0172792,,,True,,"John, Leslie K.; Loewenstein, George; Prelec, Drazen",Measuring the prevalence of questionable research practices with incentives for truth telling,Psychological Science,,,0956797611430953,2012,Survey of university psychologists reveals high prevalence of self-admitted use of questionable research practices that can bias research findings,success,direct,psychology,metascience,,high,484-499,,,,,,,217-223,0.94,r,"[0.76, 0.99]",,,,6
10.1371/journal.pone.0251448,https://doi.org/10.1371/journal.pone.0251448,,,True,https://doi.org/10.1038/s41598-017-17765-5,"Kuipers, J.; Jones, M.; Thierry, G.",Abstract images and words can convey the same meaning,Sci Rep,8,,1-6,2018,"Abstract pictures devoid of tangible situational features can elicit semantic priming effects for abstract concepts, showing shorter reaction times for related abstract picture-word pairs compared to unrelated pairs",success,close,psychology,cognitive psychology,,high,,,,,,,,20,0.57,d,"[0.19, 0.67]",0.01,=,one-sided,6
10.15/626/mp.2022.3108,https://doi.org/10.15/626/mp.2022.3108,,,True,https://doi.org/10.1126/science.1091721,"Johnson, E.; Goldstein, D.",Do defaults save lives?,Science,,,302,2003,Opt-out organ donation defaults increase organ donation consent rates compared to opt-in defaults,success,direct,psychology,social psychology,,high,,,,,,,,1920,1.67,OR,"[1.27, 2.19]",0.001,<,,6
10.15/626/mp.2022.3108,https://doi.org/10.15/626/mp.2022.3108,,,True,https://doi.org/10.1023/A:1015044207315,"Johnson, E.; Bellman, S.; Lohse, G.","Defaults, framing and privacy: why opting in-opting out1",Marketing Letters,13,1,5-15,2002,Opt-out defaults increase consent rates for receiving health survey notifications compared to opt-in defaults,failure,close,psychology,consumer psychology/marketing,,high,235,,,,,,,1920,0.75,OR,"[0.53, 1.05]",0.095,=,,6
10.15/626/mp.2022.3108,https://doi.org/10.15/626/mp.2022.3108,,,True,https://doi.org/10.1023/A:1015044207315,"Johnson, E.; Bellman, S.; Lohse, G.","Defaults, framing and privacy: why opting in-opting out1",Marketing Letters,13,1,5-15,2002,Opt-out defaults increase consent rates for receiving organ donation information compared to opt-in defaults,inconclusive,conceptual,psychology,consumer psychology/marketing,,high,235,,,,,,,966,1.81,OR,"[1.14, 2.87]",0.012,=,,6
10.1504/ijesb.2007.014983,https://doi.org/10.1504/ijesb.2007.014983,,,True,,"Beverland, M.; Lindgreen, A.",Using country of origin in strategy: the importance of context and strategic action,Brand Management,10,2,147-167,2002,New Zealand agribusiness specialist marketing boards heavily use country of origin imagery in international marketing strategies for niche products as a means of differentiation,success,close,business & management,management,,high,,,,,,,,,,,,,,,6
10.1515/cog-2012-0021,https://doi.org/10.1515/cog-2012-0021,,,True,,"Masuda, T.; Nisbett, R.",Attending holistically vs. analytically: Comparing the context sensitivity of Japanese and Americans,Journal of Personality and Social Psychology,81,,922-934,2001,"Japanese participants attend more holistically to background (Ground) elements in visual scenes compared to Americans, as evidenced by mentioning more background information in descriptions",success,close,psychology,cognitive psychology,,high,,,,,,,,76,,,,0.001,<,,6
10.1515/cog-2012-0021,https://doi.org/10.1515/cog-2012-0021,,,True,,"Masuda, T.; Nisbett, R.",Attending holistically vs. analytically: Comparing the context sensitivity of Japanese and Americans,Journal of Personality and Social Psychology,81,,922-934,2001,"Japanese participants show superior memory for background (Ground) elements in visual scenes compared to Americans, as measured by fragment identification accuracy",success,close,psychology,cognitive psychology,,high,,,,,,,,76,,,,0.001,<,,6
10.1515/cog-2012-0021,https://doi.org/10.1515/cog-2012-0021,,,True,,"Masuda, T.; Nisbett, R.",Attending holistically vs. analytically: Comparing the context sensitivity of Japanese and Americans,Journal of Personality and Social Psychology,81,,922-934,2001,"Japanese participants show superior memory for background (Ground) information details in visual scenes compared to Americans, as measured by information recall questions",success,close,psychology,cognitive psychology,,high,,,,,,,,76,,,,0.001,<,,6
10.1521/pedi.2010.24.4.516,https://doi.org/10.1521/pedi.2010.24.4.516,,,True,,"Raine, A.; Benishay, D.",The SPQ-B: A brief screening instrument for schizotypal personality disorder,Journal of Personality Disorders,9,,558-565,1995,"The SPQ-Brief's three-factor structure (Cognitive-Perceptual, Interpersonal, and Disorganized dimensions) adequately captures schizotypal traits when assessed with true-false items",failure,close,psychology,clinical psychology,,high,,,,,,,,1356,,,,,,,6
10.1521/pedi.2011.25.4.492,https://doi.org/10.1521/pedi.2011.25.4.492,,,False,,,,,,,,,,,,,,,,,,,,,,,,,,,,,,
10.1525/collabra.181,https://doi.org/10.1525/collabra.181,,,True,https://doi.org/10.1006/jmla.1996.0032,"Saffran, J.; Newport, E.; Aslin, R.",Word segmentation: the role of distributional cues,Journal of memory and language,35,4,606-621,1996,"Adults can discriminate words in a novel language from foils after listening to speech, demonstrating statistical word segmentation ability",success,direct,psychology,cognitive psychology,,high,,,,,,,,98,,,,,,,6
10.1525/collabra.181,https://doi.org/10.1525/collabra.181,,,True,https://doi.org/10.1016/S0010-0277(98)00075-4,"Saffran, J.; Johnson, E.; Aslin, R.; Newport, E.",Statistical learning of tone sequences by human infants and adults,Cognition,70,1,27-52,1999,"Adults can engage in statistical word segmentation of tone sequences (musical notes rather than speech syllables), demonstrating domain-general learning",success,direct,psychology,cognitive psychology,,high,,,,,,,,77,,,,,,,6
10.1525/collabra.181,https://doi.org/10.1525/collabra.181,,,True,https://doi.org/10.1016/S0010-0277(98)00075-4,"Saffran, J.; Johnson, E.; Aslin, R.; Newport, E.",Statistical learning of tone sequences by human infants and adults,Cognition,70,1,27-52,1999,"Adults can discriminate trained tone sequences from part-word foils, demonstrating statistical segmentation with more difficult foils",success,direct,psychology,cognitive psychology,,high,,,,,,,,72,,,,,,,6
10.1525/collabra.181,https://doi.org/10.1525/collabra.181,,,True,https://doi.org/10.1016/j.cognition.2008.04.002,"Finn, A.; Hudson Kam, C.",The curse of knowledge: first language knowledge impairs adult learners' use of novel statistics for word segmentation,Cognition,108,2,477-499,2008,English-speaking adults fail to successfully segment words that violate English phonotactic constraints but can successfully segment phonotactically-licit words,inconclusive,direct,psychology,cognitive psychology,,medium,,,,,,,,71,,,,,,,6
10.1525/collabra.181,https://doi.org/10.1525/collabra.181,,,True,https://doi.org/10.1016/j.cognition.2008.04.002,"Finn, A.; Hudson Kam, C.",The curse of knowledge: first language knowledge impairs adult learners' use of novel statistics for word segmentation,Cognition,108,2,477-499,2008,Pre-exposure to one word from a language does not help learners succeed in learning words with illicit onset consonant clusters,inconclusive,direct,psychology,cognitive psychology,,medium,,,,,,,,39,,,,,,,6
10.1525/collabra.181,https://doi.org/10.1525/collabra.181,,,True,https://doi.org/10.1016/j.cognition.2010.07.005,"Frank, M.; Goldwater, S.; Griffiths, T.; Tenenbaum, J.",Modeling human performance in statistical word segmentation,Cognition,117,2,107-125,2010,"Word segmentation becomes considerably more difficult as sentence length increases, while word length does not affect segmentation difficulty",success,direct,psychology,cognitive psychology,,high,,,,,,,,285,,,,,,,6
10.1525/collabra.337,https://doi.org/10.1525/collabra.337,,,True,https://doi.org/10.1177/1059601118807784,"Thomas, B.; Lucas, K.",Development and validation of the Workplace Dignity Scale,Group & Organization Management,44,1,72-111,2019,"The Workplace Dignity Scale (WDS) is a valid and reliable measure of workplace dignity, with a second-order factor structure where Dignity is reflected by five subfactors and covaries with a separate Indignity factor",inconclusive,direct,psychology,social psychology,,high,,,,,,,,812,,,,,,,6
10.1525/collabra.57789,https://doi.org/10.1525/collabra.57789,,,True,https://doi.org/10.1037/a0027407,"Carter, T.; Gilovich, T.","I am what I do, not what I have: the differential centrality of experiential and material purchases to the self",Journal of Personality and Social Psychology,102,6,1304-1317,2012,Knowledge of a person's experiential purchases (vs. material purchases) provides greater insight into their true self,success,close,psychology,social psychology,,high,,0.37,d,"[0.19, 0.55]",,,,743,0.65,d,"[0.57, 0.73]",0.001,<,two-sided,6
10.1525/collabra.57789,https://doi.org/10.1525/collabra.57789,,,True,https://doi.org/10.1037/a0027407,"Carter, T.; Gilovich, T.","I am what I do, not what I have: the differential centrality of experiential and material purchases to the self",Journal of Personality and Social Psychology,102,6,1304-1317,2012,Knowledge of a stranger's experiential purchases (vs. material purchases) provides greater insight into the stranger's true self,success,close,psychology,social psychology,,high,101,0.38,d,"[0.18, 0.58]",,,,743,0.88,d,"[0.80, 0.96]",0.001,<,two-sided,6
10.1525/collabra.57789,https://doi.org/10.1525/collabra.57789,,,True,https://doi.org/10.1037/a0027407,"Carter, T.; Gilovich, T.","I am what I do, not what I have: the differential centrality of experiential and material purchases to the self",Journal of Personality and Social Psychology,102,6,1304-1317,2012,"When meeting a new person, information about their experiential purchases (vs. material purchases) is more insightful, useful, and fun to talk about",success,close,psychology,social psychology,,high,102,0.74,d,"[0.52, 0.96]",,,,743,1.13,d,"[1.04, 1.22]",0.001,<,two-sided,6
10.1525/collabra.57789,https://doi.org/10.1525/collabra.57789,,,True,https://doi.org/10.1037/a0027407,"Carter, T.; Gilovich, T.","I am what I do, not what I have: the differential centrality of experiential and material purchases to the self",Journal of Personality and Social Psychology,102,6,1304-1317,2012,Deleting memories of experiential purchases (vs. material purchases) has a greater impact on self-concept and is associated with greater satisfaction from experiential purchases,success,close,psychology,social psychology,,high,,0.75,d,"[0.22, 1.27]",,,,743,0.39,d,"[0.25, 0.54]",0.001,<,two-sided,6
10.1525/eth.1984.12.2.02a00040,https://doi.org/10.1525/eth.1984.12.2.02a00040,,,False,,,,,,,,,,,,,,,,,,,,,,,,,,,,,,
10.1525/mp.2019.37.1.26,https://doi.org/10.1525/mp.2019.37.1.26,,,True,,"London, J.; Burger, B.; Thompson, M.; Toiviainen, P.",Speed on the dance floor: Auditory and visual cues for musical tempo,Acta Psychologica,164,,70-80,2016,"When presented with tempo-shifted versions of familiar songs, listeners' tempo judgments are anchored around the original version's tempo rather than corresponding to the actual BPM rates (the Tempo Anchoring Effect)",success,direct,psychology,cognitive psychology,,high,,,,,,,,21,0.828,etasq,,0.001,<,,6
10.15288/jsad.2014.75.870,https://doi.org/10.15288/jsad.2014.75.870,,,True,,"Gilbertson, R.; Ceballos, N.; Prather, R.; Nixon, S.",Effects of acute alcohol consumption in older and younger adults: Perceived impairment versus psychomotor performance,Journal of Studies on Alcohol and Drugs,70,,242-252,2009,Moderate alcohol doses impair psychomotor and set-shifting performance (Trail Making Test Part B) in older adults (50-75 years) at blood alcohol concentrations (~.05 g/dl) that do not impair younger adults (25-35 years),success,direct,psychology,cognitive psychology,,high,,,,,,,,90,0.69,d,,0.01,=,two-sided,6
10.15288/jsad.2014.75.870,https://doi.org/10.15288/jsad.2014.75.870,,,True,,"Sklar, A.; Gilbertson, R.; Boissoneault, J.; Prather, R.; Nixon, S.",Differential effects of moderate alcohol consumption on performance among older and younger adults,Alcoholism: Clinical and Experimental Research,36,,2150-2156,2012,Moderate alcohol (BAC ~.05 g/dl) causes speed/accuracy tradeoffs in older but not younger adults on attention and working memory tasks,success,close,psychology,cognitive psychology,,medium,,,,,,,,90,,,,0.02,=,two-sided,6
10.15288/jsad.2015.76.872,https://doi.org/10.15288/jsad.2015.76.872,,,True,https://doi.org/10.1016/j.addbeh.2010.12.013,"Labrie, J.; Lac, A.; Kenney, S.; Mirza, T.",Protective behavioral strategies mediate the effect of drinking motives on alcohol use among heavy drinking college students: Gender and race differences,Addictive Behaviors,36,,354-361,2011,Protective behavioral strategies partially mediate the association between drinking motives and alcohol consumption in heavy drinking college students,failure,direct,psychology,clinical psychology,,high,1592,,,,,,,401,0.04,standardized indirect effect,"[0.0, 0.08]",,,,6
10.15288/jsad.2015.76.872,https://doi.org/10.15288/jsad.2015.76.872,,,True,https://doi.org/10.15288/jsad.2007.68.106,"Martens, M.; Ferrier, A.; Cimini, M.",Do protective behavioral strategies mediate the relationship between drinking motives and alcohol use in college students,Journal of Studies on Alcohol and Drugs,68,,106-114,2007,Protective behavioral strategies partially mediate the associations between social and enhancement motives and alcohol consumption,success,direct,psychology,clinical psychology,,high,254,,,,,,,539,0.05,standardized indirect effect,"[0.01, 0.08]",,,,6
10.15288/jsad.2015.76.872,https://doi.org/10.15288/jsad.2015.76.872,,,True,https://doi.org/10.1080/15538605.2012.725650,"Ebersole, R.; Noble, J.; Madson, M.","Drinking motives, negative consequences, and protective behavioral strategies in lesbian, gay, bisexual, and transgender college students",Journal of LGBT Issues in Counseling,6,,337-352,2012,"Protective behavioral strategies mediate the pathways between enhancement motives and alcohol-related consequences, and between coping with depression motives and alcohol-related consequences",success,close,psychology,clinical psychology,,high,143,,,,,,,449,0.07,standardized indirect effect,"[0.04, 0.11]",,,,6
10.15288/jsad.2019.80.86,https://doi.org/10.15288/jsad.2019.80.86,,,True,https://doi.org/10.15288/jsad.2014.75.870,"Boissoneault, J.; Sklar, A.; Prather, R.; Nixon, S.","Acute effects of moderate alcohol on psychomotor, set shifting, and working memory function in older and younger social drinkers",Journal of Studies on Alcohol and Drugs,75,,870-879,2014,"Acute moderate alcohol consumption produces age-contingent divergent effects on working memory performance, with older adults showing greater alcohol-related decrements than younger adults",inconclusive,direct,psychology,cognitive psychology,,high,90,1.45,d,,0.01,<,two-sided,90,0.94,d,,0.02,=,two-sided,6
10.15626/mp.2019.2289,https://doi.org/10.15626/mp.2019.2289,,,True,https://doi.org/10.1038/s41467-018-08250-2,"Bravo, G.; Grimaldo, F.; López-Iñesta, E.; Mehmani, B.; Squazzoni, F.",The effect of publishing peer review reports on referee behavior in five scholarly journals,Nature Communications,10,1,1-8,2019,Reviewers who voluntarily sign their reviews give more positive recommendations than reviewers who do not sign their reviews,success,close,sociology,metascience,,high,,,,,,,,16196,,,,,,,6
10.15626/mp.2020.2470,https://doi.org/10.15626/mp.2020.2470,,,True,https://doi.org/10.1007/BF00055564,"Samuelson, W.; Zeckhauser, R.",Status quo bias in decision making,Journal of Risk and Uncertainty,1,1,7-59,1988,Framing an option as the status quo increases its choice rate compared to neutral or non-status quo framing in a budget allocation scenario,success,close,psychology,social psychology,,high,,,,,,,,311,0.44,h,,0.002,≤,,6
10.15626/mp.2020.2470,https://doi.org/10.15626/mp.2020.2470,,,True,https://doi.org/10.1007/BF00055564,"Samuelson, W.; Zeckhauser, R.",Status quo bias in decision making,Journal of Risk and Uncertainty,1,1,7-59,1988,Framing an option as the status quo increases its choice rate compared to neutral or non-status quo framing in a wagon color choice scenario,failure,close,psychology,social psychology,,high,,0.45,h,,,,,311,,,,0.110,≥,,6
10.15626/mp.2020.2470,https://doi.org/10.15626/mp.2020.2470,,,True,https://doi.org/10.1007/BF00055564,"Samuelson, W.; Zeckhauser, R.",Status quo bias in decision making,Journal of Risk and Uncertainty,1,1,7-59,1988,Framing an option as the status quo increases its choice rate compared to neutral or non-status quo framing in an investment portfolio choice scenario,success,close,psychology,social psychology,,high,,,,,,,,316,0.16,h,,,,,6
10.15626/mp.2020.2470,https://doi.org/10.15626/mp.2020.2470,,,True,https://doi.org/10.1007/BF00055564,"Samuelson, W.; Zeckhauser, R.",Status quo bias in decision making,Journal of Risk and Uncertainty,1,1,7-59,1988,Framing an option as the status quo increases its choice rate compared to neutral or non-status quo framing in a college job choice scenario,success,close,psychology,social psychology,,high,,,,,,,,316,0.27,h,,,,,6
10.16875/stem.2012.13.3.105,https://doi.org/10.16875/stem.2012.13.3.105,,,True,,"Oki, M.",Implementing lessons based on movie reviews,STEM,12,2,263-290,2011,Using movie review and poster projects increases student motivation and engagement in English language learning,success,close,education,second language acquisition,,high,26,,,,,,,12,,,,,,,6
10.16995/zygon.11497,https://doi.org/10.16995/zygon.11497,,,True,,"Brooke, John Hedley",Science and religion: some historical perspectives,,,,,1991,Puritan religious values and sentiments led to greater receptivity for new scientific ideas and increased legitimacy of practical or applied science in seventeenth-century England,inconclusive,direct,sociology,metascience,,high,,,,,,,,,,,,,,,6
10.17105/spr45-1.73-92,https://doi.org/10.17105/spr45-1.73-92,,,True,https://doi.org/10.1016/j.jsp.2011.09.003,"Daunic, A.; Smith, S.; Garvan, C.; Barber, B.; Becker, M.; Peters, C.; Naranjo, A.",Reducing developmental risk for emotional/behavioral problems: a randomized controlled trial examining the Tools for Getting Along curriculum,Journal of School Psychology,50,,149-166,2012,"The Tools for Getting Along (TFGA) cognitive-behavioral curriculum reduces risk for emotional and behavioral problems in upper elementary students by improving executive function, behavioral adjustment, aggression control, anger management, and social problem-solving skills",success,close,psychology,educational psychology,,high,1296,,,,,,,2079,,,,,,,6
10.17605/osf.io/2zgf9,https://doi.org/10.17605/osf.io/2zgf9,,,True,,"Cunningham, W. A.; Van Bavel, J. J.; Johnsen, I. R.",Affective flexibility evaluative processing goals shape amygdala activity,Psychological Science,19,2,152-160,2008,"Amygdala activation is greater when evaluating stimuli on a scale that matches the stimulus valence (positive stimuli on positive scale, negative stimuli on negative scale), demonstrating affective flexibility",success,direct,neuroscience,cognitive neuroscience,,high,12,0.468,etasq,,0.01,<,,23,0.226,etasq,,0.02,<,,6
10.17605/osf.io/4hjck,https://doi.org/10.17605/osf.io/4hjck,,,True,https://doi.org/10.1111/j.1467-9280.2006.01720.x,"Peters, E.; Västfjäll, D.; Slovic, P.; Mertz, C. K.; Mazzocco, K.; Dickert, S.",Numeracy and decision making,Psychological Science,17,5,407-413,2006,Study 1: Higher numeracy is associated with weaker positive-negative attribute framing effect when evaluating student performance,success,direct,psychology,cognitive psychology,,high,100,0.25,f,,,,,860,0.01,etasq,,0.025,=,,6
10.17605/osf.io/4hjck,https://doi.org/10.17605/osf.io/4hjck,,,True,https://doi.org/10.1111/j.1467-9280.2006.01720.x,"Peters, E.; Västfjäll, D.; Slovic, P.; Mertz, C. K.; Mazzocco, K.; Dickert, S.",Numeracy and decision making,Psychological Science,17,5,407-413,2006,Study 2: Higher numeracy is associated with weaker frequency-percentage effect in risk perception,inconclusive,direct,psychology,cognitive psychology,,high,46,0.31,f,,,,,860,0.00,etasq,,0.065,=,,6
10.17605/osf.io/4hjck,https://doi.org/10.17605/osf.io/4hjck,,,True,https://doi.org/10.1111/j.1467-9280.2006.01720.x,"Peters, E.; Västfjäll, D.; Slovic, P.; Mertz, C. K.; Mazzocco, K.; Dickert, S.",Numeracy and decision making,Psychological Science,17,5,407-413,2006,Study 3: Higher numeracy is associated with more optimal choices in ratio bias paradigm (choosing Bowl B with better odds over Bowl A with more absolute winning jellybeans),success,direct,psychology,cognitive psychology,,high,46,0.77,φ,,,,,860,0.17,V,"[0.1, 0.24]",0.001,<,,6
10.17605/osf.io/4hjck,https://doi.org/10.17605/osf.io/4hjck,,,True,https://doi.org/10.1111/j.1467-9280.2006.01720.x,"Peters, E.; Västfjäll, D.; Slovic, P.; Mertz, C. K.; Mazzocco, K.; Dickert, S.",Numeracy and decision making,Psychological Science,17,5,407-413,2006,Study 4: Higher numeracy is associated with stronger bets effect (greater difference in attractiveness ratings between loss and no-loss bet conditions),success,direct,psychology,cognitive psychology,,high,171,0.23,f,,,,,860,0.02,etasq,,0.001,<,,6
10.17605/osf.io/82bwv,https://doi.org/10.17605/osf.io/82bwv,,,True,,"Hajcak, Greg; Foti, Dan",Errors are aversive,Psychological Science,,,,2008,The magnitude of the error-related negativity (ERN) is significantly correlated with the magnitude of the error-potentiated startle (EPS) response,failure,direct,psychology,psychophysiology,,high,,-0.38,r,,0.05,<,one-sided,43,-0.25,r,,0.11,=,one-sided,6
10.17605/osf.io/ahcpw,https://doi.org/10.17605/osf.io/ahcpw,,,True,https://doi.org/10.1037/0096-3445.133.1.23,"Hsee, Christopher; Rottenstreich, Yuval","Music, pandas, and muggers: on the affective psychology of value",Journal of Experimental Psychology: General,133,1,23-30,2004,"Study 2: Affect-rich targets (music book) lead to scope-insensitive valuation, while affect-poor targets (cash) lead to scope-sensitive valuation when assessing willingness to work",failure,direct,psychology,social psychology,,high,,0.02,etasq,"[0.003, 0.05]",,,,1010,0.00,etasq,"[0.00, 0.00]",0.85,=,,6
10.17605/osf.io/ahcpw,https://doi.org/10.17605/osf.io/ahcpw,,,True,https://doi.org/10.1037/0096-3445.133.1.23,"Hsee, Christopher; Rottenstreich, Yuval","Music, pandas, and muggers: on the affective psychology of value",Journal of Experimental Psychology: General,133,1,23-30,2004,"Study 3: Affect-rich presentations (pictures) lead to scope-insensitive donation amounts, while affect-poor presentations (dots) lead to scope-sensitive donation amounts for saving pandas",failure,direct,psychology,social psychology,,high,,0.03,etasq,"[0.002, 0.10]",,,,1010,0.00,etasq,"[0.00, 0.00]",0.87,=,,6
10.17605/osf.io/ahcpw,https://doi.org/10.17605/osf.io/ahcpw,,,True,https://doi.org/10.1037/0096-3445.133.1.23,"Hsee, Christopher; Rottenstreich, Yuval","Music, pandas, and muggers: on the affective psychology of value",Journal of Experimental Psychology: General,133,1,23-30,2004,"Study 4: Affect-rich conditions (empathy instructions) lead to scope-insensitive prison sentence recommendations, while affect-poor conditions (no-empathy) lead to scope-sensitive recommendations when sentencing a mugger",failure,direct,psychology,social psychology,,high,,0.02,etasq,"[0.005, 0.07]",,,,1010,0.00,etasq,,0.30,=,,6
10.17605/osf.io/b25tr,https://doi.org/10.17605/osf.io/b25tr,,,False,,,,,,,,,,,,,,,,,,,,,,,,,,,,,,
10.17605/osf.io/ehjdm,https://doi.org/10.17605/osf.io/ehjdm,,,True,,"Janiszewski, C.; Uy, D.",Anchor precision influences the amount of adjustment,Psychological Science,19,,121-127,2008,"Precise numerical anchors (e.g., $9.99) lead to less adjustment in price estimates than round numerical anchors (e.g., $10)",inconclusive,direct,psychology,social psychology,,high,,0.55,etasq,,,,,120,0.05,etasq,,0.014,=,,6
10.17605/osf.io/g2zv6,https://doi.org/10.17605/osf.io/g2zv6,,,True,,"Strohminger, Nina; Nichols, Shaun",The essential moral self,Cognition,,,,2014,"Study 1: Loss of moral conscience produces the greatest disruption to personal identity compared to losses of other mental functions (memory, desires, object recognition)",success,close,psychology,social psychology,,high,148,0.43,d,"[0.11, 0.76]",0.009,=,,983,,,,0.001,<,,6
10.17605/osf.io/g2zv6,https://doi.org/10.17605/osf.io/g2zv6,,,True,,"Strohminger, Nina; Nichols, Shaun",The essential moral self,Cognition,,,,2014,"Study 5: Change in moral traits produces the greatest perceived change to personal identity compared to changes in personality, basic cognition, memory, desires and preferences, and perception",success,close,psychology,social psychology,,high,79,0.82,d,"[0.56, 1.07]",0.0001,<,,983,0.76,d,"[0.69, 0.83]",0.001,<,,6
10.17605/osf.io/ictp5,https://doi.org/10.17605/osf.io/ictp5,,,True,,"Nurmsoo, E.; Bloom, P.",Preschoolers' perspective taking in word learning,Psychological Science,,,,2008,"Older preschool children use speaker eye gaze to learn word-object mappings, selecting the correct object above chance levels on 'where' trials when the speaker gazes at one of two novel objects",failure,direct,psychology,developmental psychology,,high,32,1.16,d,,,,,8,,,,0.197,=,,6
10.17605/osf.io/j3ue4,https://doi.org/10.17605/osf.io/j3ue4,,,True,https://doi.org/10.1037/0022-3514.83.1.138,"Smith, R. H.; Webster, J. M.; Parrott, W. G.; Eyre, H. L.",The role of public exposure in moral and nonmoral shame and guilt,Journal of Personality and Social Psychology,83,1,138-159,2002,Public exposure of moral transgressions increases feelings of shame more than guilt compared to private situations,failure,close,psychology,social psychology,,high,168,0.14,etasq,,,,,1272,0.14,etasq,"[0.11, 0.17]",0.001,<,,6
10.17605/osf.io/j9mfn,https://doi.org/10.17605/osf.io/j9mfn,,,True,https://doi.org/10.1037/0022-3514.90.4.543,"Kozak, M. N.; Marsh, A. A.; Wegner, D. M.",What do I think you're doing? Action identification and mind attribution,Journal of personality and social psychology,90,4,543,2006,Study 1: Action identification is positively correlated with mind attribution,failure,close,psychology,social psychology,,medium,50,0.30,r,"[0.024, 0.53]",0.05,<,,65,,,,0.999,>,,6
10.17605/osf.io/j9mfn,https://doi.org/10.17605/osf.io/j9mfn,,,True,https://doi.org/10.1037/0022-3514.90.4.543,"Kozak, M. N.; Marsh, A. A.; Wegner, D. M.",What do I think you're doing? Action identification and mind attribution,Journal of personality and social psychology,90,4,543,2006,Study 2: Action identification and mind attribution are higher for liked characters compared to disliked characters,inconclusive,close,psychology,social psychology,,medium,35,0.22,etasq,"[0.024, 0.47]",0.01,<,,65,0.27,etasq,,0.0218,=,,6
10.17605/osf.io/j9mfn,https://doi.org/10.17605/osf.io/j9mfn,,,True,https://doi.org/10.1037/0022-3514.90.4.543,"Kozak, M. N.; Marsh, A. A.; Wegner, D. M.",What do I think you're doing? Action identification and mind attribution,Journal of personality and social psychology,90,4,543,2006,Study 3: Action identification and mind attribution are higher for non-suffering characters compared to suffering characters,failure,close,psychology,social psychology,,medium,61,0.06,etasq,"[0, 0.22]",0.05,<,,65,,,,,,,6
10.17605/osf.io/j9mfn,https://doi.org/10.17605/osf.io/j9mfn,,,True,https://doi.org/10.1037/0022-3514.90.4.543,"Kozak, M. N.; Marsh, A. A.; Wegner, D. M.",What do I think you're doing? Action identification and mind attribution,Journal of personality and social psychology,90,4,543,2006,Study 5: Action identification is higher when adopting 1st-person perspective compared to 3rd-person perspective,failure,close,psychology,social psychology,,medium,43,0.094,etasq,"[0, 0.304]",0.05,<,,65,,,,,,,6
10.17605/osf.io/knjhu,https://doi.org/10.17605/osf.io/knjhu,,,True,https://doi.org/10.1037//0022-3514.54.4.569,"Baron, J.; Hershey, J.",Outcome bias in decision evaluation,Journal of Personality and Social Psychology,54,4,569,1988,Decisions that resulted in successful outcomes are rated as better than decisions that resulted in failed outcomes (physician decision-maker condition),success,close,psychology,social psychology,,high,20,0.53,d,"[0.06, 0.99]",,,,692,1.10,d,"[0.94, 1.26]",0.001,<,two-sided,6
10.17605/osf.io/knjhu,https://doi.org/10.17605/osf.io/knjhu,,,True,https://doi.org/10.1037//0022-3514.54.4.569,"Baron, J.; Hershey, J.",Outcome bias in decision evaluation,Journal of Personality and Social Psychology,54,4,569,1988,Decisions that resulted in successful outcomes are rated as better than decisions that resulted in failed outcomes (patient decision-maker condition),success,close,psychology,social psychology,,high,20,0.21,d,"[-0.23, 0.66]",,,,692,0.77,d,"[0.62, 0.93]",0.001,<,two-sided,6
10.17605/osf.io/nxp9w,https://doi.org/10.17605/osf.io/nxp9w,,,True,,"Tabibnia, G.; Satpute, A. B.; Lieberman, M. D.",The sunny side of fairness: preference for fairness activates reward circuitry (and disregarding unfairness activates self-control circuitry),Psychological Science,,,,2008,"Fair offers (versus unfair offers) activate reward regions (ventral striatum, orbitofrontal cortex, amygdala), and accepting unfair offers activates self-control circuitry (ventrolateral prefrontal cortex)",inconclusive,direct,psychology,social psychology,,high,12,,,,,,,24,,,,,,,6
10.17605/osf.io/qswe3,https://doi.org/10.17605/osf.io/qswe3,,,True,https://doi.org/10.1016/j.cognition.2011.04.005,"Young, L.; Saxe, R.",When ignorance is no excuse: different roles for intent across moral domains,Cognition,120,2,202-214,2011,"Experiment 1A: Innocent intentions (accidental violations) lead to more lenient wrongness judgements for harm compared to purity violations, such that accidental purity violations are judged more morally wrong than accidental harms",success,close,psychology,social psychology,,high,,0.15,etasq,,,,,1006,0.28,etasq,,0.001,<,,6
10.17605/osf.io/qswe3,https://doi.org/10.17605/osf.io/qswe3,,,True,https://doi.org/10.1016/j.cognition.2011.04.005,"Young, L.; Saxe, R.",When ignorance is no excuse: different roles for intent across moral domains,Cognition,120,2,202-214,2011,"Experiment 2: Participants would not perceive differences between harm and purity violations for intentionals and accidentals in ratings of emotional salience, control, knowledge, or intent (testing whether wrongness judgement differences are distinct from non-moral dimensions)",inconclusive,close,psychology,social psychology,,high,320,,,,,,,1006,,,,,,,6
10.17605/osf.io/qswe3,https://doi.org/10.17605/osf.io/qswe3,,,True,https://doi.org/10.1016/j.cognition.2011.04.005,"Young, L.; Saxe, R.",When ignorance is no excuse: different roles for intent across moral domains,Cognition,120,2,202-214,2011,Experiment 3: Moral wrongness judgements differ from disgust ratings between harm and purity violations for intentionals and accidentals (testing whether wrongness judgements are distinct from disgust),inconclusive,close,psychology,social psychology,,high,160,0.03,etasq,,,,,1006,0.12,etasq,,0.001,<,,6
10.17605/osf.io/qswe3,https://doi.org/10.17605/osf.io/qswe3,,,True,https://doi.org/10.1016/j.cognition.2011.04.005,"Young, L.; Saxe, R.",When ignorance is no excuse: different roles for intent across moral domains,Cognition,120,2,202-214,2011,"Experiment 4: Moral wrongness of failed attempts to harm is greater than that of failed attempts to commit purity violations, based on false beliefs and bad intentions",success,close,psychology,social psychology,,high,177,1.65,d,"[0.61, 2.7]",,,,1006,0.32,d,"[0.21, 0.43]",0.001,<,,6
10.17605/osf.io/rge23,https://doi.org/10.17605/osf.io/rge23,,,True,https://doi.org/10.1207/S15324834BASP2504_5,"Geers, A.; Lassiter, G.",Need for cognition and expectations as determinants of affective experience,Basic and Applied Social Psychology,25,4,313-325,2003,"Affective expectations influence affective experiences in an assimilation pattern (positive expectations lead to positive experiences) for people with low need for cognition, but produce contrast effects (positive expectations lead to negative experiences) for people with high need for cognition",failure,direct,psychology,social psychology,,high,160,0.04,etasq,,0.01,=,,252,0.01,etasq,,0.398,=,,6
10.17605/osf.io/w34fb,https://doi.org/10.17605/osf.io/w34fb,,,True,https://doi.org/10.1037/a0025883,"Gray, K.; Knobe, J.; Sheskin, M.; Bloom, P.; Barrett, L.",More than a body: Mind perception and the nature of objectification,Journal of Personality and Social Psychology,101,6,1207-1220,2011,Body focus causes decreased perceived agency and increased perceived experience (redistribution of mind perception),failure,close,psychology,social psychology,,high,,-0.58,g,"[-1.18, 0.02]",,,,240,-0.09,d,"[-0.4, 0.22]",,,,6
10.17605/osf.io/w34fb,https://doi.org/10.17605/osf.io/w34fb,,,True,https://doi.org/10.1037/a0025883,"Gray, K.; Knobe, J.; Sheskin, M.; Bloom, P.; Barrett, L.",More than a body: Mind perception and the nature of objectification,Journal of Personality and Social Psychology,101,6,1207-1220,2011,Body focus causes decreased perceived moral agency and increased perceived moral patiency (different moral statuses),failure,close,psychology,social psychology,,high,,0.28,d,"[0.06, 0.5]",,,,240,0.04,d,"[-0.09, 0.16]",,,,6
10.17605/osf.io/wmqtb,https://doi.org/10.17605/osf.io/wmqtb,,,True,,"Heath, C.; Larrick, R. P.; Wu, G.",Goals as reference points,Cognitive Psychology,38,1,79-109,1999,"Goals serve as reference points that alter the psychological value of outcomes consistent with the value function of Prospect Theory, dividing outcomes into gains and losses, with loss aversion and diminishing sensitivity",success,direct,psychology,social psychology,,high,,,,,,,,377,,,,,,,6
10.18178/ijssh.2023.v13.1164,https://doi.org/10.18178/ijssh.2023.v13.1164,,,True,,"Farrell, S.; McLaughlin, K.",Short-term recognition memory for serial order and timing,Memory and Cognition,35,7,1724-1734,2007,There is no relationship between temporal recognition and serial recognition in short-term memory,success,direct,psychology,cognitive psychology,,high,,,,,,,,30,,,,,,,6
10.18718/81781.23,https://doi.org/10.18718/81781.23,,,True,https://doi.org/10.1016/j.euroecorev.2004.01.004,"Fiorito, R.; Kollintzas, T.","Public goods, merit goods, and the relation between private and government consumption",European Economic Review,48,6,1367-1398,2004,"Merit goods (health, education, and other privately providable services) and private consumption are complements",success,direct,economics,macroeconomics,,high,300,0.534,elasticity,,,<,,232,0.471,elasticity,,,,,6
10.18718/81781.23,https://doi.org/10.18718/81781.23,,,True,https://doi.org/10.1016/j.euroecorev.2004.01.004,"Fiorito, R.; Kollintzas, T.","Public goods, merit goods, and the relation between private and government consumption",European Economic Review,48,6,1367-1398,2004,"Public goods (defense, public order, justice) and private consumption are substitutes",failure,direct,economics,macroeconomics,,high,300,-0.123,elasticity,,,,,232,-0.010,elasticity,,,,,6
10.18718/81781.24,https://doi.org/10.18718/81781.24,,,True,https://doi.org/10.1257/mac.20130176,"Svensson, L. O.",The possible unemployment cost of average inflation below a credible target,American Economic Journal: Macroeconomics,7,1,258-296,2015,Persistently low average inflation below a credible target leads to higher unemployment through a non-vertical long-run Phillips curve in Sweden,success,close,economics,macroeconomics,,high,57,-0.807,regression coefficient,,0.0001,<,,57,-0.807,regression coefficient,,0.0001,<,,6
10.18718/81781.24,https://doi.org/10.18718/81781.24,,,True,https://doi.org/10.1257/mac.20130176,"Svensson, L. O.",The possible unemployment cost of average inflation below a credible target,American Economic Journal: Macroeconomics,7,1,258-296,2015,Persistently low average inflation below a credible target leads to higher unemployment through a non-vertical long-run Phillips curve in the United States,success,close,economics,macroeconomics,,high,46,-0.304,regression coefficient,,0.0001,<,,46,-0.308,regression coefficient,,0.0001,<,,6
10.18718/81781.27,https://doi.org/10.18718/81781.27,,,True,https://doi.org/10.1002/soej.12223,"Chowdhury, S.; Jeon, J.; Saha, B.",Gender differences in the giving and taking variants of the dictator game,Southern Economic Journal,84,2,474-483,2017,"Women are more generous in the taking game than in the giving game, while men are less generous in the taking game than in the giving game (asymmetric gender framing effect)",failure,direct,economics,behavioral economics,,high,280,,,,0.001,<,,274,,,,,,,6
10.18718/81781.28,https://doi.org/10.18718/81781.28,,,True,https://doi.org/10.1257/mac.1.1.146,"Fernández, Raquel; Fogli, Alessandra","Culture: an empirical investigation of beliefs, work, and fertility",American Economic Journal: Macroeconomics,1,1,146-177,2009,Women from countries with traditionally higher female labor force participation rates are more likely to be in the labor force themselves,inconclusive,direct,economics,behavioral economics,,high,,0.072,regression coefficient,,,,,6768,0.059,regression coefficient,,,,,6
10.18718/81781.28,https://doi.org/10.18718/81781.28,,,True,https://doi.org/10.1257/mac.1.1.146,"Fernández, Raquel; Fogli, Alessandra","Culture: an empirical investigation of beliefs, work, and fertility",American Economic Journal: Macroeconomics,1,1,146-177,2009,Women from countries with traditionally lower total fertility rates have relatively fewer children,success,direct,economics,behavioral economics,,high,,0.219,regression coefficient,,,,,6768,0.228,regression coefficient,,,,,6
10.18718/81781.29,https://doi.org/10.18718/81781.29,,,True,https://doi.org/10.1162/REST_a_00258,"Poole, J.",Knowledge transfers from multinational to domestic firms: evidence from worker mobility,The Review of Economics and Statistics,95,2,393-406,2013,"When workers leave multinational establishments and are rehired at domestic establishments, the wages of incumbent workers already present in the domestic establishment increase due to knowledge spillovers",success,close,economics,labor economics,,high,96560,0.051,coefficient,,0.04,=,two-sided,1697752,0.047,coefficient,,0.001,<,two-sided,6
10.18718/81781.3,https://doi.org/10.18718/81781.3,,,False,,,,,,,,,,,,,,,,,,,,,,,,,,,,,,
10.18718/81781.34,https://doi.org/10.18718/81781.34,,,True,https://doi.org/10.1162/rest.90.2.300,"Autor, D.; Katz, L.; Kearney, M.",Trends in U.S. wage inequality: revising the revisionists,Review of Economics and Statistics,90,2,300-323,2008,Rising wage inequality was not an episodic event of the 1980s but rather showed a secular increase between the 1980s and 2005,success,direct,economics,labor economics,,high,,,,,,,,,,,,,,,6
10.18718/81781.35,https://doi.org/10.18718/81781.35,,,True,https://doi.org/10.1073/pnas.2015539118,"Barceló, Joan",The long-term effects of war exposure on civic engagement,Proceedings of the National Academy of Sciences,118,6,,2021,"Exposure to bombing during the Vietnam War increased political participation, institutional trust, and civic engagement among affected citizens",failure,direct,political science,political economy,,high,875,,,,0.1,<,,875,,,,0.74,=,,6
10.1901/jaba.1996.29-201,https://doi.org/10.1901/jaba.1996.29-201,,,True,,"Northup, J.; Jones, K.; Broussard, C.; George, T.",A preliminary comparison of reinforcer assessment methods with ADHD children,Journal of Applied Behavior Analysis,28,,99-100,1995,A verbal stimulus-choice procedure and direct observation of free play are similarly effective for identifying preferred toys in children with ADHD,success,close,psychology,clinical psychology,,high,,,,,,,,4,,,,,,,6
10.1901/jaba.2000.33-335,https://doi.org/10.1901/jaba.2000.33-335,,,True,,"Northup, J.; George, T.; Jones, K.; Broussard; Vollmer, T.",A comparison of reinforcer assessment methods: the utility of verbal and pictorial choice procedures,Journal of Applied Behavior Analysis,29,,201-212,1996,Reinforcer surveys have approximately 55% accuracy in predicting which stimuli will actually function as reinforcers for children with ADHD,success,direct,psychology,clinical psychology,,high,4,,,,,,,20,,,,,,,6
10.1901/jaba.2012.45-473,https://doi.org/10.1901/jaba.2012.45-473,,,True,,"Bruzek, J.; Thompson, R.",Antecedent effects of observing peer play,Journal of Applied Behavior Analysis,40,,327-331,2007,Observing peer play shifts children's preferences toward the toy played with by the peer,success,close,psychology,developmental psychology,,high,4,,,,,,,3,,,,,,,6
10.1901/jeab.2011.96-243,https://doi.org/10.1901/jeab.2011.96-243,,,True,,"Griffee, K.; Dougher, M.",Contextual control of stimulus generalization and stimulus equivalence in hierarchical categorization,Journal of the Experimental Analysis of Behavior,78,,433-447,2002,Contextual control over hierarchical classification responses can be established through conditional discrimination training with multiple background contexts,success,direct,psychology,cognitive psychology,,high,,,,,,,,5,,,,,,,6
10.21203/rs.3.rs-3136501/v1,https://doi.org/10.21203/rs.3.rs-3136501/v1,,,True,https://doi.org/10.1177/1474704916678217,"Hennighausen, C.; Hudders, L.; Lange, B.; Fink, H.",What if the rival drives a Porsche?: Luxury car spending as a costly signal in male intrasexual competition,Evolutionary Psychology,14,4,147470491667821,2016,"Competitive vignettes (vs. non-competitive vignettes) increase feelings of determination, competition, and self-confidence in men as measured by a modified PANAS",success,close,psychology,social psychology,,high,,,,,,,,299,0.589,d,,0.001,<,,6
10.21203/rs.3.rs-341457/v1,https://doi.org/10.21203/rs.3.rs-341457/v1,,,True,,"Albrecht, J.; Hanna, M.; Kim, D.; Perfetto, E.",Predicting diagnosis of Alzheimer's disease and related dementias using administrative claims,J Manag Care Specialty Pharm,24,,1138-1145,2018,A case-control prediction model can accurately predict future dementia diagnosis using administrative claims data,failure,direct,medical fields,geriatric care,,high,,,,,,,,46409,0.657,AUC,,,,,6
10.21203/rs.3.rs-341457/v1,https://doi.org/10.21203/rs.3.rs-341457/v1,,,True,,"Mccoy, R.; Nori, V.; Smith, S.; Hane, C.",Development and validation of HealthImpact: an incident diabetes prediction model based on administrative data,Health Serv Res,51,5,1896-1918,2016,A case-control prediction model can accurately predict future type 2 diabetes diagnosis using administrative claims data,inconclusive,direct,medical fields,pharmacology and toxicology,,high,,,,,,,,711269,0.833,AUC,,,,,6
10.2139/ssrn.3680648,https://doi.org/10.2139/ssrn.3680648,,,True,,"Dustmann, C.; Landersø, R.","Child's gender, young fathers' crime, and spillover effects in criminal behavior",Centre for Research and Analysis of Migration,05,,18,2018,"Gender of first-born child affects young fathers' criminal behavior, with having a son reducing criminal convictions compared to having a daughter",inconclusive,close,economics,labor economics,,high,,,,,,,,8085,,,,,,,6
10.2139/ssrn.3816626,https://doi.org/10.2139/ssrn.3816626,,,True,,"Watson-Manheim, M. B.; Bélanger, F.",Communication media repertoires: dealing with the multiplicity of media choices,MIS Q,31,,267-293,2007,"Information sharing is the dominant communication purpose in media collections, and email is the most frequently used communication tool",success,close,business & management,management,,high,,,,,,,,813,,,,,,,6
10.2139/ssrn.3816626,https://doi.org/10.2139/ssrn.3816626,,,True,,"Treviño, L. K.; Webster, J.; Stein, E. W.",Making connections: complementary influences on communication media choices,Organ. Sci,11,,163-182,2000,Supervisors and coworkers exert social influence on workers' communication media choice,inconclusive,close,business & management,management,,high,,,,,,,,813,0.5,Cramer's V,,,,,6
10.2139/ssrn.3962227,https://doi.org/10.2139/ssrn.3962227,,,False,,,,,,,,,,,,,,,,,,,,,,,,,,,,,,
10.2139/ssrn.473592,https://doi.org/10.2139/ssrn.473592,,,True,,"Medoff, James; Abraham, Katharine","Experience, performance, and earnings",Quarterly Journal of Economics,95,4,703-736,1980,The positive effect of seniority on earnings in cross-sectional wage regressions remains largely unaffected after controlling for performance ratings,success,direct,economics,labor economics,,high,,,,,,,,19491,,,,,,,6
10.2139/ssrn.473592,https://doi.org/10.2139/ssrn.473592,,,True,,"Flabbi, Luca; Ichino, Andrea","Productivity, seniority and wages: new evidence from personnel data",Labour Economics,8,3,359-387,2001,The positive effect of seniority on earnings in cross-sectional wage regressions remains largely unaffected after controlling for performance ratings and absenteeism,success,direct,economics,labor economics,,high,,,,,,,,53479,,,,,,,6
10.2139/ssrn.722264,https://doi.org/10.2139/ssrn.722264,,,True,,"Lukac, L.; Brorsen, B.; Irwin, S.",A test of futures market disequilibrium using twelve different technical trading systems,Applied Economics,20,,623-639,1988,Technical trading rules generate statistically significant economic profits in US futures markets,failure,direct,economics,finance,,high,,,,,,,,,,,,,,,6
10.2196/12122,https://doi.org/10.2196/12122,,,True,https://doi.org/10.2196/cardio.8301,"Moayedi, Y.; Abdulmajeed, R.; Posada, J.; Foroutan, F.; Alba, A.; Cafazzo, J.; Ross, H.",Assessing the use of wrist-worn devices,JMIR Cardio,1,2,8,2017,Daily step counts of heart failure patients with reduced ejection fraction differ significantly between NYHA functional class II and III patients,success,direct,medical fields,cardiovascular medicine,,high,8,,,,,,,50,,,,0.04,=,,6
10.2224/sbp.2013.41.2.335,https://doi.org/10.2224/sbp.2013.41.2.335,,,True,,Global Deception Research Team,A world of lies,Journal of Cross-Cultural Psychology,37,,60-74,2006,"Stereotypes of deceptive behaviors exist across cultures, with the most frequently held belief being that liars use less eye contact than usual (i.e., liars avert their gaze)",success,close,psychology,social psychology,,high,40,,,,,,,400,,,,0.05,<,,6
10.2307/1126958,https://doi.org/10.2307/1126958,,,True,,"Richardson, S.; Goodman, N.; Hastorf, A.; Dornbusch, S.",Cultural uniformity in reaction to physical disabilities,American Sociological Review,26,,241-247,1961,"Children show a consistent preference ranking when judging drawings of children with different physical handicaps, with non-handicapped children most preferred and children with physical disabilities less preferred in a specific rank order.",success,close,psychology,social psychology,,high,,,,,,,,687,,,,,,,6
10.2307/20159601,https://doi.org/10.2307/20159601,,,True,,"Eden, D.; Zuk, Y.",Seasickness as self-fulfilling prophecy: raising self-efficacy to boost performance at sea,Journal of Applied Psychology,80,,628-635,1995,Raising self-efficacy through intervention leads to improved performance (the Galatea effect),success,conceptual,psychology,social psychology,,high,,,,,,,,72,0.47,d,,0.05,<,,6
10.2307/2392616,https://doi.org/10.2307/2392616,,,True,,"Miller, D. T.; Ross, M.",Self-serving biases in attribution of causality: fact or fiction,Psychological Bulletin,82,,213-225,1975,Individuals attribute favorable outcomes to internal causes and unfavorable outcomes to external causes (self-serving attribution pattern),success,conceptual,psychology,social psychology,,high,,,,,,,,181,,,,0.01,<,,6
10.2307/2392616,https://doi.org/10.2307/2392616,,,True,,"Wong, P. T.; Weiner, B.",When people ask 'why' questions and the heuristics of attributional search,Journal of Personality and Social Psychology,40,,650-663,1981,Causal reasoning is most prevalent when there are unexpected negative outcomes,success,conceptual,psychology,social psychology,,high,,,,,,,,115,,,,0.05,<,,6
10.2307/254774,https://doi.org/10.2307/254774,,,False,,,,,,,,,,,,,,,,,,,,,,,,,,,,,,
10.2307/255423,https://doi.org/10.2307/255423,,,True,,"Chentnik, C. G.; Weatherford, P. A.",Teaching management by management exception,Academy of Management Journal,17,,90-100,1974,Personalized System of Instruction (PSI) students score higher on final examinations than traditional lecture/discussion students in management courses,success,direct,business & management,management,,high,,,,,,,,147,,,,0.0005,<,one-sided,6
10.2307/255436,https://doi.org/10.2307/255436,,,True,,"Dewar, R.; Hage, J.","Size, technology, complexity and structural differentiation: Toward a theoretical synthesis",Administrative Science Quarterly,23,,111-136,1978,"The greater the level of organizational size and task scope (technology), the greater the levels of complexity and horizontal differentiation in organizational structure",inconclusive,close,business & management,management,,high,16,,,,,,,77,,,,,,,6
10.2307/255600,https://doi.org/10.2307/255600,,,True,,"Luthans, Fred; Koester, Richard",The impact of computer generated information on the choice activity of decision-makers,Academy of Management Journal,19,,328-332,1976,"Computer-experienced decision makers are less influenced by computer-generated information than by mimeographed information, while non-experienced users are more influenced by computer-generated information than by mimeographed information",success,close,business & management,management,,high,,,,,,,,203,,,,,,,6
10.2307/256034,https://doi.org/10.2307/256034,,,True,,"Hinings, C.; Hickson, D.; Pennings, J.; Schneck, R.",Structural conditions of intraorganizational power,Administrative Science Quarterly,19,,22-44,1974,"Coping with uncertainty is the most important determinant of departmental power, supported by immediacy, nonsubstitutability, and pervasiveness",failure,close,business & management,management,,high,20,,,,,,,74,,,,,,,6
10.2307/256034,https://doi.org/10.2307/256034,,,True,,"Hinings, C.; Hickson, D.; Pennings, J.; Schneck, R.",Structural conditions of intraorganizational power,Administrative Science Quarterly,19,,22-44,1974,"Coping with uncertainty is the most important determinant of departmental power, supported by immediacy, nonsubstitutability, and pervasiveness",failure,close,business & management,management,,medium,20,,,,,,,17,,,,,,,6
10.2307/256083,https://doi.org/10.2307/256083,,,True,,"Hamner, W.; Kim, J.; Baird, L.; Bigoness, W.",Race and sex as determinants of ratings by potential employers in a simulated work-sampling task,Journal of Applied Psychology,59,,705-711,1974,"Race and sex of rater and ratee affect performance ratings in simulated work task, with combined effects accounting for 23% of variance",failure,conceptual,psychology,social psychology,,high,,0.23,etasq,,,,,1035,0.048,etasq,,0.001,<,,6
10.2307/256083,https://doi.org/10.2307/256083,,,True,,"Schmitt, N.; Lappin, M.",Race and sex as determinants of the mean and variance of performance ratings,Journal of Applied Psychology,65,,428-435,1980,"Race and sex of rater and ratee affect performance ratings in simulated work task, with combined effects accounting for 17% of variance, and greater variance when rating own race-sex group",failure,conceptual,psychology,social psychology,,high,,0.17,etasq,,,,,1035,0.048,etasq,,0.001,<,,6
10.2307/256206,https://doi.org/10.2307/256206,,,True,,"Bedeian, A.; Armenakis, A.",A path-analytic study of the consequences of role conflict and ambiguity,Academy of Management Journal,24,,417-424,1981,"Role conflict and role ambiguity exert direct causal influence on job-related tension, job satisfaction, and propensity to leave an organization",success,close,business & management,management,,high,,,,,,,,1054,,,,,,,6
10.2307/256213,https://doi.org/10.2307/256213,,,True,,"Graen, G.; Liden, R.; Hoel, W.",Role of leadership in the employee withdrawal process,Journal of Applied Psychology,67,,868-872,1982,The quality of leader-member exchanges predicts employee turnover,failure,direct,psychology,social psychology,,high,48,-0.48,r,,,,,45,0.02,r,,,,,6
10.2307/256307,https://doi.org/10.2307/256307,,,True,,"O'Reilly, C.; Caldwell, D.",The commitment and job tenure of new employees: some evidence of postdecisional justification,Administrative Science Quarterly,26,,597-616,1981,"Behavioral commitment (resulting from perceptions of volition, revocability, and publicness regarding job acceptance) predicts employee tenure and turnover",success,close,business & management,management,,high,,,,,,,,315,,,,0.001,<,,6
10.2307/256584,https://doi.org/10.2307/256584,,,True,,"Sutton, R.; Rafaeli, A.",Untangling the relationship between displayed emotions and organizational sales: The case of convenience stores,Academy of Management Journal,31,,461-487,1988,Store busyness is negatively related to service employees' display of positive emotion to customers,success,close,business & management,management,,high,,,,,,,,194,-0.27,beta,,0.001,<,two-sided,6
10.2307/256866,https://doi.org/10.2307/256866,,,True,,"Goodstein, J.",Institutional pressures and strategic responsiveness: Employer involvement in work-family issues,Academy of Management Journal,37,,350-382,1994,Organizations' responsiveness to work-family issues is determined by institutional pressures and resource dependence factors according to Oliver's framework of strategic responses to institutional processes,success,close,sociology,other,,high,,,,,,,,,,,,,,,6
10.2307/257015,https://doi.org/10.2307/257015,,,True,,"Lee, T.; Mitchell, T.; Wise, L.; Fireman, S.",An unfolding model of voluntary employee turnover,Academy of Management Journal,39,,5-36,1996,"The unfolding model's four psychological paths can classify the majority of voluntary turnover cases based on the presence or absence of shocks, scripts, image violations, satisfaction, search, and evaluation",success,close,business & management,management,,high,44,,,,,,,229,,,,,,,6
10.2307/257060,https://doi.org/10.2307/257060,,,True,,"Dearborn, D.; Simon, H.",Selective perception: A note on the departmental identifications of executives,Sociometry,21,,140-144,1958,"Managers' departmental identification (functional experience) is related to the types of problems they identify in a business case, reflecting selective perception",inconclusive,close,business & management,management,,high,,,,,,,,120,,,,,,,6
10.2307/257060,https://doi.org/10.2307/257060,,,True,,"Walsh, J.",Selectivity and selective perception: An investigation of managers' belief structures and information processing,Academy of Management Journal,31,,873-896,1988,"Managers' belief structures are not consistently related to their functional experience or information processing, and managers are broader perceivers than previously thought",success,close,business & management,management,,high,,,,,,,,120,,,,,,,6
10.2307/2785898,https://doi.org/10.2307/2785898,,,False,,,,,,,,,,,,,,,,,,,,,,,,,,,,,,
10.2307/30040664,https://doi.org/10.2307/30040664,,,False,,,,,,,,,,,,,,,,,,,,,,,,,,,,,,
10.2307/3053565,https://doi.org/10.2307/3053565,,,True,,"Wilson, James Q.; Boland, Barbara",The effect of the police on crime,Law & Society Review,12,,367,1978,"Proactive and aggressive police patrol practices (measured by traffic citations per officer) reduce crime rates, either indirectly by increasing arrest probability or directly through perceived deterrent effects",success,close,sociology,criminology,,high,,,,,,,,171,,,,0.05,<,,6
10.2307/3069445,https://doi.org/10.2307/3069445,,,True,,"Rafaeli, Anat; Sutton, Robert I.",Busy stores and demanding customers: how do they affect the display of positive emotion?,Academy of Management Journal,33,,623-637,1990,"Transaction busyness (crowded, busy environments) negatively predicts the display of positive emotion by service employees during customer interactions",success,direct,business & management,management,,high,,,,,,,,131,-0.25,beta,,0.01,<,one-sided,6
10.2337/db10-0067,https://doi.org/10.2337/db10-0067,,,True,,"Pezzolesi, M.; Poznik, G.; Mychaleckyj, J.; Paterson, A.; Barati, M.; Klein, J.; Ng, D.; Placha, G.; Canani, L.; Bochenski, J.; Waggott, D.; Merchant, M.; Krolewski, B.; Mirea, L.; Wanic, K.; Katavetin, P.; Kure, M.; Wolkow, P.; Dunn, J.; Smiles, A.; Walker, W.; Boright, A.; Bull, S.; Rogus, D.; Rich, J.; Warram, S.; Krolewski, J.; A.",Genome-wide association scan for diabetic nephropathy susceptibility genes in type 1 diabetes,Diabetes,58,,1403-1410,2009,CPVL/CHN2 locus on chromosome 7 is associated with susceptibility to diabetic nephropathy in European Americans with type 1 diabetes,failure,close,medical fields,nephrology,,high,,,,,,,,3450,,,,,,,6
10.2337/db10-0067,https://doi.org/10.2337/db10-0067,,,True,,"Pezzolesi, M.; Poznik, G.; Mychaleckyj, J.; Paterson, A.; Barati, M.; Klein, J.; Ng, D.; Placha, G.; Canani, L.; Bochenski, J.; Waggott, D.; Merchant, M.; Krolewski, B.; Mirea, L.; Wanic, K.; Katavetin, P.; Kure, M.; Wolkow, P.; Dunn, J.; Smiles, A.; Walker, W.; Boright, A.; Bull, S.; Rogus, D.; Rich, J.; Warram, S.; Krolewski, J.; A.",Genome-wide association scan for diabetic nephropathy susceptibility genes in type 1 diabetes,Diabetes,58,,1403-1410,2009,FRMD3 locus on chromosome 9 is associated with susceptibility to diabetic nephropathy in European Americans with type 1 diabetes,failure,close,medical fields,nephrology,,high,,,,,,,,3450,,,,,,,6
10.2337/db10-0067,https://doi.org/10.2337/db10-0067,,,True,,"Pezzolesi, M.; Poznik, G.; Mychaleckyj, J.; Paterson, A.; Barati, M.; Klein, J.; Ng, D.; Placha, G.; Canani, L.; Bochenski, J.; Waggott, D.; Merchant, M.; Krolewski, B.; Mirea, L.; Wanic, K.; Katavetin, P.; Kure, M.; Wolkow, P.; Dunn, J.; Smiles, A.; Walker, W.; Boright, A.; Bull, S.; Rogus, D.; Rich, J.; Warram, S.; Krolewski, J.; A.",Genome-wide association scan for diabetic nephropathy susceptibility genes in type 1 diabetes,Diabetes,58,,1403-1410,2009,CARS locus on chromosome 11 is associated with susceptibility to diabetic nephropathy in European Americans with type 1 diabetes,failure,close,medical fields,nephrology,,high,,,,,,,,3450,,,,,,,6
10.2337/db10-0067,https://doi.org/10.2337/db10-0067,,,True,,"Pezzolesi, M.; Poznik, G.; Mychaleckyj, J.; Paterson, A.; Barati, M.; Klein, J.; Ng, D.; Placha, G.; Canani, L.; Bochenski, J.; Waggott, D.; Merchant, M.; Krolewski, B.; Mirea, L.; Wanic, K.; Katavetin, P.; Kure, M.; Wolkow, P.; Dunn, J.; Smiles, A.; Walker, W.; Boright, A.; Bull, S.; Rogus, D.; Rich, J.; Warram, S.; Krolewski, J.; A.",Genome-wide association scan for diabetic nephropathy susceptibility genes in type 1 diabetes,Diabetes,58,,1403-1410,2009,Chromosome 13q locus near IRS2 (rs1411766) is associated with susceptibility to diabetic nephropathy in European Americans with type 1 diabetes,success,close,medical fields,nephrology,,high,,,,,,,,3450,1.26,OR,"[1.07, 1.47]",0.04,=,,6
10.2466/pms.109.2.577-580,https://doi.org/10.2466/pms.109.2.577-580,,,True,,"Lefebvre, V. D.",Choice without criteria of preference,The structure of human reflexion: the reflexional,,,113-114,1990,"Individuals sorting ambiguous stimuli (pinto beans) into 'good' and 'bad' categories will judge stimuli as 'good' with a frequency of .618, demonstrating fundamental asymmetry in human cognition",success,direct,psychology,cognitive psychology,,high,,,,,,,,26,,,,0.001,<,two-sided,6
10.2466/pms.1996.83.2.489,https://doi.org/10.2466/pms.1996.83.2.489,,,True,,"Barash, D. P.",Human ethology: the snack-bar security syndrome,Psychological Reports,31,,577-578,1972,Solitary individuals prefer to sit at wall tables rather than center tables in a college eating environment,success,direct,psychology,social psychology,,high,,,,,,,,110,,,,0.05,<,,6
10.2466/pms.1996.83.2.489,https://doi.org/10.2466/pms.1996.83.2.489,,,True,,"Barash, D. P.",Human ethology: the snack-bar security syndrome,Psychological Reports,31,,577-578,1972,Center-seated solitary individuals display more looking-up behavior than wall-seated individuals in a college eating environment,reversal,direct,psychology,social psychology,,high,,,,,,,,110,,,,0.0001,<,,6
10.2466/pms.1999.88.3.843,https://doi.org/10.2466/pms.1999.88.3.843,,,True,,"Nguyen, N.; Shaw, G. L.; Tran, S.",Exploring the Mozart effect: work on the effect of a distractor task,Unpublished raw data,,,,1996,Inserting a verbal distractor task between a spatial reasoning pretest and listening to Mozart produces recovery of the Mozart effect (increased spatial reasoning performance),failure,direct,psychology,cognitive psychology,,high,,,,,,,,206,,,,0.05,>,,6
10.2466/pr0.1968.22.3.706,https://doi.org/10.2466/pr0.1968.22.3.706,,,True,,"Vingoe, F.",Validity of the Eysenck Extraversion scale as determined by self-ratings in normals,British Journal of Social and Clinical Psychology,5,,89-91,1966,"Self-rated introverts and extraverts show significantly different scores on the Eysenck Personality Inventory Extraversion scale, validating the scale's ability to measure extraversion",success,direct,psychology,personality psychology,,high,,0.63,r,,0.01,<,,66,0.63,r,,0.005,<,,6
10.2466/pr0.1973.32.3c.1338,https://doi.org/10.2466/pr0.1973.32.3c.1338,,,True,,"Berzins, J. I.; Dove, J. L.; Ross, W. F.",Crossvalidational studies of the personality correlates of the A-B therapist,Journal of Consulting and Clinical Psychology,39,,388-395,1972,"A-B therapist scale scores are correlated with five core personality dimensions: Harmavoidance, Dominance, Change, Sentience, and Succorance",success,close,psychology,personality psychology,,high,,,,,,,,129,,,,0.05,<,,6
10.2466/pr0.1987.61.1.166,https://doi.org/10.2466/pr0.1987.61.1.166,,,False,,,,,,,,,,,,,,,,,,,,,,,,,,,,,,
10.2500/aap.2007.28.3056,https://doi.org/10.2500/aap.2007.28.3056,,,True,,"Niimi, T.; Munakata, M.; Keck-Waggoner, C. L.",A polymorphism in the human UGRP1 gene promoter that regulates transcription is associated with an increased risk of asthma,Am J Hum Genet,70,,718-725,2002,The −112G to A transition in the UGRP1 gene promoter is associated with increased risk of asthma,failure,close,medical fields,immunology,,high,,,,,,,,113,,,,,,,6
10.2514/6.1998-4333,https://doi.org/10.2514/6.1998-4333,,,True,,"Bjorkman, E.",Flight test evaluation of techniques to predict pilot induced oscillations,,,,,1986,Different aircraft pitch dynamics configurations produce varying levels of pilot-induced oscillations during landing tasks,success,close,engineering,aerospace engineering,,high,,,,,,,,5,,,,0.001,<,,6
10.26686/wgtn.17142398.v1,https://doi.org/10.26686/wgtn.17142398.v1,,,True,https://doi.org/10.1016/j.neuroimage.2010.06.074,"Attar, C.; Andersen, S.; Müller, M.",Time course of affective bias in visual attention: Convergent evidence from steady-state visual evoked potentials and behavioral data,NeuroImage,53,4,1326-1333,2010,Experiment 1: Task-irrelevant emotional background distractors reduce SSVEP amplitudes to a foreground dot-motion task and impair behavioral performance compared to neutral distractors,success,close,psychology,cognitive psychology,,high,,,,,,,,18,0.69,etasq,,0.001,<,,6
10.26686/wgtn.17142398.v1,https://doi.org/10.26686/wgtn.17142398.v1,,,True,https://doi.org/10.1016/j.neuroimage.2010.06.074,"Attar, C.; Andersen, S.; Müller, M.",Time course of affective bias in visual attention: Convergent evidence from steady-state visual evoked potentials and behavioral data,NeuroImage,53,4,1326-1333,2010,Experiment 2: Task-irrelevant emotional background distractors reduce SSVEP amplitudes to a foreground dot-motion task and impair behavioral detection (but not discrimination) compared to neutral distractors,success,close,psychology,cognitive psychology,,high,,,,,,,,31,0.166,etasq,,0.021,=,,6
10.3109/00016486409137078,https://doi.org/10.3109/00016486409137078,,,True,,"Lehnhardt, E.",Die akustische Korrelation,"Archiv für Ohren-, Nasen- und Kehlkopfheilkunde",178,,493-497,1961,"Binaural beats are detectable when one signal is at subthreshold level, with detectability being 20 dB better than monaural presentation",success,direct,psychology,psychophysics,,high,,,,,,,,4,,,,,,,6
10.31234/osf.io/3bhja.pdf,https://doi.org/10.31234/osf.io/3bhja.pdf,,,True,https://doi.org/10.1037/a0038647,"Boyce, C.; Wood, A.; Daly, M.; Sedikides, C.",Personality change following unemployment,Journal of Applied Psychology,100,,991-1011,2015,"Unemployment causes personality changes, specifically declines in openness, agreeableness, and conscientiousness, with effects moderated by unemployment duration and gender",failure,close,psychology,personality psychology,,high,461,,,,,,,5005,,,,,,,6
10.31234/osf.io/84sf7,https://doi.org/10.31234/osf.io/84sf7,,,True,https://doi.org/10.1371/journal.pone.0205903,"Redl, T.; Eerland, A.; Sanders, T.",The processing of the Dutch masculine generic zijn 'his' across stereotype contexts: an eye-tracking study,PLoS One,13,10,205903,2018,The generically-intended masculine possessive pronoun 'zijn' (his) in Dutch causes a male bias in language processing,reversal,conceptual,linguistics,psychophysics,,high,120,,,,,,,120,,,,0.002,=,,6
10.31234/osf.io/84sf7,https://doi.org/10.31234/osf.io/84sf7,,,True,https://doi.org/10.1371/journal.pone.0205903,"Redl, T.; Eerland, A.; Sanders, T.",The processing of the Dutch masculine generic zijn 'his' across stereotype contexts: an eye-tracking study,PLoS One,13,10,205903,2018,The generically-intended masculine possessive pronoun 'zijn' (his) in Dutch causes a male bias in sentence evaluation tasks,success,conceptual,linguistics,psychophysics,,high,120,,,,,,,80,,,,,,,6
10.31234/osf.io/abvr9,https://doi.org/10.31234/osf.io/abvr9,,,True,https://doi.org/10.1177/0956797611418350,"Sheppes, G.; Scheibe, S.; Suri, G.; Gross, J.",Emotion-regulation choice,Psychological Science,22,11,1391-1396,2011,Participants choose distraction (disengagement strategy) when facing high-intensity emotional stimuli and reappraisal (engagement strategy) when facing low-intensity emotional stimuli,success,direct,psychology,social psychology,,high,,,,,,,,128,,,,0.001,<,,6
10.31234/osf.io/bvqma,https://doi.org/10.31234/osf.io/bvqma,,,True,,"Jahanian Najafabadi, A.; Küster, A.; Putze, D.; Godde, B.",Emergence of sense of body ownership but not agency during virtual tool-use training is associated with an altered body schema,,,,,2022,"Virtual tool-use training in young adults leads to body schema plasticity (reduced tactile distance estimation errors), and this plasticity is associated with the emergence of body ownership over the tool",failure,direct,psychology,cognitive psychology,,high,,,,,,,,39,,,,0.157,=,,6
10.31234/osf.io/bvqma,https://doi.org/10.31234/osf.io/bvqma,,,True,,"Jahanian Najafabadi, A.; Küster, A.; Putze, D.; Godde, B.",Emergence of sense of body ownership but not agency during virtual tool-use training is associated with an altered body schema,,,,,2022,Agency over a virtual tool emerges during tool-use training independent of body schema plasticity and feedback type,success,direct,psychology,cognitive psychology,,high,,,,,,,,39,,,,0.013,=,,6
10.31234/osf.io/bvqma,https://doi.org/10.31234/osf.io/bvqma,,,True,,"Jahanian Najafabadi, A.; Küster, A.; Putze, D.; Godde, B.",Emergence of sense of body ownership but not agency during virtual tool-use training is associated with an altered body schema,,,,,2022,Practice effect is stronger with visuo-tactile feedback compared to vision-only feedback during virtual tool-use training,success,direct,psychology,cognitive psychology,,high,,,,,,,,39,,,,0.001,<,,6
10.31234/osf.io/cf4xz,https://doi.org/10.31234/osf.io/cf4xz,,,False,,,,,,,,,,,,,,,,,,,,,,,,,,,,,,
10.31234/osf.io/esu9z,https://doi.org/10.31234/osf.io/esu9z,,,False,,,,,,,,,,,,,,,,,,,,,,,,,,,,,,
10.31234/osf.io/jktnv,https://doi.org/10.31234/osf.io/jktnv,,,False,,,,,,,,,,,,,,,,,,,,,,,,,,,,,,
10.31234/osf.io/kpcwv,https://doi.org/10.31234/osf.io/kpcwv,,,True,,"Tamm, G.; Koster, E.; Hoorelbeke, K.",Multiple paths to rumination within a network analytical framework,Scientific Reports,14,1,10874,2024,"Network model showing rumination is directly linked to positive beliefs about rumination, cognitive self-consciousness, effortful control, negative beliefs about uncontrollability, perfectionism, and depression",success,direct,psychology,clinical psychology,,high,,,,,,,,500,,,,,,,6
10.31234/osf.io/mtsx8.pdf,https://doi.org/10.31234/osf.io/mtsx8.pdf,,,True,,"Eagly, A.; Wood, W.",The origins of sex differences in human behavior: Evolved dispositions versus social roles,American Psychologist,54,6,408,1999,Sex differences in preferences for good earning capacity in potential mates are smaller in countries with greater gender equality,failure,close,psychology,social psychology,,high,,,,,,,,2986,,,,0.051,>,,6
10.31234/osf.io/mtsx8.pdf,https://doi.org/10.31234/osf.io/mtsx8.pdf,,,True,,"Eagly, A.; Wood, W.",The origins of sex differences in human behavior: Evolved dispositions versus social roles,American Psychologist,54,6,408,1999,Sex differences in preferences for domestic skills in potential mates are smaller in countries with greater gender equality,failure,close,psychology,social psychology,,high,,,,,,,,2986,,,,0.051,>,,6
10.31234/osf.io/zwbpu,https://doi.org/10.31234/osf.io/zwbpu,,,True,https://doi.org/10.1016/j.paid.2017.04.024,"Ersche, K.; Lim, T.; Ward, L.; Robbins, T.; Stochl, J.",Creature of Habit: A self-report measure of habitual routines and automatic tendencies in everyday life,Personality and Individual Differences,116,,73-85,2017,The Creature of Habit Scale (COHS) measures habitual tendency through two distinct subscales: automatism (behavior initiated outside conscious awareness) and routines (repetitive goal-directed behaviors),success,close,psychology,personality psychology,,high,,,,,,,,411,,,,,,,6
10.31234/osf.io/zwbpu,https://doi.org/10.31234/osf.io/zwbpu,,,True,https://doi.org/10.1016/j.paid.2019.07.003,"Ersche, K.; Ward, L.; Lim, T.; Lumsden, R.; Sawiak, S.; Robbins, T.; Stochl, J.",Impulsivity and compulsivity are differentially associated with automaticity and routine on the Creature of Habit Scale,Personality and Individual Differences,150,,109493,2019,"Routines are negatively associated with impulsivity and positively associated with compulsivity, while automaticity is positively associated with both impulsivity and compulsivity",success,close,psychology,personality psychology,,high,,,,,,,,411,,,,,,,6
10.31234/osf.io68jft,https://doi.org/10.31234/osf.io68jft,,,True,,"Fath, S.; Kay, A.",Exploring people's tendency to associate hierarchy with corruption in organizations,Organizational Behavior and Human Decision Processes,149,,145-164,2018,Study 1c: Taller organizational hierarchical structures are associated with greater perceived corruption compared to flatter structures,success,close,psychology,social psychology,,high,405,0.42,d,,0.01,<,,321,0.57,d,"[0.35, 0.8]",0.01,<,,6
10.31234/osf.io68jft,https://doi.org/10.31234/osf.io68jft,,,True,,"Fath, S.; Kay, A.",Exploring people's tendency to associate hierarchy with corruption in organizations,Organizational Behavior and Human Decision Processes,149,,145-164,2018,"Study 6: Taller organizational hierarchies are associated with greater perceived corruption and lower trust-related behavior, mediated by corruption perceptions",success,close,psychology,social psychology,,high,97,,,,,,,321,0.36,d,"[0.13, 0.58]",0.01,<,,6
10.31234/osf.ioesu9z,https://doi.org/10.31234/osf.ioesu9z,,,True,https://doi.org/10.1177/1948550611432938,"Trafimow, David; Hughes, Jeffrey S.",Testing the death thought suppression and rebound hypothesis: death thought accessibility following mortality salience decreases during a delay,Social Psychological and Personality Science,3,5,622-629,2012,Mortality salience manipulation with no delay produces more death-related words than when a delay is inserted between the mortality salience induction and death-thought accessibility measurement,failure,direct,psychology,social psychology,,high,32,0.37,d,"[0.00, 0.73]",,,,3447,,,,,,,6
10.31274/ans_air-180814-1217,https://doi.org/10.31274/ans_air-180814-1217,,,False,,,,,,,,,,,,,,,,,,,,,,,,,,,,,,
10.31979/etd.eh36-m2wx,https://doi.org/10.31979/etd.eh36-m2wx,,,True,,"Condry, John; Condry, Sandra",Sex differences: a study of the eye of the beholder,Child Development,47,,812-819,1976,"Adults perceive a baby's emotional reaction (crying in response to a startling stimulus) differently based on the gender label assigned, rating boys as angrier and girls as more fearful",failure,conceptual,psychology,developmental psychology,,high,200,,,,,,,361,,,,0.31,=,,6
10.3233/jvr-180933,https://doi.org/10.3233/jvr-180933,,,True,,"McDonnall, M.; Crudden, A.; O'Mally, J.",Predictors of employer attitudes toward people who are blind or visually impaired as employees,Journal of Vocational Rehabilitation,42,,41-50,2015,"Having hired someone who is blind or visually impaired, knowledge about how blind people can perform job tasks, and communication with vocational rehabilitation agencies predict more positive employer attitudes toward blind employees",inconclusive,close,psychology,social psychology,,high,,,,,,,,379,,,,,,,6
10.3324/haematol.2019.216895,https://doi.org/10.3324/haematol.2019.216895,,,True,,"Vermeulen, R.; Hosnijeh, S.; Bodinier, F.; B.","Pre-diagnostic blood immune markers, incidence and progression of B-cell lymphoma and multiple myeloma: univariate and functionally informed multivariate analyses",International Journal of Cancer,143,6,1335-1347,2018,"Low blood levels of specific immune markers (MCP-3, MIP-1α, VEGF, FGF-2, fractalkine, and TGF-α) are associated with increased risk of multiple myeloma",success,close,medical fields,medical fields,,high,,,,,,,,130,,,,,,,6
10.3389/fcomm-07-1048896,https://doi.org/10.3389/fcomm-07-1048896,,,True,https://doi.org/10.1023/A:1008184423824,"Klink, R.",Creating brand names with meaning: the use of sound symbolism,Marketing Letters,11,,5-20,2000,"Hypothetical brand names including front vowels (vs. back vowels) are associated with smallness, fastness, softness, bitterness, friendliness, and prettiness, while back vowels are associated with dark color, mildness, richness, warmness, masculinity, strength, and heaviness",success,close,psychology,consumer psychology/marketing,,high,265,0.460,r,,,,,823,0.244,r,,,,,6
10.3389/fcomm-07-1048896,https://doi.org/10.3389/fcomm-07-1048896,,,True,https://doi.org/10.1016/j.ijresmar.2012.03.002,"Shrum, L.; Lowrey, T.; Luna, D.; Lerman, D.; Liu, M.",Sound symbolism effects across languages: implications for global brand names,International Journal of Research in Marketing,29,,275-279,2012,"Front vowel sounds are preferred for convertibles and knives, while back vowel sounds are preferred for 4×4 SUVs and hammers",success,direct,psychology,consumer psychology/marketing,,high,357,0.385,r,"[0.295, 0.468]",,,,823,0.251,r,"[0.185, 0.314]",0.001,<,,6
10.3389/fcomm-07-1048896,https://doi.org/10.3389/fcomm-07-1048896,,,True,https://doi.org/10.1093/jcr/ucx039,"Hagtvedt, H.; Brasel, S.",Color saturation increases perceived product size,Journal of Consumer Research,44,,396-413,2017,"High color saturation (vs. low) increases product size estimates, attention, and arousal",failure,direct,psychology,consumer psychology/marketing,,high,77,0.295,r,"[0.076, 0.487]",,,,823,0.011,r,"[-0.058, 0.079]",0.758,=,,6
10.3389/fcomm-07-1048896,https://doi.org/10.3389/fcomm-07-1048896,,,True,https://doi.org/10.1093/jcr/ucw008,"Romero, M.; Biswas, D.","Healthy-left, unhealthy-right: can displaying healthy items to the left (vs. right) of unhealthy items nudge healthier choices?",Journal of Consumer Research,43,,103-112,2016,Participants prefer the healthy food item (broccoli salad) when it is positioned on the left (vs. right) of images,failure,direct,psychology,consumer psychology/marketing,,high,93,0.241,r,"[0.040, 0.424]",,,,823,-0.011,r,"[-0.079, 0.058]",0.763,=,,6
10.3389/fcomm-07-1048896,https://doi.org/10.3389/fcomm-07-1048896,,,True,https://doi.org/10.1086/383422,"Yorkston, E.; Menon, G.",A sound idea: phonetic effects of brand names on consumer judgments,Journal of Consumer Research,31,,43-51,2004,"Brand names including back vowels (vs. front vowels) receive higher ratings on attribute perception (richness, smoothness, creaminess), with this effect moderated by diagnostic information and timing",inconclusive,direct,psychology,consumer psychology/marketing,,high,126,0.271,r,"[0.104, 0.429]",,,,823,0.095,r,"[0.027, 0.163]",0.006,=,,6
10.3389/fcomm-07-1048896,https://doi.org/10.3389/fcomm-07-1048896,,,True,https://doi.org/10.1086/661531,"Elder, R.; Krishna, A.",The 'visual depiction effect' in advertising: facilitating embodied mental simulation through product orientation,Journal of Consumer Research,38,,988-1003,2011,"Visual product depictions within advertisements, such as orienting a product toward a participant's dominant hand, facilitate purchase intention",failure,direct,psychology,consumer psychology/marketing,,high,78,0.400,r,"[0.195, 0.572]",,,,823,0.009,r,"[-0.059, 0.077]",0.794,=,,6
10.3389/fcomm-07-1048896,https://doi.org/10.3389/fcomm-07-1048896,,,True,https://doi.org/10.1093/jcr/ucv049,"Jiang, Y.; Gorn, G.; Galli, M.; Chattopadhyay, A.",Does your company have the right logo? How and why circular-and angular-logo shapes influence brand attribute judgments,Journal of Consumer Research,42,,709-726,2015,Circular and angular logo shapes influence consumers' judgments of softness-related (comfortableness) and hardness-related (durability) product attributes,failure,direct,psychology,consumer psychology/marketing,,high,109,0.251,r,"[0.066, 0.419]",,,,823,0.013,r,"[-0.055, 0.081]",0.868,=,,6
10.3389/fcomm-07-1048896,https://doi.org/10.3389/fcomm-07-1048896,,,True,https://doi.org/10.1086/669476,"Chae, B.; Hoegg, J.",The future looks 'right': effects of the horizontal location of advertising images on product attitude,Journal of Consumer Research,40,,223-238,2013,"When participants are primed to desire a modern product, they are more favorable when it appears on the right side of the advertisement; when primed to desire an antique, they are more favorable when the product appears on the left",failure,direct,psychology,consumer psychology/marketing,,high,194,0.189,r,"[0.043, 0.326]",,,,738,0.061,r,"[-0.011, 0.133]",0.064,=,,6
10.3389/fcomm-07-1048896,https://doi.org/10.3389/fcomm-07-1048896,,,True,https://doi.org/10.1509/jmr.13.0023,"Cian, L.; Krishna, A.; Elder, R.",This logo moves me: dynamic imagery from static images,Journal of Marketing Research,51,,184-197,2014,A logo that evokes greater perceived movement (logo dynamism) generates more favorable attitudes toward the brand,failure,direct,psychology,consumer psychology/marketing,,high,74,0.261,r,"[0.034, 0.462]",,,,823,0.022,r,"[-0.047, 0.090]",0.531,=,,6
10.3389/fcomm-07-1048896,https://doi.org/10.3389/fcomm-07-1048896,,,True,https://doi.org/10.1016/j.jcps.2010.06.007,"Madzharov, V.; Block, L.",Effects of product unit image on consumption of snack foods,Journal of Consumer Psychology,20,,398-409,2010,Packages with more product units displayed on the package are perceived to contain more product quantity and larger serving sizes than packages with fewer product units displayed,failure,direct,psychology,consumer psychology/marketing,,high,37,0.378,r,,,,,823,0.040,r,,0.452,=,,6
10.3389/fgene.2013.00246,https://doi.org/10.3389/fgene.2013.00246,,,True,https://doi.org/10.1016/j.neulet.2007.09.053,"Hilt, L.; Sander, L.; Nolen-Hoeksema, S.; Simen, A.",The BDNF Val66Met polymorphism predicts rumination and depression differently in young adolescent girls and their mothers,Neuroscience Letters,429,,12-16,2007,"The BDNF Val66Met polymorphism is associated with rumination in adolescents, with Val homozygotes showing higher rumination levels",success,direct,psychology,clinical psychology,,high,91,0.25,r,,,,,127,0.25,r,,0.01,<,,6
10.3389/fnins.2017.00594,https://doi.org/10.3389/fnins.2017.00594,,,True,https://doi.org/10.1523/JNEUROSCI.1770-13.2013,"Pooresmaeili, A.; Arrighi, R.; Biagi, L.; Morrone, M.",Blood oxygen level-dependent activation of the primary visual cortex predicts size adaptation illusion,J. Neurosci,33,,15999-16008,2013,Prolonged presentation of a large adapter stimulus causes a subsequently presented test stimulus to be perceived as smaller than its physical size (size aftereffect),success,direct,neuroscience,cognitive neuroscience,,high,,,,,,,,15,,,,0.0001,<,two-sided,6
10.3389/fpsyg.2013.00571,https://doi.org/10.3389/fpsyg.2013.00571,,,True,,"Kamke, M.; Vieth, H.; Cottrell, D.; Mattingley, J.",Parietal disruption alters audiovisual binding in the sound-induced flash illusion,Neuroimage,62,,1334-1341,2012,TMS disruption of the angular gyrus (but not supramarginal gyrus) reduces susceptibility to the sound-induced flash illusion,success,close,neuroscience,cognitive neuroscience,,high,,,,,,,,9,,,,0.002,=,,6
10.3389/fpsyg.2014.00309,https://doi.org/10.3389/fpsyg.2014.00309,,,True,https://doi.org/10.1371/journal.pone.0014087,"Hickey, C.; Chelazzi, L.; Theeuwes, J.",Reward guides vision when it's your thing: trait reward-seeking in reward-mediated visual priming,PLoS ONE,5,,14087,2010,"Randomly determined high reward on one trial leads to faster responses when target color remains constant on the next trial, and slower responses when target color changes (1-trial reward priming effect)",failure,conceptual,psychology,cognitive psychology,,high,,,,,,,,20,0.078,etasq,,0.220,=,,6
10.3389/fpsyg.2014.00309,https://doi.org/10.3389/fpsyg.2014.00309,,,True,https://doi.org/10.1371/journal.pone.0014087,"Hickey, C.; Chelazzi, L.; Theeuwes, J.",Reward guides vision when it's your thing: trait reward-seeking in reward-mediated visual priming,PLoS ONE,5,,14087,2010,"Randomly determined high reward on one trial leads to faster responses when target color remains constant on the next trial, and slower responses when target color changes (1-trial reward priming effect)",failure,conceptual,psychology,cognitive psychology,,high,,,,,,,,19,0.052,etasq,,0.335,=,,6
10.3389/fpsyg.2014.00309,https://doi.org/10.3389/fpsyg.2014.00309,,,True,https://doi.org/10.1371/journal.pone.0014087,"Hickey, C.; Chelazzi, L.; Theeuwes, J.",Reward guides vision when it's your thing: trait reward-seeking in reward-mediated visual priming,PLoS ONE,5,,14087,2010,"Randomly determined high reward on one trial leads to faster responses when target color remains constant on the next trial, and slower responses when target color changes (1-trial reward priming effect)",failure,conceptual,psychology,cognitive psychology,,high,,,,,,,,19,0.017,etasq,,0.587,=,,6
10.3389/fpsyg.2014.00309,https://doi.org/10.3389/fpsyg.2014.00309,,,True,https://doi.org/10.1371/journal.pone.0014087,"Hickey, C.; Chelazzi, L.; Theeuwes, J.",Reward guides vision when it's your thing: trait reward-seeking in reward-mediated visual priming,PLoS ONE,5,,14087,2010,"Randomly determined high reward on one trial leads to faster responses when target color remains constant on the next trial, and slower responses when target color changes (1-trial reward priming effect)",inconclusive,direct,psychology,cognitive psychology,,high,,,,,,,,19,0.207,etasq,,0.044,=,,6
10.3389/fpsyg.2014.00362,https://doi.org/10.3389/fpsyg.2014.00362,,,True,https://doi.org/10.3758/BF03211385,"Glenberg, A.; Schroeder, J.; Robertson, D.",Averting the gaze disengages the environment and facilitates remembering,Memory & Cognition,26,,651-658,1998,Visual distraction during retrieval impairs recall of mid-list items from word lists,inconclusive,direct,psychology,cognitive psychology,,high,,0.29,d,,,,,37,,,,0.008,=,,6
10.3389/fpsyg.2014.00362,https://doi.org/10.3389/fpsyg.2014.00362,,,True,https://doi.org/10.3758/BF03211385,"Glenberg, A.; Schroeder, J.; Robertson, D.",Averting the gaze disengages the environment and facilitates remembering,Memory & Cognition,26,,651-658,1998,Visual distraction during retrieval impairs recall of mid-list items from word lists,failure,close,psychology,cognitive psychology,,high,,0.29,d,,,,,64,0.54,d,,0.046,=,,6
10.3389/fpsyg.2014.00362,https://doi.org/10.3389/fpsyg.2014.00362,,,True,https://doi.org/10.3758/BF03211385,"Glenberg, A.; Schroeder, J.; Robertson, D.",Averting the gaze disengages the environment and facilitates remembering,Memory & Cognition,26,,651-658,1998,Visual distraction during retrieval impairs recall of mid-list items from word lists,failure,close,psychology,cognitive psychology,,high,,0.29,d,,,,,36,,,,,,,6
10.3389/fpsyg.2014.01555,https://doi.org/10.3389/fpsyg.2014.01555,,,True,https://doi.org/10.1080/17470218.2013.836232,"Demanet, J.; Liefooghe, B.",Component processes in voluntary task switching,Q. J. Exp. Psychol,67,,843-860,2014,"Reducing the number of candidate tasks from 4 to 2 before task indication in voluntary task switching produces no reduction in switch costs when preparation interval is increased, indicating no evidence for top-down preparation processes",success,conceptual,psychology,cognitive psychology,,high,,,,,,,,79,,,,,,,6
10.3389/fpsyg.2015.00335,https://doi.org/10.3389/fpsyg.2015.00335,,,True,https://doi.org/10.1177/0146167299025002007,"Chen, M.; Bargh, J.",Consequences of automatic evaluation: immediate behavioral predispositions to approach or avoid the stimulus,Pers. Soc. Psychol. Bull,25,,215-224,1999,Experiment 1: Attitude objects automatically trigger approach (pull lever) for positive stimuli and avoidance (push lever) for negative stimuli when participants explicitly evaluate stimuli as good or bad (congruency effect with explicit evaluation),failure,direct,psychology,social psychology,,high,52,,,,,,,99,0.030,etasq,,0.085,=,two-sided,6
10.3389/fpsyg.2015.00335,https://doi.org/10.3389/fpsyg.2015.00335,,,True,https://doi.org/10.1177/0146167299025002007,"Chen, M.; Bargh, J.",Consequences of automatic evaluation: immediate behavioral predispositions to approach or avoid the stimulus,Pers. Soc. Psychol. Bull,25,,215-224,1999,"Experiment 2: Attitude objects automatically trigger approach-avoidance tendencies without explicit evaluation instructions, merely by responding to word presentation (automatic congruency effect without explicit evaluation)",failure,direct,psychology,social psychology,,high,,,,,,,,50,0.057,etasq,,0.09,=,two-sided,6
10.3389/fpsyg.2015.01040,https://doi.org/10.3389/fpsyg.2015.01040,,,True,https://doi.org/10.1093/cercor/bhi060,"Zago, L.; Fenske, M.; Aminoff, E.; Bar, M.",The rise and fall of priming: how visual exposure shapes cortical representation of objects,Cereb. Cortex,15,,1655-1665,2005,Longer prime presentation (350-1900 ms) decreases the magnitude of long-term picture repetition priming compared to shorter presentation (250 ms) in a natural versus manmade decision task,failure,close,psychology,cognitive psychology,,high,,,,,,,,16,0.09,d,,0.73,=,,6
10.3389/fpsyg.2015.01186,https://doi.org/10.3389/fpsyg.2015.01186,,,True,https://doi.org/10.1037/0033295X.102.4.684,"Gigerenzer, G.; Hoffrage, U.",How to improve Bayesian reasoning without instruction: frequency formats,Psychol. Rev,102,,684-704,1995,Presenting statistical information in natural frequency format rather than probability format improves performance on Bayesian reasoning tasks,success,close,psychology,cognitive psychology,,high,,,,,,,,259,,,,0.001,<,,6
10.3389/fpsyg.2015.01213,https://doi.org/10.3389/fpsyg.2015.01213,,,True,https://doi.org/10.1371/journal.pone.0019815,"Matthews, W.","Stimulus repetition and the perception of time: the effects of prior exposure on temporal discrimination, judgment, and production",PLoS ONE,6,,19815,2011,Repeated stimuli are judged as shorter in duration compared to novel stimuli when presented consecutively in a reminder task,success,close,psychology,cognitive psychology,,high,,,,,,,,32,0.43,etasq,,0.001,<,,6
10.3389/fpsyg.2015.01337,https://doi.org/10.3389/fpsyg.2015.01337,,,True,https://doi.org/10.1037/0022-3514.88.6.1029,"Stapel, D.; Koomen, W.","Competition, cooperation, and the effects of others on me",Journal of Personality and Social Psychology,88,,1029-1038,2005,Competitive versus cooperative mindset moderates the effect of upward versus downward social comparison on self-evaluation,inconclusive,close,psychology,social psychology,,high,60,2.22,g,,,,,198,0.39,g,,0.21,=,,6
10.3389/fpsyg.2015.01337,https://doi.org/10.3389/fpsyg.2015.01337,,,True,https://doi.org/10.1037/0022-3514.88.6.1029,"Stapel, D.; Koomen, W.","Competition, cooperation, and the effects of others on me",Journal of Personality and Social Psychology,88,,1029-1038,2005,Competitive versus cooperative mindset moderates the effect of upward versus downward social comparison on self-evaluation when feedback is provided about both the comparison target and the self,success,conceptual,psychology,social psychology,,high,,,,,,,,143,0.73,g,,0.03,=,,6
10.3389/fpsyg.2015.01744,https://doi.org/10.3389/fpsyg.2015.01744,,,True,https://doi.org/10.1037/0278-7393.19.3.561,"Lassaline, M.; Logan, G.",Memory-based automaticity in the discrimination of visual numerosity,J. Exp. Psychol. Learn. Mem. Cogn,19,,561-581,1993,"Practice with a visual numerosity task produces a transition from controlled processing (counting dots) to automatic processing (recognizing stimuli), evidenced by reaction time slopes declining from being dependent on numerosity to independent of numerosity",inconclusive,direct,psychology,cognitive psychology,,high,,,,,,,,18,,,,0.001,=,,6
10.3389/fpsyg.2016.00986,https://doi.org/10.3389/fpsyg.2016.00986,,,True,https://doi.org/10.1037/0882-7974.2.1.64,"Malatesta, C.; Fiore, M.; Messina, J.","Affect, personality, and facial expressive characteristics of older people",Psychol. Aging,2,,64-69,1987,Perceived emotion expressions in elderly women's neutral faces predict their self-reported emotional dispositions,success,close,psychology,social psychology,,high,14,,,,,,,60,0.59,r,,0.01,=,,6
10.3389/fpsyg.2016.00994,https://doi.org/10.3389/fpsyg.2016.00994,,,True,https://doi.org/10.1016/j.brat.2008.02.002,"Selby, E.; Anestis, M.; Joiner, T.",Understanding the relationship between emotional and behavioral dysregulation: emotional cascades,Behav. Res. Ther,46,,593-611,2008,"Rumination is significantly correlated with dysregulated behaviors including drinking alcohol to cope, binge eating, social reassurance seeking, and urgency",success,close,psychology,clinical psychology,,high,,,,,,,,414,0.68,r,,0.001,<,,6
10.3389/fpsyg.2016.01508,https://doi.org/10.3389/fpsyg.2016.01508,,,True,https://doi.org/10.1515/cog-2012-0021,"Tajima, Y.; Duffield, N.",Linguistic versus cultural relativity: on Japanese-Chinese differences in picture description and recall,Cogn. Linguist,23,,675-709,2012,Japanese speakers report more ground information and recall ground information better than Chinese and English speakers due to linguistic structure differences,inconclusive,conceptual,linguistics,applied linguistics,,high,,,,,,,,90,0.48,etasq,,0.001,<,,6
10.3389/fpsyg.2017.00971,https://doi.org/10.3389/fpsyg.2017.00971,,,True,https://doi.org/10.1068/p7140,"Schneider, T.; Hecht, H.; Carbon, C.",Judging body weight from faces: the height-weight illusion,Perception,41,,121-124,2012,Faces viewed from a higher perspective are associated with lower perceived body weight compared to faces viewed from a lower perspective,success,direct,psychology,cognitive psychology,,high,,,,,,,,172,,,,0.0001,<,two-sided,6
10.3389/fpsyg.2018.02374,https://doi.org/10.3389/fpsyg.2018.02374,,,True,https://doi.org/10.1177/1754073908100432,"Kensinger, E.",Remembering the details: effects of emotion,Emotion Review,1,,99-113,2009,Negative emotions facilitate the encoding of perceptual details and visual specificity of memories compared to positive emotions,success,conceptual,psychology,cognitive psychology,,high,,,,,,,,60,0.41,d,,0.002,=,two-sided,6
10.3389/fpsyg.2019.00209,https://doi.org/10.3389/fpsyg.2019.00209,,,False,,,,,,,,,,,,,,,,,,,,,,,,,,,,,,
10.3389/fpsyg.2019.00632,https://doi.org/10.3389/fpsyg.2019.00632,,,True,https://doi.org/10.3389/fpsyg.2015.01186,"Binder, K.; Krauss, S.; Bruckmaier, G.",Effects of visualizing statistical information -An empirical study on tree diagrams and 2 × 2 tables,Front. Psychol,6,,1186,2015,Tree diagrams and 2 × 2 tables presented with frequencies (rather than probabilities) facilitate statistical reasoning and Bayesian inferences,success,direct,psychology,cognitive psychology,,high,,,,,,,,24,,,,,,,6
10.3389/fpsyg.2019.01095,https://doi.org/10.3389/fpsyg.2019.01095,,,True,,"Bock, J.; Dell, G.; Chang, F.; Onishi, K.",Persistent structural priming from language comprehension to language production,Cognition,104,,437-458,2007,Listening to passive sentences increases the likelihood of producing passive sentence descriptions in a subsequent picture description task (cross-modality structural priming from comprehension to production),success,direct,psychology,cognitive psychology,,high,,,,,,,,21,,,,,,,6
10.3389/fpsyg.2019.01764,https://doi.org/10.3389/fpsyg.2019.01764,,,True,https://doi.org/10.1037/0096-1523.3.3.444,"Neill, W.",Inhibitory and facilitatory processes in selective attention,Journal of Experimental Psychology: Human Perception and Performance,3,,444-450,1977,Negative priming effect occurs in the oral Stroop task when the distractor word on the preceding trial matches the target color on the current trial,success,direct,psychology,cognitive psychology,,high,8,,,,,,,20,,,,0.001,<,,6
10.3389/fpsyg.2019.01764,https://doi.org/10.3389/fpsyg.2019.01764,,,True,https://doi.org/10.1037/0096-1523.3.3.444,"Neill, W.",Inhibitory and facilitatory processes in selective attention,Journal of Experimental Psychology: Human Perception and Performance,3,,444-450,1977,Negative priming effect is absent in the manual Stroop task when the distractor word on the preceding trial matches the target color on the current trial,success,direct,psychology,cognitive psychology,,high,6,,,,,,,21,,,,0.47,=,,6
10.3389/fpsyg.2019.01863,https://doi.org/10.3389/fpsyg.2019.01863,,,True,https://doi.org/10.3758/bf03193405,"Carpenter, S.; Delosh, E.",Impoverished cue support enhances subsequent retention: support for the elaborative processing explanation of the testing effect,Mem. Cogn,34,,268-276,2006,Difficult retrieval practice (using fewer letter cues) leads to better long-term retention than easy retrieval practice (using more letter cues),success,direct,psychology,cognitive psychology,,high,,,,,,,,36,0.795,d,,0.001,<,,6
10.3389/fpsyg.2019.01863,https://doi.org/10.3389/fpsyg.2019.01863,,,True,https://doi.org/10.1037/a0034252,"Storm, B.; Friedman, M.; Murayama, K.; Bjork, R.",On the transfer of prior tests or study events to subsequent study,J. Exp. Psychol. Learn. Mem. Cogn,40,,115-124,2014,"Providing feedback on a delayed test reverses the testing effect, such that restudied items show better performance than retrieval-practiced items on subsequent tests",success,conceptual,psychology,cognitive psychology,,high,,,,,,,,36,,,,,,,6
10.3389/fpsyg.2019.02871,https://doi.org/10.3389/fpsyg.2019.02871,,,True,https://doi.org/10.1037//0022-3514.54.5.768,"Strack, F.; Martin, L.; Stepper, S.",Inhibiting and facilitating conditions of the human smile: a nonobtrusive test of the facial feedback hypothesis,Journal of Personality and Social Psychology,54,,768-777,1988,"Holding a pen with teeth (facilitating smiling) versus lips (inhibiting smiling) influences ratings of emotional stimuli, with stimuli rated as more positive when smiling is facilitated",failure,close,psychology,social psychology,,high,,,,,,,,40,,,,,,,6
10.3389/fpsyg.2019.02871,https://doi.org/10.3389/fpsyg.2019.02871,,,True,https://doi.org/10.1037/a0015574,"Niedenthal, P.; Winkielman, P.; Mondillon, L.; Vermeulen, N.",Embodiment of emotion concepts,Journal of Personality and Social Psychology,96,,1120-1136,2009,"Holding a pen with teeth versus lips affects processing of emotion words, with the facial manipulation influencing accuracy in judging words as emotion-related",failure,close,psychology,social psychology,,high,,,,,,,,36,,,,,,,6
10.3389/fpsyg.2020.00079,https://doi.org/10.3389/fpsyg.2020.00079,,,True,https://doi.org/10.1016/S0926-6410(02)00068-X,"Soto-Faraco, S.; Lyons, J.; Gazzaniga, M.; Spence, C.; Kingstone, A.",The ventriloquist in motion: illusory capture of dynamic information across sensory modalities,Cogn. Brain Res,14,,139-146,2002,"Visual motion information affects auditory motion discrimination judgments, with incongruent visual motion impairing accuracy in judging auditory motion direction",success,direct,psychology,cognitive psychology,,high,,,,,,,,24,,,,0.001,<,,6
10.3389/fpsyg.2020.00079,https://doi.org/10.3389/fpsyg.2020.00079,,,True,https://doi.org/10.1016/S0926-6410(03)00089-2,"Morein-Zamir, S.; Soto-Faraco, S.; Kingstone, A.",Auditory capture of vision: examining temporal ventriloquism,Cogn. Brain Res,17,,154-163,2003,"A trailing auditory click improves visual temporal order judgment performance, with participants better able to judge which of two flashes occurred first when an auditory click trails the second flash",success,direct,psychology,cognitive psychology,,high,,,,,,,,24,,,,0.001,<,,6
10.3389/fpsyg.2020.00551,https://doi.org/10.3389/fpsyg.2020.00551,,,True,https://doi.org/10.1038/4600,"Clark, K.; Naritoku, D.; Smith, D.; Browning, R.; Jensen, R.",Enhanced recognition memory following vagus nerve stimulation in human subjects,Nature Neuroscience,2,,94-98,1999,Invasive vagus nerve stimulation delivered during the consolidation phase of a memory task enhances verbal memory performance,failure,close,neuroscience,cognitive neuroscience,,high,10,,,,,,,65,0.19,d,,,,,6
10.3389/fpsyg.2021.618343,https://doi.org/10.3389/fpsyg.2021.618343,,,True,https://doi.org/10.1080/09658211.2014.920885,"Habermas, T.; Köber, C.",Autobiographical reasoning in life narratives buffers the effect of biographical disruptions on the sense of self-continuity,Memory,23,,664-674,2015,Autobiographical reasoning (connecting personal experiences to self-development) buffers the negative effect of biographical disruptions on the sense of self-continuity,inconclusive,close,psychology,cognitive psychology,,high,,,,,,,,31,-0.358,tau,,0.05,<,one-sided,6
10.3390/ebj6010008,https://doi.org/10.3390/ebj6010008,,,True,https://doi.org/10.1016/0305-4179(94)90016-7,"García-Sanchez, V.; Palao, R.; Legarre, F.",Self inflicted burns,Burns,20,,537-538,1994,"Patients with self-inflicted burns in a Spanish Burns Unit have a prototypical profile: adult male, unmarried, and in 75% of cases with psychiatric background, accounting for 1.98% of total admissions",failure,direct,medical fields,psychiatry,,high,67,,,,,,,36,,,,,,,6
10.3390/jintelligence7030020,https://doi.org/10.3390/jintelligence7030020,,,True,https://doi.org/10.3390/jintelligence5030029,"Sternberg, R.; Sternberg, K.",Measuring scientific reasoning for graduate admissions in psychology and related disciplines,Journal of Intelligence,5,,29,2017,"Tests of scientific reasoning (generating hypotheses, designing experiments, drawing conclusions) correlate with each other but not with conventional tests of cognitive abilities like Letter Sets, Number Series, and SAT scores",success,close,psychology,cognitive psychology,,high,,,,,,,,88,,,,,,,6
10.3390/jintelligence7030020,https://doi.org/10.3390/jintelligence7030020,,,True,https://doi.org/10.3390/jintelligence5030029,"Sternberg, R.; Sternberg, K.",Measuring scientific reasoning for graduate admissions in psychology and related disciplines,Journal of Intelligence,5,,29,2017,"When scientific reasoning tests are presented in free-response format (as in real scientific work), they show low correlations with conventional tests of cognitive abilities",success,close,psychology,cognitive psychology,,high,,,,,,,,139,0.33,r,,0.01,<,two-sided,6
10.3390/su13158315,https://doi.org/10.3390/su13158315,,,True,https://doi.org/10.1177/0956797617719950,"Sparkman, Gregg; Walton, Gregory","Dynamic norms promote sustainable behavior, even if it is counternormative",Psychological Science,28,,1663-1674,2017,Dynamic norm information about increasing minority engagement in reducing meat consumption increases interest in reducing meat consumption compared to static norm information,failure,direct,psychology,social psychology,,high,,0.69,mean_difference,,,,,846,-0.02,d,,0.821,=,two-sided,6
10.34891/20211105-533,https://doi.org/10.34891/20211105-533,,,True,https://doi.org/10.1037/pac0000446,"Mertes, M.; Mazei, J.; Hüffmeier, J.",Short-term effects of authority concessions to terrorist hostage-takers,Journal of Peace Psychology,26,4,437-448,2020,Authority concessions to terrorist hostage-takers reduce casualties among hostages and overall fatalities (the 'concession effect'),success,conceptual,psychology,social psychology,,high,,,,,,,,71,,,,0.002,=,,6
10.3758/app.71.1.9,https://doi.org/10.3758/app.71.1.9,,,True,,"Atkinson, A.; Tipples, J.; Burt, D.; Young, A.",Asymmetric interference between sex and emotion in face perception,Perception & Psychophysics,67,,1199-1213,2005,Sex of a face influences the speed and accuracy of classifying the face's emotional expression,success,close,psychology,cognitive psychology,,high,,,,,,,,32,0.43,etasq,,0.05,<,,6
10.3758/bf03193224,https://doi.org/10.3758/bf03193224,,,False,,,,,,,,,,,,,,,,,,,,,,,,,,,,,,
10.3758/bf03193824,https://doi.org/10.3758/bf03193824,,,True,,"Theeuwes, J.",Perceptual selectivity for color and form,Perception & Psychophysics,51,,599-606,1992,Salient color singleton distractors automatically capture attention during parallel visual search for shape singletons,failure,direct,psychology,cognitive psychology,,high,,,,,,,,15,,,,,,,6
10.3758/bf03194043,https://doi.org/10.3758/bf03194043,,,False,,,,,,,,,,,,,,,,,,,,,,,,,,,,,,
10.3758/bf03196313,https://doi.org/10.3758/bf03196313,,,False,,,,,,,,,,,,,,,,,,,,,,,,,,,,,,
10.3758/bf03197186,https://doi.org/10.3758/bf03197186,,,False,,,,,,,,,,,,,,,,,,,,,,,,,,,,,,
10.3758/bf03198377,https://doi.org/10.3758/bf03198377,,,True,,"Morris, P.","Age of acquisition, imagery, recall, and the limitations of multiple-regression analysis",Memory & Cognition,9,,277-282,1981,Late acquired words are better recalled than early acquired words in free recall memory tasks,failure,direct,psychology,cognitive psychology,,high,,,,,,,,42,,,,,,,6
10.3758/bf03201200,https://doi.org/10.3758/bf03201200,,,True,,"Cirrin, F.",Lexical search speed in children and adults,Journal of Experimental Child Psychology,37,,158-175,1984,Word frequency affects auditory lexical decision speed in adults,failure,direct,psychology,cognitive psychology,,high,,,,,,,,20,,,,0.41,=,two-sided,6
10.3758/bf03201200,https://doi.org/10.3758/bf03201200,,,True,,"Cirrin, F.",Lexical search speed in children and adults,Journal of Experimental Child Psychology,37,,158-175,1984,Age of acquisition affects auditory lexical decision speed in adults,success,direct,psychology,cognitive psychology,,high,,,,,,,,20,,,,0.0001,<,two-sided,6
10.3758/bf03201200,https://doi.org/10.3758/bf03201200,,,True,,"Morrison, C.; Ellis, A.",The roles of word frequency and age of acquisition in word naming and lexical decision,"Journal of Experimental Psychology: Learning, Memory",21,,116-133,1995,Age of acquisition affects visual lexical decision speed,success,direct,psychology,cognitive psychology,,high,,,,,,,,25,,,,0.01,<,two-sided,6
10.3758/bf03203267,https://doi.org/10.3758/bf03203267,,,False,,,,,,,,,,,,,,,,,,,,,,,,,,,,,,
10.3758/bf03206462,https://doi.org/10.3758/bf03206462,,,True,,"Bacon, W.; Egeth, H.",Overriding stimulus-driven attentional capture,Perception & Psychophysics,55,,485-496,1994,Adding different shape singletons to a visual search display eliminates attentional capture by irrelevant color singletons because observers switch to a feature search mode,failure,close,psychology,cognitive psychology,,high,,,,,,,,8,,,,0.001,<,,6
10.3758/bf03206462,https://doi.org/10.3758/bf03206462,,,True,,"Bacon, W.; Egeth, H.",Overriding stimulus-driven attentional capture,Perception & Psychophysics,55,,485-496,1994,Adding different shape singletons to a visual search display eliminates attentional capture by irrelevant color singletons because observers switch to a feature search mode,success,close,psychology,cognitive psychology,,high,,,,,,,,8,,,,,,,6
10.3758/bf03211160,https://doi.org/10.3758/bf03211160,,,True,,"Baddeley, A.; Lewis, V.; Vallar, G.",Exploring the articulatory loop,Quarterly Journal of Experimental Psychology,36,,233-252,1984,Articulatory suppression during both presentation and recall abolishes the word length effect but not the phonemic similarity effect in immediate serial recall with auditory presentation,success,direct,psychology,cognitive psychology,,high,,,,,,,,24,,,,,,,6
10.3758/bf03212422,https://doi.org/10.3758/bf03212422,,,True,,"Shepard, R.; Hovland, C.; Jenkins, H.",Learning and memorization of classifications,Psychological Monographs,75,13,,1961,"Problem Type II (two-dimension classification) is learned more quickly than Problem Types III, IV, and V (three-dimension classifications) when using separable-dimension stimuli",reversal,close,psychology,cognitive psychology,,high,,,,,,,,288,,,,,,,6
10.3758/pbr.16.4.684,https://doi.org/10.3758/pbr.16.4.684,,,False,,,,,,,,,,,,,,,,,,,,,,,,,,,,,,
10.3758/s13414-011-0183-x,https://doi.org/10.3758/s13414-011-0183-x,,,True,,"Theeuwes, J.",Top-down search strategies cannot override attentional capture,Psychonomic Bulletin & Review,11,,65-70,2004,"Salient distractors within an attentional window capture attention during parallel visual search, even when the target is not a singleton",failure,direct,psychology,cognitive psychology,,high,,,,,,,,34,,,,0.70,=,,6
10.3758/s13414-014-0641-3,https://doi.org/10.3758/s13414-014-0641-3,,,True,,"Wolfe, J.; Horowitz, T.; Van Wert, M.; Kenner, N.; Place, S.; Kibbi, N.",Low target prevalence is a stubborn source of errors in visual search tasks,Journal of Experimental Psychology: General,136,,623-638,2007,Low target prevalence increases miss rates in visual search tasks,success,direct,psychology,cognitive psychology,,high,,,,,,,,180,,,,0.001,<,,6
10.3758/s13414-014-0641-3,https://doi.org/10.3758/s13414-014-0641-3,,,True,,"Solman, G.; Cheyne, J.; Smilek, D.",Found and missed: failing to recognize a search target despite moving it,Cognition,123,,100-118,2012,"During manually-assisted search, people often select and move the target item but fail to recognize it (the unpacking error)",success,close,psychology,cognitive psychology,,high,,,,,,,,90,,,,0.001,<,,6
10.3758/s13414-015-0950-1,https://doi.org/10.3758/s13414-015-0950-1,,,True,,"Lin, J. Y.; Franconeri, S. L.; Enns, J. T.",Objects on a collision path with the observer demand attention,Psychological Science,19,7,686-693,2008,Looming motion induces response time benefits when a target looms and response time costs when a distractor looms during visual search,success,direct,psychology,cognitive psychology,,high,,,,,,,,25,,,,0.001,<,,6
10.3758/s13414-015-1036-9,https://doi.org/10.3758/s13414-015-1036-9,,,True,https://doi.org/10.1016/j.cub.2006.10.012,"Kuhn, G.; Land, M.",There's more to magic than meets the eye,Current Biology,16,,950-R951,2006,The magician's social cues (gaze and head direction toward the illusory ball) increase the percentage of observers experiencing the vanishing ball illusion compared to when social cues are directed toward the hand concealing the ball,success,direct,psychology,cognitive psychology,,high,,,,,,,,80,,,,0.001,<,,6
10.3758/s13414-017-1288-7,https://doi.org/10.3758/s13414-017-1288-7,,,True,https://doi.org/10.1167/10.6.5,"Geng, J.; Diquattro, N.",Attentional capture by a perceptually salient non-target facilitates target processing through inhibition and rapid rejection,Journal of Vision,10,6,1-12,2010,"Target-dissimilar distractors that capture the first saccade are rapidly rejected, as evidenced by shorter dwell times compared to target-similar distractors",success,direct,psychology,cognitive psychology,,high,,,,,,,,24,3.44,d,,0.001,<,,6
10.3758/s13414-017-1309-6,https://doi.org/10.3758/s13414-017-1309-6,,,False,,,,,,,,,,,,,,,,,,,,,,,,,,,,,,
10.3758/s13414-017-1360-3,https://doi.org/10.3758/s13414-017-1360-3,,,True,https://doi.org/10.3389/fpsyg.2015.01213,"Birngruber, T.; Schröter, H.; Ulrich, R.",The influence of stimulus repetition on duration judgments with simple stimuli,Frontiers in Psychology,6,,1213,2015,Repeated stimuli are perceived as having shorter duration than novel stimuli,success,close,psychology,cognitive psychology,,high,,,,,,,,12,,,,0.05,<,,6
10.3758/s13414-018-01655-7,https://doi.org/10.3758/s13414-018-01655-7,,,True,https://doi.org/10.3758/s13421-011-0157-1,"Giesen, C.; Frings, C.; Rothermund, K.",Differences in the strength of distractor inhibition do not affect distractor-response bindings,Memory & Cognition,40,,373-387,2012,"Simple distractor repetition effects are stronger for response-incompatible compared with response-neutral distractors, while distractor-response binding (DRB) retrieval effects emerge independently of distractor set",success,conceptual,psychology,cognitive psychology,,high,,,,,,,,70,0.44,d,,0.014,=,,6
10.3758/s13414-020-01991-7,https://doi.org/10.3758/s13414-020-01991-7,,,True,https://doi.org/10.3758/s13414-014-0742-z,"Konstantinou, N.; Beal, E.; King, J.; Lavie, N.",Working memory load and distraction: dissociable effects of visual maintenance and cognitive control,"Attention, Perception, & Psychophysics",76,7,1985-1997,2014,High visual working memory load reduces distractor processing in a flanker task compared to low visual working memory load,failure,direct,psychology,cognitive psychology,,high,,0.50,etasq,,,,,22,0.03,etasq,,0.42,=,,6
10.3758/s13414-020-01991-7,https://doi.org/10.3758/s13414-020-01991-7,,,True,https://doi.org/10.1037/xhp0000013,"Zhang, W.; Luck, S.",Opposite effects of capacity load and resolution load on distractor processing,Journal of Experimental Psychology: Human Perception and Performance,41,1,22-27,2015,Visual working memory capacity load increases distractor processing in a flanker task compared to low capacity load,failure,direct,psychology,cognitive psychology,,high,,,,,,,,18,0.01,etasq,,0.76,=,,6
10.3758/s13414-020-01991-7,https://doi.org/10.3758/s13414-020-01991-7,,,True,https://doi.org/10.1371/journal.pone.0098260,"Lin, S.; Yeh, Y.",Domain-specific control of selective attention,PLoS One,9,5,98260,2014,Visual working memory load increases distractor processing when WM task and flanker task use stimuli from the same domain,failure,direct,psychology,cognitive psychology,,high,,0.18,etasq,,,,,22,0.01,etasq,,0.89,=,,6
10.3758/s13414-023-02696-3,https://doi.org/10.3758/s13414-023-02696-3,,,True,https://doi.org/10.3758/s13414-017-1309-6,"Cai, Y.; Wang, C.; Song, C.; Li, Z.",Connectedness underlies the underestimation of the horizontal vertical illusion in L-shaped configurations,"Attention, Perception, & Psychophysics",79,4,1217-1226,2017,Dissecting L-figures (creating gaps between the two lines) yields greater overestimation of vertical lines compared to intact L-figures in the horizontal-vertical illusion,success,close,psychology,cognitive psychology,,high,,,,,,,,10,0.825,etasq,,0.005,<,,6
10.3758/s13414-023-02696-3,https://doi.org/10.3758/s13414-023-02696-3,,,True,https://doi.org/10.3758/s13414-017-1309-6,"Cai, Y.; Wang, C.; Song, C.; Li, Z.",Connectedness underlies the underestimation of the horizontal vertical illusion in L-shaped configurations,"Attention, Perception, & Psychophysics",79,4,1217-1226,2017,An obtuse angle of 105° between the L's lines yields a stronger horizontal-vertical illusion than an acute angle of 75°,success,direct,psychology,cognitive psychology,,high,,,,,,,,10,0.862,etasq,,0.007,<,,6
10.3758/s13414-023-02696-3,https://doi.org/10.3758/s13414-023-02696-3,,,True,https://doi.org/10.3758/BF03203930,"Cormack, E.; Cormack, R.",Stimulus configuration and line orientation in the horizontal-vertical illusion,Perception & Psychophysics,16,2,208-212,1974,Obtuse angles between an L's lines yield greater bias in the horizontal-vertical illusion than acute angles,inconclusive,close,psychology,cognitive psychology,,medium,,,,,,,,10,0.862,etasq,,0.007,<,,6
10.3758/s13415-016-0492-6,https://doi.org/10.3758/s13415-016-0492-6,,,True,,"Barber, H.; Van Der Meij, M.; Kutas, M.",An electrophysiological analysis of contextual and temporal constraints on parafoveal word processing,Psychophysiology,50,1,48-59,2013,Semantically incongruent parafoveal words elicit larger N400 amplitudes than congruent words during sentence reading,success,close,neuroscience,cognitive neuroscience,,high,,,,,,,,24,,,,0.001,<,,6
10.3758/s13415-016-0492-6,https://doi.org/10.3758/s13415-016-0492-6,,,True,,"Federmeier, K.; Wlotko, E.; Ochoa-Dewald, D.; Kutas, E.; M",Multiple effects of sentential constraint on word processing,Brain Research,1146,,75-84,2007,"N400 amplitude shows graded sensitivity to cloze probability, with more expected words eliciting reduced N400 amplitudes",success,conceptual,neuroscience,cognitive neuroscience,,high,,,,,,,,24,0.52,b,"[0.14, 0.86]",,,,6
10.3758/s13415-016-0492-6,https://doi.org/10.3758/s13415-016-0492-6,,,True,,"Delong, K.; Quante, L.; Kutas, M.","Predictability, plausibility, and two late ERP positivities during written sentence comprehension",Neuropsychologia,61,,150-162,2014,"N400 amplitude differentiates between unexpected but plausible words and anomalous words, with unexpected plausible words showing reduced N400 relative to anomalous words",success,conceptual,neuroscience,cognitive neuroscience,,high,,,,,,,,24,,,,0.08,=,,6
10.3758/s13420-011-0022-x,https://doi.org/10.3758/s13420-011-0022-x,,,True,,"Sanjuán, M.; Alonso, G.; Nelson, J.",The contribution of latent inhibition to reduced generalization after pre-exposure to the test stimulus,Behavioural Processes,71,,21-28,2006,Extended preexposure to a flavor compound (BX) reduces generalization of latent inhibition to another compound (AX) containing a common element,success,close,psychology,experimental psychology,,high,,,,,,,,32,,,,,,,6
10.3758/s13420-019-00400-w,https://doi.org/10.3758/s13420-019-00400-w,,,True,,"Huber, L.; Popovová, N.; Riener, S.; Salobir, K.; Cimarelli, G.",Would dogs copy irrelevant actions from their human caregiver?,Learning & Behavior,46,,387-397,2018,Dogs copy causally irrelevant actions (touching colored dots on a wall) demonstrated by their human caregiver during an overimitation task,success,close,psychology,cognitive psychology,,high,60,,,,,,,60,,,,0.001,<,,6
10.3758/s13421-010-0023-6,https://doi.org/10.3758/s13421-010-0023-6,,,True,https://doi.org/10.1080/09658210701804495,"Blumen, H.; Rajaram, S.",Influence of re-exposure and retrieval disruption during group collaboration on later individual recall,Memory,16,3,231-244,2008,Repeated collaborative recall trials produce better individual recall after a short delay compared to repeated individual recall trials in younger adults,success,close,psychology,cognitive psychology,,high,,,,,,,,120,0.20,etasq,,0.001,<,,6
10.3758/s13421-018-0805-9,https://doi.org/10.3758/s13421-018-0805-9,,,True,https://doi.org/10.1037//0096-3445.104.3.268,"Craik, F.; Tulving, E.",Depth of processing and the retention of words in episodic memory,Journal of Experimental Psychology: General,104,3,268-294,1975,Elaboration (deeper semantic processing) improves episodic long-term memory retention of words,success,conceptual,psychology,cognitive psychology,,high,,,,,,,,50,,,,,,,6
10.3758/s13421-018-0805-9,https://doi.org/10.3758/s13421-018-0805-9,,,True,https://doi.org/10.1111/1467-9280.00411,"Johnson, M.; Reeder, J.; Raye, C.; Mitchell, K.",Second thoughts versus second looks: An age-related deficit in reflectively refreshing just-activated information,Psychological Science: A Journal of the American Psychological Society/APS,13,1,64-67,2002,Refreshing (briefly thinking of a stimulus after it is no longer present) improves delayed item recognition and long-term memory,failure,close,psychology,cognitive psychology,,high,,,,,,,,50,,,,,,,6
10.3758/s13421-018-0833-5,https://doi.org/10.3758/s13421-018-0833-5,,,True,https://doi.org/10.1177/0956797610385359,"Konkle, T.; Brady, T.; Alvarez, G.; Oliva, A.",Scene memory is more detailed than you think: the role of categories in visual long-term memory,Psychological Science,21,,1551-1556,2010,"Studying additional category members (e.g., multiple bathrooms or beaches) decreases recognition accuracy for individual category members compared to studying only one category member",success,direct,psychology,cognitive psychology,,high,,,,,,,,60,0.337,d,,0.011,=,two-sided,6
10.3758/s13421-018-0833-5,https://doi.org/10.3758/s13421-018-0833-5,,,True,https://doi.org/10.1177/0956797610385359,"Konkle, T.; Brady, T.; Alvarez, G.; Oliva, A.",Scene memory is more detailed than you think: the role of categories in visual long-term memory,Psychological Science,21,,1551-1556,2010,Studying additional category members decreases recognition accuracy for individual category members (tested using confidence-rating paradigm rather than 2AFC),success,close,psychology,cognitive psychology,,high,,,,,,,,60,0.451,d,,0.001,=,two-sided,6
10.3758/s13421-018-0833-5,https://doi.org/10.3758/s13421-018-0833-5,,,True,https://doi.org/10.1177/0956797610385359,"Konkle, T.; Brady, T.; Alvarez, G.; Oliva, A.",Scene memory is more detailed than you think: the role of categories in visual long-term memory,Psychological Science,21,,1551-1556,2010,Studying additional category members decreases recognition accuracy for individual category members (tested with controlled study order to eliminate potential confound),success,close,psychology,cognitive psychology,,high,,,,,,,,60,0.734,d,,0.001,<,two-sided,6
10.3758/s13421-019-00963-z,https://doi.org/10.3758/s13421-019-00963-z,,,False,,,,,,,,,,,,,,,,,,,,,,,,,,,,,,
10.3758/s13423-012-0250-x,https://doi.org/10.3758/s13423-012-0250-x,,,True,https://doi.org/10.3758/PBR.16.4.684,"Feldman, L.; O'Connor, P.; Del Prado M., Martín F.",Early morphological processing is morphosemantic and not simply morpho-orthographic: a violation of form-then-meaning accounts of word recognition,Psychonomic Bulletin & Review,16,,684-691,2009,Semantically similar primes produce greater facilitation than semantically dissimilar primes in forward-masked primed lexical decision tasks at early processing stages,success,close,psychology,cognitive psychology,,high,,,,,,,,115,,,,0.0001,<,,6
10.3758/s13423-014-0645-y,https://doi.org/10.3758/s13423-014-0645-y,,,True,https://doi.org/10.1037/0096-3445.136.3.430,"Krynski, T.; Tenenbaum, J.",The role of causality in judgment under uncertainty,Journal of Experimental Psychology: General,136,,430-450,2007,Clarifying causal structure of the mammography problem increases Bayesian reasoning from approximately 15% to 45%,inconclusive,direct,psychology,cognitive psychology,,high,,,,,,,,144,0.17,phi,,0.04,<,,6
10.3758/s13423-014-0645-y,https://doi.org/10.3758/s13423-014-0645-y,,,True,https://doi.org/10.1037/0096-3445.136.3.430,"Krynski, T.; Tenenbaum, J.",The role of causality in judgment under uncertainty,Journal of Experimental Psychology: General,136,,430-450,2007,Clarifying causal structure of the mammography problem increases Bayesian reasoning from approximately 15% to 45%,failure,direct,psychology,cognitive psychology,,high,,,,,,,,179,0.09,phi,,0.28,=,,6
10.3758/s13423-020-01834-4,https://doi.org/10.3758/s13423-020-01834-4,,,True,,"Zlatev, J.; Daniels, D.; Kim, H.; Neale, M.",Default neglect in attempts at social influence,Proceedings of the National Academy of Sciences,114,,13643-13648,2017,"People exhibit 'default neglect' when attempting to influence others' job choices, selecting the optimal default at below-chance rates in a scenario where they advise an employee choosing between two jobs",success,direct,psychology,social psychology,,high,,,,,,,,259,,,,0.001,<,,6
10.3758/s13423-020-01834-4,https://doi.org/10.3758/s13423-020-01834-4,,,True,,"Zlatev, J.; Daniels, D.; Kim, H.; Neale, M.",Default neglect in attempts at social influence,Proceedings of the National Academy of Sciences,114,,13643-13648,2017,"People exhibit 'default neglect' when attempting to influence others' job choices, selecting the optimal default at below-chance rates in a scenario where they advise an employee choosing between two jobs",reversal,conceptual,psychology,social psychology,,high,,,,,,,,265,,,,0.001,<,,6
10.3758/s13423-020-01834-4,https://doi.org/10.3758/s13423-020-01834-4,,,True,,"Zlatev, J.; Daniels, D.; Kim, H.; Neale, M.",Default neglect in attempts at social influence,Proceedings of the National Academy of Sciences,114,,13643-13648,2017,"People exhibit 'default neglect' when attempting to influence others' job choices, selecting the optimal default at below-chance rates in a scenario where they advise an employee choosing between two jobs",success,direct,psychology,social psychology,,high,,,,,,,,391,,,,0.026,=,,6
10.3758/s13428-020-01454-9,https://doi.org/10.3758/s13428-020-01454-9,,,False,,,,,,,,,,,,,,,,,,,,,,,,,,,,,,
10.48550/arxiv.1605.00178.pdf,https://doi.org/10.48550/arxiv.1605.00178.pdf,,,True,,"Hackl, M.; Koster-Hale, J.; Varvoutis, J.",Quantification and ACD: Evidence from real time sentence processing,Journal of Semantics,29,,145-206,2012,"In antecedent-contained-deletion (ACD) relative clause structures, quantified object NPs (every) are processed faster than definite object NPs (the) due to quantifier raising",failure,direct,linguistics,psychophysics,,high,,,,,,,,72,,,,,,,6
10.48550/arxiv.1605.00178.pdf,https://doi.org/10.48550/arxiv.1605.00178.pdf,,,True,,"Hackl, M.; Koster-Hale, J.; Varvoutis, J.",Quantification and ACD: Evidence from real time sentence processing,Journal of Semantics,29,,145-206,2012,"In antecedent-contained-deletion structures with three verb conditions (full-verb, local-ellipsis, long-distance ellipsis), quantified object NPs show faster processing than definite NPs in ellipsis conditions",failure,direct,linguistics,psychophysics,,high,,,,,,,,72,,,,,,,6
10.48550/arxiv.2012.03849,https://doi.org/10.48550/arxiv.2012.03849,,,True,,"Li, R.; Johansen, J.; Ahmed, H.; Ilyevsky, T.; Wilbur, R.; Bharadwaj, H.; Siskind, J.",The perils and pitfalls of block design for eeg classification experiments,IEEE Transactions on Pattern Analysis and Machine Intelligence,,,,2020,"Temporal correlation in EEG data inflates classification accuracy in block-design experiments, with rapid-design experiments using block-level labels showing approximately 50% classification accuracy",failure,direct,computer science,AI and machine learning,,high,,,,,,,,6000,,,,,,,6
10.48550/arxiv.2103.08701,https://doi.org/10.48550/arxiv.2103.08701,,,True,https://doi.org/10.1109/TSE.2020.2976920,"Feitelson, D.; Mizrahi, A.; Noy, N.; Ben Shabat, A.; Eliyahu, O.; Sheffer, R.",How developers choose names,IEEE Trans. Softw. Eng,,,,2020,"Using verbal descriptions in English when asking programmers to name variables creates an accessibility bias, causing them to reuse words from the descriptions; this bias can be reduced by using descriptions in a foreign language like Hebrew",success,direct,computer science,software engineering,,high,,,,,,,,46,,,,,,,6
10.4992/jjpsy.94.22334,https://doi.org/10.4992/jjpsy.94.22334,,,True,https://doi.org/10.1556/jep.7.2009.1.3,"Eriksson, K.; Coultas, J. C.",Are people really conformist-biased? An empirical test and a new mathematical model,Journal of Evolutionary Psychology,7,,5-21,2009,"When people are presented with information about majority behavior in situations where answers are not objectively correct, they exhibit non-conformist bias rather than conformity bias",reversal,close,psychology,social psychology,,high,,,,,,,,120,,,,,,,6
10.5018_economics-ejournal.ja.2018-3.pdf,https://doi.org/10.5018_economics-ejournal.ja.2018-3.pdf,,,True,https://www.aeaweb.org/articles?id=10.1257/mac.3.3.92,"Becker, Sascha; Hornung, Erik; Woessmann, Ludger",Education and catch-up in the industrial revolution,American Economic Journal: Macroeconomics,3,3,92-126,2011,Education of the general population had a positive causal effect on Prussian industrialization in the 19th century,failure,direct,economics,economic history,,high,334,,,,,,,334,,,,,,,6
10.5334/pb-53-2-33,https://doi.org/10.5334/pb-53-2-33,,,True,,"Fontaine, J.; Luyten, P.; Corveleyn, J.",Tell me what you believe and I'll tell you what you want: Empirical evidence for discriminating value patterns of five types of religiosity,International Journal for the Psychology of Religion,2,,65-84,2000,"The relationships between Schwartz's value orientations and Wulff's four religious attitudes (Orthodoxy, Second Naiveté, External Critique, Relativism) can be reduced to two theoretically meaningful value patterns: a Transcendence/Mutual Care pattern and a Social order/Uncertainty avoidance pattern",inconclusive,close,psychology,social psychology,,high,211,,,,,,,288,,,,,,,6
10.5406/amerjpsyc.126.2.0213,https://doi.org/10.5406/amerjpsyc.126.2.0213,,,True,,"Goodwin, K.",Dissociative effects of true and false recall as a function of different encoding strategies,Memory,15,,93-103,2007,Elaborative rehearsal during encoding leads to higher correct recall and lower false recall compared to rote rehearsal in the Deese-Roediger-McDermott paradigm,success,direct,psychology,cognitive psychology,,high,,,,,,,,74,,,,0.05,<,,6
10.5406/amerjpsyc.126.2.0213,https://doi.org/10.5406/amerjpsyc.126.2.0213,,,True,,"Goodwin, K.",Dissociative effects of true and false recall as a function of different encoding strategies,Memory,15,,93-103,2007,Elaborative rehearsal during encoding leads to higher correct recall and lower false recall compared to rote rehearsal in the Deese-Roediger-McDermott paradigm,success,direct,psychology,cognitive psychology,,high,,,,,,,,56,,,,0.05,<,,6
10.5406/amerjpsyc.126.2.0213,https://doi.org/10.5406/amerjpsyc.126.2.0213,,,True,,"Goodwin, K.",Dissociative effects of true and false recall as a function of different encoding strategies,Memory,15,,93-103,2007,Elaborative rehearsal during encoding leads to higher correct recall and lower false recall compared to rote rehearsal in the Deese-Roediger-McDermott paradigm,inconclusive,direct,psychology,cognitive psychology,,high,,,,,,,,120,,,,0.05,<,,6
10.5465/amj.2007.25525781,https://doi.org/10.5465/amj.2007.25525781,,,True,,"Gully, S.; Devine, D.; Whitney, D.",A meta-analysis of cohesion and performance: effects of level of analysis and task interdependence,Small Group Research,26,,555,1995,"Team interdependence moderates the relationship between team processes (cohesion and communication) and performance, with stronger positive effects when interdependence is high versus low",success,close,psychology,social psychology,,high,,0.46,r,,,,,517,,,,0.01,<,,6
10.5465/amle.2014.0146,https://doi.org/10.5465/amle.2014.0146,,,True,,"Rubin, Robert S.; Dierdorff, Erich C.",How relevant is the MBA? Assessing the alignment of required curricula and required managerial competencies,Academy of Management Learning & Education,8,2,208-224,2009,MBA curricula at AACSB-accredited schools are misaligned with the six behavioral competencies necessary for successful managerial work,success,close,business & management,management,,high,3594,,,,,,,1582,,,,0.01,<,,6
10.5840/jphil20111081238,https://doi.org/10.5840/jphil20111081238,,,True,https://doi.org/10.5840/jphil2009106111,"Hitchcock, Christopher; Knobe, Joshua",Cause and norm,The Journal of Philosophy,106,11,587-612,2009,A physician who violates hospital policy by administering a banned drug is seen as more causal for a patient's recovery than a pharmacist who follows normal procedures,failure,close,psychology,experimental philosophy,,high,,,,,,,,319,,,,0.001,<,,6
10.5840/jphil20111081238,https://doi.org/10.5840/jphil20111081238,,,True,,"Knobe, Joshua; Fraser, Ben",Causal judgments and moral judgment: two experiments,,,,441-447,,A professor who violates a rule against taking pens from a receptionist's desk is seen as more causal for the receptionist being penless than an administrative assistant who is allowed to take pens,success,direct,psychology,experimental philosophy,,high,,,,,,,,265,,,,0.001,<,,6
10.5964/ejop.v12i3.1160,https://doi.org/10.5964/ejop.v12i3.1160,,,True,https://doi.org/10.1111/j.1467-9280.1995.tb00298.x,"Myers, D.; Diener, E.",Who is happy?,Psychological Science,6,1,10-19,1995,"Happiness is positively correlated with four personality traits: extraversion, internal locus of control, self-esteem, and optimism",success,direct,psychology,social psychology,,high,,,,,,,,194,,,,,,,6
10.5964/ejop.v12i3.1160,https://doi.org/10.5964/ejop.v12i3.1160,,,True,https://doi.org/10.1016/S0092-6566(02)00534-2,"Martin, R.; Puhlik-Doris, P.; Larsen, G.; Gray, J.; Weir, K.",Individual differences in uses of humor and their relation to psychological well-being: Development of the Humor Styles Questionnaire,Journal of Research in Personality,37,1,48-75,2003,Happiness is positively related to self-enhancing and affiliative humor styles and negatively related to self-defeating and aggressive humor styles,success,direct,psychology,social psychology,,high,,,,,,,,194,,,,,,,6
10.7554/elife.11566.002,https://doi.org/10.7554/elife.11566.002,,,False,,,,,,,,,,,,,,,,,,,,,,,,,,,,,,
10.7554/elife.95761.1.sa1,https://doi.org/10.7554/elife.95761.1.sa1,,,True,,"Batterink, L.",Rapid statistical learning supporting word extraction from continuous speech,Psychological Science,28,,921-928,2017,"After a single exposure to a trisyllabic word, learners react faster to the second and third syllables of that word compared to the first syllable, demonstrating rapid statistical learning",success,direct,psychology,cognitive psychology,,high,19,-13.6,ms,,,,,21,,,,0.002,=,,6
10.7554/elife.95761.1.sa1,https://doi.org/10.7554/elife.95761.1.sa1,,,True,,"Batterink, L.",Rapid statistical learning supporting word extraction from continuous speech,Psychological Science,28,,921-928,2017,"After a single exposure to a trisyllabic word, learners react faster to the second and third syllables of that word compared to the first syllable, demonstrating rapid statistical learning",success,close,psychology,cognitive psychology,,high,19,-13.6,ms,,,,,48,,,,0.001,=,,6
2024.lrec-main.91,https://doi.org/2024.lrec-main.91,,,True,,"Przepiórkowski, Adam; Woźniak, Michał","Conjunct lengths in English, Dependency Length Minimization, and dependency structure of coordination",Proceedings of the 61st Annual Meeting of the Association for Computational Linguistics,1,,15494-15512,2023,"Left conjuncts tend to be shorter in English coordinate structures, with this tendency depending on the difference between conjunct lengths and the position of the governor",success,direct,linguistics,applied linguistics,,high,21825,,,,,,,11502053,,,,,,,6
