replication_doi,replication_url,replication_title,replication_journal,replication_volume,replication_issue,replication_pages,replication_year,replication_authors,contains_replications,original_url,original_authors,original_title,original_journal,original_volume,original_issue,original_pages,original_year,description,result,replication_type,discipline,subdiscipline,explanation,confidence,original_n,original_es,original_es_type,original_es_95_CI,original_p_value,original_p_value_type,original_p_value_tails,replication_n,replication_es,replication_es_type,replication_es_95_CI,replication_p_value,replication_p_value_type,replication_p_value_tails,ai_version,validated
10.1002/ajmg.b.31194,https://doi.org/10.1002/ajmg.b.31194,,,,,,,,True,,"Beecham, G.; Martin, E.; Li, Y.; Slifer, M.; Gilbert, J.; Haines, J.; Pericak-Vance, M.",Genome-wide association study implicates a chromosome 12 risk locus for late-onset Alzheimer disease,Am J Hum Genet,84,,35-43,2009,"Multiple SNPs (rs7893928, rs16934131/KCNMA1, rs7894737, rs11244841, rs11610206, rs3746319/ZNF224) are significantly associated with the risk of late-onset Alzheimer's disease",failure,close,neuroscience,cognitive neuroscience,The authors explicitly state: 'We did not observe a statistically significant association between any of the 12 SNPs examined and the risk of LOAD in our primary analysis.' Logistic regression failed to reveal any associations between genotype and AD risk for any of the SNPs originally reported by Beecham et al. 2009.,high,,,,,,,,1969,,,,,,,8,no
10.1002/ajmg.b.31194,https://doi.org/10.1002/ajmg.b.31194,,,,,,,,True,,"Bertram, L.; Lange, C.; Mullin, K.; Parkinson, M.; Hsiao, M.; Hogan, M.; Schjeide, B.; Hooli, B.; Divito, J.; Ionita, I.; Jiang, H.; Laird, N.; Moscarillo, T.",Genome-wide association analysis reveals putative Alzheimer's disease susceptibility loci in addition to APOE,Am J Hum Genet,83,,623-632,2008,"Multiple SNPs (rs179943/ATXN1, rs11159647/LOC100287804, rs2049161/GAPDHL11, rs3826656/CD33) are significantly associated with the risk of late-onset Alzheimer's disease",failure,close,neuroscience,cognitive neuroscience,"The authors explicitly state that 'the association of the 12 previously reported SNPs by [Beecham], [Bertram], [Carrasquillo], and [Reiman], if they exist, are not statistically significant in our study population.' Logistic regression failed to find any association between the Bertram et al. SNPs and AD risk in up to 1,969 subjects.",high,,,,,,,,1969,,,,,,,8,no
10.1002/ajmg.b.31194,https://doi.org/10.1002/ajmg.b.31194,,,,,,,,True,,"Carrasquillo, M.; Zou, F.; Pankratz, V.; Wilcox, S.; Ma, L.; Walker, L.; Younkin, S.; Younkin, C.; Younkin, L.; Bisceglio, G.; Ertekin-Taner, N.; Crook, J.; Dickson, D.",Genetic variation in PCDH11X is associated with susceptibility to late-onset Alzheimer's disease,Nat Genet,41,,192-198,2009,Genetic variation in PCDH11X (rs5984894) on the X chromosome is significantly associated with susceptibility to late-onset Alzheimer's disease,failure,close,neuroscience,cognitive neuroscience,"The authors explicitly state that the association of all 12 SNPs from the four GWAS, including PCDH11X/rs5984894 from Carrasquillo et al., were not statistically significant in their sample. The adjusted OR for rs5984894 was 0.98 (95% CI: 0.84-1.14, p=0.7945), clearly failing to replicate the original finding.",high,,,,,,,,1969,,,,,,,8,no
10.1002/ajmg.b.31194,https://doi.org/10.1002/ajmg.b.31194,,,,,,,,True,,"Reiman, E.; Webster, J.; Myers, A.; Hardy, J.; Dunckley, T.; Zismann, V.; Joshipura, K.; Pearson, J.; Hu-Lince, D.; Huentelman, M.; Craig, D.; Coon, K.; Liang, W.",GAB2 alleles modify Alzheimer's risk in APOE ε 4 carriers,Neuron,54,,713-720,2007,"GAB2 allele (rs2373115) modifies Alzheimer's disease risk, particularly in APOE ε4 carriers",failure,close,neuroscience,cognitive neuroscience,"The authors found no significant association between GAB2/rs2373115 and AD risk, with an adjusted OR of 1.00 (95% CI: 0.83-1.20, p=0.9900), directly contradicting the original Reiman et al. finding. The authors state that none of the 12 SNPs examined were found to be associated with AD risk.",high,,,,,,,,1969,,,,,,,8,no
10.1002/ajmg.b.32957,https://doi.org/10.1002/ajmg.b.32957,,,,,,,,True,,"Hess, J.",A polygenic resilience score moderates the genetic risk for schizophrenia,Molecular Psychiatry,,,,2019,"A polygenic resilience score, derived from common genetic variants associated with resistance to schizophrenia among high-PRS unaffected individuals, protects high-risk controls from developing schizophrenia",success,direct,medical fields,psychiatry,"The authors explicitly state 'We replicated the protective effect of our published polygenic resilience score among unaffected individuals in the top 10th percentile of PRS for SCZ,' finding OR=1.096 (95% CI=1.05-1.14, p=4.03×10⁻⁵, FDRp=9.8×10⁻⁵) in a new independent dataset of 18,090 cases and 28,114 controls from the PGC.",high,22405,,,,,,,7971,,,,4.03e-05,=,,8,no
10.1002/art.23549,https://doi.org/10.1002/art.23549,,,,,,,,True,,"Remmers, E.; Plenge, R.; Lee, A.; Graham, R.; Hom, G.; Behrens, T.",STAT4 and the risk of rheumatoid arthritis and systemic lupus erythematosus,New England Journal of Medicine,357,,977-986,2007,The STAT4 polymorphism rs7574865 (T allele) is associated with increased risk of rheumatoid arthritis in European and North American populations,success,close extension,medical fields,rheumatology,"The authors explicitly confirm the original finding: 'we confirmed the reported association of the STAT4 rs7574865 polymorphism with RA in 3 independent cohorts of Spanish, Swedish, and Dutch origin.' The combined analysis across all three cohorts showed a highly significant association (p = 9.79 × 10⁻⁶, OR 1.25 [95% CI 1.13–1.37]).",high,,,,,,,,4546,1.25,OR,"[1.13, 1.37]",9.79e-06,=,,8,no
10.1002/art.24721,https://doi.org/10.1002/art.24721,,,,,,,,False,,,,,,,,,,,,,,,,,,,,,,,,,,,,,,,
10.1002/art.37707,https://doi.org/10.1002/art.37707,,,,,,,,False,,,,,,,,,,,,,,,,,,,,,,,,,,,,,,,
10.1002/art.39619,https://doi.org/10.1002/art.39619,,,,,,,,True,,"Eyre, S.; Bowes, J.; Diogo, D.; Lee, A.; Barton, A.; Martin, P.",High-density genetic mapping identifies new susceptibility loci for rheumatoid arthritis,Nature Genetics,44,,1336-1340,2012,Non-HLA genetic polymorphisms (particularly at the ANKRD55 locus) are associated with susceptibility to anti-CCP-negative rheumatoid arthritis,success,direct,medical fields,rheumatology,"The authors explicitly state they confirmed ANKRD55 and BLK associations in the replication cohort, and identified two new specific markers (PRL and NFIA). The Discussion notes: 'we have identified 2 loci that show replicated evidence of association in anti-CCP-negative disease,' and the abstract confirms 'we confirmed the known markers ANKRD55 and BLK.'",high,19209,,,,,,,7372,,,,,,,8,no
10.1002/aur.2650,https://doi.org/10.1002/aur.2650,,,,,,,,True,https://doi.org/10.1002/aur.1545,"Lever, A.; Geurts, H.",Age-related differences in cognition across the adult lifespan in autism spectrum disorder,Autism Research,9,6,666-676,2016,"Autistic adults show parallel age-related cognitive effects compared to non-autistic adults across multiple domains (verbal memory, visual memory, verbal fluency, ToM, processing speed), with some protective aging effects (smaller age-related decline in autism for working memory, visual memory, and ToM)",inconclusive,direct,psychology,neuropsychology,"The authors explicitly state 'evidence for a parallel aging pattern was replicated' and 'previously observed difficulties in ToM and verbal fluency were replicated,' but also note 'a pattern in which initial differences diminish at older age (protective aging) was not replicated.' Group differences in processing speed (originally found) were also not replicated, yielding a mixed overall pattern of partial replication.",high,,,,,,,,176,,,,,,,8,no
10.1002/aur.2650,https://doi.org/10.1002/aur.2650,,,,,,,,True,https://doi.org/10.1037/abn0000108,"Lever, A.; Werkle-Bergner, M.; Brandmaier, A.; Ridderinkhof, K.; Geurts, H.",Atypical working memory decline across the adult lifespan in autism spectrum disorder,Journal of Abnormal Psychology,124,4,1014-1026,2015,"Autistic adults show a protective (smaller) age-related decline in visual working memory compared to non-autistic adults, such that working memory performance converges between groups at older age",failure,direct,psychology,neuropsychology,"The authors explicitly state 'the protective effect of autism on visual learning and visual working memory were not replicated,' and the Bayesian replication analyses for working memory showed H0 (no group difference) gave a better account of the current data than the original study's findings.",high,,,,,,,,176,,,,,,,8,no
10.1002/brb3.1393,https://doi.org/10.1002/brb3.1393,,,,,,,,True,https://doi.org/10.1126/science.1252900,"Wang, J.; Rogers, L.; Gross, E.; Ryals, A.; Dokucu, M.; Brandstatt, K.; Voss, J.",Targeted enhancement of cortical-hippocampal brain networks and associative memory,Science,345,6200,1054-1057,2014,Noninvasive TMS stimulation targeting the hippocampal-cortical network applied for five consecutive days improves face-word paired-associate learning measured after the stimulation regimen via cued recall,success,close,neuroscience,cognitive neuroscience,"The authors explicitly conclude: 'The beneficial effects of stimulation targeting the hippocampal-cortical network for learning face-word paired associates were nearly identical in this replication experiment as in [the original].' The replication found a significant improvement after active stimulation (t(13) = 2.98, p = .01) but not after sham (p = .78), with a medium effect size (Cohen's d = 0.68) consistent with the original.",high,16,,,,,,,16,0.68,d,,0.02,=,,8,no
10.1002/eat.20801,https://doi.org/10.1002/eat.20801,,,,,,,,True,,"Mayer, L.; Roberto, C.; Glasofer, D.; Etu, S.; Gallagher, D.; Wang, J.",Does percent body fat predict outcome in anorexia nervosa?,American Journal of Psychiatry,164,,970-972,2007,Lower percent body fat among women with anorexia nervosa restored to at least 90% of ideal body weight predicts worse clinical outcome in the year following inpatient treatment,success,close,medical fields,psychiatry,"The replication found a statistically significant difference in percent body fat between 'poor' and 'full, good or fair' outcome groups (22% vs. 27%, p < 0.035, Cohen's d = 1.10), directly supporting the original finding. The authors state: 'The results of the current study provide additional data supporting our previous finding that among fully weight-restored women with AN on an inpatient unit, there is a significant association between body composition and longer-term outcome.'",high,26,,,,,,,21,1.1,d,,0.035,<,,8,no
10.1002/ece3.7264,https://doi.org/10.1002/ece3.7264,,,,,,,,True,https://doi.org/10.1098/rsif.2019.0115,"Hauber, M.; Bond, A.; Kouwenberg, A.; Robertson, G.; Hansen, E.; Holford, M.; Dainson, M.; Luro, A.; Dale, J.",The chemical basis of a signal of individual identity: Shell pigment concentrations track the unique appearance of common murre eggs,Journal of the Royal Society Interface,16,,20190115,2019,"Avian-perceivable eggshell background coloration traits and maculation density of common murre (Uria aalge) eggs are not statistically correlated with one another, consistent with the identity signaling hypothesis for individual egg recognition",success,close extension,biology,ecology,"The paper explicitly describes itself as a 'biological replication study' and in the Discussion concludes that 'our results here provide further evidence for the functionality of maculation shape, spot density, eggshell size and shape, and avian-perceivable background coloration as possible identity signals for common murre eggs,' confirming the original finding that eggshell traits are uncorrelated. The abstract states the results 'biologically replicate the conclusions of a recent eggshell trait study of Canadian common murres using similar methodology.'",high,,,,,,,,84,,,,,,,8,no
10.1002/erv.2686,https://doi.org/10.1002/erv.2686,,,,,,,,True,https://doi.org/10.1016/j.biopsych.2018.05.008,"Bernardoni, F.; King, J.; Geisler, D.; Birckenstock, J.; Tam, F.; Weidner, K.; Ehrlich, S.",Cortical folding is affected by nutritional status: Lessons learned from anorexia nervosa,Biological Psychiatry,84,,692-701,2018,Women with acute anorexia nervosa exhibit widespread reduction in local cortical gyrification (local gyrification index) relative to healthy controls,success,conceptual,medical fields,psychiatry,"The authors explicitly state in the Discussion (p.516): 'The present study replicated and validated previous findings documenting reduced global cortical volume and reduced gyrification in the lateral frontal, temporal, and postcentral cortices bilaterally in women with acute AN.' Table 3 shows highly significant LGI reductions across 6 large bilateral clusters (all corrected CWP = 0.0002, cluster sizes ranging from 780-4424 mm²), closely matching the widespread gyrification reductions reported by Bernardoni et al. (2018). The paper self-identifies as a 'far replication' using a different sample, different methodology, and different analysis methods (Limitations, p.517).",high,,,,,,,,100,,,,<0.0002,cluster-wise corrected p (permutation test),,8,no
10.1002/erv.2686,https://doi.org/10.1002/erv.2686,,,,,,,,True,https://doi.org/10.1016/j.biopsych.2014.09.005,"King, J.; Geisler, D.; Ritschel, F.; Boehm, I.; Seidel, M.; Roschinski, B.; Ehrlich, S.",Global cortical thinning in acute anorexia nervosa normalizes following long-term weight restoration,Biological Psychiatry,77,7,624-632,2015,"Women with acute anorexia nervosa exhibit widespread, global reduction in local cortical thickness relative to healthy controls",failure,conceptual,medical fields,psychiatry,"The authors explicitly state (p.516): 'The present finding did not replicate previous work that has documented widespread reduction in cortical thickness and regional increases in cortical curvature,' naming King et al. (2015) and Bernardoni et al. (2016) as key sources. While King et al. reported global cortical thinning affecting up to 85% of the cortex, the present study found only small, localised clusters of reduced thickness (Table 2: cluster sizes 130-189 mm², corrected CWP 0.007-0.042) in the occipital and parietal cortices, and no group differences in cortical curvature. The authors attribute the failure to replicate partly to the older age of their sample.",high,,,,,,,,100,,,,,,,8,no
10.1002/erv.2686,https://doi.org/10.1002/erv.2686,,,,,,,,True,https://doi.org/10.1016/j.jpsychires.2018.04.010,"Miles, A.; Voineskos, A.; French, L.; Kaplan, A.",Subcortical volume and cortical surface architecture in women with acute and remitted anorexia nervosa: An exploratory neuroimaging study,Journal of Psychiatric Research,102,,179-185,2018,Women with anorexia nervosa show no significant differences in local cortical surface area relative to healthy comparison women,failure,conceptual,medical fields,psychiatry,"The authors explicitly state (p.517): 'This does not replicate previous work by Miles, Voineskos, et al. (2018), which to our knowledge was the first study to examine local alterations in cortical surface area in people with AN relative to HC participants and found no significant group differences.' Contrary to the null finding by Miles et al., the present study found significant reductions in cortical surface area in three left-hemisphere clusters (Table 4: superior frontal cortex CWP=0.006, inferior temporal cortex CWP=0.028, superior temporal cortex CWP=0.049). The authors suggest the discrepancy may be due to differences in statistical power, as Miles et al. had a smaller sample.",high,,,,,,,,100,,,,,,,8,no
10.1002/gps.4893,https://doi.org/10.1002/gps.4893,,,,,,,,True,,"Leoutsakos, J.; Forrester, S.; Corcoran, C.",Latent classes of course in Alzheimer's disease and predictors: the Cache County Dementia Progression Study,International Journal of Geriatric Psychiatry,30,8,824-832,2015,"Growth mixture modelling of incident Alzheimer disease patients identifies 4 latent classes of cognitive and functional progression, with MMSE score at diagnosis being the strongest predictor of future decline",failure,close extension,medical fields,psychiatry,"Although the abstract frames the study as confirming predictability of AD trajectories, the authors explicitly state in the Results section: 'results show we were unable to replicate the exact class structure identified in the CCDPS.' The replication found 3 classes (vs. 4 in the original), with different class proportions and different significant predictors (education and hypertension in addition to MMSE, rather than MMSE alone), using a clinical cohort rather than the original population-based sample.",high,328,,,,,,,1120,,,,,,,8,no
10.1002/hbm.24797,https://doi.org/10.1002/hbm.24797,,,,,,,,True,,"Du, W.; Calhoun, V.; Li, H.; Ma, S.; Eichele, T.; Kiehl, K.; Adali, T.",High classification accuracy for schizophrenia with rest and task FMRI data,Frontiers in Human Neuroscience,6,,145,2012,A machine learning procedure using resting-state fMRI ICA features with LOO cross-validation can classify patients with schizophrenia from healthy controls with 93% accuracy,inconclusive,close,neuroscience,cognitive neuroscience,"The authors followed the exact same machine learning procedure as Du et al. (2012) in a new dataset and found a classification accuracy of 0.725 (vs. 0.93 in the original), concluding that 'our results support the reproducibility of the machine learning procedure which can successfully discriminate patients with schizophrenia from healthy controls,' though the effect was substantially weaker than the original.",high,56,,,,,,,102,,,,,,,8,no
10.1002/hbm.24797,https://doi.org/10.1002/hbm.24797,,,,,,,,True,,"Du, W.; Calhoun, V.; Li, H.; Ma, S.; Eichele, T.; Kiehl, K.; Adali, T.",High classification accuracy for schizophrenia with rest and task FMRI data,Frontiers in Human Neuroscience,6,,145,2012,A machine learning procedure using resting-state fMRI ICA features with LOO cross-validation can classify patients with schizophrenia from healthy controls with 93% accuracy,failure,close extension,neuroscience,cognitive neuroscience,"When applying Du et al.'s trained model directly to an independent dataset from a different site and scanner, the classification accuracy dropped to 0.550, which was not statistically significant (p = .183), demonstrating failure to generalize between sites. The authors conclude that 'the failure of direct generalization from one site to another demonstrates the limitation of within-site cross-validation.'",high,56,,,,,,,61,,,,0.183,=,,8,no
10.1002/hbm.24822,https://doi.org/10.1002/hbm.24822,,,,,,,,False,,,,,,,,,,,,,,,,,,,,,,,,,,,,,,,
10.1002/hbm.24836,https://doi.org/10.1002/hbm.24836,,,,,,,,False,,,,,,,,,,,,,,,,,,,,,,,,,,,,,,,
10.1002/hbm.70318,https://doi.org/10.1002/hbm.70318,,,,,,,,True,https://doi.org/10.1016/j.ynstr.2020.100276,"Nasseri, P.; Herrera, A.; Gillette, K.",Hormonal contraceptive phases matter: resting-state functional connectivity of emotion-processing regions under stress,Neurobiology of Stress,13,,100276,2020,OCP use is associated with higher left amygdala-ventromedial prefrontal cortex connectivity and lower parahippocampal gyrus-lateral occipital cortex connectivity during the hormone-present phase compared to the hormone-absent phase following an acute stressor,failure,conceptual,neuroscience,cognitive neuroscience,"The replication found no significant change in left amygdala-vmPFC connectivity (p = 0.741) or parahippocampal-occipital connectivity (p > 0.05), and even at uncorrected thresholds no changes were detected. Authors explicitly state that 'none of the seeds chosen a priori showed changes from the OCP active arm to the placebo arm in the same direction and location as previously reported.'",high,,,,,,,,26,,,,0.741,=,,8,no
10.1002/hbm.70318,https://doi.org/10.1002/hbm.70318,,,,,,,,True,https://doi.org/10.1016/j.yhbeh.2020.104849,"Sharma, R.; Fang, Z.; Smith, A.; Ismail, N.","Oral contraceptive use, especially during puberty, alters resting state functional connectivity",Hormones and Behavior,126,,104849,2020,OCP use is associated with higher connectivity between the right putamen and right middle frontal gyrus in OCP users compared to naturally-cycling controls,inconclusive,conceptual,neuroscience,cognitive neuroscience,"The replication found a significant increase in right putamen connectivity to a middle frontal gyrus node (p = 0.0481), but this was contralateral (left, not right) to the node reported by Sharma et al., and the specific node at the MNI coordinates reported by Sharma et al. was non-significant (p = 0.586). Authors interpret this as a 'partial replication.'",high,,,,,,,,26,,,,0.586,=,,8,no
10.1002/hbm.70318,https://doi.org/10.1002/hbm.70318,,,,,,,,True,https://doi.org/10.1038/npp.2017.157,"Engman, J.; Sundström Poromaa, I.; Moby, L.; Wikström, J.; Fredrikson, M.; Gingnell, M.",Hormonal cycle and contraceptive effects on amygdala and salience resting-state networks in women with previous affective side effects on the pill,Neuropsychopharmacology,43,3,555-563,2018,OCP use is associated with decreased amygdala-postcentral gyrus connectivity and increased dACC connectivity to the superior frontal gyrus and precuneus compared to natural menstrual cycle,failure,conceptual,neuroscience,cognitive neuroscience,"The replication failed to replicate dACC-SFG connectivity increase (p = 0.846), dACC-precuneus connectivity decrease (p = 0.718 for the specific previously-reported node), or amygdala-postcentral gyrus connectivity decrease (p = 0.419). Authors state that 'the findings of our amygdala seed-based analysis are overall inconsistent with the results of [Engman et al.]'",high,,,,,,,,26,,,,,,,8,no
10.1002/jaba.484,https://doi.org/10.1002/jaba.484,,,,,,,,True,https://doi.org/10.1002/bin.321,"Schumacher, B.; Rapp, J.",Increasing compliance with haircuts in a child with autism,Behavioral Interventions,26,,67-75,2011,"Delivering edible items contingent on compliance with a concurrent schedule (escape also available) reduces escape responses and increases compliance with haircuts in a child with autism, without requiring escape extinction",success,close extension,psychology,clinical psychology,"The authors explicitly state their study is a systematic replication of Schumacher and Rapp (2011) and conclude that 'These findings replicate those published by [19], [20], and [4] and extend the literature on treating escape-maintained problem behavior without the use of escape extinction by targeting a novel, yet important personal hygiene routine, nail cutting.' The same concurrent reinforcement schedule paradigm (edibles for compliance, escape for escape responses) was applied to nail cutting instead of haircuts, with successful outcomes for both participants.",high,,,,,,,,2,,,,,,,8,no
10.1002/jaba.484,https://doi.org/10.1002/jaba.484,,,,,,,,True,https://doi.org/10.1901/jaba.2006.30-05,"Shabani, D.; Fisher, W.",Stimulus fading and differential reinforcement for the treatment of needle phobia in a youth with autism,Journal of Applied Behavior Analysis,39,,449-452,2006,Positive reinforcement (without escape extinction) increases compliance with an aversive medical/hygiene procedure (blood-glucose monitoring involving needle) in an adolescent with autism who had previously resisted the procedure,success,conceptual,psychology,clinical psychology,"The authors explicitly state their study is a systematic replication of Shabani and Fisher (2006) and conclude that 'These findings replicate those published by [19], [20], and [4].' The original used stimulus fading combined with differential reinforcement of other behavior, whereas the current study used differential reinforcement contingent on compliance only, applied to nail cutting — a different technique but the same general principle of positive reinforcement without escape extinction.",high,,,,,,,,2,,,,,,,8,no
10.1002/jaba.484,https://doi.org/10.1002/jaba.484,,,,,,,,True,https://doi.org/10.1016/j.rasd.2013.02.004,"Bishop, M.; Kenzer, A.; Coffman, C.; Tarbox, C.; Tarbox, J.; Lanagan, T.",Using stimulus fading without escape extinction to increase compliance with toothbrushing in children with autism,Research in Autism Spectrum Disorders,7,,680-686,2013,A stimulus fading procedure combined with differential reinforcement (without escape extinction) increases compliance with toothbrushing in children with autism,success,conceptual,psychology,clinical psychology,"The authors explicitly state their study is a systematic replication of Bishop et al. (2013) and conclude that 'These findings replicate those published by [19], [20], and [4].' The original used a 30-step stimulus-fading procedure with edibles, while the current study used only differential reinforcement contingent on nail compliance — a different manipulation but the same principle of positive reinforcement without escape extinction applied to a hygiene routine.",high,,,,,,,,2,,,,,,,8,no
10.1002/jaba.833,https://doi.org/10.1002/jaba.833,,,,,,,,True,https://doi.org/10.1002/jaba.351,"Cox, A.; Virues-Ortega, J.; Julio, F.; Martin, T.",Establishing motion control in children with autism and intellectual disability: Applications for anatomical and functional MRI,Journal of Applied Behavior Analysis,50,1,8-26,2017,"A treatment package of graduated exposure, prompting, and reinforcement increases tolerance of MRI procedures (motion control) in children with autism spectrum disorder and intellectual disability",success,conceptual,psychology,clinical psychology,"The authors explicitly state they 'systemically replicated and extended [6] and [20] on reinforcement-based approaches to increase tolerance with medical devices,' and the Discussion confirms the treatment package 'produced tolerance of the application and extended use of face coverings for nine children with ASD.' The replication is conceptual because Cox et al. applied graduated exposure to MRI tolerance, while this study applies the same behavioral framework to face covering tolerance — a different device in a different context.",high,,,,,,,,12,,,,,,,8,no
10.1002/jaba.833,https://doi.org/10.1002/jaba.833,,,,,,,,True,https://doi.org/10.1002/jaba.802,"Sivaraman, M.; Virues-Ortega, J.; Roeyers, H.",Telehealth mask wearing training for children with autism during the COVID-19 pandemic,Journal of Applied Behavior Analysis,54,1,70-86,2020,A telehealth-delivered graduated exposure and reinforcement treatment package increases tolerance of face mask wearing for up to 10 minutes in children with autism spectrum disorder,success,close extension,psychology,clinical psychology,"The authors explicitly state the study 'replicates some methods of [20]' and their Discussion confirms successful replication: the treatment package 'produced tolerance of the application and extended use of face coverings for nine children with ASD.' It is classified as a close extension because the study added escape extinction, tested in-person and telehealth delivery formats, included more participants and younger ages, and extended to face shields — deliberately testing the effect in expanded conditions beyond the original.",high,6,,,,,,,12,,,,,,,8,no
10.1002/jcv2.12077,https://doi.org/10.1002/jcv2.12077,,,,,,,,True,https://doi.org/10.1111/jcpp.12510,"Bishop, S.; Havdahl, K.; Huerta, M.; Lord, C.",Subdimensions of social-communication impairment in autism spectrum disorder,"Journal of Child Psychology and Psychiatry, and Allied Disciplines",57,8,909-916,2016,"A three-factor model of social-communication impairments in ASD (Basic Social-Communication, Interaction Quality, and Restricted/Repetitive Behaviors) can be identified from ADOS Module 3 diagnostic algorithm scores, with Basic SOC being independent of child characteristics (age, IQ) and more predictive of ASD diagnosis than Interaction Quality",success,close,medical fields,psychiatry,"The authors explicitly state in the Discussion: 'Our CFA replicated the previously reported observation of three latent dimensions in the ADOS algorithm reflecting RRBs, Basic Social-Communication behaviors and Interaction Quality.' The three-factor model showed acceptable fit (CFI=0.983, RMSEA=0.056), and all three dimensions contributed independently to prediction of ASD diagnosis, confirming the original findings.",high,238,,,,,,,1363,,,,,,,8,no
10.1002/jts.22339,https://doi.org/10.1002/jts.22339,,,,,,,,True,https://doi.org/10.1038/mp.2017.24,"Polimanti, R.; Kaufman, J.; Zhao, H.; Kranzler, H.; Ursano, R.; Kessler, R.; Stein, M.",A genome-wide gene-by-trauma interaction study of alcohol misuse in two independent cohorts identifies PRKG1 as a risk locus,Molecular Psychiatry,23,,154-160,2017,"Interaction of the PRKG1 gene variant (rs1729578) and trauma exposure predicts alcohol misuse among African Americans, with the minor allele positively associated with alcohol use disorder symptoms in trauma-exposed individuals and negatively associated in non-trauma-exposed individuals",inconclusive,close extension,medical fields,psychiatry,"The replication found a significant interaction for 1 of 3 alcohol outcome measures in the same direction as the original, but the effect did not survive FDR correction for multiple testing. The authors conclude the work 'supports the association' but explicitly note the finding 'was no longer statistically significant once a FDR was applied' and recommend interpreting 'with caution,' representing qualified support rather than a clear success or failure.",high,,,,,,,,1277,0.41,other,,,,,8,no
10.1002/mpr.293,https://doi.org/10.1002/mpr.293,,,,,,,,True,,"Krueger, R.",The structure of common mental disorders,Archives of General Psychiatry,56,,921-926,1999,Patterns of comorbidity among common mental disorders in adults are best reflected by a hierarchical three-factor structure with two correlated factors ('anxious-misery' and 'fear') summarized in a second-order 'internalizing' factor and one 'externalizing' factor,inconclusive,close extension,medical fields,psychiatry,"The authors explicitly state that 'the three-factor model could be replicated in a sample of adolescents and young adults with the exception that the second-order internalizing factor was not consistent with the data.' While the three latent factors were recovered, the hierarchical structure (the defining feature of Krueger's model) could not be reproduced, making the result inconclusive rather than a full success.",high,,,,,,,,3021,,,,,,,8,no
10.1002/mrm.29947,https://doi.org/10.1002/mrm.29947,,,,,,,,True,https://doi.org/10.1002/MRM.28119,"Bauman, G.; Bieri, O.",Balanced steady-state free precession thoracic imaging with half-radial dual-echo readout on smoothly interleaved archimedean spirals,Magn Reson Med,84,1,237-246,2020,Balanced steady-state free precession (bSTAR) thoracic imaging using a half-radial dual-echo readout with smoothly interleaved Archimedean spiral k-space trajectories produces images without visible artifacts and with high spatial resolution at 1.5T,success,close extension,engineering,biomedical engineering,"The authors explicitly implemented the bSTAR sequence using open-source frameworks (Pulseq and BART) and replicated Figure 3 from the original paper. They conclude: 'We have successfully replicated bSTAR lung imaging at 0.55 T using two open-source frameworks.' The replication used different software tools (Pulseq vs. IDEA) and a different field strength (0.55T vs. 1.5T), qualifying it as a close extension.",high,,,,,,,,,,,,,,,8,no
10.1002/mrm.29947,https://doi.org/10.1002/mrm.29947,,,,,,,,True,https://doi.org/10.1016/J.ZEMEDI.2022.01.003,"Bieri, O.; Pusterla, O.; Bauman, G.",Free-breathing half-radial dual-echo balanced steady-state free precession thoracic imaging with wobbling Archimedean spiral pole trajectories,Z Med Phys,33,2,220-229,2023,Free-breathing thoracic bSTAR imaging using the WASP (wobbling Archimedean spiral pole) and spiral phyllotaxis (SP) k-space trajectory patterns produces images with reduced eddy current artifacts at 1.5T,success,close extension,engineering,biomedical engineering,"The authors replicated Figure 4 from the original paper using WASP and SP trajectory patterns with their open-source bSTAR implementation, demonstrating comparable image quality. They conclude: 'We have successfully replicated bSTAR lung imaging at 0.55 T using two open-source frameworks.' The replication used different software tools (Pulseq vs. IDEA) and a different field strength (0.55T vs. 1.5T), qualifying it as a close extension.",high,,,,,,,,,,,,,,,8,no
10.1002/npr2.12172,https://doi.org/10.1002/npr2.12172,,,,,,,,True,,"Sasaki, N.; Yamaguchi, S.; Shimodaira, M.; Sato, S.; Taneda, A.; Yoshida, K.",Development and validation of a Japanese fidelity scale for supported employment,Administration and Policy in Mental Health,45,,318-327,2018,The Japanese version of the individualized Supported Employment Fidelity Scale (JiSEF) has good inter-rater reliability (ICC = 0.93) and concurrent validity with agency employment outcomes (r = 0.710),success,close,medical fields,psychiatry,"The authors explicitly describe this as a replication study and conclude in the Discussion: 'We found a good inter-rater reliability, concurrent validity, and convergent validity of the JiSEF in this replication study.' The ICC values (0.93 and 0.92) and concurrent validity correlations (r = 0.665–0.722) closely matched those reported in the original study (ICC = 0.93, r = 0.710).",high,,0.710,r,,,,,,0.710,r,,0.001,=,,8,no
10.1002/pd.6260,https://doi.org/10.1002/pd.6260,,,,,,,,True,https://doi.org/10.1126/scitranslmed.aah4661,"Jain, C.; Kadam, L.; Van Dijk, M.",Fetal genome profiling at five weeks of gestation after noninvasive isolation of trophoblast cells from the endocervical canal,Science Translational Medicine,8,363,363-e364,2016,"The TRIC (Trophoblast Retrieval and Isolation from the Cervix) method can isolate fetal trophoblast cells from endocervical samples with a high fetal DNA fraction (averaging 92.2% purity), enabling accurate fetal genome profiling for prenatal genetic testing",failure,direct,medical fields,pharmacology and toxicology,"The authors explicitly state in the conclusion: 'We have been unable to successfully replicate the results of the original study performing TRIC.' Their success rate was only 23-44% (vs. the original's 92.2% fetal DNA fraction purity), using the identical protocol and materials as the original study.",high,,,,,,,,160,,,,,,,8,no
10.1002/pds.5065,https://doi.org/10.1002/pds.5065,,,,,,,,True,,"Patel, M.; Mahaffey, W.; Garg, J.",Rivaroxaban versus warfarin in nonvalvular atrial fibrillation,N Engl J Med,365,,883-891,2011,Rivaroxaban is noninferior to warfarin in the prevention of stroke or systemic embolism in patients with nonvalvular atrial fibrillation at moderate-to-high risk for stroke (the ROCKET AF trial),inconclusive,conceptual,medical fields,cardiovascular medicine,"The observational study replicated the primary finding (non-inferiority of rivaroxaban to warfarin, HR=1.04 [0.84-1.30] in ITT) matching the ROCKET AF trial's conclusion. However, the authors explicitly state that superiority findings were not replicated, and the secondary efficacy outcome was in the opposite direction (HR=1.18 vs 0.86 in the original trial), leading to a mixed overall result described by the authors as providing only 'supportive evidence.'",high,14264,0.79,HR,"[0.66, 0.96]",,,,25473,1.04,HR,"[0.84, 1.3]",,,,8,no
10.1002/pon.4841,https://doi.org/10.1002/pon.4841,,,,,,,,True,,"Marshall, C.; Badger, T.; Curran, M.",Un Abrazo Para la Familia: providing low-income Hispanics with education and skills in coping with cancer and caregiving,Psycho-Oncology,22,,470-474,2013,A psychoeducational intervention (Un Abrazo Para La Familia) delivered by trained promotoras significantly increases cancer knowledge and self-efficacy among low-income Hispanic/Latino cancer co-survivors,success,close extension,medical fields,psychosomatic medicine,"The authors explicitly state that 'Findings from the Oregon replication support Abrazo as a feasible, efficacious, and effective intervention' and found that 90% of items showed significant gains in both samples, mirroring the original Tucson findings. Both cancer knowledge and self-efficacy increased significantly in the Portland sample.",high,,,,,,,,116,,,,0.001,<,,8,no
10.1002/smi.70005,https://doi.org/10.1002/smi.70005,,,,,,,,False,,,,,,,,,,,,,,,,,,,,,,,,,,,,,,,
10.1007/BF00998785,https://doi.org/10.1007/BF00998785,,,,,,,,True,,"Hauri, P.",Treating psychophysiological insomnia with biofeedback,Archives of General Psychiatry,38,,752-758,1981,"Psychophysiological insomniacs who are tense at intake benefit from Theta (relaxation) biofeedback, while those who are already relaxed benefit from SMR (sensorimotor rhythm) biofeedback — and matching treatment to intake tension type improves sleep outcomes",success,close,medical fields,psychiatry,The authors explicitly state that 'Data from the current study confirm the results of the previous study' and 'The current study replicates the previously reported conclusion that the insomniac's initial tension is crucial when deciding on behavioral treatment.' The replication used improved methodology (same equipment for both feedback groups) but confirmed the same pattern of results.,high,,,,,,,,16,,,,,,,8,no
10.1007/BF01541753,https://doi.org/10.1007/BF01541753,,,,,,,,True,,"Alzate, H.; Londoño, M.",Vaginal erotic sensitivity,Journal of Sex and Marital Therapy,10,,49-56,1984,"Systematic digital stimulation of both vaginal walls produces erogenous zones and orgasmic response in most women, primarily located on the upper anterior vaginal wall",success,close,medical fields,psychosomatic medicine,"The paper explicitly states its purpose was 'to replicate the findings of [Alzate and Londoño]' and the Discussion concludes that 'the present results corroborate those of [2],' confirming vaginal erotic sensitivity in most women with erogenous zones on both vaginal walls.",high,16,,,,,,,27,,,,,,,8,no
10.1007/BF01788629,https://doi.org/10.1007/BF01788629,,,,,,,,True,,"Trute, B.; Loewen, A.",Public attitudes toward the mentally ill as a function of prior personal experience,Social Psychiatry,13,,79-84,1978,"Public attitudes toward the mentally ill constitute a two-dimensional phenomenon distinguishing between social relations (personal contact) and social responsibility (impersonal contact), and are linked to prior personal experience with mental illness",success,direct,sociology,anthropology,"The authors explicitly state their intent was to 'replicate a community wide survey in the same city, employing similar measures, after a ten year period of time.' The Discussion confirms: 'Replication of identical measures of public attitude with the same target population after a decade had elapsed indicated no change in public rejection of the mentally ill' and 'the presence of two basic components of public attitude was empirically verified.'",high,,,,,,,,548,,,,,,,8,no
10.1007/s00011-009-0044-4,https://doi.org/10.1007/s00011-009-0044-4,,,,,,,,True,,"Belon, P.; Cumps, J.; Ennis, M.; Mannaioni, P.; Roberfroid, M.; Sainte-Laudy, J.",Histamine dilutions modulate basophil activation,Inflamm Res,53,,181-188,2004,"High dilutions of histamine (at concentrations beyond the Avogadro limit, 5C to 19C centesimal dilutions) inhibit anti-IgE-induced degranulation/activation of human basophils",success,close extension,medical fields,pharmacology and toxicology,"The paper's title explicitly calls this 'a controlled replication study.' The Discussion (p.762) states: 'In this work we were able to reproduce evidence for the effects of high histamine dilutions on anti-IgE-triggered basophil activation.' Statistical results are unambiguous: Friedman test P = 0.012 for high dilutions overall; individual Wilcoxon tests show significant inhibition at 12C (P = 0.047), 14C (P = 0.003), 15C (P = 0.036), 16C (P = 0.009), while water controls showed no effect (Friedman P = 0.590). The primary original study is Belon et al. 2004, the European multicentre trial establishing that histamine dilutions modulate basophil activation. The replication type is 'close extension' because the paper introduces a new polychromatic flow cytometry protocol with CD203c as primary marker (rather than optical microscopy or CD63 used in prior studies) and a novel standardized mechanical succussion procedure, while testing the same biological phenomenon in the same general in vitro basophil model. PDF review confirmed all details.",high,,,,,,,,,,,,0.012,=,two-sided,8,no
10.1007/s00109-007-0234-x,https://doi.org/10.1007/s00109-007-0234-x,,,,,,,,False,,,,,,,,,,,,,,,,,,,,,,,,,,,,,,,
10.1007/s00125-007-0618-z,https://doi.org/10.1007/s00125-007-0618-z,,,,,,,,True,,"Grant, S.; Thorleifsson, G.; Reynisdottir, I.",Variant of transcription 7-like 2 (TCF7L2) gene confers risk of type 2 diabetes,Nat Genet,38,,320-323,2006,"Variants of the TCF7L2 gene (SNPs rs12255372, rs7903146, rs7901695, rs11196205, and microsatellite DG10S478) are significantly associated with increased risk of type 2 diabetes in white (Icelandic, Danish, and US) populations",success,close extension,medical fields,pharmacology and toxicology,"The paper is explicitly titled 'Replication study for the association of TCF7L2 with susceptibility to type 2 diabetes in a Japanese population' and the authors conclude 'we have identified significant associations of TCF7L2 variants with type 2 diabetes in a Japanese population,' with all four SNPs and the microsatellite significantly associated with type 2 diabetes. The replication uses a different (Japanese) ethnic population rather than the original white populations, classifying it as a close extension.",high,,,,,,,,2694,1.7,OR,"[1.2, 2.41]",0.0024,=,,8,no
10.1007/s00125-009-1397-5,https://doi.org/10.1007/s00125-009-1397-5,,,,,,,,True,,"Zeggini, E.; Scott, L.; Saxena, R.",Meta-analysis of genome-wide association data and large-scale replication identifies additional susceptibility loci for type 2 diabetes,Nature Genetics,40,,638-645,2008,"Seven SNP loci (rs864745 in JAZF1, rs12779790 near CDC123/CAMK1D, rs7961581 near TSPAN8/LGR5, rs4607103 near ADAMTS9, rs10923931 in NOTCH2, rs1153188 near DCD, and rs9472138 near VEGFA) identified by meta-analysis of genome-wide association studies are associated with susceptibility to type 2 diabetes in populations of European descent",failure,close extension,biology,genetics,"The authors tested the same SNP loci from Zeggini et al. (2008) in Japanese populations to determine if the European-derived findings generalize to a different ethnicity. They concluded that 'the contribution of the seven examined loci in conferring susceptibility to type 2 diabetes is considered minor in the Japanese population, if they are present' — none of the seven SNPs reached statistical significance after Bonferroni correction.",high,,,OR,,,,,6244,1.148,OR,"[1.034, 1.275]",0.0098,=,,8,no
10.1007/s00125-009-1595-1,https://doi.org/10.1007/s00125-009-1595-1,,,,,,,,True,,"Weedon, M.N.; Clark, V.J.; Qian, Y.",A common haplotype of the glucokinase gene alters fasting glucose and birth weight,American Journal of Human Genetics,79,,991-1001,2006,Common variants at the GCK locus (rs1799884) are associated with fasting plasma glucose levels in European populations,success,close extension,biology,genetics,"The paper explicitly states it performed a replication study and reports 'Significant (p<0.05 by one-tailed test) association was replicated for all five SNPs...in South Asians (Sri Lankan) as well as in East Asians (Japanese).' For GCK rs1799884, significant association was found in both Japanese (p=1.1×10⁻⁸) and Sri Lankan (p=0.002) populations.",high,,0.062,other,"[0.048, 0.076]",,,,4813,0.075,other,"[0.049, 0.101]",1.1e-09,=,one-sided,8,no
10.1007/s00125-009-1595-1,https://doi.org/10.1007/s00125-009-1595-1,,,,,,,,True,,"Vaxillaire, M.; Cavalcanti-Proenca, C.; Dechaume, A.",The common P446L polymorphism in GCKR inversely modulates fasting glucose and triglyceride levels and reduces type 2 diabetes risk in the DESIR prospective general French population,Diabetes,57,,2253-2257,2008,Common variant at the GCKR locus (rs780094) is associated with fasting plasma glucose levels in European populations,success,close extension,biology,genetics,"The paper states that fasting glucose association was replicated for all five SNPs at p<0.05 (one-tailed) in both Asian populations. For GCKR rs780094, significant association was found in Japanese (p=0.002) and Sri Lankan (p=2.1×10⁻⁴) populations, with per-allele effects comparable to European estimates.",high,,0.067,other,"[0.045, 0.09]",,,,4813,0.032,other,"[0.012, 0.052]",0.002,=,one-sided,8,no
10.1007/s00125-009-1595-1,https://doi.org/10.1007/s00125-009-1595-1,,,,,,,,True,,"Bouatia-Naji, N.; Rocheleau, G.; van Lommel, L.",A polymorphism within the G6PC2 gene is associated with fasting plasma glucose levels,Science,320,,1085-1088,2008,Common variant at the G6PC2-ABCB11 locus (rs560887) is associated with fasting plasma glucose levels in European populations,success,close extension,biology,genetics,"The paper explicitly states fasting glucose association was replicated for all five SNPs in both Asian populations. For G6PC2-ABCB11 rs560887, significant association was found in Japanese (p=6.4×10⁻⁴) and the Discussion concludes 'Fasting glucose association at four tested loci was proven to be replicable across ethnic groups.'",high,,0.064,other,"[0.056, 0.072]",,,,4813,0.103,other,"[0.044, 0.162]",0.00064,=,one-sided,8,no
10.1007/s00125-009-1595-1,https://doi.org/10.1007/s00125-009-1595-1,,,,,,,,True,,"Prokopenko, I.; Langenberg, C.; Florez, J.C.",Variants in MTNR1B influence fasting glucose levels,Nature Genetics,41,,77-81,2009,Common variants at the MTNR1B locus (rs1387153 and rs10830963) are associated with fasting plasma glucose levels in European populations,success,close extension,biology,genetics,"The paper states fasting glucose association was replicated for all five SNPs at p<0.05 (one-tailed) in both Asian populations. For MTNR1B, rs1387153 showed p=9.7×10⁻⁹ (Japanese) and p=0.024 (Sri Lankan), while rs10830963 showed p=2.9×10⁻⁸ (Japanese) and p=3.6×10⁻⁵ (Sri Lankan).",high,,0.072,other,"[0.062, 0.082]",,,,4813,0.056,other,"[0.036, 0.075]",2.9e-08,=,one-sided,8,no
10.1007/s00125-011-2086-8,https://doi.org/10.1007/s00125-011-2086-8,,,,,,,,True,,"Willer, C.; Speliotes, E.; Loos, R.",Six new loci associated with body mass index highlight a neuronal influence on body weight regulation,Nature Genetics,41,,25-34,2009,"Common genetic variants at six loci (including TMEM18, GNPDA2, MTCH2, BDNF, ETV5, and others) identified by genome-wide association meta-analysis are associated with BMI and obesity measures in European populations",success,close extension,biology,genetics,"The authors conducted a replication study in 18,264 Japanese individuals and confirmed that the majority of the SNPs from Willer et al. (2009) and Thorleifsson et al. (2009) replicate in Japanese populations: 'we confirmed that 11 SNPs from ten candidate loci were significantly associated with BMI in Japanese individuals, as was previously reported in Europeans.' The replication was in a different ethnic population (close extension), and while effect sizes differed somewhat, the direction of association was concordant for all tested loci.",high,,,,,5e-08,<,,18264,,,,0.1,<,two-sided,8,no
10.1007/s00125-011-2086-8,https://doi.org/10.1007/s00125-011-2086-8,,,,,,,,True,,"Thorleifsson, G.; Walters, G.; Gudbjartsson, D.",Genome-wide association yields new sequence variants at seven loci that associate with measures of obesity,Nature Genetics,41,,18-24,2009,"Common genetic variants at seven loci identified by genome-wide association meta-analysis are associated with obesity measures (BMI, weight) in European populations",success,close extension,biology,genetics,"The authors conducted a replication study in 18,264 Japanese individuals, testing SNPs from both Willer et al. (2009) and Thorleifsson et al. (2009), and confirmed that 11 of 14 SNPs showed nominally significant associations with BMI/weight in the Japanese population. The Discussion concludes 'we confirmed that 11 SNPs from ten candidate loci were significantly associated with BMI in Japanese individuals, as was previously reported in Europeans.' Some ethnic differences in effect size were noted but the overall direction was concordant across all loci.",high,,,,,5e-08,<,,18264,,,,0.1,<,two-sided,8,no
10.1007/s00127-007-0170-7,https://doi.org/10.1007/s00127-007-0170-7,,,,,,,,True,,"Myin-Germeys, I.; Krabbendam, L.; Jolles, J.; Delespaul, P.; Van Os, J.",Are cognitive impairments associated with sensitivity to stress in schizophrenia? An experience sampling study,Am J Psychiatry,159,,443-449,2002,"Cognitive impairments in schizophrenia are inversely (not positively) associated with stress sensitivity, such that better cognitive functioning predicts greater emotional reactivity to daily life stress, suggesting stress sensitivity constitutes an independent pathway to psychosis rather than being mediated by cognitive impairment",success,close,medical fields,psychiatry,"The authors explicitly state they aim to 'replicate these findings in a new sample of patients with psychotic disorder' and conclude: 'The current study replicated previous findings [10] showing that in some instances cognitive functioning is not, and in other instances is inversely associated with momentary sensitivity to stress.' Using the same ESM methodology and population of patients with psychotic disorder, results confirmed the original finding.",high,,,,,,,,25,,,,,,,8,no
10.1007/s00198-009-1014-y,https://doi.org/10.1007/s00198-009-1014-y,,,,,,,,True,,"Kiel, D.; Demissie, S.; Dupuis, J.; Lunetta, K.; Murabito, J.; Karasik, D.",Genome-wide association with bone mass and geometry in the Framingham Heart Study,BMC Med Genet,8,,14,2007,SNPs identified in a genome-wide association study (FHS100K) are associated with bone mineral density variation in a US white sample,inconclusive,close,biology,genetics,"The authors replicated 2 of 3 promising SNPs and an unspecified fraction of 15 sub-promising SNPs from the FHS100K GWAS, with an average replication rate of ~25–27% across all three GWASs. The authors conclude 'this study showed promise for replication of some initial genome-wide association signals,' indicating partial rather than full replication.",high,1141,,,,,,,1000,,,,,,,8,no
10.1007/s00198-009-1014-y,https://doi.org/10.1007/s00198-009-1014-y,,,,,,,,True,,"Styrkarsdottir, U.; Halldorsson, B.; Gretarsdottir, S.; Gudbjartsson, D.; Walters, G.; Ingvarsson, T.; Jonsdottir, T.; Saemundsdottir, J.; Center, J.; Nguyen, T.; Bagger, Y.; Gulcher, J.; Eisman, J.; Christiansen, C.; Sigurdsson, G.; Kong, A.; Thorsteinsdottir, U.; Stefansson, K.",Multiple genetic loci for bone mineral density and fractures,N Engl J Med,358,,2355-2365,2008,SNPs identified in the Icelandic deCODE genome-wide association study are associated with bone mineral density variation,inconclusive,close,biology,genetics,"The authors replicated an unspecified fraction of the 85 SNPs selected from the Icelandic deCODE GWAS (3 promising + 82 sub-promising), with an average replication rate of ~25–27% across all three GWASs combined. The authors conclude 'this study showed promise for replication of some initial genome-wide association signals,' indicating partial rather than full replication.",high,5861,,,,,,,1000,,,,,,,8,no
10.1007/s00198-009-1014-y,https://doi.org/10.1007/s00198-009-1014-y,,,,,,,,True,,"Richards, J.; Rivadeneira, F.; Inouye, M.; Pastinen, T.; Soranzo, N.; Wilson, S.; Andrew, T.; Falchi, M.; Gwilliam, R.; Ahmadi, K.; Valdes, A.; Arp, P.; Whittaker, P.; Verlaan, D.; Jhamai, M.; Kumanduri, V.; Moorhouse, M.; Van Meurs, J.; Hofman, A.; Pols, H.; Hart, D.; Zhai, G.; Kato, B.; Mullin, B.; Zhang, F.; Deloukas, P.; Uitterlinden, A.; Spector, T.","Bone mineral density, osteoporosis, and osteoporotic fractures: a genome-wide association study",Lancet,371,,1505-1512,2008,SNPs identified in the UK-NL genome-wide association study (including LRP5 gene variants) are associated with bone mineral density variation,inconclusive,close,biology,genetics,"The authors replicated a subset of the 36 SNPs selected from the UK-NL GWAS (2 promising + 34 sub-promising), with notably strong replication for rs3736228 in LRP5 (combined p=5.3×10⁻¹²) but an overall replication rate of ~25–27% across all three GWASs combined. The partial replication pattern supports an 'inconclusive' classification.",high,8557,,,,,,,1000,,,,,,,8,no
10.1007/s00213-025-06837-4,https://doi.org/10.1007/s00213-025-06837-4,,,,,,,,True,https://doi.org/10.1038/s41398-022-01808-1,"deRoon-Cassini, T.; Bergner, C.; Chesney, S.",Circulating endocannabinoids and genetic polymorphisms as predictors of posttraumatic stress disorder symptom severity: heterogeneity in a community-based cohort,Translational Psychiatry,12,,1-12,2022,Higher circulating concentrations of AEA (primarily in women) and 2-AG (primarily in individuals from marginalized racial/ethnic groups) in the peri-traumatic period are positively associated with increased risk for the development of PTSD 6-10 months later,inconclusive,close extension,medical fields,psychiatry,"The authors report that 2-AG was positively associated with PTSD severity in the current cohort but this relationship 'did not survive correction for multiple comparisons,' and the AEA-PTSD link was 'not replicated in this cohort.' The discussion describes the PTSD finding as showing 'some evidence' of replication with qualified language, making the overall result inconclusive.",high,,,,,,,,100,,,,,,,8,no
10.1007/s00213-025-06837-4,https://doi.org/10.1007/s00213-025-06837-4,,,,,,,,True,https://doi.org/10.1016/j.ynstr.2021.100304,"Fitzgerald, J.; Chesney, S.; Lee, T.",Circulating endocannabinoids and prospective risk for depression in trauma-injury survivors,Neurobiology of Stress,14,,100304,2021,Higher circulating concentrations of 2-AG in the peri-traumatic period predict greater depression 6-9 months post-injury in traumatic injury survivors,failure,close extension,medical fields,psychiatry,"The authors explicitly state in the Discussion: 'Our previous study found that higher concentrations of 2-AG predicted greater depression 6-9 months post-injury, this was not seen in the current cohort,' and the overall conclusion confirms 'associations between 2-AG concentrations and depression...were not replicated in this cohort.'",high,,,,,,,,100,,,,,,,8,no
10.1007/s00213-025-06837-4,https://doi.org/10.1007/s00213-025-06837-4,,,,,,,,True,https://doi.org/10.3390/biomedicines10071599,"Trevino, C.; Hillard, C.; Szabo, A.; deRoon-Cassini, T.","Serum concentrations of the endocannabinoid, 2-arachidonoylglycerol, in the peri-trauma period are positively associated with chronic pain months later",Biomedicines,10,,1599,2022,Peri-traumatic serum 2-AG concentrations are positively associated with chronic pain severity 6-9 months after traumatic injury,success,close extension,medical fields,psychiatry,"The authors state: 'In accordance with results in the previous cohort (Trevino et al. 2022), we identified a significant positive association between peri-traumatic serum 2-AG concentrations and severity of pain 6-10 months later.' The Discussion also confirms that 'The conclusions of the initial study that circulating 2-AG concentrations in the peri-traumatic period were positively associated with...chronic pain were replicated in the current cohort.'",high,,,,,,,,100,,,,,,,8,no
10.1007/s00213-025-06983-9,https://doi.org/10.1007/s00213-025-06983-9,,,,,,,,True,https://doi.org/10.3390/biomedicines8020034,"Lewis, C.; Preller, K.; Braden, B.; Riecken, C.; Vollenweider, F.",Rostral anterior cingulate thickness predicts the emotional psilocybin experience,Biomedicines,8,2,34,2020,"Rostral anterior cingulate cortex (rACC) thickness positively predicts emotional experiences (unity, spiritual experience, blissful state, insightfulness) induced by psilocybin in healthy adults",inconclusive,close,neuroscience,cognitive neuroscience,"The replication found a comparable effect size in the same direction (β = 0.523 vs. original range 0.324-0.572) but failed to reach statistical significance (p = 0.297), likely due to lower statistical power (N = 25 vs. N = 55). Authors describe this as 'a partial replication where effect direction and magnitude align with the original study, though significance was not reached.'",high,55,,,,,,,25,0.523,other,,0.297,=,,8,no
10.1007/s00248-024-02368-1,https://doi.org/10.1007/s00248-024-02368-1,,,,,,,,True,,"Voigt, C.; Caspers, B.; Speck, S.","Bats, bacteria, and bat smell: sex-specific diversity of microbes in a sexually selected scent organ",Journal of Mammalogy,86,,745-749,2005,Males of the greater sac-winged bat (Saccopteryx bilineata) have lower microbial richness and different microbial community composition in their antebrachial wing sac scent organs compared to females,success,conceptual,biology,ecology,"The authors explicitly frame this as a conceptual replication and conclude: 'our findings are consistent with the original study: wing-sac microbiota of S. bilineata exhibit sex-specific differences. In line with the original study, microbial richness is lower in wing sacs of males than wing sac rudiments of females.' Both key findings (lower richness and different composition in males) were confirmed using 16S rRNA sequencing instead of culture-dependent methods.",high,,,,,,,,54,,,,0.022,=,,8,no
10.1007/s00251-008-0284-4,https://doi.org/10.1007/s00251-008-0284-4,,,,,,,,False,,,,,,,,,,,,,,,,,,,,,,,,,,,,,,,
10.1007/s00251-013-0733-6,https://doi.org/10.1007/s00251-013-0733-6,,,,,,,,True,https://doi.org/10.1371/journal.pgen.1001195,"Danoy, P.; Hadler, P.; Bradbury, J.; Farrar, L.; Pointon, C.",Association of variants at 1q32 and STAT3 with ankylosing spondylitis suggests genetic overlap with Crohn's disease,PLoS Genetics,6,12,1001195,2010,KIF21B variants (SNP rs11584383) are associated with ankylosing spondylitis susceptibility in populations of white European ancestry,success,close extension,medical fields,rheumatology,"The authors explicitly state in the Discussion: 'we first replicated the association of the KIF21B 1q32 locus and AS in a Chinese Han population,' finding two SNPs (rs502658 and rs10494829) significantly associated with AS. The replication extends the original European ancestry finding to a Chinese Han population using the same case-control SNP genotyping approach.",high,,,,,1.6e-10,=,,1707,0.6,OR,"[0.47, 0.76]",0.0002,=,,8,no
10.1007/s00261-021-03184-8,https://doi.org/10.1007/s00261-021-03184-8,,,,,,,,True,https://doi.org/10.2337/db18-0525,"Shuboni-Mulligan, D.; Parys, M.; Blanco-Fernandez, B.; Mallett, C.; Schnegelberger, R.; Takada, M.; Chakravarty, S.; Hagenbuch, B.; Shapiro, E.",Dynamic contrast-enhanced MRI of OATP dysfunction in diabetes,Diabetes,68,,271-280,2019,"Type 2 diabetes is associated with reduced uptake of Gd-EOB-DTPA into liver parenchyma, reflecting reduced expression of OATP transporters (demonstrated in mice)",success,close extension,medical fields,pharmacology and toxicology,"The authors explicitly state in the Discussion: 'We successfully showed decreased uptake of Gd-EOB-DTPA into liver parenchyma in the severe or uncontrolled diabetic group,' confirming the same effect found in the original mouse study in a human clinical population. The replication is a close extension because it tests the same hypothesis using a similar MRI contrast enhancement paradigm but in humans rather than mice.",high,,,,,,,,94,,,,0.005,=,two-sided,8,no
10.1007/s00296-010-1566-3,https://doi.org/10.1007/s00296-010-1566-3,,,,,,,,True,,"Reveille, J.; Sims, A.; Danoy, P.; Evans, D.; Leo, P.; Pointon, J.",Genome-wide association study of ankylosing spondylitis identifies non-MHC susceptibility loci,Nature Genetics,42,,123-127,2010,The ANTXR2 polymorphism rs4333130 is associated with ankylosing spondylitis susceptibility in Caucasian populations,failure,close extension,medical fields,rheumatology,"The authors explicitly state this is 'the first replication study of ANTXR2 and IL-R2 in non-Caucasian populations' and found 'no association was observed between AS and ANTXR2' in Chinese Han patients, with allele frequency comparison yielding p=0.1914, a stark contrast to the original TASC study's p=9.3×10⁻⁸.",high,7609,,,,9.3e-08,=,,400,0.713,OR,"[0.429, 1.187]",0.1914,=,,8,no
10.1007/s00296-010-1566-3,https://doi.org/10.1007/s00296-010-1566-3,,,,,,,,True,,"Reveille, J.; Sims, A.; Danoy, P.; Evans, D.; Leo, P.; Pointon, J.",Genome-wide association study of ankylosing spondylitis identifies non-MHC susceptibility loci,Nature Genetics,42,,123-127,2010,The IL-1R2 polymorphism rs2310173 is associated with ankylosing spondylitis susceptibility in Caucasian populations,failure,close extension,medical fields,rheumatology,"The authors found no association between IL-1R2 variant rs2310173 and AS in Chinese Han population (allele frequency comparison p=0.0981; OR=0.788, 95% CI 0.594-1.045), concluding that 'neither ANTXR2 nor IL-1R2 variant contributed to the susceptibility of AS in Chinese population.'",high,7609,,,,,,,400,0.788,OR,"[0.594, 1.045]",0.0981,=,,8,no
10.1007/s00296-010-1789-3,https://doi.org/10.1007/s00296-010-1789-3,,,,,,,,True,,"Harley, J.; Alarcon-Riquelme, M.; Criswell, L.; Jacob, C.; Kimberly, R.; Moser, K.","Genome-wide association scan in women with systemic lupus erythematosus identifies susceptibility variants in ITGAM, PXK, KIAA1542 and other loci",Nature Genetics,40,,204-210,2008,SNP rs6445975 in the PXK gene is associated with susceptibility to systemic lupus erythematosus in Caucasians,failure,close extension,medical fields,pharmacology and toxicology,"The authors explicitly state: 'The association of PXK rs6445975 with SLE that observed in Caucasians was not replicated in Koreans as well as Hong Kong Chinese.' No significant association was found in the Korean population (OR = 1.06, P = 0.57), failing to replicate the original Caucasian GWAS finding.",high,,,,,,,,1044,1.06,OR,,0.57,=,,8,no
10.1007/s00406-002-0386-1,https://doi.org/10.1007/s00406-002-0386-1,,,,,,,,True,,"Boin, F.; Zanardini, R.; Pioli, R.; Altamura, C.; Maes, M.; Gennarelli, M.",Association between -G308A tumor necrosis factor alpha gene polymorphism and schizophrenia,Molecular Psychiatry,6,,79-82,2001,The G308A polymorphism (TNF2 allele) of the tumor necrosis factor-alpha gene is associated with increased frequency in schizophrenic patients compared to healthy controls (21% vs. 11% allele frequency),failure,direct,medical fields,psychiatry,"The authors explicitly state: 'We could not replicate the finding reported by Boin and colleagues: there was no difference between schizophrenic patients and healthy controls, neither regarding genotype distribution, nor regarding allele frequency.' The replication found 13.7% polymorphic allele in patients vs. 16.9% in controls, the opposite direction from the original finding.",high,222,,,,0.002,=,two-sided,343,,,,,,,8,no
10.1007/s00406-004-0545-7,https://doi.org/10.1007/s00406-004-0545-7,,,,,,,,True,,"Wernicke, C.; Samochowiec, J.; Schmidt, L.; Winterer, G.; Smolka, M.; Kucharska-Mazur, J.; Horodnicki, J.; Gallinat, J.; Rommelspacher, H.",Polymorphisms in the N-Methyl-D-Aspartate receptor 1 and 2B subunits are associated with alcoholism-related traits,Biological Psychiatry,54,,922-928,2003,"The GRIN2B polymorphism rs1806201 (C2873T) is associated with early-onset alcohol dependence, specifically a reduced T-allele frequency in patients with age of onset ≤25 years (Cloninger type 2 alcoholics)",failure,close,medical fields,psychiatry,"The authors explicitly state they found 'no significant differences in genotype distribution and allele frequencies compared to healthy controls or between age of onset groups' and conclude that their 'data argue against the hypothesis that the SNP rs1806201 plays a relevant role in early onset alcoholism,' directly contradicting the Wernicke et al. finding they sought to replicate.",high,,,,,,,,841,,,,0.65,=,two-sided,8,no
10.1007/s00406-005-0620-8,https://doi.org/10.1007/s00406-005-0620-8,,,,,,,,True,,"Grabe, H.; Goldschmidt, F.; Lehmkuhl, L.; Gansicke, M.; Spitzer, C.; Freyberger, H.",Dissociative symptoms in obsessive-compulsive dimensions,Psychopathology,32,,319-324,1999,"Certain OCD symptom dimensions (particularly checking and symmetry/ordering) are more strongly related to dissociation than other OCD dimensions, as measured by the HOCI-S and Dissociative Experience Scale",success,close,medical fields,psychiatry,"The authors explicitly state they aimed to 'replicate previous findings' from Grabe et al. using the same instruments (HOCI-S and DES), and conclude that 'consistent with two previous studies [12][14], our results provide further evidence for a significant link between the checking dimension and dissociation in OCD,' characterizing the study as 'both replicating and extending earlier research.'",high,70,,,,,,,50,,,,,,,8,no
10.1007/s00406-007-0729-z,https://doi.org/10.1007/s00406-007-0729-z,,,,,,,,True,,"Marjoram, D.; Tansley, H.; Miller, P.; Macintyre, D.; Owens, C.; Johnstone, D.; Lawrie, S.",A theory of mind investigation into the appreciation of visual jokes in schizophrenia,BMC Psychiatry,5,1,12,2005,"Patients with schizophrenia show impaired appreciation of theory-of-mind (ToM) visual jokes compared to physical jokes, with ToM performance related to symptom dimensions assessed by PANSS",inconclusive,close extension,medical fields,psychiatry,"The paper's subtitle is explicitly 'A replication study on an Italian sample.' The core Marjoram et al. finding—impaired ToM joke comprehension vs. physical jokes—was clearly replicated (t=6.55, df=19, p<0.0005), and the response time pattern also aligned ('Similar results are reported by Marjoram et al.'). However, the symptom correlation findings diverged: this study found ToM performance correlated with PANSS positive symptoms, whereas Marjoram et al. found correlations with negative symptoms. The authors state this is 'in disagreement with Marjoram et al. results' but consistent with other literature [3,4]. Result classified as inconclusive because the primary ToM deficit replicated but the key symptom-specificity finding did not.",high,,,,,,,,20,,,,0.0005,<,,8,no
10.1007/s00406-021-01259-7,https://doi.org/10.1007/s00406-021-01259-7,,,,,,,,True,,Mann K; Vollstadt-Klein S; Lemenager T; Fauth-Buhler M; Hermann D; Hoffmann S; Zimmermann U; Kiefer F; Heinz A; Smolka M,Predicting naltrexone response in alcohol-dependent patients: the contribution of functional magnetic resonance imaging,Alcohol Clin Exp Res,38,,2754-2762,2014,"Patients with high baseline ventral striatum (VS) activation during an fMRI alcohol cue-reactivity paradigm show greater benefit from naltrexone treatment, as measured by longer time to heavy relapse",success,close,medical fields,psychiatry,"The authors explicitly state 'we could replicate the findings of the previous work by Mann et al. [36] in a well-characterized clinical sample' and 'our replication study supports the reproducibility of the findings by Mann et al. [36].' They found a significant interaction between VS activation and naltrexone treatment on relapse risk (HR = 7.406, p = 0.033), mirroring the original study's findings.",high,,,,,,,,44,,,,0.033,=,,8,no
10.1007/s00421-017-3567-3,https://doi.org/10.1007/s00421-017-3567-3,,,,,,,,True,,"Erskine, R.; Williams, A.; Jones, D.; Stewart, C.; Degens, H.",Do PTK2 gene polymorphisms contribute to the interindividual variability in muscle strength and the response to resistance training? A preliminary report,Journal of Applied Physiology,112,8,1329-1334,2012,PTK2 rs7843014 and rs7460 polymorphisms (A-allele homozygotes) are associated with higher skeletal muscle specific force in healthy Caucasian men,success,close,biology,physiology,"The authors explicitly state in the Discussion: 'the current investigation provides the first independent replication of the findings from this previous smaller cohort study,' and confirm in the Conclusion: 'This study has identified an association between polymorphisms in the PTK2 gene and VL muscle specific force, thus providing an independent replication of previous research.' The same genotype-phenotype associations were found in the larger replication sample.",high,51,,,,,,,120,,,,0.017,=,,8,no
10.1007/s00426-020-01395-0,https://doi.org/10.1007/s00426-020-01395-0,,,,,,,,True,https://doi.org/10.1007/s00426-015-0713-6,"Pitteri, M.; Marchetti, M.; Priftis, K.; Grassi, M.",Naturally together: Pitch-height and brightness as coupled factors for eliciting the SMARC effect in non-musicians,Psychological Research,81,,243-254,2017,"Coherent modulation of both pitch-height and brightness together (rather than either alone) elicits the strongest SMARC effect (spatial-music association of response codes) in non-musicians, and the effect is strongest along the vertical response axis",success,close extension,psychology,cognitive psychology,"The authors used the identical apparatus, stimuli, and procedure from the original study but tested expert musicians rather than non-musicians. They explicitly report: 'Our results widely replicated those of [15]' and 'we replicated and extended the findings of [15],' with the key finding confirmed—the strongest SMARC effect emerged when pitch-height and brightness varied coherently (effect size d ≈ 0.7, BF10 = 1821).",high,24,,,,,,,48,0.7,d,,,,,8,no
10.1007/s00426-023-01893-x,https://doi.org/10.1007/s00426-023-01893-x,,,,,,,,True,https://doi.org/10.1016/S0028-3932(98)00002-5,"Bächtold, D.; Baumüller, M.; Brugger, P.",Stimulus-response compatibility in representational space,Neuropsychologia,36,8,731-735,1998,"Presenting numbers in the context of a clockface (where small numbers are on the right and large numbers on the left) reverses the typical SNARC effect, producing faster right-hand responses to small numbers and faster left-hand responses to large numbers",success,conceptual,psychology,cognitive psychology,"The authors explicitly label their Experiment 4 as 'the closest replication of Bächtold et al.'s (1998) clockface condition' and state that 'the results from the original experiment were conceptually replicated.' Experiment 4 using a clockface-position task (high salience condition) showed a significant reversed SNARC effect (regression weights t(29) = 1.78, p < .05, d = 0.32), consistent with the original finding, though the task instructions differed (visuospatial vs. semantic), hence the conceptual classification.",high,,,,,,,,30,0.32,d,,0.05,<,,8,no
10.1007/s00429-013-0552-4,https://doi.org/10.1007/s00429-013-0552-4,,,,,,,,True,,"Brown, W.; Eliez, S.; Menon, V.; Rumsey, J.; White, C.; Reiss, A.",Preliminary evidence of widespread morphological variations of the brain in dyslexia,Neurology,56,6,781-783,2001,"Adult male dyslexics show less gray matter volume than controls in left temporal lobe regions (inferior, middle, and superior gyri) as measured by voxel-based morphometry",success,close,neuroscience,cognitive neuroscience,"The paper explicitly states it conducted 'a replication study of men' and the Conclusion confirms: 'In pure male samples, we replicated previous findings of relatively less GMV in left middle/inferior temporal gyri and right postcentral gyrus in men with dyslexia.' The key adult male finding (less GMV in left middle/inferior temporal gyri, Z=4.23, 91 voxels) survived FWE correction (p<0.05). This directly replicates Brown et al. (2001) who found less GMV in left temporal lobe (inferior, middle and superior gyri) in 16 male dyslexics vs 14 male controls, and Vinckenbosch et al. (2005) who found less GMV in left middle and inferior temporal gyri. Although multiple prior studies are cited, the replication claim is unambiguous and the statistical evidence is robust. Reviewed PDF Discussion, Conclusion, and Table 2 to confirm.",high,30,,,,,,,28,,,,0.001,<,,8,no
10.1007/s00429-013-0552-4,https://doi.org/10.1007/s00429-013-0552-4,,,,,,,,True,,"Eckert, M.; Leonard, C.; Wilke, M.",Anatomical signatures of dyslexia in children: Unique information from manual and voxel based morphometry brain measures,Cortex,41,3,304-315,2005,Boys with dyslexia show less gray matter volume than controls in left supramarginal gyrus and adjacent regions as measured by voxel-based morphometry,success,close,neuroscience,cognitive neuroscience,"The paper specifically names Eckert et al. as being replicated: 'Boys with dyslexia compared to their male pediatric control group had relatively less GMV in left supramarginal/angular gyri, again replicating prior work in male children [18].' The original study [18] found less GMV in dyslexic boys in left supramarginal gyrus, which was confirmed in the replication.",high,26,,,,,,,30,,,,0.001,<,,8,no
10.1007/s00429-017-1578-9,https://doi.org/10.1007/s00429-017-1578-9,,,,,,,,True,https://doi.org/10.1371/journal.pone.0128343,"Basile, L.; Sato, J.; Pasquini, H.; Lozano, M.; Nucci, M.; Velasques, B.; Ribeiro, P.; Ramos, R.; Anghinah, R.",Individual topographic variability is inherent to cortical physiology but task-related differences may be noise,PLoS One,10,5,128343,2015,"Beta oscillation topography in 256-channel EEG shows high individual variability across subjects and minor/negligible task-related differences between a visual attention task and quiet resting, suggesting that cortical association areas lack fixed, universal functions",success,close,neuroscience,cognitive neuroscience,"The authors explicitly designed the study as a replication and confirm in the Discussion: 'This appears to consolidate our previous findings on beta topography for the same task comparison with fewer components and electrodes but larger sample [8].' Both key findings were confirmed: inter-subject similarity was significantly lower than inter-session similarity (all t-tests p < 0.003), and inter-task similarity was very high (overall R² ≈ 0.92, >92% of components explained by complementary task).",high,62,,,,,,,20,,,,0.003,<,,8,no
10.1007/s00429-018-1698-x,https://doi.org/10.1007/s00429-018-1698-x,,,,,,,,True,,"Hillen, R.; Günther, T.; Kohlen, C.; Eckers, C.; van Ermingen-Marbach, M.; Sass, K.; Scharke, W.; Vollmar, J.; Radach, R.; Heim, S.",Identifying brain systems for gaze orienting during reading: fMRI investigation of the Landolt paradigm,Frontiers in Human Neuroscience,7,,1-14,2013,"The Landolt paradigm (visual scanning with non-orthographic ring stimuli) recruits the right intraparietal sulcus (IPS) and superior parietal lobule (SPL) more than orthographic reading conditions, reflecting endogenous attention orienting during reading-like gaze control",success,direct,neuroscience,cognitive neuroscience,"Experiment 2 was explicitly run as a replication with a new sample using identical task, stimuli, and analysis. The authors conclude: 'the results from Experiment 2 corroborate the initial findings that the Landolt paradigm per se evokes higher levels of activation in the right IPS,' confirming that right parietal activation occurs even in the absence of targets.",high,20,,,,,,,19,,,,,,,8,no
10.1007/s00432-012-1174-6,https://doi.org/10.1007/s00432-012-1174-6,,,,,,,,True,,"Shu, X.; Moore, D.; Cai, Q.; Cheng, J.; Pierce, W.; L.",Association of Cyclin D1 genotype with breast cancer risk and survival,Cancer Epidemiol Biomarkers Prev,14,,91-97,2005,CCND1 rs9344 (A/G) polymorphism is associated with breast cancer overall and disease-free survival among Chinese women in the Shanghai Breast Cancer Study Stage 1,failure,close,medical fields,pharmacology and toxicology,"The authors report that CCND1 rs9344 results 'were neither consistent between the two study stages, nor significant in combined analyses.' In Stage 2 (N=5,192), HR for OS was 1.0 (0.8-1.2) for heterozygotes and 1.0 (0.7-1.3) for minor allele homozygotes (p=0.820), compared to significant associations in Stage 1.",high,1115,,,,0.015,=,two-sided,5192,,,,0.82,=,two-sided,8,no
10.1007/s00432-012-1174-6,https://doi.org/10.1007/s00432-012-1174-6,,,,,,,,True,,"Long, J.; Cai, Q.; Shu, X.; Cai, H.; Gao, Y.; Zheng, W.",Genetic polymorphisms in estrogen-metabolizing genes and breast cancer survival,Pharmacogenet Genomics,17,,331-338,2007,COMT rs4680 (G/A) polymorphism is associated with disease-free survival in a recessive model among Chinese breast cancer patients in the Shanghai Breast Cancer Study Stage 1,failure,close,medical fields,pharmacology and toxicology,"The authors note that 'another SNP (COMT rs4680) also had generally consistent results between the two study stages for OS; however, the primary Stage 1 finding was for a recessive association for DFS, which was not replicated in Stage 2.' The primary finding (recessive DFS association) was not replicated, so this is classified as a failure.",high,1115,,,,,,,5192,,,,,,,8,no
10.1007/s00432-012-1174-6,https://doi.org/10.1007/s00432-012-1174-6,,,,,,,,True,,"Beeghly-Fadiel, A.; Shu, X.; Long, J.; Li, C.; Cai, Q.; Cai, H.",Genetic polymorphisms in the MMP-7 gene and breast cancer survival,Int J Cancer,124,,208-214,2009,MMP7 rs11568818 (A/G) polymorphism is associated with breast cancer overall survival among Chinese women in the Shanghai Breast Cancer Study Stage 1,failure,close,medical fields,pharmacology and toxicology,"The authors report that MMP7 rs11568818 results 'were neither consistent between the two study stages, nor significant in combined analyses.' Stage 2 HR for OS was 1.0 (0.7-1.4) for heterozygotes and 0.5 (0.1-3.7) for homozygotes (p=0.821), with no consistent pattern with Stage 1.",high,1115,,,,0.137,=,two-sided,5192,,,,0.821,=,two-sided,8,no
10.1007/s00432-012-1174-6,https://doi.org/10.1007/s00432-012-1174-6,,,,,,,,True,,"Beeghly-Fadiel, A.; Shu, X.; Long, J.; Li, C.; Cai, Q.; Cai, H.",Genetic polymorphisms in the MMP-7 gene and breast cancer survival,Int J Cancer,124,,208-214,2009,MMP7 rs11225297 (A/T) polymorphism is associated with breast cancer overall survival among Chinese women in the Shanghai Breast Cancer Study Stage 1,success,close,medical fields,pharmacology and toxicology,"The authors report that MMP7 rs11225297 'had generally consistent results between the two study stages, and significant dose-response associations with OS in analyses of both study stages combined,' with TT genotype showing 60% better OS (HR: 0.4, 95% CI: 0.2-0.8) in combined analysis (p=0.003).",high,1115,,,,0.002,=,two-sided,5192,,,,0.243,=,two-sided,8,no
10.1007/s00432-012-1174-6,https://doi.org/10.1007/s00432-012-1174-6,,,,,,,,True,,"Decock, J.; Long, J.; Laxton, R.; Shu, X.; Hodgkinson, C.; Hendrickx, W.",Association of matrix metalloproteinase-8 gene variation with breast cancer prognosis,Cancer Res,67,,10214-10221,2007,MMP8 rs11225395 (C/T) polymorphism is associated with breast cancer overall survival among Chinese women in the Shanghai Breast Cancer Study Stage 1,success,close,medical fields,pharmacology and toxicology,"The authors report that MMP8 rs11225395 'had generally consistent results between the two study stages and significant associations with OS in analyses of both study stages combined.' In combined analysis, TT genotype showed 40% better OS (HR: 0.6, 95% CI: 0.4-0.9, p=0.021). The per-allele HR was 0.82 (95% CI: 0.69-0.97).",high,1115,,,,0.007,=,two-sided,5192,,,,0.375,=,two-sided,8,no
10.1007/s00432-012-1174-6,https://doi.org/10.1007/s00432-012-1174-6,,,,,,,,True,,"Shin, A.; Cai, Q.; Shu, X.; Gao, Y.; Zheng, W.",Genetic polymorphisms in the matrix metalloproteinase 12 gene (MMP12) and breast cancer risk and survival: the Shanghai breast cancer study,Breast Cancer Res,7,,R506-R512,2005,MMP12 rs652438 (A/G) polymorphism is associated with breast cancer overall survival among Chinese women in the Shanghai Breast Cancer Study Stage 1,failure,close,medical fields,pharmacology and toxicology,"The authors report that MMP12 rs652438 results 'were neither consistent between the two study stages, nor significant in combined analyses.' Stage 2 OS HR was 0.8 (0.6-1.2) and combined p=0.759, with no significant association.",high,1115,,,,0.184,=,two-sided,5192,,,,0.141,=,two-sided,8,no
10.1007/s00432-012-1174-6,https://doi.org/10.1007/s00432-012-1174-6,,,,,,,,True,,"Zhang, X.; Shu, X.; Cai, Q.; Ruan, Z.; Gao, Y.; Zheng, W.",Functional plasminogen activator inhibitor-1 gene variants and breast cancer survival,Clin Cancer Res,12,,6037-6042,2006,PAI1/SERPINE1 rs1799889 (4G/5G) polymorphism is associated with breast cancer overall survival among Chinese women in the Shanghai Breast Cancer Study Stage 1,failure,close,medical fields,pharmacology and toxicology,"The authors report that PAI1/SERPINE1 rs1799889 results 'were neither consistent between the two study stages, nor significant in combined analyses.' Stage 2 HR reversed direction (1.2 for both AB and BB), and combined p=0.804.",high,1115,,,,0.037,=,two-sided,5192,,,,0.219,=,two-sided,8,no
10.1007/s00432-012-1174-6,https://doi.org/10.1007/s00432-012-1174-6,,,,,,,,True,,"Shu, X.; Gao, Y.; Cai, Q.; Pierce, L.; Cai, H.; Ruan, Z.",Genetic polymorphisms in the TGF-beta 1 gene and breast cancer survival: a report from the Shanghai breast cancer study,Cancer Res,64,,836-839,2004,TGFB1 rs1800470 (C/T) polymorphism is associated with breast cancer survival among Chinese women in the Shanghai Breast Cancer Study Stage 1,inconclusive,close,medical fields,pharmacology and toxicology,"The authors report that TGFB1 rs1800470 'had results that were generally consistent between the two study stages and significant in an age-adjusted recessive model for OS, although significance was attenuated after adjustment for additional prognostic factors (p = 0.077).' This partial, condition-dependent support warrants an inconclusive classification.",high,1115,,,,0.944,=,two-sided,5192,,,,0.326,=,two-sided,8,no
10.1007/s00432-012-1174-6,https://doi.org/10.1007/s00432-012-1174-6,,,,,,,,True,,"Lu, H.; Shu, X.; Cui, Y.; Kataoka, N.; Wen, W.; Cai, Q.",Association of genetic polymorphisms in the VEGF gene with breast cancer survival,Cancer Res,65,,5015-5019,2005,VEGFA rs2010963 (G/C) polymorphism is associated with breast cancer overall survival among Chinese women in the Shanghai Breast Cancer Study Stage 1,failure,close,medical fields,pharmacology and toxicology,"The authors report that VEGFA rs2010963 results 'were neither consistent between the two study stages, nor significant in combined analyses.' Stage 2 HR for OS reversed (1.3 for heterozygotes vs 0.7 in Stage 1), and combined p=0.338.",high,1115,,,,0.033,=,two-sided,5192,,,,0.602,=,two-sided,8,no
10.1007/s00438-014-0924-3,https://doi.org/10.1007/s00438-014-0924-3,,,,,,,,True,,"Ripke, S.; Sanders, A.R.; Kendler, K.S.; Levinson, D.F.; Sklar, P.; Holmans, P.A.; Lin, D.Y.; Duan, J.; Ophoff, R.A.; Andreassen, O.A.",Genome-wide association study identifies five new schizophrenia loci,Nature Genetics,43,,969-976,2011,The T allele of SNP rs1625579 within microRNA-137 (miR-137) is associated with increased susceptibility to schizophrenia,failure,close extension,biology,genetics,The authors conducted a case-control study in a Han Chinese population to replicate the miR-137 SNP rs1625579 association with schizophrenia found in the original GWAS. They explicitly state: 'we failed to find any positive association signals in our current replication case-control study of Han Chinese' and 'we could not confirm the association of miR137 SNP rs1625579 with SCZ risk as reported by an earlier GWAS study.',high,,,,,,,,1028,,,,0.05,<,,8,no
10.1007/s00439-008-0537-1,https://doi.org/10.1007/s00439-008-0537-1,,,,,,,,True,,"Fujimoto, A.; Kimura, R.; Ohashi, J.; Omi, K.; Yuliwulandari, R.; Batubara, L.; Mustofa, M.; Samakkarn, U.; Settheetham-Ishida, W.; Ishida, T.; Morishita, Y.; Furusawa, T.; Nakazawa, M.; Ohtsuka, R.; Tokunaga, K.",A scan for genetic determinants of human hair morphology: EDAR is associated with Asian hair thickness,Human Molecular Genetics,17,,835-843,2008,A nonsynonymous SNP in the ectodysplasin A receptor gene (EDAR 1540T/C) is associated with head hair fiber thickness in Southeast Asian populations (Thai-Mai and Indonesian),success,close extension,biology,genetics,"The paper explicitly presents itself as a replication in its title ('A replication study confirmed the EDAR gene to be a major contributor to population differentiation regarding head hair thickness in Asia'). As the authors state: 'As observed in our previous study in the Southeast Asian populations, 1540T/C showed the strongest association with cross-sectional area in the JPN population,' confirming the effect in a new (Northeast Asian/Japanese) population.",high,186,,,,,,,189,,,,2.7e-06,=,,8,no
10.1007/s00439-009-0754-2,https://doi.org/10.1007/s00439-009-0754-2,,,,,,,,True,,"Schrauwen, I.; Ealy, M.; Huentelman, M.; Thys, M.; Homer, N.; Vanderstraeten, K.; Fransen, E.; Corneveaux, J.; Craig, D.; Claustres, M.; Cremers, C.; Dhooge, I.; Van De Heyning, P.; Vincent, R.; Oveciers, E.; Smith, R.; Van Camp, G.",A genome-wide analysis identifies genetic variants in the RELN gene associated with otosclerosis,American Journal of Human Genetics,84,,328-338,2009,"Genetic variants (SNPs) in the RELN gene region on chr7q22.1 are associated with otosclerosis susceptibility in Belgian-Dutch and French populations, with evidence for two independent association signals (allelic heterogeneity)",success,direct,biology,genetics,"The authors explicitly state in the Discussion: 'These data indicate that SNPs in RELN are truly associated with otosclerosis.' Six of seven SNPs replicated with effects in the same direction as the original study when combining all four new populations, and the allelic heterogeneity finding was also confirmed.",high,,,,,,,,1141,,,,,,,8,no
10.1007/s00439-011-0972-2,https://doi.org/10.1007/s00439-011-0972-2,,,,,,,,True,,"Hsu, Y.; Xu, X.; Terwedow, H.; Niu, T.; Hong, X.; Wu, D.; Wang, L.; Brain, J.; Bouxsein, M.; Cummings, S.; Rosen, C.",Largescale genome-wide linkage analysis for loci linked to BMD at different skeletal sites in extreme selected sibships,Journal of Bone and Mineral Research,22,,184-194,2007,Genome-wide linkage analysis in Northern Chinese identifies a significant QTL on chromosome 5q21 linked to femoral neck and combined BMD variation,success,close extension,biology,genetics,"The authors successfully replicated the 5q21 QTL in a Southern Chinese population, reporting a multi-point maximum LOD score of 1.383 (nominal p = 0.006), which exceeded the p < 0.01 threshold required for successful replication. The Discussion states: 'we successfully replicated this QTL in HKSC, suggesting that this BMD QTL is important in determining BMD in multiple ethnicity groups.'",high,,,,,,,,1459,,,,0.006,=,,8,no
10.1007/s00439-011-0972-2,https://doi.org/10.1007/s00439-011-0972-2,,,,,,,,True,,"Hsu, Y.; Xu, X.; Terwedow, H.; Niu, T.; Hong, X.; Wu, D.; Wang, L.; Brain, J.; Bouxsein, M.; Cummings, S.; Rosen, C.",Largescale genome-wide linkage analysis for loci linked to BMD at different skeletal sites in extreme selected sibships,Journal of Bone and Mineral Research,22,,184-194,2007,Genome-wide linkage analysis in Northern Chinese identifies a significant QTL on chromosome 2q24 linked to total hip BMD variation,failure,close extension,biology,genetics,"The replication in Southern Chinese failed to detect the 2q24 QTL, with peak LOD scores less than 1 in that chromosomal region. The authors state they 'were unable to replicate other findings by [Hsu et al.] of the significant QTL on chromosome 2 (2q24), 7 (7p21) and 13 (13q21).'",high,,,,,,,,1459,,,,,,,8,no
10.1007/s00439-011-0972-2,https://doi.org/10.1007/s00439-011-0972-2,,,,,,,,True,,"Hsu, Y.; Xu, X.; Terwedow, H.; Niu, T.; Hong, X.; Wu, D.; Wang, L.; Brain, J.; Bouxsein, M.; Cummings, S.; Rosen, C.",Largescale genome-wide linkage analysis for loci linked to BMD at different skeletal sites in extreme selected sibships,Journal of Bone and Mineral Research,22,,184-194,2007,Genome-wide linkage analysis in Northern Chinese identifies a significant QTL on chromosome 7p21 linked to femoral neck BMD variation,failure,close extension,biology,genetics,"The replication in Southern Chinese failed to detect the 7p21 QTL, with peak LOD scores less than 1 in that chromosomal region. The authors explicitly state they were unable to replicate the significant QTL on chromosome 7 (7p21), and attribute potential differences to population substructure between Northern and Southern Chinese Han populations.",high,,,,,,,,1459,,,,,,,8,no
10.1007/s00439-011-0972-2,https://doi.org/10.1007/s00439-011-0972-2,,,,,,,,True,,"Hsu, Y.; Xu, X.; Terwedow, H.; Niu, T.; Hong, X.; Wu, D.; Wang, L.; Brain, J.; Bouxsein, M.; Cummings, S.; Rosen, C.",Largescale genome-wide linkage analysis for loci linked to BMD at different skeletal sites in extreme selected sibships,Journal of Bone and Mineral Research,22,,184-194,2007,Genome-wide linkage analysis in Northern Chinese identifies a significant QTL on chromosome 13q21 linked to lumbar spine BMD variation in women,failure,close extension,biology,genetics,"The replication in Southern Chinese failed to detect the 13q21 QTL, with peak LOD scores less than 1 in that chromosomal region. The authors explicitly state they were unable to replicate the significant QTL on chromosome 13 (13q21).",high,,,,,,,,1459,,,,,,,8,no
10.1007/s00439-013-1398-9,https://doi.org/10.1007/s00439-013-1398-9,,,,,,,,False,,,,,,,,,,,,,,,,,,,,,,,,,,,,,,,
10.1007/s00439-014-1449-x,https://doi.org/10.1007/s00439-014-1449-x,,,,,,,,True,,"Ovsyannikova, I.; Vierkant, R.; Pankratz, V.; Jacobson, R.; Poland, G.",Human leukocyte antigen genotypes in the genetic control of adaptive immune responses to smallpox vaccine,Journal of Infectious Diseases,203,,1546-1555,2011,HLA allele DQB1*03:02 is associated with higher vaccinia-specific neutralizing antibody titers following smallpox (Dryvax) vaccination,success,close extension,medical fields,pharmacology and toxicology,"The association between DQB1*03:02 and higher neutralizing antibody titers was explicitly replicated in the independent cohort: 'The association between the DQB1*03:02 allele (median ID50 discovery cohort 152, p=0.015; replication cohort 134, p=0.010) and higher NA titers was replicated.' The Discussion states 'The association between the DQB1*03:02 allele and higher neutralizing antibody titers was successfully replicated in this study.'",high,1071,,,,0.015,=,,1053,,,,0.01,=,,8,no
10.1007/s00439-014-1449-x,https://doi.org/10.1007/s00439-014-1449-x,,,,,,,,True,,"Ovsyannikova, I.; Vierkant, R.; Pankratz, V.; Jacobson, R.; Poland, G.",Human leukocyte antigen genotypes in the genetic control of adaptive immune responses to smallpox vaccine,Journal of Infectious Diseases,203,,1546-1555,2011,"HLA alleles DRB1*04:03 and DRB1*08:01 are associated with lower and higher IFN-γ ELISPOT responses, respectively, following smallpox (Dryvax) vaccination",success,close extension,medical fields,pharmacology and toxicology,"The associations of DRB1*04:03 (lower responses) and DRB1*08:01 (higher responses) with total PBMC IFN-γ ELISPOT were both replicated: 'Two HLA associations of comparable magnitudes were consistently found between DRB1*04:03 and DRB1*08:01 alleles and IFN-γ ELISPOT responses.' The Discussion confirms: 'The association of DRB1*04:03 and DRB1*08:01 alleles with lower and higher vaccinia-specific IFN-γ ELISPOT responses, respectively, was observed in both cohorts.'",high,1058,,,,0.094,=,,1048,,,,0.047,=,,8,no
10.1007/s00439-014-1449-x,https://doi.org/10.1007/s00439-014-1449-x,,,,,,,,True,,"Ovsyannikova, I.; Vierkant, R.; Pankratz, V.; Jacobson, R.; Poland, G.",Human leukocyte antigen genotypes in the genetic control of adaptive immune responses to smallpox vaccine,Journal of Infectious Diseases,203,,1546-1555,2011,HLA allele DRB1*15:01 is associated with decreased IFN-γ ELISPOT responses and decreased IFN-γ secretion following smallpox (Dryvax) vaccination,inconclusive,close extension,medical fields,pharmacology and toxicology,"Results for DRB1*15:01 were mixed: the association with IFN-γ secretion was replicated (p=0.052 discovery; p=0.014 replication), but the direction of association with IFN-γ ELISPOT responses was reversed between cohorts. The authors note: 'the association between the HLA-DRB1*15:01 allele and IFN-γ ELISPOT responses, while found in both discovery and replication cohorts, was in the opposite direction.'",high,1058,,,,0.016,=,,1048,,,,0.007,=,,8,no
10.1007/s00439-014-1502-9,https://doi.org/10.1007/s00439-014-1502-9,,,,,,,,True,https://doi.org/10.1056/NEJMoa0903753,"Zhang, F.",Genomewide association study of leprosy,N Engl J Med,361,,2609-2618,2009,NOD2 gene variants (rs8057431) are associated with leprosy susceptibility in a Chinese population,success,close extension,biology,genetics,"The authors replicated the NOD2 association in all Brazilian case-control samples (combined OR AA = 0.49, P = 1.39e-06), stating 'the replication of the association signal for marker rs8057341, with the same resistance allele on all our population samples, argues consistently in favor of NOD2 as leprosy per se susceptibility gene.'",high,,,,,,,,2880,,,,1.39e-06,=,,8,no
10.1007/s00439-014-1502-9,https://doi.org/10.1007/s00439-014-1502-9,,,,,,,,True,https://doi.org/10.1056/NEJMoa0903753,"Zhang, F.",Genomewide association study of leprosy,N Engl J Med,361,,2609-2618,2009,CCDC122-LACC1 locus variants (rs4942254) are associated with leprosy susceptibility in a Chinese population,inconclusive,close extension,biology,genetics,"The CCDC122-LACC1 association was replicated in two of the four Brazilian replication samples (Rondonópolis and Rio de Janeiro) but not in Bauru or the family-based Almenara sample; the combined case-control analysis reached significance (OR CC = 0.72, P = 0.003) suggesting partial but inconsistent replication.",high,,,,,,,,2847,,,,0.003,=,,8,no
10.1007/s00439-014-1502-9,https://doi.org/10.1007/s00439-014-1502-9,,,,,,,,True,https://doi.org/10.1056/NEJMoa0903753,"Zhang, F.",Genomewide association study of leprosy,N Engl J Med,361,,2609-2618,2009,TNFSF15 gene variants are associated with leprosy susceptibility in a Chinese population,failure,close extension,biology,genetics,"All 8 TNFSF15 tag SNPs were genotyped in the Prata Village discovery sample (67 trios, 179 individuals) and none were associated with leprosy (reported in supplementary Table S1 as among the 23 of 28 markers 'not associated'). LD plots for TNFSF15 are shown in Fig. S2. The locus was not advanced to replication samples. The authors note the small discovery sample size 'could have an impact upon the power to capture more subtle genetic association effects' but the result is an unambiguous failure to replicate the Chinese GWAS finding in Brazilians.",high,,,,,,,,179,,,,,,,8,no
10.1007/s00439-014-1502-9,https://doi.org/10.1007/s00439-014-1502-9,,,,,,,,True,https://doi.org/10.1056/NEJMoa0903753,"Zhang, F.",Genomewide association study of leprosy,N Engl J Med,361,,2609-2618,2009,RIPK2 gene variants are associated with leprosy susceptibility in a Chinese population,failure,close extension,biology,genetics,"All 8 RIPK2 tag SNPs were genotyped in the Prata Village discovery sample (67 trios, 179 individuals) and none were associated with leprosy (reported in supplementary Table S1 as among the 23 of 28 markers 'not associated'). LD plots for RIPK2 are shown in Fig. S2. The locus was not advanced to replication samples. The authors note the small discovery sample size 'could have an impact upon the power to capture more subtle genetic association effects' but the result is an unambiguous failure to replicate the Chinese GWAS finding in Brazilians.",high,,,,,,,,179,,,,,,,8,no
10.1007/s00439-018-1939-3,https://doi.org/10.1007/s00439-018-1939-3,,,,,,,,False,,,,,,,,,,,,,,,,,,,,,,,,,,,,,,,
10.1007/s00455-002-0054-7,https://doi.org/10.1007/s00455-002-0054-7,,,,,,,,True,,"Daniels, S.; Mcadam, C.; Brailey, K.; Foundas, A.",Clinical assessment of swallowing and prediction of dysphagia severity,American Journal of Speech-Language Pathology,6,,17-24,1997,"A clinical swallowing examination using six identifiers (dysphonia, dysarthria, abnormal gag reflex, abnormal volitional cough, cough after swallow, and voice change after swallow) can reliably predict aspiration risk in acute stroke patients",success,direct,medical fields,rehabilitation medicine,"The authors explicitly describe this as a 'systematic replication study' with 'minimal variations in design' of Daniels et al. (1997), using the same six clinical identifiers of aspiration risk with FEES as the criterion standard. The results confirmed the original study's finding that clinical examination underestimates aspiration risk, with the replication's sensitivity (86%) and poor specificity (30%) being consistent with and supporting the original study's conclusions about the limitations of clinical swallowing examination.",high,,,,,,,,49,,,,,,,8,no
10.1007/s00455-002-0073-4,https://doi.org/10.1007/s00455-002-0073-4,,,,,,,,True,,"Rosenbek, J.C.; Robbins, J.A.; Roecker, E.B.; Coyle, J.L.; Wood, J.L.",A penetration-aspiration scale,Dysphagia,11,,93-98,1996,The Penetration-Aspiration Scale (PAS) achieves adequate interjudge and intrajudge reliability when used to assess swallowing via videofluoroscopy (VFSS) in dysphagic patients,success,close extension,medical fields,rehabilitation medicine,"The authors explicitly describe their study as 'a replication of a study using videofluoroscopy (VFSS)' and conclude: 'The findings of this study support and enhance the findings of Rosenbek et al. Both intrajudge and interjudge reliabilities were high in this study; as a matter of fact, they were higher than those reported by Rosenbek et al.' The study successfully replicated PAS reliability using FEES instead of VFSS.",high,75,,,,,,,79,,,,,,,8,no
10.1007/s00455-009-9226-z,https://doi.org/10.1007/s00455-009-9226-z,,,,,,,,True,https://doi.org/10.1097/00005537-200004000-00019,"Leder, S.; Ross, D.",Investigation of the causal relationship between tracheotomy and aspiration in the acute care setting,Laryngoscope,110,,641-644,2000,"There is no causal relationship between tracheotomy and aspiration status in hospitalized patients, as measured by pre- and post-tracheotomy fiberoptic endoscopic evaluation of swallowing (FEES)",success,direct,medical fields,rehabilitation medicine,"The paper is explicitly titled 'A Direct Replication Study' and concludes: 'This direct replication study confirmed previous findings [8], i.e., there is no causal relationship between tracheotomy and the presence of a tracheotomy tube and aspiration status.' Results from the replication (N=25) were entirely consistent with the original study (N=20).",high,20,,,,,,,25,,,,0.05,>,,8,no
10.1007/s00455-011-9362-0,https://doi.org/10.1007/s00455-011-9362-0,,,,,,,,True,,"Leder, S.; Ross, D.",Incidence of vocal fold immobility in patients with dysphagia,Dysphagia,20,,163-167,2005,"Vocal fold immobility (VFI) is present in approximately 5.6% of patients referred for dysphagia evaluation and, when present, confers approximately twice the odds of aspiration compared to patients without VFI in the same referred population",success,direct,medical fields,rehabilitation medicine,"The authors explicitly state in the conclusion: 'There were no inconsistent results noted among the original, direct replication, and combined data sets,' and the Discussion confirms 'Both the incidence of VFI (right, left, or bilateral) and the incidence of aspiration were confirmed.' The replication found consistent results across all key outcome measures.",high,1452,2.0,OR,"[1.3, 3.2]",,,,2650,2.5,OR,"[1.86, 3.37]",,,,8,no
10.1007/s00455-013-9488-3,https://doi.org/10.1007/s00455-013-9488-3,,,,,,,,True,,"Suiter, D.; Leder, S.",Clinical utility of the 3 ounce water swallow test,Dysphagia,23,,244-250,2008,"A 3-ounce water swallow challenge (using FEES as reference standard, single nonblinded rater) has 96.5% sensitivity and 97.9% negative predictive value for predicting aspiration risk in hospitalized patients across diverse diagnoses",success,close extension,medical fields,nursing,"The authors explicitly describe this as a 'systematic replication study' and conclude: 'This systematic replication study has verified our previous research findings by using videofluoroscopy in a small population of male patients.' The replication confirmed key findings (100% sensitivity, 100% NPV) using a different reference standard (VFSS instead of FEES) and multiple blinded raters instead of a single nonblinded rater.",high,3000,,,,,,,25,,,,,,,8,no
10.1007/s00737-024-01473-x,https://doi.org/10.1007/s00737-024-01473-x,,,,,,,,False,,,,,,,,,,,,,,,,,,,,,,,,,,,,,,,
10.1007/s00774-013-0539-5,https://doi.org/10.1007/s00774-013-0539-5,,,,,,,,True,,"Agueda, L.; Velazquez-Cruz, R.; Urreizti, R.; Yoskovitz, G.; Sarrion, P.; Jurado, S.; Guerri, R.; Garcia-Giralt, N.; Nogues, X.; Mellibovsky, L.; Diez-Perez, A.; Marie, P.; Balcells, S.; Grinberg, D.",Functional relevance of the BMD-associated polymorphism rs312009: novel involvement of RUNX2 in LRP5 transcriptional regulation,J Bone Miner Res,26,,1133-1144,2011,"The rs312009 SNP in the LRP5 gene (located at a RUNX2 transcription factor binding site) is functionally associated with bone mineral density, with the C allele associated with lower BMD",success,close,medical fields,pharmacology and toxicology,"The replication found a strong statistically significant association of rs312009 in the LRP5 gene with lumbar spine BMD (P < 0.0083 after Bonferroni correction), with CC genotype women showing the worst bone parameters and 2.82 times increased osteoporosis risk. The authors state: 'This is consistent with previous work in our country, whereby postmenopausal women with the TT genotype showed higher LS-BMD than did women with the TC/CC genotype.'",high,,,,,,,,721,,,,0.001,=,two-sided,8,no
10.1007/s00774-013-0539-5,https://doi.org/10.1007/s00774-013-0539-5,,,,,,,,True,,"Vidal, C.; Formosa, R.; Xuereb-Anastasi, A.",Functional polymorphisms within the TNFRSF11B (osteoprotegerin) gene increase the risk for low bone mineral density,J Mol Endocrinol,47,,327-333,2011,"The rs4876869 SNP in the TNFRSF11B (osteoprotegerin) gene, which affects pre-mRNA splicing in vitro, is associated with low bone mineral density as part of a haplotype with other SNPs",failure,close,medical fields,pharmacology and toxicology,"The replication found no statistically significant association between rs4876869 and BMD at any skeletal site. Table 3 shows FN-sBMD P = 0.090 and LS-sBMD P = 0.504 (unadjusted), both non-significant after Bonferroni correction (threshold P < 0.0083). Table 4 (covariate-adjusted) shows FN-sBMD P = 0.178. Table 5 shows non-significant osteoporosis risk: FN adjusted OR = 1.67 (95% CI 0.77-3.62, P = 0.192), LS adjusted OR = 1.36 (95% CI 0.88-2.10, P = 0.170). The original paper (Vidal et al.) found rs4876869 significant only within a haplotype (P = 0.01), not independently. The authors note this negative result 'is in agreement with previous results in which no association was detected between this SNP and BMD when analyzed independently.' Classified as failure because the replication paper's stated aim was to test this functional polymorphism's association with BMD and no significant association was found.",high,,,,,0.01,=,,721,,,,0.178,=,two-sided,8,no
10.1007/s00774-013-0539-5,https://doi.org/10.1007/s00774-013-0539-5,,,,,,,,True,,"Hoppman, N.; Mclenithan, J.; Mcbride, D.; Shen, H.; Bruder, J.; Bauer, R.; Shaffer, J.; Liu, J.; Streeten, E.; Shuldiner, A.; Kammerer, C.; Mitchell, B.",A common variant in fibroblast growth factor binding protein 1 (FGFBP1) is associated with bone mineral density and influences gene expression in vitro,Bone,47,,272-280,2010,"The rs12503796 SNP in the FGFBP1 gene (located at the promoter region, modulating FGFBP1 expression) is associated with bone mineral density, with an effect that is sex-stratified (only in men)",failure,close,medical fields,pharmacology and toxicology,"The replication found no association between rs12503796 in the FGFBP1 gene and any bone phenotype. Table 3 shows completely non-significant P values: FN-sBMD P = 0.416 (recessive model), LS-sBMD P = 0.427 (dominant model). The SNP was dropped from further adjusted analysis due to its lack of association. The authors note: 'Although Hoppman et al. [17] describe weak associations of this polymorphism with several bone phenotypes in a Mexican-American discovery population and in an Amish replication population, they also report that the association is sex-stratified, so it is associated only with men, not with women. This agrees with the results we have provided in the present paper.' Classified as failure because the paper explicitly aimed to replicate this BMD association and found none in their women-only cohort, even though the null result is expected given the original study's sex-stratified finding (men only).",high,,,,,,,,721,,,,0.416,=,two-sided,8,no
10.1007/s00787-005-0434-2,https://doi.org/10.1007/s00787-005-0434-2,,,,,,,,True,,"Happé, F.","An advanced test of theory of mind: understanding of story characters' thoughts and feelings by able autistic, mentally handicapped and normal children and adults",Journal of Autism and Developmental Disorders,24,,129-154,1994,"Children and adolescents with autism/Asperger syndrome show impaired ability to infer mental states (theory of mind) in story contexts using the Strange Stories test, providing context-inappropriate rather than context-appropriate mental state explanations",success,close extension,medical fields,psychiatry,"The authors explicitly state that 'the results on the mentalistic task were largely consistent with the finding of Happé [15] and Jolliffe and Baron-Cohen [20],' and the paper is subtitled 'A replication study of children and adolescents with Asperger syndrome.' The AS group performed significantly worse than controls on mental state justifications (p < 0.0001), replicating the original finding.",high,,,,,,,,41,,,,0.0001,<,,8,no
10.1007/s10048-010-0248-3,https://doi.org/10.1007/s10048-010-0248-3,,,,,,,,True,,"Dhaenens, C.; Burnouf, S.; Simonin, C.; Brussel, V.; Duhamel, E.; Defebvre, A.; Duru, L.; Vuillaume, C.; Cazeneuve, I.; Charles, P.; Debruxelles, M.; Verny, C.; Gervais, H.; Azulay, J.P.; Tranchant, C.; Bachoud-Levi, A.C.; Dürr, A.; Buée, L.; Krystkowiak, P.; Sablonnière, B.; Blum, D.; Huntington French Speaking Network",A genetic variation in the ADORA2A gene modifies age at onset in Huntington's disease,Neurobiol Dis,35,,474-476,2009,A synonymous exchange (Tyr361Tyr) in exon 3 of ADORA2A (rs5751876) significantly modifies the variability in age at onset (earliest AO) of Huntington's disease,success,close,neuroscience,behavioral neuroscience,"The authors explicitly state they 'replicated the previously reported association between the original ADORA2A polymorphism when using the earliest AO' (R2 increased from 0.671 to 0.674, p=0.032), consistent with the original study which also used earliest AO as the outcome measure.",high,791,,,,,,,215,,,,0.032,=,,8,no
10.1007/s10048-010-0248-3,https://doi.org/10.1007/s10048-010-0248-3,,,,,,,,True,,"Metzger, S.; Rong, J.; Nguyen, H.; Cape, A.; Tomiuk, J.; Soehn, A.; Propping, P.; Freudenberg-Hua, Y.; Freudenberg, J.; Tong, L.; Li, S.; Li, X.; Riess, O.",Huntingtin-associated protein-1 is a modifier of the age-at-onset of Huntington's disease,Hum Mol Genet,17,,1137-1146,2008,"HAP1 Thr441Met (rs4523977) variation leads to delayed onset of initial symptoms of Huntington's disease, with rare HAP1 Met variant showing stronger interaction with mutated huntingtin and reduced neurodegeneration",inconclusive,close,neuroscience,behavioral neuroscience,"The authors found 'modest evidence for association with the same risk allele as in the original sample' for motor AO (p=0.041), but the association did not replicate for earliest AO, and the CAG-length stratification effect reported by the original did not replicate at all (all p>0.1), leaving an overall picture of partial and limited support.",high,900,,,,,,,419,,,,0.041,=,,8,no
10.1007/s10048-010-0248-3,https://doi.org/10.1007/s10048-010-0248-3,,,,,,,,True,https://doi.org/10.1016/j.tox.2009.10.019,"Coppedè, F.; Migheli, F.; Ceravolo, R.; Bregant, E.; Rocchi, A.; Petrozzi, L.; Unti, E.; Lonigro, R.; Siciliano, G.; Migliore, L.",The hOGG1 Ser326Cys polymorphism and Huntington's disease,Toxicology,,,,2009,The OGG1 Ser326Cys (rs1052133) Cys allele is associated with an earlier age at onset and a significantly increased number of CAG repeats in Huntington's disease patients,failure,close,neuroscience,behavioral neuroscience,"The authors explicitly state 'we did not replicate this association,' finding that carriers of at least one Cys allele had almost identical average AO and CAG repeat length compared with Ser/Ser homozygotes, and the genotype explained no additional variance in AO.",high,91,,,,,,,419,,,,,,,8,no
10.1007/s10067-020-04995-8,https://doi.org/10.1007/s10067-020-04995-8,,,,,,,,True,,"Yau, M.; Yerges-Armstrong, L.; Liu, Y.; Lewis, C.; Duggan, D.; Renner, J.; Torner, J.; Felson, D.; Mcculloch, C.; Kwoh, C.; Nevitt, M.; Hochberg, M.; Mitchell, B.; Jordan, J.; Jackson, R.",Genome-wide association study of radiographic knee osteoarthritis in north American Caucasians,Arthritis Rheum,69,,343-351,2017,"Variant rs4867568 near LSP1P3 is associated with reduced risk of knee osteoarthritis in North American Caucasians (minor allele T protective, OR = 0.84)",success,close extension,medical fields,rheumatology,"The authors explicitly state: 'we successfully replicated the association of the novel variant rs4867568 with the susceptibility of KOA in a cohort of patients from the Chinese Han population.' The minor allele T of rs4867568 was significantly less frequent in KOA patients than controls (31.5% vs. 36.0%, p = 0.01, OR = 0.82), consistent with a protective role as found in the original Caucasian GWAS.",high,7066,0.84,OR,,,,,1459,0.82,OR,"[0.69, 0.96]",0.01,=,,8,no
10.1007/s10067-020-04995-8,https://doi.org/10.1007/s10067-020-04995-8,,,,,,,,True,,"Yau, M.; Yerges-Armstrong, L.; Liu, Y.; Lewis, C.; Duggan, D.; Renner, J.; Torner, J.; Felson, D.; Mcculloch, C.; Kwoh, C.; Nevitt, M.; Hochberg, M.; Mitchell, B.; Jordan, J.; Jackson, R.",Genome-wide association study of radiographic knee osteoarthritis in north American Caucasians,Arthritis Rheum,69,,343-351,2017,Variant rs143383 in GDF5 is associated with reduced risk of knee osteoarthritis (minor allele C protective) in North American Caucasians,success,close extension,medical fields,rheumatology,"The authors explicitly state that 'Another successfully replicated SNP was rs143383 in GDF5,' with the minor allele C associated with decreased KOA risk in the Chinese population (24.6% vs. 28.7%, p = 0.02, OR = 0.81 [0.68-0.97]), consistent with the original finding.",high,7066,,OR,,,,,1459,0.81,OR,"[0.68, 0.97]",0.02,=,,8,no
10.1007/s10067-020-04995-8,https://doi.org/10.1007/s10067-020-04995-8,,,,,,,,True,,"Yau, M.; Yerges-Armstrong, L.; Liu, Y.; Lewis, C.; Duggan, D.; Renner, J.; Torner, J.; Felson, D.; Mcculloch, C.; Kwoh, C.; Nevitt, M.; Hochberg, M.; Mitchell, B.; Jordan, J.; Jackson, R.",Genome-wide association study of radiographic knee osteoarthritis in north American Caucasians,Arthritis Rheum,69,,343-351,2017,Variant rs1558902 in FTO is associated with knee osteoarthritis risk in North American Caucasians,failure,close extension,medical fields,rheumatology,"No significant difference in rs1558902 allele or genotype frequencies was found between KOA patients and controls in the Chinese population (p = 0.78, OR = 1.02 [0.88-1.19]). The authors note that 'the lack of association between FTO and KOA has been previously reported in Chinese population,' implying the failure to replicate in this ethnic context is consistent with known genetic heterogeneity.",high,7066,,OR,,,,,1459,1.02,OR,"[0.88, 1.19]",0.78,=,,8,no
10.1007/s10072-008-1060-9,https://doi.org/10.1007/s10072-008-1060-9,,,,,,,,True,,"Briellmann, R.; Torn-Broers, Y.; Busuttil, B.",APOE epsilon4 genotype is associated with an earlier onset of chronic temporal lobe epilepsy,Neurology,55,,435-437,2000,The presence of ApoE ε4 allele is associated with an earlier age at onset of temporal lobe epilepsy,success,close,medical fields,pharmacology and toxicology,"The present study confirmed a significant association between early age at onset of epilepsy and the presence of allele ε4 (ε4+: 10.54±6.36 years vs. ε4−: 16.51±9.90 years; p=0.003), consistent with the original finding (p=0.005). The authors state this is 'the second one that reports an early age at onset in ε4 TLE carriers.'",high,,,,,0.005,=,,109,,,,0.003,=,,8,no
10.1007/s10072-008-1060-9,https://doi.org/10.1007/s10072-008-1060-9,,,,,,,,True,,"Kanemoto, K.; Kawasaki, J.; Miyamoto, T.","Interleukin (IL)1beta, IL-1alpha, and IL-1 receptor antagonist gene polymorphisms in patients with temporal lobe epilepsy",Ann Neurol,47,,571-574,2000,The IL-1β-511 2-2 genotype is found at a statistically higher frequency in TLE patients with hippocampal sclerosis (TLE-HS+) compared to control subjects,failure,close,medical fields,pharmacology and toxicology,"The present study found no significant difference in IL-1β-511 allele or genotype frequencies between TLE-HS+ patients and controls, contrary to Kanemoto et al.'s positive finding. The authors state 'this association was not observed in five other ethnically variable populations or in our cohort of patients.'",high,,,,,,,,109,,,,,,,8,no
10.1007/s10072-008-1060-9,https://doi.org/10.1007/s10072-008-1060-9,,,,,,,,True,,"Stogmann, E.; Zimprich, A.; Baumgartner, C.",A functional polymorphism in the prodynorphin gene promotor is associated with temporal lobe epilepsy,Ann Neurol,51,,260-263,2002,The PDYN promoter L allele confers an increased risk for temporal lobe epilepsy in patients with a family history of seizures,failure,close,medical fields,pharmacology and toxicology,"The present study found only a non-significant trend of excess L allele in familial TLE patients (OR=1.60, CI 0.82-3.31, p=0.163), compared to the original significant finding (OR=2.25, CI 1.41-3.62, p=0.0006). The authors explicitly state they 'failed to confirm the involvement of... PDYN.'",high,,2.25,OR,"[1.41, 3.62]",0.0006,=,,109,1.6,OR,"[0.82, 3.31]",0.163,=,,8,no
10.1007/s10157-013-0797-5,https://doi.org/10.1007/s10157-013-0797-5,,,,,,,,True,,"Sandholm, N.; Salem, R.; McKnight, A.; Brennan, E.; Forsblom, C.; Isakova, T.",New susceptibility loci associated with kidney disease in type 1 diabetes,PLoS Genetics,8,,1002921,2012,The rs7583877 SNP in AFF3 is associated with increased risk of end-stage renal disease (diabetic nephropathy) in European type 1 diabetes patients,failure,close extension,medical fields,nephrology,"The authors found no significant association of rs7583877 in AFF3 with diabetic nephropathy in Japanese type 2 diabetes patients (p=0.5210, OR=0.96, 95% CI: 0.86-1.08). The authors conclude that 'the association of 3 SNP loci...was not replicated in Japanese patients with type 2 diabetes.'",high,,,,,,,,2300,,,,0.521,=,,8,no
10.1007/s10157-013-0797-5,https://doi.org/10.1007/s10157-013-0797-5,,,,,,,,True,,"Sandholm, N.; Salem, R.; McKnight, A.; Brennan, E.; Forsblom, C.; Isakova, T.",New susceptibility loci associated with kidney disease in type 1 diabetes,PLoS Genetics,8,,1002921,2012,The rs12437854 SNP in the RGMA-MCTP2 locus is associated with increased risk of end-stage renal disease (diabetic nephropathy) in European type 1 diabetes patients,failure,close extension,medical fields,nephrology,"The authors found no significant association of rs12437854 in the RGMA-MCTP2 locus with diabetic nephropathy in Japanese type 2 diabetes patients (all cases: p=0.8831, OR=1.012; ESRD analysis: p=0.0892, OR=0.85). The authors conclude that 'the association of 3 SNP loci...was not replicated in Japanese patients with type 2 diabetes.'",high,,,,,,,,2300,,,,0.8831,=,,8,no
10.1007/s10157-013-0797-5,https://doi.org/10.1007/s10157-013-0797-5,,,,,,,,True,,"Sandholm, N.; Salem, R.; McKnight, A.; Brennan, E.; Forsblom, C.; Isakova, T.",New susceptibility loci associated with kidney disease in type 1 diabetes,PLoS Genetics,8,,1002921,2012,"The rs7588550 SNP in ERBB4 is associated with susceptibility to diabetic nephropathy (all nephropathy cases) in European type 1 diabetes patients, with the G allele having a protective effect",reversal,close extension,medical fields,nephrology,"The study found a statistically significant association of rs7588550 in ERBB4 with diabetic nephropathy in Japanese type 2 diabetes patients, but in the opposite direction to the original (p=0.0126, OR=0.79, 95% CI: 0.65-0.95): 'the G allele of rs7588550, which showed a protective effect in the original report, increased the risk of diabetic nephropathy.' The authors conclude this was 'not replicated' due to the inconsistent effect direction.",high,,,,,,,,2300,,OR,"[0.65, 0.95]",0.0126,=,,8,no
10.1007/s10339-021-01061-2,https://doi.org/10.1007/s10339-021-01061-2,,,,,,,,True,https://doi.org/10.1037/a0018689,"Laeng, B.; Profeti, I.; Saether, L.",Invisible expressions evoke core impressions,Emotion,10,,573-586,2010,Emotional expressions encoded in low spatial frequencies of hybrid face images (invisible to conscious perception) influence perceived friendliness ratings of unfamiliar faces,success,close extension,psychology,cognitive psychology,"The authors explicitly state 'The Invisible Expression effect was successfully replicated (F(2, 38.18) = 16.24, p < 0.001)'. The replication followed Laeng et al.'s procedure but used different stimuli (Karolinska Directed Emotional Faces database) and tested an Italian population, making it a close extension.",high,,,,,,,,20,,,,0.001,<,,8,no
10.1007/s10339-023-01130-8,https://doi.org/10.1007/s10339-023-01130-8,,,,,,,,True,https://doi.org/10.1080/01690965.2011.622905,"Yoshida, M.; Dickey, M.; Sturt, P.",Predictive processing of syntactic structure: sluicing and ellipsis in real-time sentence processing,Language and Cognitive Processes,28,3,272-302,2013,"When a wh-phrase indicates parallelism between an upcoming wh-clause and a preceding clause, the parser predictively constructs the wh-clause (gender mismatch effects at the reflexive occur only in wh-NP conditions, but not when a preposition undermines parallelism in wh-PP conditions), suggesting prediction is a parallelism-driven process",inconclusive,close extension,linguistics,psycholinguistics,"The present study used the same 24 experimental materials from Yoshida et al. but employed a lexicality maze task (rather than self-paced reading) and 324 participants (rather than 40). The authors report the findings are 'partially inconsistent with Yoshida et al.': gender mismatch effects were found in both wh-NP and wh-PP conditions (no wh-type × gender interaction), contradicting the original's finding that prediction is parallelism-driven (only in wh-NP conditions). However, the core finding of predictive structure building was confirmed and even extended, and garden-path effects (absent in the original) were observed.",high,40,,,,,,,324,,,,0.001,<,,8,no
10.1007/s10484-024-09637-2,https://doi.org/10.1007/s10484-024-09637-2,,,,,,,,False,,,,,,,,,,,,,,,,,,,,,,,,,,,,,,,
10.1007/s10508-016-0765-8,https://doi.org/10.1007/s10508-016-0765-8,,,,,,,,True,,"VanderLaan, D.; Forrester, D.; Petterson, L.; Vasey, P.",Offspring production among the extended relatives of Samoan men and fa'afafine,PLoS One,7,,36088,2012,"Female relatives (mothers, grandmothers, aunts) of androphilic Samoan males (fa'afafine) exhibit elevated reproductive output compared to those of gynephilic men, consistent with the sexually antagonistic gene hypothesis",inconclusive,close,psychology,social psychology,"The replication found that mothers and maternal grandmothers of fa'afafine had significantly elevated reproductive output (consistent with the original), but failed to replicate the paternal grandmother effect found by VanderLaan et al. (2012). The authors concluded support for the SAGH is 'equivocal' because no maternal aunt effect was found, which would represent the 'gold standard' evidence for the hypothesis.",high,,,,,,,,382,,,,,,,8,no
10.1007/s10508-021-01992-z,https://doi.org/10.1007/s10508-021-01992-z,,,,,,,,True,https://doi.org/10.1371/journal.pone.0108099,"Leivers, S.; Rhodes, G.; Simmons, L.",Sperm competition in humans: Mate guarding behavior negatively correlates with ejaculate quality,PLoS ONE,9,,,2014,"Men who perform mate retention (mate guarding) behavior less frequently produce higher-quality ejaculates, suggesting that humans deploy mate retention behavior and ejaculate quality investment as compensatory anti-cuckoldry tactics",failure,conceptual,psychology,social psychology,"The authors explicitly state in the Discussion: 'this conceptual replication was not successful because we did not identify statistically significant associations between the deployment of mate retention behavior (overall or along the domains of benefit-provisioning or cost-inflicting) and (most assessments of) ejaculate quality.' The study used a different operationalization of ejaculate quality (4 principal components from 17 parameters) and the MRI-SF instrument, constituting a conceptual rather than direct replication.",high,34,,,,,,,41,,,,,,,8,no
10.1007/s10508-024-03030-0,https://doi.org/10.1007/s10508-024-03030-0,,,,,,,,True,https://doi.org/10.1006/anbe.1993.1272,"Baker, R.; Bellis, M.",Human sperm competition: Ejaculate adjustment by males and the function of masturbation,Animal Behaviour,46,5,861-885,1993,"Men produce more sperm in ejaculates when they have spent less time together with their partner since the couple's last copulation, indicating ejaculate adjustment in response to sperm competition risk",failure,conceptual,psychology,social psychology,"The paper explicitly labels itself a 'conceptual replication' of Baker & Bellis, using additional measures of sperm competition risk and updated technology. The main finding of Baker & Bellis — that time spent apart predicts ejaculate quality — was not replicated: 'time spent together since the couple's last copulation was not associated with any of the several indicators of ejaculate quality in the present study.'",high,35,,,,,,,34,,,,0.264,=,,8,no
10.1007/s10515-025-00539-z,https://doi.org/10.1007/s10515-025-00539-z,,,,,,,,True,,"Albunian, N.; Fraser, G.; Sudholt, D.",Causes and effects of fitness landscapes in unit test generation,Proceedings of the 2020 Genetic and Evolutionary Computation Conference,,,1204-1212,2020,"Fitness landscapes in unit test generation are dominated by neutral regions (plateaus), with ruggedness and neutrality properties measurably affecting search algorithm effectiveness in covering branches",success,close extension,computer science,software engineering,"The authors explicitly replicate Albunian et al.'s (2020) fitness landscape analysis methodology (same six metrics, same random walk approach, same 1000 steps and 30 runs) but apply it to system-level test generation with EvoMaster rather than unit-level testing with EvoSuite. The Conclusions state: 'Our results confirm the existing results reported in the literature for unit testing, albeit with some differences,' with notable differences in the DBI metric between system-level and unit-level testing.",high,,,,,,,,,,,,,,,8,no
10.1007/s10528-016-9760-y,https://doi.org/10.1007/s10528-016-9760-y,,,,,,,,False,,,,,,,,,,,,,,,,,,,,,,,,,,,,,,,
10.1007/s10528-025-11081-8,https://doi.org/10.1007/s10528-025-11081-8,,,,,,,,True,https://doi.org/10.1038/s41467-020-19733-6,"Steinthorsdottir, V.",Genetic predisposition to hypertension is associated with preeclampsia in European and central Asian women,Nature Communications,11,,5976,2020,The fetal genotype of FLT1 rs4769612 (C allele) increases the risk of preeclampsia in European and Central Asian women,inconclusive,close extension,medical fields,pharmacology and toxicology,"The replication found that the fetal genotype of rs4769612 was associated with preeclampsia risk in Iranian women under the recessive model (Table 3, P=0.0048), but the C/C genotype was protective (OR=0.34) rather than risk-increasing as reported in the original. The Discussion confirms: 'Steinthorsdottir et al. reported...the C allele increased the risk of PE,' whereas in the replication 'the fetal C/C genotype lowered the risk of PE.' The same genome (fetal) shows association but with reversed effect direction. The authors acknowledge 'discrepancies with previous studies.' Classified as inconclusive because the fetal association was found but with opposite directionality.",high,,,,,,,,200,,OR,"[0.13, 0.73]",0.0048,=,,8,no
10.1007/s10528-025-11081-8,https://doi.org/10.1007/s10528-025-11081-8,,,,,,,,True,https://doi.org/10.1038/s41467-020-19733-6,"Steinthorsdottir, V.",Genetic predisposition to hypertension is associated with preeclampsia in European and central Asian women,Nature Communications,11,,5976,2020,The maternal genotype of FTO rs1421085 is associated with preeclampsia risk in European and Central Asian women,inconclusive,close extension,medical fields,pharmacology and toxicology,"The replication found that the maternal genotype of rs1421085 showed no association with preeclampsia in Iranian women (Table 4: all maternal P-values >0.05), directly contradicting the original finding. The Discussion confirms: 'Steinthorsdottir et al. showed for the first time that rs1421085 is significantly associated with PE risk through the maternal genome.' Instead, the fetal genotype was associated under dominant (OR=1.87, P=0.031) and over-dominant (OR=2.01, P=0.034) models. The specific original claim about maternal genome association was not replicated; association was found only through fetal genome. Classified as inconclusive because the variant-disease association exists but through a different biological mechanism (fetal vs. maternal genome).",high,,,,,,,,400,,OR,"[1.05, 3.3]",0.031,=,,8,no
10.1007/s10528-025-11081-8,https://doi.org/10.1007/s10528-025-11081-8,,,,,,,,True,https://doi.org/10.1038/s41467-020-19733-6,"Steinthorsdottir, V.",Genetic predisposition to hypertension is associated with preeclampsia in European and central Asian women,Nature Communications,11,,5976,2020,The maternal genotype of ZNF831 rs259983 is associated with preeclampsia susceptibility in European and Central Asian women,success,close extension,medical fields,pharmacology and toxicology,"The replication confirmed that the maternal genotype of rs259983 was associated with preeclampsia under the dominant model in Iranian women (OR=0.63, 95% CI 0.40-0.99, P=0.043), consistent with the original GWAS finding. The authors state this result is 'consistent with' Steinthorsdottir et al.",high,,,,,,,,400,0.63,OR,"[0.4, 0.99]",0.043,=,,8,no
10.1007/s10578-024-01789-w,https://doi.org/10.1007/s10578-024-01789-w,,,,,,,,True,https://doi.org/10.1080/15374416.2017.1416619,"Sáez, B.; Servera, M.; Becker, S.; Burns, G.","Optimal items for assessing sluggish cognitive tempo in children across mother, father, and teacher ratings",Journal of Clinical Child & Adolescent Psychology,48,,825-839,2019,"Cognitive disengagement syndrome (CDS) symptoms show strong internal and structural validity relative to ADHD-inattention symptoms, with invariance of CDS symptom loadings and thresholds across mother and father ratings of the same child, and CDS showing stronger associations than ADHD-IN with anxiety and depression",success,close extension,psychology,clinical psychology,"The paper's title explicitly frames it as 'Replication of Northern Hemisphere Findings in South America.' The PDF confirms all key findings replicate: (1) CDS symptoms had substantial loadings on CDS factor (mothers M=0.78, fathers M=0.71) with near-zero cross-loadings on ADHD-IN, matching prior studies; (2) 14 of 15 CDS symptoms showed invariance across mother/father ratings, described as 'almost identical' to Sáez et al. [8,9]; (3) CDS factor means did not differ across parents (d=-0.06), matching Sáez et al. (d=0.01); (4) external validity pattern replicated — ADHD-IN stronger with ADHD-HI, CDS stronger with anxiety/depression across all source analyses. The Discussion states results were 'highly consistent with the findings from studies in the five earlier studies.' The one minor deviation (CDS and ADHD-IN similarly associated with academic impairment, whereas prior studies found ADHD-IN stronger) is explicitly noted by the authors but does not undermine the overall successful replication pattern.",high,,,,,,,,366,,,,,,,8,no
10.1007/s10597-018-0263-7,https://doi.org/10.1007/s10597-018-0263-7,,,,,,,,False,,,,,,,,,,,,,,,,,,,,,,,,,,,,,,,
10.1007/s10648-023-09729-1,https://doi.org/10.1007/s10648-023-09729-1,,,,,,,,True,https://doi.org/10.1037/edu0000701,"Skar, G.; Graham, S.; Huebner, A.",Learning loss during the COVID-19 pandemic and emergency remote instruction first grade students' writing: A natural experiment,Journal of Educational Psychology,114,7,1553-1566,2022,"First-grade Norwegian students who experienced COVID-19 emergency remote instruction scored lower on writing quality, handwriting fluency, and attitude toward writing than a pre-pandemic cohort of first-graders in the same schools",failure,close extension,education,educational psychology,"The authors replicated the same methodology with the same cohort one year later (as second-graders) and found no significant differences between the Before and During COVID-19 cohorts on any of the three writing measures. As stated in the Discussion: 'Contrary to our prediction, we did not find statistically significant differences between the Before COVID-19 cohort and the During COVID-19 cohort on any of the three writing measures: writing quality, handwriting fluency, or attitude toward writing.' The COVID-19 learning loss effect observed in first grade did not persist to second grade.",high,2453,,,,,,,2309,,,,,,,8,no
10.1007/s10664-024-10562-5,https://doi.org/10.1007/s10664-024-10562-5,,,,,,,,True,https://doi.org/10.1109/ICSE48619.2023.00155,"Haq, Fitash Ul; Shin, Donghwan; Briand, Lionel",Many-objective reinforcement learning for online testing of DNN-enabled systems,IEEE/ACM 45th International Conference on Software Engineering (ICSE),,,1814-1826,2023,"MORLOT (Many-Objective Reinforcement Learning for Online Testing), which combines RL and many-objective search, outperforms random testing and search-based techniques for online testing of Deep Neural Network-enabled Autonomous Driving Systems in terms of safety requirements violations exposed within a given time budget",failure,direct,computer science,software engineering,"The authors explicitly state: 'The replication does not confirm the finding that many-objective Reinforcement Learning, specifically MORLOT, outperforms the random baseline in ADS testing.' They found that when the random baseline is run under the same detection conditions as MORLOT (correcting a confounding factor), MORLOT and random are 'statistically indistinguishable' in both effectiveness and efficiency across all three test routes.",high,,,,,,,,,,,,,,,8,no
10.1007/s10664-025-10733-y,https://doi.org/10.1007/s10664-025-10733-y,,,,,,,,True,,"Arcuri, A.",Test suite generation with the Many Independent Objective (MIO) algorithm,Information and Software Technology,104,,195-206,2018,"The LAST configuration of feedbackDirectedSampling is the most effective value for MIO-based test suite generation in EvoMaster, with no single configuration being a clear winner across all case studies",success,close extension,computer science,software engineering,"The replication found no clear winner among the three feedbackDirectedSampling settings, which 'reaffirmed the same conclusions as in the original study' — thus the original finding (that no configuration is clearly dominant) was successfully replicated across a larger set of SUTs and a newer tool version.",high,,,,,,,,,,,,,,,8,no
10.1007/s10664-025-10733-y,https://doi.org/10.1007/s10664-025-10733-y,,,,,,,,True,,"Arcuri, A.; Galeotti, J.",Handling SQL databases in automated system test generation,ACM Transactions on Software Engineering and Methodology,29,4,1-31,2020,A value of 5 for the maxSQLInitActionsPerMissingData parameter yields the highest average code coverage in EvoMaster when testing REST APIs with SQL-backed databases,success,close extension,computer science,software engineering,"The replication confirmed that the value of 5 for maxSQLInitActionsPerMissingData was the most effective, consistent with the original study: 'We found that a configuration of 5 for maxSQLInitActionsPerMissingData is indeed the most effective' across line coverage, branch coverage, and fault detection metrics.",high,,,,,,,,,,,,,,,8,no
10.1007/s10664-025-10733-y,https://doi.org/10.1007/s10664-025-10733-y,,,,,,,,True,,"Zhang, M.; Arcuri, A.",Enhancing resource-based test case generation for RESTful APIs with SQL handling,International Symposium on Search Based Software Engineering,,,103-117,2021,A value of 0.5 for probOfApplySQLActionToCreateResources is the most effective setting for maximizing code coverage in EvoMaster REST API testing,success,close extension,computer science,software engineering,"The replication confirmed the original finding. Table 10 shows Vargha-Delaney effect sizes comparing 0.5 vs other settings are all near 0.50 (no significant difference favoring alternatives), with 0.5 slightly ahead on average for line and branch coverage (Â=0.51-0.53). The authors explicitly conclude: 'Evaluating the collective data from all 15 REST APIs, we determined that a 0.5 setting consistently provided the best overall performance, aligning with the conclusions of the original study.' While individual SUTs showed variation (e.g., proxy-print and scout-api favored different values), the aggregate finding clearly replicates. Verified against PDF Tables 9-10 and RQ1 findings summary.",high,,,,,,,,,,,,,,,8,no
10.1007/s10664-025-10733-y,https://doi.org/10.1007/s10664-025-10733-y,,,,,,,,True,,"Zhang, M.; Arcuri, A.",Adaptive hypermutation for search-based system test generation: a study on REST APIs with EvoMaster,ACM Transactions on Software Engineering and Methodology,31,,,2021,A value of 0.5 for probOfRandomSampling is the optimal setting for balancing exploration and exploitation in EvoMaster's MIO algorithm for REST API testing,failure,close extension,computer science,software engineering,"The replication found that 0.8 outperformed the original optimal value of 0.5 for probOfRandomSampling, contradicting the original study. The replication paper summarizes: 'Contrary to the original articles that found 0.5 to be the optimum, here we discovered that 0.8 performed better across multiple case studies' — indicating the original recommendation does not hold in the updated tool version.",high,,,,,,,,,,,,,,,8,no
10.1007/s10664-025-10733-y,https://doi.org/10.1007/s10664-025-10733-y,,,,,,,,True,,"Zhang, M.; Arcuri, A.",Adaptive hypermutation for search-based system test generation: a study on REST APIs with EvoMaster,ACM Transactions on Software Engineering and Methodology,31,,,2021,A value of 0.5 for focusedSearchActivationTime is the optimal setting for controlling when EvoMaster transitions from broad exploratory to focused search in REST API testing,failure,close extension,computer science,software engineering,"The replication found that 0.8 outperformed the original optimal value of 0.5 for focusedSearchActivationTime: 'in contrast to the conclusions of the original research (Zhang and Arcuri 2021b), a 0.5 value did not excel beyond others... 0.8 appears to be the most effective value compared to both the default and the other tested values.'",high,,,,,,,,,,,,,,,8,no
10.1007/s10664-025-10733-y,https://doi.org/10.1007/s10664-025-10733-y,,,,,,,,True,,"Arcuri, A.; Galeotti, J.",Enhancing search-based testing with testability transformations for existing APIs,ACM Transactions on Software Engineering and Methodology,31,1,1-34,2021,"A value of 0.9 for baseTaintAnalysisProbability is the most reasonable setting for dynamic taint analysis in EvoMaster REST API testing, optimizing code coverage",success,close extension,computer science,software engineering,"The replication confirmed the original finding: 'the overall results are similar to the findings of the original study as the previously suggested value (i.e., 0.9) led to higher code coverage and slightly fewer faults,' reaffirming 0.9 as the recommended setting for baseTaintAnalysisProbability.",high,,,,,,,,,,,,,,,8,no
10.1007/s10803-009-0915-0,https://doi.org/10.1007/s10803-009-0915-0,,,,,,,,True,,"Gotham, K.; Risi, S.; Pickles, A.; Lord, C.",The autism diagnostic observation schedule: revised algorithms for improved diagnostic validity,Journal of Autism and Developmental Disorders,37,,613-627,2007,"Revised ADOS algorithms (collapsing Social and Communication domains into Social Affect factor and adding Restricted Repetitive Behavior factor) improve diagnostic validity (sensitivity, specificity, efficiency) compared to original ADOS algorithms",success,close extension,medical fields,psychiatry,"The authors explicitly conclude: 'our overall finding that the diagnostic validity of the revised algorithms is better than that of the original algorithms.' The improvement was most apparent for autism cases, with less consistent improvement for non-autism ASD. The paper's title itself describes it as 'A Replication Study' of Gotham et al.'s revised algorithms.",high,,,,,,,,532,,,,,,,8,no
10.1007/s10803-009-0915-0,https://doi.org/10.1007/s10803-009-0915-0,,,,,,,,True,,"Gotham, K.; Risi, S.; Pickles, A.; Lord, C.",The autism diagnostic observation schedule: revised algorithms for improved diagnostic validity,Journal of Autism and Developmental Disorders,37,,613-627,2007,"The revised ADOS algorithms have a two-factor structure (Social Affect and Restricted Repetitive Behavior) that fits data better than a one-factor model, with a possible three-factor solution including a Joint Attention factor",success,close extension,medical fields,psychiatry,"The authors confirm: 'We confirmed the factor structure proposed by [Gotham et al. 2007], and the revised algorithms were minimally influenced by age.' The two-factor model fit well (CFI 0.96-1.00, RMSEA 0.04-0.08) in cells A, B, C, with only slightly unsatisfactory fit in cell D. The three-factor model was not better than the two-factor model, supporting Gotham et al.'s decision to use the two-factor model.",high,,,,,,,,532,,,,,,,8,no
10.1007/s10803-009-0915-0,https://doi.org/10.1007/s10803-009-0915-0,,,,,,,,True,,"Gotham, K.; Risi, S.; Pickles, A.; Lord, C.",The autism diagnostic observation schedule: revised algorithms for improved diagnostic validity,Journal of Autism and Developmental Disorders,37,,613-627,2007,The revised ADOS algorithms reduce the influence of age and verbal/nonverbal IQ on ADOS total scores compared to the original algorithms,inconclusive,close extension,medical fields,psychiatry,"Age effects were confirmed as minimal and comparable to the original study. However, IQ effects were not replicated: 'we found a diminished effect of IQ (verbal and nonverbal) on revised algorithm totals in only a few cells and only with regard to the SA domain total...This is contrary to previous research [Gotham et al. 2007].' The mixed pattern (age confirmed, IQ not) makes this inconclusive overall.",high,,,,,,,,532,,,,,,,8,no
10.1007/s10803-014-2103-0,https://doi.org/10.1007/s10803-014-2103-0,,,,,,,,True,,"Leaf, J.; Oppenheim-Leaf, M.; Call, N.; Sheldon, J.; Sherman, J.; Taubman, M.",Comparing the teaching interaction procedure to social stories for people with autism,Journal of Applied Behavior Analysis,45,,281-298,2012,"The teaching interaction procedure is more efficacious than social stories for teaching social skills to individuals with autism spectrum disorder, with mastery criterion reached on 100% of skills taught with the teaching interaction procedure but only 22% of skills taught with social stories",success,close extension,psychology,educational psychology,The authors explicitly state this study was designed to 'systematically replicate and expand upon the original [Leaf et al. 2012] study' and confirm in the Discussion that 'the results of this study were similar to the results found by [17]; participants reached mastery criterion on 100% of skills taught with the teaching interaction procedure and demonstrated little to no improvement on skills taught with social stories.' The study is classified as close extension because it preserved the core comparison methodology but expanded to a group setting and measured peer-directed rather than adult-directed performance.,high,6,,,,,,,3,,,,,,,8,no
10.1007/s10803-019-04290-9,https://doi.org/10.1007/s10803-019-04290-9,,,,,,,,True,,"Dajani, D.; Llabre, M.; Nebel, M.; Mostofsky, S.; Uddin, L.",Heterogeneity of executive functions among comorbid neurodevelopmental disorders,Scientific Reports,6,,36566,2016,"Latent profile analysis of executive function measures in children with autism spectrum disorder, ADHD, comorbid ASD+ADHD, and typically developing children reveals three distinct EF classes ('above average', 'average', and 'impaired') that span diagnostic categories rather than mapping onto diagnostic boundaries",success,conceptual,psychology,neuropsychology,"The authors explicitly call this a 'conceptual replication' of Dajani et al. (2016) and conclude that 'the solution observed in the present study is consistent with prior work.' They found the same three-class structure ('above average', 'average', 'impaired') with similar EF patterns across subscores, confirming the original study's main finding using only parent-report BRIEF measures in an independent ASD/TD sample.",high,,,,,,,,287,,,,,,,8,no
10.1007/s10803-022-05515-0,https://doi.org/10.1007/s10803-022-05515-0,,,,,,,,True,https://doi.org/10.1002/aur.2257,"Lecavalier, L.; Bodfish, J.; Harrop, C.; Whitten, A.; Jones, D.; Pritchett, J.; Boyd, B.",Development of the Behavioral Inflexibility Scale for children with autism spectrum disorder and other developmental disabilities,Autism Research,13,3,489-499,2020,"The Behavioral Inflexibility Scale (BIS) is a unidimensional parent-reported measure with good to excellent levels of internal consistency, test-retest stability, and convergent validity for assessing behavioral inflexibility in autistic children",success,close extension,psychology,clinical psychology,"The authors explicitly conclude: 'We found that the psychometric characteristics of the BIS derived from an independent sample of autistic children replicated those reported in the [original] study.' The replication used an in-person data collection method (vs. online in the original) and included both autistic and neurotypical children, making it a close extension. Key metrics replicated closely: Cronbach's alpha = 0.98 (vs. 0.97 original), and similar convergent validity correlations with the RBS-R.",high,,,,,,,,163,,,,0.001,<,,8,no
10.1007/s10815-015-0468-4,https://doi.org/10.1007/s10815-015-0468-4,,,,,,,,True,,"Aston, K. I.; Krausz, C.; Laface, I.; Ruiz-Castane, E.; Carrell, D. T.",Evaluation of 172 candidate polymorphisms for association with oligozoospermia or azoospermia in a large cohort of men of European descent,Human Reproduction,25,,1383-1397,2010,"Four SNP loci (rs5911500, rs10246939, rs2059807, rs11204546) identified in European men are associated with susceptibility to male infertility (azoospermia and oligozoospermia)",inconclusive,close extension,medical fields,genetics,"PDF Tables 2-4 and Discussion reviewed. The four European GWAS-derived SNPs (from Aston et al. 2010, per Table 2 header) showed no significant association with collective male infertility in Japanese men (Table 2: p=0.98, 0.18, 0.36, 0.18 for the four SNPs). However, subgroup analysis found rs11204546 in OR2W3 was significantly associated with oligospermia (Table 4: p=0.0037, OR=1.74). Three of four SNPs showed lower allelic risk in Japanese than European men. The Discussion frames this as partial support: OR2W3 may be 'a common risk factor in infertile men across widely different ethnicities' but the other three loci did not replicate. Classified as inconclusive because the primary analysis (collective male infertility) failed while one of four SNPs was significant only in the smaller oligospermia subgroup (n=70).",high,,,,,,,,886,1.74,OR,"[1.21, 2.53]",0.0037,=,,8,no
10.1007/s10899-009-9150-z,https://doi.org/10.1007/s10899-009-9150-z,,,,,,,,True,,"Monaghan, S.; Blaszczynski, A.",Recall of electronic gaming machine signs: A static versus a dynamic mode of presentation,Journal of Gambling Issues,20,,253-268,2007,"Dynamic (moving/scrolling) signs displayed on electronic gaming machines during play are recalled more often than static signs, with 83% vs. 15.6% free recall rates",success,close extension,psychology,clinical psychology,"Study 1 (lab, n=127) and Study 2 (gambling venue, n=124) both found pop-up/dynamic messages were recalled significantly more frequently and accurately than static messages. Study 1: free recall accuracy χ²(2, N=127) = 13.65, p < .001; Study 2: free recall accuracy χ²(2, N=124) = 22.72, p < .0001. Pop-up messages also had significantly greater self-reported impact on within-session thoughts and behaviors in both studies. The Discussion (p. 85) explicitly states: 'The results replicate and extend previous research findings. Similar to previous empirical laboratory studies (Cloutier et al. 2006; Floyd et al. 2006; Ladouceur and Sevigny 2003) pop-up messages appear to be superior to static signs in enhancing message recall and influencing thoughts.' The abstract also calls this a 'qualitative replication study.' This is a self-replication (same authors as [39]) that extends the original by adding message content variables (informative vs. self-appraisal vs. control) and testing in a real gambling venue (Study 2). PDF review confirmed unambiguous replication success across all measures of the dynamic vs. static comparison.",high,,,,,,,,251,,,,0.0001,<,two-sided,8,no
10.1007/s11033-011-0995-8,https://doi.org/10.1007/s11033-011-0995-8,,,,,,,,True,,"Voight, B.; Scott, L.; Steinthorsdottir, V.",Twelve type 2 diabetes susceptibility loci identified through large-scale association analysis,Nat Genet,42,,579-589,2010,CDKAL1 rs7754840 C allele is associated with increased risk of type 2 diabetes in European descent populations,success,close extension,biology,genetics,"The authors explicitly replicated the CDKAL1 rs7754840 association in Han Chinese lean subjects, finding OR = 1.54 (95% CI 1.30-1.82, P = 8.10×10⁻⁷), which remained significant after Bonferroni multiple testing correction. They state this 'matches the precise replication criteria: same marker, same allele and same phenotype definition.'",high,,,OR,,,,,1194,1.54,OR,"[1.3, 1.82]",8.1e-07,=,,8,no
10.1007/s11033-011-0995-8,https://doi.org/10.1007/s11033-011-0995-8,,,,,,,,True,,"Voight, B.; Scott, L.; Steinthorsdottir, V.",Twelve type 2 diabetes susceptibility loci identified through large-scale association analysis,Nat Genet,42,,579-589,2010,DUSP9 rs5945326 is associated with increased risk of type 2 diabetes in European descent populations,inconclusive,close extension,biology,genetics,"The DUSP9 rs5945326 association showed modest significance (P = 0.02) but did not survive multiple testing correction. Moreover, the G allele appeared protective in Han Chinese (OR = 0.81) rather than being a risk factor as in Europeans (OR = 1.27), leading authors to call for further studies to 'confirm or refute' the association.",high,,1.27,OR,"[1.18, 1.37]",,,,1194,0.81,OR,"[0.7, 0.93]",0.02,=,,8,no
10.1007/s11033-011-0995-8,https://doi.org/10.1007/s11033-011-0995-8,,,,,,,,True,,"Voight, B.; Scott, L.; Steinthorsdottir, V.",Twelve type 2 diabetes susceptibility loci identified through large-scale association analysis,Nat Genet,42,,579-589,2010,"BCL11A rs243021, CENTD2 rs1552224, and IRS1 rs7578326 are associated with type 2 diabetes risk in European descent populations",failure,close extension,biology,genetics,"The associations of BCL11A, CENTD2, and IRS1 variants with T2D were not replicated in Han Chinese lean subjects. The authors report only CDKAL1 and DUSP9 showed any significant association, implying the remaining four SNPs (including these three) did not reach significance.",high,,,,,,,,1194,,,,,,,8,no
10.1007/s11033-011-0995-8,https://doi.org/10.1007/s11033-011-0995-8,,,,,,,,True,,"Rosengren, A.; Jokubka, R.; Tojjar, D.",Overexpression of alpha2A-adrenergic receptors contributes to type 2 diabetes,Science,327,,217-220,2010,ADRA2A rs553668 variant is associated with type 2 diabetes risk through overexpression of alpha2A-adrenergic receptors in European descent populations,failure,close extension,biology,genetics,"The ADRA2A rs553668 variant was not significantly associated with T2D in Han Chinese lean subjects. Table 2 shows allele-level OR = 0.94 (95% CI 0.79-1.11), χ² = 0.54, P = 0.46, and genotype-level χ² = 0.51, P = 0.77. The paper's conclusion confirms only CDKAL1 and DUSP9 showed associations; ADRA2A clearly failed to replicate.",high,,,,,,,,1194,0.94,OR,"[0.79, 1.11]",0.46,=,,8,no
10.1007/s11033-012-1782-x,https://doi.org/10.1007/s11033-012-1782-x,,,,,,,,True,,"Wang, L.; Zhou, F.; Li, X.; Sun, L.; Song, X.; Li, J.; Kong, J.; Qi, G.; Cui, H.; Zhang, J.; Yang, L.; et al.",Genome-wide association study of esophageal squamous cell carcinoma in Chinese subjects identifies susceptibility loci at PLCE1 and C20orf54,Nature Genetics,42,,759-763,2010,PLCE1 rs2274223 variant is associated with increased risk of esophageal squamous cell carcinoma (ESCC) in Chinese populations,success,close extension,biology,genetics,"The replication found a significant association between PLCE1 rs2274223 GG genotype and esophageal cancer risk (adjusted OR = 1.95, 95% CI = 1.05–3.59), consistent with the original GWAS. The authors state that this finding 'is consistent with our results' from Wang et al. and Abnet et al.",high,,,,,,,,760,1.95,OR,"[1.05, 3.59]",0.023,=,,8,no
10.1007/s11033-012-1782-x,https://doi.org/10.1007/s11033-012-1782-x,,,,,,,,True,,"Wang, L.; Zhou, F.; Li, X.; Sun, L.; Song, X.; Li, J.; Kong, J.; Qi, G.; Cui, H.; Zhang, J.; Yang, L.; et al.",Genome-wide association study of esophageal squamous cell carcinoma in Chinese subjects identifies susceptibility loci at PLCE1 and C20orf54,Nature Genetics,42,,759-763,2010,C20orf54 rs13042395 variant is associated with increased risk of esophageal squamous cell carcinoma (ESCC) in Chinese populations,failure,close extension,biology,genetics,"No significant association was found between C20orf54 rs13042395 genotype and esophageal cancer risk (adjusted OR = 0.99, 95% CI = 0.63–1.57 for TT vs. CC). The authors state these findings 'were not consistent with one recent GWAS identified the variation of C20orf54 rs13042395 as risk factors for esophageal cancer in Chinese population [Wang et al.]'.",high,,,,,,,,760,0.99,OR,"[0.63, 1.57]",0.991,=,,8,no
10.1007/s11033-013-2830-x,https://doi.org/10.1007/s11033-013-2830-x,,,,,,,,True,,"Rodríguez-Rodríguez, E.; Infante, J.; Llorca, J.; Mateo, I.; Sánchez-Quintana, C.; García-Gorostiaga, I.; Sánchez-Juan, P.; Berciano, J.; Combarros, O.",Age-dependent association of KIBRA genetic variation and Alzheimer's disease risk,Neurobiol Aging,30,,322-324,2007,"KIBRA rs17070145 polymorphism shows an age-dependent association with Alzheimer's disease risk, with the significant association found only among older seniors (>86 years) with the T-allele as a risk factor",inconclusive,close extension,medical fields,neuroscience,"The authors explicitly conducted 'an independent replication study' of the age-dependent KIBRA-AD association in 1,586 Han Chinese subjects, following grouping methods from Rodriguez-Rodriguez et al. and Burgess et al. They confirmed the general hypothesis that the KIBRA-AD association is age-dependent (significant only in a subgroup, not the total sample). However, the specifics diverge substantially: (1) the significant effect appeared in the YOUNG subgroup (≤74 years; p=0.045, OR=0.428) rather than the OLD subgroup as in Rodriguez-Rodriguez and Burgess; (2) the T-allele direction was protective, explicitly described as 'inconsistent with the Spanish in Rodriguez-Rodriguez et al. study.' The authors attribute these paradoxical findings to ethnic differences in T-allele frequency (75% in Asians vs. 25% in Caucasians vs. 54% in African-Americans). Reviewed PDF Tables 3 and 4: total sample showed no association (p=0.651 adjusted), old subgroup showed no association (p=0.286-0.957), only the young subgroup dominant model was significant (p=0.045).",high,819,,,,,,,1586,0.428,OR,"[0.186, 0.982]",0.045,=,,8,no
10.1007/s11033-021-06470-2,https://doi.org/10.1007/s11033-021-06470-2,,,,,,,,True,https://doi.org/10.1093/humrep/deq081,"Aston, K.; Krausz, C.; Laface, I.; Ruiz-Castané, E.; Carrell, D.",Evaluation of 172 candidate polymorphisms for association with oligozoospermia or azoospermia in a large cohort of men of European descent,Human Reproduction,25,,1383-1397,2010,172 candidate SNPs are associated with oligozoospermia or azoospermia in a Caucasian cohort of European descent,failure,close extension,biology,genetics,"The authors tested 59 of the 172 SNPs from Aston's study in a Greek population and found that none of the original SNPs replicated — only two novel SNPs not identified in Aston's study showed statistical significance. The conclusion notes that 'neither of these two SNPs was found to be statistically significant in Aston's study dataset,' confirming a failure to replicate the original associations.",high,,,,,,,,360,,,,,,,8,no
10.1007/s11033-023-09004-0,https://doi.org/10.1007/s11033-023-09004-0,,,,,,,,True,https://doi.org/10.1038/ng.732,"Chen, Z.; Zhao, H.; He, L.","Genome-wide association study identifies susceptibility loci for polycystic ovary syndrome on chromosome 2p16.3, 2p21 and 9q33.3",Nature Genetics,43,,55-59,2011,Susceptibility loci on chromosomes 2p16.3 (LHCGR) and 9q33.3 (DENND1A) are associated with polycystic ovary syndrome risk in Han Chinese women,inconclusive,close extension,biology,genetics,"The paper tested rs2479106 and rs10818854 (DENND1A) and rs13405728 (LHCGR) from the original Han Chinese GWAS in Indian women. Only rs2479106 (DENND1A) showed a significant association with PCOS risk in NHA women (p=0.036 adjusted), but this did not survive Bonferroni correction; rs10818854 and rs13405728 showed no significant association. The authors concluded that 'some, but not all polymorphisms previously identified in Han Chinese women, could contribute to the genetic pathophysiology of PCOS in Indian women.'",high,,,,,,,,751,,,,,,,8,no
10.1007/s11033-023-09004-0,https://doi.org/10.1007/s11033-023-09004-0,,,,,,,,True,https://doi.org/10.1038/ng.2384,"Shi, Y.; Zhao, H.; Shi, Y.",Genome-wide association study identifies eight new risk loci for polycystic ovary syndrome,Nature Genetics,44,,1020-1025,2012,"Eight new susceptibility loci including c9orf3, RAB5B, and YAP1 are associated with polycystic ovary syndrome risk in Han Chinese women",inconclusive,close extension,biology,genetics,"The paper tested rs4385527 and rs3802457 (c9orf3), rs705702 (RAB5B), and rs1894116 (YAP1) from Shi et al.'s GWAS in Indian women. rs4385527 (c9orf3) and rs1894116 (YAP1) showed significant associations in NHA women that survived Bonferroni correction, while rs3802457 (c9orf3) showed no association and rs705702 (RAB5B) only trended toward significance. The mixed pattern across the four SNPs from this study leads to an inconclusive classification overall.",high,,,,,,,,751,,,,,,,8,no
10.1007/s11126-020-09742-5,https://doi.org/10.1007/s11126-020-09742-5,,,,,,,,True,https://doi.org/10.1016/j.jpeds.2017.10.028,"Temple, J.; Choi, H.; Reuter, T.; Wolfe, D.; Taylor, C.; Madigan, S.",Childhood corporal punishment and future perpetration of physical dating violence,Journal of Pediatrics,194,,233-237,2018,"Childhood spanking/corporal punishment predicts adult dating violence perpetration, while exposure to child physical abuse does not, in a retrospective self-report study of young adults",failure,close,psychology,social psychology,"The replication used identical measures and the same OLS regression analysis as Temple et al. (2018), but found the opposite pattern: child physical abuse significantly predicted adult dating violence (β=.276, p<.001), while spanking did not (β=.060, p=.297). The authors explicitly state: 'the reanalysis does not replicate Temple et al., 2018' and 'this study was unable to replicate previous findings by Temple and colleagues.'",high,,,,,,,,509,,,,0.297,=,,8,no
10.1007/s11136-016-1249-y,https://doi.org/10.1007/s11136-016-1249-y,,,,,,,,True,,"Garbarski, D.; Schaeffer, N.; Dykema, J.",The effects of response option order and question order on self-rated health,Quality of Life Research,24,6,1443-1453,2015,"Response option order affects self-rated health (SRH) ratings, such that SRH is lower (worse) when response options are ordered from 'poor' to 'excellent' compared to 'excellent' to 'poor'",success,close,medical fields,psychosomatic medicine,"Study 1 (N=1,347) found a statistically significant difference in mean SRH by treatment (p<.01), with mean SRH higher (3.43) in the 'excellent' to 'poor' condition than in the 'poor' to 'excellent' condition (3.29). The authors conclude: 'The general findings are similar across the two studies, strengthening the claim that SRH is lower (worse) when the response options begin with the negative end of the scale.'",high,,,,,,,,1347,,,,0.01,<,,8,no
10.1007/s11136-016-1249-y,https://doi.org/10.1007/s11136-016-1249-y,,,,,,,,True,,"Garbarski, D.; Schaeffer, N.; Dykema, J.",The effects of response option order and question order on self-rated health,Quality of Life Research,24,6,1443-1453,2015,"Response option order affects self-rated health (SRH) ratings, such that SRH is lower (worse) when response options are ordered from 'poor' to 'excellent' compared to 'excellent' to 'poor'",success,close,medical fields,psychosomatic medicine,"Study 2 (N=499) found a statistically significant difference in mean SRH by treatment (p<.05), with mean SRH higher (3.56) in the 'excellent' to 'poor' condition than in the 'poor' to 'excellent' condition (3.35), replicating the core finding. The authors conclude: 'The general findings are similar across the two studies, strengthening the claim that SRH is lower (worse) when the response options begin with the negative end of the scale.'",high,,,,,,,,499,,,,0.05,<,,8,no
10.1007/s11205-011-9786-9,https://doi.org/10.1007/s11205-011-9786-9,,,,,,,,True,,"Sun, R.; Shek, D.","Life satisfaction, positive youth development, and problem behaviour among Chinese adolescents in Hong Kong",Social Indicators Research,95,,455-474,2010,"Positive youth development is positively related to life satisfaction and negatively related to problem behaviour among Chinese adolescents, with a bidirectional (non-recursive) relationship between life satisfaction and problem behaviour",success,close extension,psychology,developmental psychology,"The authors explicitly state in the Discussion: 'the present findings are highly similar to those reported by [48], thus successfully replicating the previous findings.' The same optimal model (Model 6) was identified in both the original and replication studies, confirming the structural relationships among positive youth development, life satisfaction, and problem behaviour.",high,7975,,,,,,,7151,,,,,,,8,no
10.1007/s11306-015-0784-9,https://doi.org/10.1007/s11306-015-0784-9,,,,,,,,False,,,,,,,,,,,,,,,,,,,,,,,,,,,,,,,
10.1007/s11357-014-9733-1,https://doi.org/10.1007/s11357-014-9733-1,,,,,,,,False,,,,,,,,,,,,,,,,,,,,,,,,,,,,,,,
10.1007/s11469-021-00695-9,https://doi.org/10.1007/s11469-021-00695-9,,,,,,,,True,,"Bonello, M.; Griffiths, M.",Analyzing consumer protection for gamblers across different online gambling operators: A descriptive study,Gaming Law Review and Economics,21,3,278-285,2017,"Online gambling operators show inadequate responsible gambling practices and insufficient consumer protection measures when evaluated across their RG webpages, RG tool availability, and customer service interactions",success,close extension,social sciences,psychology,"The replication used identical audit methodology on 50 online gambling operators (32 overlapping with the original, 18 replaced due to closures). Table 2 provides a direct head-to-head comparison across 15 RG criteria. Improvements were found on 11 of 15 metrics (e.g., no promotional material on RG page: 12%→92%; cooling off: 72%→96%; self-exclusion: 86%→96%; CS communication re limits: 60%→86%). Four metrics were roughly unchanged. The core finding from the original — that operators have variable and often insufficient RG practices — was confirmed, with the replication additionally documenting improvements attributable to increased regulatory pressure. The authors conclude 'RG practices in the present study appear to have increased' while noting 'there are still some areas that need to be improved.' Classified as success because the replication confirms the original methodology and core descriptive finding that RG practices remain inconsistent across operators and insufficient in key areas. This is a descriptive audit study with no inferential statistics.",high,50,,,,,,,50,,,,,,,8,no
10.1007/s12011-024-04421-z,https://doi.org/10.1007/s12011-024-04421-z,,,,,,,,False,,,,,,,,,,,,,,,,,,,,,,,,,,,,,,,
10.1007/s12016-025-09102-w,https://doi.org/10.1007/s12016-025-09102-w,,,,,,,,True,https://doi.org/10.1038/ncomms14828,"Qiu, F.; Tang, R.; Zuo, X.; Shi, X.; Wei, Y.; Zheng, X.",A genome-wide association study identifies six novel risk loci for primary biliary cholangitis,Nature Communications,8,,14828,2017,The intergenic SNP rs10893900 at the ETS1/FLI1 locus is associated with susceptibility to primary biliary cholangitis in the Han Chinese population,success,direct,medical fields,pharmacology and toxicology,"The meta-analysis combining the discovery GWAS data with the independent replication cohort identified rs10893900 as a genome-wide significant locus (P = 4.55 × 10⁻⁸, OR = 1.19, 95% CI = 1.12–1.27), confirming the genetic association originally detected with suggestive evidence (P = 3.32 × 10⁻⁵) in the prior GWAS. The replication cohort alone also showed significant association (P = 3.62 × 10⁻⁴, OR = 1.16).",high,5162,,OR,"[1.12, 1.37]",3.32e-05,=,,5371,1.16,OR,"[1.07, 1.26]",0.000362,=,,8,no
10.1007/s12016-025-09102-w,https://doi.org/10.1007/s12016-025-09102-w,,,,,,,,True,https://doi.org/10.1038/ncomms14828,"Qiu, F.; Tang, R.; Zuo, X.; Shi, X.; Wei, Y.; Zheng, X.",A genome-wide association study identifies six novel risk loci for primary biliary cholangitis,Nature Communications,8,,14828,2017,The intronic SNP rs2246290 in FLI1 is associated with susceptibility to primary biliary cholangitis in the Han Chinese population,failure,direct,medical fields,pharmacology and toxicology,"The replication cohort showed no significant association for rs2246290 (P = 0.42, OR = 0.95, 95% CI = 0.85–1.07), failing to confirm the suggestive signal (P = 1.50 × 10⁻⁴) observed at this variant in the original discovery GWAS.",high,5162,1.24,OR,"[1.11, 1.39]",0.00015,=,,5371,0.95,OR,"[0.85, 1.07]",0.42,=,,8,no
10.1007/s12017-009-8068-z,https://doi.org/10.1007/s12017-009-8068-z,,,,,,,,True,https://doi.org/10.1038/sj.mp.4001041,"Shinkai, T.; Ohmori, O.; Hori, H.; Nakamura, J.",Allelic association of the neuronal nitric oxide synthase (NOS1) gene with schizophrenia,Molecular Psychiatry,7,6,560-563,2002,The rs2682826 synonymous SNP in exon 29 of the NOS1 gene is significantly associated with schizophrenia in a Japanese population,failure,close,neuroscience,neurophysiology,"The authors explicitly conclude: 'we could not replicate the association between seven SNPs in NOS1 and schizophrenia found in several earlier studies.' Specifically regarding Shinkai et al. (2002), they state: 'although we examined more large Japanese samples than original study [15], we found no significant association with schizophrenia.'",high,,,,,,,,1154,,,,0.133,=,,8,no
10.1007/s12017-009-8068-z,https://doi.org/10.1007/s12017-009-8068-z,,,,,,,,True,https://doi.org/10.1086/497703,"Fallin, M.; Lasseter, V.; Avramopoulos, D.; Nicodemus, K.; Wolyniec, P.; Mcgrath, J.",Bipolar I disorder and schizophrenia: a 440-single-nucleotide polymorphism screen of 64 candidate genes among Ashkenazi Jewish caseparent trios,American Journal of Human Genetics,77,6,918-936,2005,A haplotype of four NOS1 SNPs in intron 2 (rs3782221-rs3782219-rs561712-rs3782206) is significantly associated with schizophrenia and schizoaffective disorder,failure,close extension,neuroscience,neurophysiology,"The authors report: '[Fallin et al.] reported that significant associations of haplotypes were identified with four SNPs in intron 2 (rs3782221, rs3782219, rs561712, and rs3782206). However, no association was found in our study.' No haplotype-wise association with schizophrenia was replicated in the Japanese sample.",high,,,,,,,,1154,,,,,,,8,no
10.1007/s12017-009-8068-z,https://doi.org/10.1007/s12017-009-8068-z,,,,,,,,True,https://doi.org/10.1038/sj.mp.4001779,"Reif, A.; Strobel, S.; Ehlis, A.; Saur, A.; Jacob, D.; C",A neuronal nitric oxide synthase (NOS-I) haplotype associated with schizophrenia modifies prefrontal cortex function,Molecular Psychiatry,11,3,286-300,2006,A polymorphism (rs41279104) in the promoter region of exon 1c of NOS1 is significantly associated with schizophrenia and prefrontal brain function,failure,close extension,neuroscience,neurophysiology,"Table 1 shows rs41279104 was directly tested in 542 cases vs 519 controls with no significant association (P_allele = 0.230, P_genotype = 0.436). The Discussion notes they did not test the VNTR that Reif et al. used in their haplotype, but the SNP itself (rs41279104) clearly showed no association. The overall conclusion states: 'we could not replicate the association between seven SNPs in NOS1 and schizophrenia found in several earlier studies.'",high,,,,,,,,542,,,,0.23,=,,8,no
10.1007/s12035-016-9780-y,https://doi.org/10.1007/s12035-016-9780-y,,,,,,,,True,https://doi.org/10.1038/ng.2802,"Lambert, J.; Verbaas, I.; Harold, C.; Naj, D.; Sims, A.; Bellenguez, R.; Destafano, C.; Bis, A.","Meta-analysis of 74,046 individuals identifies 11 new susceptibility loci for Alzheimer's disease",Nature Genetics,45,12,1452-1458,2013,The minor C allele of SORL1 rs11218343 is associated with reduced risk of late-onset Alzheimer's disease in Caucasians,success,close extension,medical fields,psychiatry,"The authors conducted a case-control replication study in 2350 Northern Han Chinese subjects and found that the SORL1 rs11218343 C allele was protective against LOAD (recessive model: OR = 0.641, 95% CI = 0.464-0.884, P = 0.007; additive model: OR = 0.873, 95% CI = 0.765-0.996, P = 0.043). The Discussion concludes: 'our data suggest that the C allele within SORL1 rs11218343 might play a protective effect on causing LOAD in Han Chinese population.'",high,,,,,,,,2350,0.641,OR,"[0.464, 0.884]",0.007,=,,8,no
10.1007/s12035-016-9780-y,https://doi.org/10.1007/s12035-016-9780-y,,,,,,,,True,https://doi.org/10.1371/journal.pone.0058618,"Miyashita, A.; Koike, A.; Jun, G.; Wang, L.; Takahashi, S.; Matsubara, E.; Kawarabayashi, T.; Shoji, M.","SORL1 is genetically associated with late-onset Alzheimer's disease in Japanese, Koreans and Caucasians",PLoS One,8,4,58618,2013,"The minor C allele of SORL1 rs11218343 is associated with reduced risk of late-onset Alzheimer's disease in Japanese, Korean, and Caucasian populations",success,close extension,medical fields,psychiatry,"The authors conducted a case-control replication study in 2350 Northern Han Chinese subjects and found that the SORL1 rs11218343 C allele was protective against LOAD (recessive model: OR = 0.641, 95% CI = 0.464-0.884, P = 0.007), extending the finding to the Chinese population. The conclusion states: 'the C allele in SORL1 rs11218343 may be a protective factor for LOAD in both Caucasian and Han Chinese.'",high,,,,,,,,2350,0.641,OR,"[0.464, 0.884]",0.007,=,,8,no
10.1007/s12041-016-0671-9,https://doi.org/10.1007/s12041-016-0671-9,,,,,,,,True,,"Chang, Y.; Liu, P.; Lee, W.; Chang, T.; Jiang, Y.; Li, H.",Common variation in the fat mass and obesity-associated (FTO) gene confers risk of obesity and modulates BMI in the Chinese population,Diabetes,57,,2245-2252,2008,The A allele of the FTO rs9939609 SNP is significantly associated with increased risk of obesity (BMI ≥ 30) in a Taiwanese population,success,close extension,biology,genetics,"The authors explicitly state: 'Our study is the first, to date, to have successfully replicated the association of the FTO rs9939609 SNP with the risk of obesity among Taiwanese individuals.' The replication found a significant genotypic association (P=0.021), with adjusted OR=9.86 (95% CI: 1.31-74.09, P=0.026) for the AA vs AT+TT genotype comparison.",high,2248,,,,,,,1177,,,,0.026,=,,8,no
10.1007/s12253-014-9822-6,https://doi.org/10.1007/s12253-014-9822-6,,,,,,,,True,,"Song, H.; Ramus, S.; Tyrer, J.",A genome-wide association study identifies a new ovarian cancer susceptibility locus on 9p22.2,Nature Genetics,41,,996-1000,2009,The SNP rs3814113 on 9p22.2 is associated with susceptibility to epithelial ovarian cancer across all histological subtypes,success,close extension,biology,genetics,"The authors found significant p_trend values for rs3814113 (9p22) with all EOT subtypes (p=0.010) and specifically for serous histological subtypes (p=0.006), and a significant association with serous ovarian carcinoma in the dominant model (OR=0.532, 95% CI=0.342-0.827, p=0.005, p_corr=0.035), consistent with the original GWAS finding.",high,,,,,,,,737,,,,0.005,=,,8,no
10.1007/s12253-014-9822-6,https://doi.org/10.1007/s12253-014-9822-6,,,,,,,,True,,"Goode, E.; Chenevix-Trench, G.; Song, H.",A genome-wide association study identifies susceptibility loci for ovarian cancer at 2q31 and 8q24,Nature Genetics,42,,874-879,2010,"SNPs rs10088218 and rs10098821 on 8q24, rs2665390 on 3q25 (TIPARP), rs2072590 on 2q31 (HOXD-AS1), and rs9303542 on 17q21 (SKAP1) are associated with susceptibility to epithelial ovarian cancer",failure,close extension,biology,genetics,"Of the 5 SNPs from this GWAS (rs2072590, rs2665390, rs10088218, rs10098821, rs9303542), 4 showed no significant association at all (p_trend values of 0.652, 0.715, 0.120, and 0.162 respectively). Only rs10098821 reached nominal significance (p_trend=0.014 for all EOTs; dominant model OR=0.576, p=0.008) but did not survive Bonferroni correction (threshold p=0.007). The authors acknowledged the small sample size may have caused missed associations. Overall the GWAS findings from Goode et al. were not confirmed in this population.",high,,,,,,,,737,,,,,,,8,no
10.1007/s12253-014-9822-6,https://doi.org/10.1007/s12253-014-9822-6,,,,,,,,True,,"Couch, F.; Gaudet, M.; Antoniou, A.",Common variants at 19p13 are associated with susceptibility to ovarian cancer,Nature Genetics,42,,880-884,2010,SNPs rs8170 and rs2363956 on 19p13 (ANKLE1) are associated with susceptibility to serous ovarian cancer,failure,close extension,biology,genetics,"The rs2363956 (ANKLE1) SNP on 19p13 showed no significant association in any analysis. Table 2 confirms: All EOTs p_trend=0.399, serous p_trend=0.139, with no significant p-values across any histological subtype, inheritance model, clinical stage, or histological grade. The original GWAS specifically found significance for serous ovarian cancer (Bolton et al. 2010), but even the serous subtype showed no signal here (dominant OR=1.531, p=0.137; allelic p=0.169).",high,,,,,,,,737,,,,,,,8,no
10.1007/s12529-015-9477-z,https://doi.org/10.1007/s12529-015-9477-z,,,,,,,,True,,"Köteles, F.; Szemerszky, R.; Gubányi, M.; Körmendi, J.; Szekrényesi, C.; Lloyd, R.",Idiopathic environmental intolerance attributed to electromagnetic fields (IEI-EMF) and electrosensibility (ES)—are they connected?,International Journal of Hygiene and Environmental Health,216,,362-370,2013,Individuals with IEI-EMF (idiopathic environmental intolerance attributed to electromagnetic fields) show a better-than-random detection performance (higher d' index) for a 50-Hz 0.5-mT magnetic field compared to controls who do not differ from random guessing,success,close,medical fields,psychosomatic medicine,"The authors explicitly state in the Discussion: 'The most surprising finding of our earlier research, namely the better than random detection performance of the IEI-EMF group, was replicated in the current study, even the magnitude of the d′ indices was quite similar (M=0.296 vs 0.280).' The IEI-EMF group showed a significant d' > 0 (t(48)=2.131, p=0.038) while the control group did not.",high,,0.296,d_prime,,,,,106,0.28,d_prime,,0.038,=,one-sided,8,no
10.1007/s12529-015-9477-z,https://doi.org/10.1007/s12529-015-9477-z,,,,,,,,True,,"Köteles, F.; Szemerszky, R.; Gubányi, M.; Körmendi, J.; Szekrényesi, C.; Lloyd, R.",Idiopathic environmental intolerance attributed to electromagnetic fields (IEI-EMF) and electrosensibility (ES)—are they connected?,International Journal of Hygiene and Environmental Health,216,,362-370,2013,Individuals with IEI-EMF show a significantly higher response bias (lower β index) toward assuming the presence of the magnetic field compared to controls,failure,close,medical fields,psychosomatic medicine,"The authors state in the Discussion: 'Participants in the IEI-EMF group of our previous experiment showed a significantly higher bias toward the presence of the MF than the controls. In the current study, however, no such difference between the two groups was found.' The β comparison yielded t(104)=-0.380, p=0.705.",high,,,,,,,,106,-0.074,d,,0.705,=,,8,no
10.1007/s12671-018-1023-z,https://doi.org/10.1007/s12671-018-1023-z,,,,,,,,True,https://doi.org/10.1016/j.addbeh.2012.04.001,"Witkiewitz, K.; Bowen, S.; Douglas, H.; Hsu, S.",Mindfulness-based relapse prevention for substance craving,Addictive Behaviors,38,,1563-1571,2013,Self-reported mindfulness (a latent factor comprising Acting with Awareness and Nonjudgment FFMQ subscales and a modified Acceptance and Action Questionnaire) significantly mediates the effect of mindfulness-based relapse prevention (MBRP) on reductions in substance use craving following treatment,failure,close extension,medical fields,psychiatry,"The authors explicitly report: 'Results from the secondary analyses indicated the test of mindfulness as a mechanism of behavior change in the association between MBRP and craving failed to replicate in Study 2.' The a-path (MBRP → mindfulness latent factor) was not significant in Study 2 (β = -0.12, p = .053) and the indirect effect was also non-significant (p = .073), confirming a failed replication.",high,168,0.45,beta,,0.023,=,,198,-0.12,beta,,0.053,=,,8,no
10.1007/s12671-022-01928-1,https://doi.org/10.1007/s12671-022-01928-1,,,,,,,,True,https://doi.org/10.1037/cbs0000255,"Ballantyne, C.; Hunter, P.; Potter, G.; Myge, I.",Mindfulness and perceptions of physical health: The mediating role of perceived stress,Canadian Journal of Behavioural Science / Revue Canadienne Des Sciences Du Comportement,53,3,321-327,2021,"Four facets of trait mindfulness (describing, non-judging, non-reactivity, acting with awareness) are negatively associated with physical symptoms of stress, with this relationship partially mediated by lower perceived stress, and non-judging showing the strongest effect",success,close extension,psychology,clinical psychology,"The Discussion explicitly states: 'we replicated the results of [Ballantyne et al.] and [Roberts & Danoff-Burg] by showing significant mediation effects for four out of five facets of mindfulness (describing, non-judging, non-reactivity, and acting with awareness). Non-judging showed the strongest effect, as predicted.' The current study extends the original by using SEM to test all facets simultaneously while controlling for covariates.",high,,,,,,,,534,-0.15,beta,"[-0.19, -0.1]",0.001,<,two-sided,8,no
10.1007/s12671-022-01928-1,https://doi.org/10.1007/s12671-022-01928-1,,,,,,,,True,https://doi.org/10.1080/07448481.2010.484452,"Roberts, K.; Danoff-Burg, S.",Mindfulness and health behaviors: Is paying attention good for you,Journal of American College Health,59,3,165-173,2010,"Higher trait mindfulness is associated with better perceived physical functioning in college students, with perceived stress partially mediating this relationship",success,conceptual,psychology,clinical psychology,"The authors explicitly state 'we replicated the results of [Roberts & Danoff-Burg] and [Ballantyne et al.]' and confirm the stress-buffering effect of trait mindfulness. The current study uses a different analytic approach (SEM with five separate mindfulness facets and covariates) compared to the original's simpler mediation analysis, making this a conceptual replication.",high,,,,,,,,534,,,,,,,8,no
10.1007/s13577-014-0103-1,https://doi.org/10.1007/s13577-014-0103-1,,,,,,,,True,,"Ko, A.; Tu, H.; Liu, T.; Chang, J.; Yuo, C.; Chiang, S.",ALPK1 genetic regulation and risk in relation to gout,Int J Epidemiol,42,2,466-474,2013,"Three SNPs in the ALPK1 gene (rs11726117, rs231247, rs231253) are associated with gout susceptibility in Taiwanese Han and Taiwan aboriginal populations",failure,close extension,medical fields,rheumatology,"The authors explicitly state 'the present study detected no significant association between ALPK1 and gout,' testing the same SNP (rs11726117) in a Japanese population (903 cases, 1,302 controls) and finding p = 0.44 for the allele frequency association, compared to the original significant association reported in Taiwanese populations.",high,,,,,,,,2205,,,,0.44,=,,8,no
10.1007/s40037-020-00576-2,https://doi.org/10.1007/s40037-020-00576-2,,,,,,,,True,,"Himmelstein, D.",The history of publishing delays,Satoshi Village: the blog of Daniel Himmelstein,,,,2016,"Mean time from manuscript submission to acceptance across 3,475 biomedical journals in PubMed was approximately 100 days, with an additional ~25-day lag between acceptance and PubMed publication",failure,close extension,sociology,metascience,"The authors explicitly replicated Himmelstein's bibliometric methodology but applied it to health professions education (HPE) journals. They found mean publication time of 263.55 days and acceptance time of 180.93 days — more than twice the ~100-day benchmark from the original study. The Discussion states results are 'over twice as long as the 100-day benchmark published by Himmelstein,' indicating the original finding does not hold in the HPE context.",high,,,,,,,,4735,,,,,,,8,no
10.1007/s40037-020-00611-2,https://doi.org/10.1007/s40037-020-00611-2,,,,,,,,True,,"Wald, H.; Borkan, J.; Taylor, J.",Fostering and evaluating reflective capacity in medical education: developing the REFLECT rubric for assessing reflective writing,Academic Medicine,87,,41-50,2012,"The REFLECT rubric for assessing reflective writing produces good inter-rater reliability characteristics (ICC single measures = 0.632, with a range of 0.376–0.748 across developmental iterations)",failure,close extension,education,medical education,"The authors explicitly state 'We did not replicate the reliability characteristics presented in the original REFLECT article.' Their replication, conducted at a different institution with a different participant mix, yielded poor ICC values (overall ICC = 0.448) compared to the original's best ICC of 0.748.",high,,0.632,ICC,,,,,30,0.448,ICC,"[0.222, 0.628]",,,,8,no
10.1007/s40264-018-00784-0,https://doi.org/10.1007/s40264-018-00784-0,,,,,,,,True,,"Brown, J.; Petronis, K.; Bate, A.; Zhang, F.; Dashevsky, I.; Kulldorff, M.",Drug adverse event detection in health plan data using the gamma poisson shrinker and comparison to the tree-based scan statistic,Pharmaceutics,5,1,179-200,2013,The tree-based scan statistic (TBSS) applied to HMO Research Network data detects signals of disproportionate recording (SDRs) for adverse events among users of terbinafine and itraconazole,inconclusive,conceptual,medical fields,pharmacology and toxicology,"The authors explicitly describe this as a 'conceptual replication' with different methods and data. They found that only the digestive system SDR for terbinafine replicated (4 of 11 HMO SDRs, or 36.4%, were also identified in Optum data), stating 'other SDRs from the previous publications were not replicated' and noting 'broad consistency, but far from perfect concordance.'",high,,,,,,,,223968,,,,,,,8,no
10.1007/s40264-018-00784-0,https://doi.org/10.1007/s40264-018-00784-0,,,,,,,,True,,"Kulldorff, M.; Dashevsky, I.; Avery, T.; Chan, A.; Davis, R.; Graham, D.",Drug safety data mining with a tree-based scan statistic,Pharmacoepidemiology and Drug Safety,22,5,517-523,2013,The tree-based scan statistic (TBSS) applied to HMO Research Network data identifies signals of disproportionate recording (SDRs) for adverse events among terbinafine and itraconazole users,inconclusive,conceptual,medical fields,pharmacology and toxicology,"The authors explicitly call this a 'conceptual replication' of both Kulldorff et al. and Brown et al. using different data and methods. Results showed partial overlap: the digestive system SDR for terbinafine replicated, but most other SDRs from the original HMO Research Network analysis did not, with authors noting 'the amount of discordance between our results and those from Kulldorff et al. seems notable.'",high,,,,,,,,223968,,,,,,,8,no
10.1007/s40273-021-01008-7,https://doi.org/10.1007/s40273-021-01008-7,,,,,,,,True,https://doi.org/10.3310/hta16050,"Ara, R.; Blake, L.; Gray, L.; Hernandez, M.; Crowther, M.; Dunkley, A.",What is the clinical effectiveness and cost-effectiveness of using drugs in treating obese patients in primary care? A systematic review,Health Technology Assessment,16,5,1-195,2012,"Health economic Markov model (13 health states) comparing orlistat, rimonabant, and sibutramine versus placebo for obese adults in a UK primary care setting, reporting cost-utility outcomes (costs and QALYs) over a lifetime horizon",failure,direct,economics,behavioral economics,The authors explicitly state: 'case study 1 needs to be rated as a failure in reproducing results' due to strong variation in incremental QALYs and failure to present acceptable ICER results. The non-successful reproduction was attributed in part to the model's lack of reported clinical event results.,high,,,,,,,,,,,,,,,8,no
10.1007/s40273-021-01008-7,https://doi.org/10.1007/s40273-021-01008-7,,,,,,,,True,https://doi.org/10.1038/nutd.2013.18,"Au, N.; Marsden, G.; Mortimer, D.; Lorgelly, P.",The cost-effectiveness of shopping to a predetermined grocery list to reduce overweight and obesity,Nutrition & Diabetes,3,,77,2013,Health economic Markov model (9 health states) evaluating the cost-effectiveness of shopping to a predetermined grocery list (standard behavioral therapy with meal plans and shopping lists versus standard behavioral therapy alone or no intervention) for reducing overweight and obesity in a UK adult population,success,direct,economics,behavioral economics,"The authors report that 'the proposed combination of success criteria were all clearly fulfilled for case studies 2, 3, and 4,' and case study 2 achieved a successful reproduction. The CE coordinate plane could be reproduced and variation in costs was < 5%.",high,,,,,,,,,,,,,,,8,no
10.1007/s40273-021-01008-7,https://doi.org/10.1007/s40273-021-01008-7,,,,,,,,True,https://doi.org/10.3111/13696990701438629,"Caro, J.; Stillman, O.; Danel, A.; Getsios, D.; Mcewan, P.",Cost effectiveness of rimonabant use in patients at increased cardiometabolic risk: estimates from a Markov model,Journal of Medical Economics,10,3,239-254,2007,Health economic Markov model (5 health states) evaluating the cost-effectiveness of rimonabant versus diet and exercise for obese patients at increased cardiometabolic risk in a UK adult population over a lifetime horizon,success,direct,economics,behavioral economics,"The authors explicitly state that 'the proposed combination of success criteria were all clearly fulfilled for case studies 2, 3, and 4.' Case study 3 showed the best fit of reproduction results, with ICER point estimates in the CE coordinate plane almost overlapping with the original.",high,,,,,,,,,,,,,,,8,no
10.1007/s40273-021-01008-7,https://doi.org/10.1007/s40273-021-01008-7,,,,,,,,True,https://doi.org/10.1111/cob.12077,"Meads, D.; Hulme, C.; Hall, P.; Hill, A.",The cost-effectiveness of primary care referral to a UK commercial weight loss programme,Clinical Obesity,4,6,324-332,2014,Health economic Markov model (9 health states) evaluating the cost-effectiveness of referral to a UK commercial weight loss programme (Slimming World) versus best supportive care for obese adults in UK primary care over a lifetime horizon,success,direct,economics,behavioral economics,"The authors explicitly state that 'the proposed combination of success criteria were all clearly fulfilled for case studies 2, 3, and 4.' Case study 4 showed among the best reproduction fits, with ICER point estimates almost overlapping in the CE coordinate plane.",high,,,,,,,,,,,,,,,8,no
10.1007/s40520-015-0447-8,https://doi.org/10.1007/s40520-015-0447-8,,,,,,,,True,,"Roth, S.; Zmuda, J.; Cauley, J.",Vitamin D receptor genotype is associated with fat-free mass and sarcopenia in elderly men,J Gerontol Biol Sci,59,,10-15,2004,VDR FokI F/F genotype is associated with a twofold higher risk for sarcopenia and lower fat-free mass in elderly men,inconclusive,close extension,medical fields,geriatric care,"The replication found no significant sarcopenia association in men (contradicting the original twofold risk finding), but did find a significant 1.3-fold increased odds of sarcopenia in women (Fok1 FF vs f-allele carriers, 95% CI 1.2-1.4), a group not tested in the original study. The authors conclude 'the data indicate a generally modest contribution of this gene with sarcopenia risk,' reflecting partial and mixed support for the original findings.",high,,,,,,,,864,,,,,,,8,no
10.1007/s40616-018-0101-6,https://doi.org/10.1007/s40616-018-0101-6,,,,,,,,True,https://doi.org/10.1007/s40616-014-0020-0,"Byrne, B.; Rehfeldt, R.; Aguirre, A.",Evaluating the effectiveness of the stimulus pairing observation procedure and multiple exemplar instruction on tact and listener responses in children with autism,The Analysis of Verbal Behavior,30,,160-169,2014,The stimulus-pairing observation procedure (SPOP) and multiple exemplar instruction (MEI) are effective in establishing emergent tact and listener responses in children with autism spectrum disorder,success,close extension,psychology,clinical psychology,"The authors explicitly describe their study as 'a systematic replication of Byrne, Rehfeldt, and Aguirre (2014)' with modifications including additional SPOP sessions if needed and selecting participants with better prerequisite skills. All three participants met mastery criterion for tact and listener relations following SPOP instruction, demonstrating SPOP effectiveness — though the current study showed faster acquisition (one session only) compared to the original, which needed MEI for most participants.",high,3,,,,,,,3,,,,,,,8,no
10.1007/s40617-020-00531-x,https://doi.org/10.1007/s40617-020-00531-x,,,,,,,,True,https://doi.org/10.1177/10983007030050010101,"Charlop-Christy, M.; Daneshvar, S.",Using video modeling to teach perspective taking to children with autism,Journal of Positive Behavior Interventions,5,1,12-21,2003,"Video modeling can teach children with autism spectrum disorder to pass false-belief tasks (hide-and-seek and Sally-Anne tasks), with generalization to untrained stimulus variations",success,close extension,psychology,educational psychology,"The authors explicitly state this is 'a systematic replication' extending Charlop-Christy & Daneshvar (2003) and LeBlanc et al. (2003), replacing video modeling with live people and a natural environment setting. All three participants successfully learned the targeted false-belief tasks and generalized to the untrained Sally-Anne task, with the authors concluding 'these results extend previous research by demonstrating that training these tasks using straightforward behavioral intervention strategies in the natural environment was effective.'",high,3,,,,,,,3,,,,,,,8,no
10.1007/s40617-020-00531-x,https://doi.org/10.1007/s40617-020-00531-x,,,,,,,,True,https://doi.org/10.1901/jaba.2003.36-253,"Leblanc, L.; Coates, A.; Daneshvar, S.; Charlop-Christy, M.; Morris, C.; Lancaster, B.",Using video modeling and reinforcement to teach perspective-taking skills to children with autism,Journal of Applied Behavior Analysis,36,2,253-257,2003,"Video modeling combined with reinforcement can teach children with autism to pass false-belief tasks (hide-and-seek and M&Ms tasks), with generalization to stimulus variations and the untrained Sally-Anne task",success,close extension,psychology,educational psychology,"The paper explicitly describes itself as 'a systematic replication' extending LeBlanc et al. (2003), using the same tasks (hide-and-seek and M&Ms) but with live people in a natural environment instead of video modeling. All three participants mastered the targeted tasks and generalized to the Sally-Anne posttest, consistent with the original study's findings.",high,3,,,,,,,3,,,,,,,8,no
10.1007/s40617-023-00793-1,https://doi.org/10.1007/s40617-023-00793-1,,,,,,,,True,https://doi.org/10.1002/jaba.553,"Kodak, T.; Halbur, M.; Bergmann, S.; Costello, D.; Benitez, B.; Olsen, M.; Gorgan, E.; Cliett, T.",A comparison of stimulus set size on tact training for children with autism spectrum disorder,Journal of Applied Behavior Analysis,53,1,265-283,2020,Larger stimulus set sizes (6 and 12 stimuli) produce faster tact acquisition than smaller set sizes (3 and 4 stimuli) in discrete trial instruction for children with ASD,reversal,close extension,education,special education,The replication found the opposite pattern from Kodak et al.: set-size-3 was consistently most efficient for acquisition for all three participants. The authors explicitly state: 'our results contrasted with Kodak et al.'s findings that the larger set-size-twelve was more efficient than the small set-size-three in skill acquisition.' The reversal is attributed to methodological differences in acquisition criteria.,high,4,,,,,,,3,,,,,,,8,no
10.1007/s40617-023-00793-1,https://doi.org/10.1007/s40617-023-00793-1,,,,,,,,True,https://doi.org/10.1007/s40617-020-00506-y,"Vladescu, J.; Gureghian, D.; Goodwyn, L.; Campanaro, A.",Comparing skill acquisition under different stimulus set sizes with adolescents with autism spectrum disorder: A replication,Behavior Analysis in Practice,14,1,193-197,2021,Smaller stimulus set sizes (3 and 6 stimuli) are more efficient than larger set sizes (12 stimuli) for tact acquisition in adolescents with ASD when controlling the number of independent correct responses required to meet criterion across conditions,success,close extension,education,special education,"The current study found that set-size-3 was consistently most efficient for all participants, consistent with Vladescu et al.'s finding that smaller set sizes were more efficient. The authors explicitly state the results were 'consistent with Vladescu et al.'s findings.'",high,2,,,,,,,3,,,,,,,8,no
10.1007/s40732-015-0144-1,https://doi.org/10.1007/s40732-015-0144-1,,,,,,,,True,https://doi.org/10.1007/s40732-014-0052-9,"Weatherly, Jeffrey N.; Terrell, Hana K.",Magnitude effects in delay and probability discounting when monetary and medical treatment outcomes are discounted,The Psychological Record,64,3,433-440,2014,"Delay discounting of smaller monetary and medical outcomes (acne) is steeper than for larger outcomes ($100,000 and brain cancer), demonstrating a magnitude effect for both monetary and medical domains",failure,direct,psychology,cognitive psychology,"Study 1 was an 'exact replication' of Weatherly and Terrell's delay discounting experiment. The authors replicated the monetary magnitude effect but failed to replicate the medical outcome magnitude effect (F(1,41)=2.94; p=.094; η²=.067), and concluded they 'did not manage to replicate their findings.'",high,,0.046,etasq,,0.05,=,,42,0.067,etasq,,0.094,=,,8,no
10.1007/s40732-015-0144-1,https://doi.org/10.1007/s40732-015-0144-1,,,,,,,,True,https://doi.org/10.1007/s40732-014-0052-9,"Weatherly, Jeffrey N.; Terrell, Hana K.",Magnitude effects in delay and probability discounting when monetary and medical treatment outcomes are discounted,The Psychological Record,64,3,433-440,2014,"In probability discounting, the reverse magnitude effect (larger outcomes discounted more steeply) observed for monetary outcomes does not appear for medical outcomes (acne vs. brain cancer), suggesting discounting processes differ across monetary and medical domains",failure,direct,psychology,cognitive psychology,"Study 3 was an 'exact replication' of Weatherly and Terrell's probability discounting experiment. The expected difference between small and large medical outcomes was not significant (F(1,49)=3.38; p=.072; η²=.064), and the authors noted the effect 'was not observed at all in our replication study.'",high,,0.037,etasq,,0.028,=,,50,0.064,etasq,,0.072,=,,8,no
10.1007/s40750-018-0101-8,https://doi.org/10.1007/s40750-018-0101-8,,,,,,,,True,,"Pearce, E.; Wlodarski, R.; Machin, A.; Dunbar, R.","Variation in the β-endorphin, oxytocin, and dopamine receptor genes is associated with different dimensions of human sociality",Proceedings of the National Academy of Sciences,114,20,5300-5305,2017,"Receptor gene variants for different neurochemicals (oxytocin, β-endorphin, dopamine, vasopressin, serotonin, testosterone) are each associated with distinct domains of human sociality (social disposition, romantic/dyadic relationships, and wider social networks) in a healthy Caucasian sample",success,close extension,psychology,social psychology,"Testing the same 24 SNPs and social measures in a subclinical Caucasian sample (N=140 with history of mental illness), chi-squared tests found no significant differences in the frequency of significant associations across any of the six neurochemicals between the original and subclinical samples. The authors conclude: 'broad agreement exists' and that findings are 'quite robust' in this new population.",high,757,,,,,,,140,,,,,,,8,no
10.1007/s40750-018-0101-8,https://doi.org/10.1007/s40750-018-0101-8,,,,,,,,True,,"Pearce, E.; Wlodarski, R.; Machin, A.; Dunbar, R.","Variation in the β-endorphin, oxytocin, and dopamine receptor genes is associated with different dimensions of human sociality",Proceedings of the National Academy of Sciences,114,20,5300-5305,2017,"Receptor gene variants for different neurochemicals (oxytocin, β-endorphin, dopamine, vasopressin, serotonin, testosterone) are each associated with distinct domains of human sociality (social disposition, romantic/dyadic relationships, and wider social networks) in a healthy Caucasian sample",inconclusive,close extension,psychology,social psychology,"Testing the same 24 SNPs and social measures in a non-Caucasian sample (N=66), chi-squared tests found no significant differences for five of six neurochemicals, but the oxytocin system showed a significant difference (χ²=10.572, df=2, p=0.005), driven by a lack of associations with dyadic sexual relationships in this sample — a key finding of the original. Only one SNP-level replication was confirmed (OXTR rs237897 and anxious attachment).",high,757,,,,,,,66,,,,,,,8,no
10.1007/s40881-017-0041-2,https://doi.org/10.1007/s40881-017-0041-2,,,,,,,,True,,"Rubin, J.; Sheremeta, R.",Principal-agent settings with random shocks,Management Science,62,4,985-999,2016,"In a bonus-version of the gift-exchange game, the introduction of an unobservable random shock to worker effort significantly reduces welfare compared to a no-shock condition",success,close extension,economics,behavioral economics,"The replication authors explicitly state: 'We largely reproduce RS16's finding (1)' that introducing an unobservable shock significantly reduces welfare, confirmed with MWU test p=0.05 in the replication.",high,,,,,,,,,,,,0.05,=,,8,no
10.1007/s40881-017-0041-2,https://doi.org/10.1007/s40881-017-0041-2,,,,,,,,True,,"Rubin, J.; Sheremeta, R.",Principal-agent settings with random shocks,Management Science,62,4,985-999,2016,Informing the principal about the size of the random shock does not restore gift-exchange — welfare in the observable-shock condition remains as low as in the unobservable-shock condition,failure,close extension,economics,behavioral economics,"The replication explicitly states 'we fail to confirm finding (2)': unlike RS16, they find welfare is statistically indistinguishable between the no-shock and observable-shock treatments (MWU p=0.96), and significantly higher in observable-shock than unobservable-shock (p=0.04), indicating that observable shocks do restore gift-exchange.",high,,,,,,,,,,,,0.96,=,,8,no
10.1007/s42000-022-00351-4,https://doi.org/10.1007/s42000-022-00351-4,,,,,,,,True,https://doi.org/10.1007/S40519-020-00924-5,"Rogoza, R.; Donini, L.",Introducing ORTO-R: a revision of ORTO-15 based on the re-assessment of original data,Eat Weight Disorders,,,,2020,A 6-item revision of the ORTO-15 questionnaire (ORTO-R) has an acceptable confirmatory factor structure for assessing orthorexia nervosa tendencies as a continuous scale,success,close extension,medical fields,psychiatry,"The authors explicitly aimed to 'replicate the findings of the factorial structure of ORTO-R' using a Greek-translated version of the questionnaire in a Greek sample of 848 adults, and concluded: 'The ORTO-R questionnaire has been validated in this Greek sample, and its factorial structure has been fully replicated in the present analysis.'",high,,,,,,,,848,,,,,,,8,no
10.1007/s42761-024-00270-0,https://doi.org/10.1007/s42761-024-00270-0,,,,,,,,False,,,,,,,,,,,,,,,,,,,,,,,,,,,,,,,
10.1016/j.abrep.2023.100500,https://doi.org/10.1016/j.abrep.2023.100500,,,,,,,,True,https://doi.org/10.1016/j.addbeh.2020.106598,"Graydon, C.; Dixon, M.; Gutierrez, J.; Stange, M.; Larche, C.; Kruger, T.","Do losses disguised as wins create a ""sweet spot"" for win overestimates in multiline slots play?",Addictive Behaviors,112,,106598,2021,Exposure to losses disguised as wins (LDWs) in electronic gambling machines causes participants to overestimate the number of genuine wins that occurred during a gambling session,success,close extension,psychology,gambling psychology,"The authors explicitly state in the Discussion: 'Our primary results unambiguously replicated the LDW triggered over-estimation effect. Consistent with previous studies (Graydon et al., 2021).' The Introduction identifies Graydon et al. (2021) as the primary body of work: 'previous studies investigating the LDW triggered overestimation effect had been predominately conducted by researchers at the Gambling Research Lab at the University of Waterloo (Graydon et al., 2021).' The replication used a similar video-based paradigm online with an Australian sample (n=940), finding d=0.44, p<.001. The study was pre-registered and the result is unambiguous. PDF review confirmed all details.",high,,,,,,,,940,0.44,d,,0.001,<,,8,no
10.1016/j.ajog.2018.08.042,https://doi.org/10.1016/j.ajog.2018.08.042,,,,,,,,True,,"Workalemahu, T.; Da, E.; M",Genome-wide and candidate gene association studies of placental abruption,Int J Mol Epidemiol Genet,4,,128-139,2013,Genetic variants in mitochondrial biogenesis and oxidative phosphorylation genes (assessed via a weighted genetic risk score of 11 SNPs in 9 genes) are associated with increased risk of abruptio placentae,success,close,medical fields,pharmacology and toxicology,"The authors explicitly state 'we replicated the associations of maternal MB/OP wGRS that we reported before with risk of AP' using the same 11 SNPs and methodology in an independent cohort (PAGE study). The highest quartile of wGRS was associated with 1.75-fold (95% CI 1.27-2.42; P=7.0E-04) higher odds of AP, consistent with the original finding.",high,943,1.9,OR,"[1.2, 3.1]",0.01,=,,1597,1.75,OR,"[1.27, 2.42]",0.0007,=,,8,no
10.1016/j.annepidem.2011.12.002,https://doi.org/10.1016/j.annepidem.2011.12.002,,,,,,,,True,,"Wall, M.; Poh, E.; Cerdá, M.; Keyes, K.; Galea, S.; Hasin, D.","Adolescent marijuana use from 2002 to 2008: higher in states with medical marijuana laws, cause still unclear",Annals of Epidemiology,21,,714-716,2011,States that have passed medical marijuana laws (MMLs) have higher rates of adolescent past-month marijuana use and lower perceived riskiness of monthly marijuana use compared to states without such laws,success,close,medical fields,pharmacology and toxicology,"The authors explicitly state: 'We replicated the findings of Wall et al. that marijuana use was higher in states that have passed MMLs.' They reproduced nearly identical prevalence estimates using the same dataset (NSDUH 2002-2009) and confirmed higher monthly marijuana use in MML states (8.68%) versus non-MML states (6.94%), with a prevalence difference of 1.74% (95% CI: 1.4%-2.4%). The extension using difference-in-differences methodology suggests the association is likely due to confounding, not a causal effect of MMLs.",high,,,,,,,,,,,,,,,8,no
10.1016/j.annepidem.2022.05.007,https://doi.org/10.1016/j.annepidem.2022.05.007,,,,,,,,False,,,,,,,,,,,,,,,,,,,,,,,,,,,,,,,
10.1016/j.bbacli.2015.12.004,https://doi.org/10.1016/j.bbacli.2015.12.004,,,,,,,,True,,"Mccaughan, J.; Mcknight, A.; Maxwell, A.",Genetics of new-onset diabetes after transplantation,Journal of the American Society of Nephrology,25,,1037-1049,2014,Specific candidate SNPs (including PRDM14 rs16936667 and other gene variants) are associated with the development of new-onset diabetes after kidney transplantation (NODAT),inconclusive,close extension,medical fields,nephrology,"The paper explicitly calls itself a 'replication study of candidate SNPs associated with developing NODAT' (abstract and conclusion). It validates SNPs from the Belfast GWAS [ref 1] in an independent Birmingham cohort. Only 5 of 37 tested SNPs were significantly associated with NODAT in the adjusted model, including PRDM14 (rs16936667) from the original GWAS. The authors state 'the current study therefore replicates these findings' for the 5 significant SNPs. However, 32/37 SNPs were not significant, and the authors acknowledge only 60% power to detect OR of 2 with 20% MAF, stating 'the 5 identified SNPs in this study requires further validation in another cohort.' The very wide confidence intervals (e.g., OR 10.6, CI 1.8-63.0) and small sample size (18 NODAT vs 50 controls) further indicate inconclusive results. PDF review confirmed all details; three original study authors (McKnight, McCaughan, Maxwell) are co-authors on this replication.",high,,,,,,,,68,,,,,,,8,no
10.1016/j.beproc.2020.104124,https://doi.org/10.1016/j.beproc.2020.104124,,,,,,,,True,,"Strickland, Justin C.; Marks, Kathleen R.; Beckmann, Joshua S.; Lile, Joshua A.; Rush, Craig R.; Stoops, William W.",Contribution of cocaine-related cues to concurrent monetary choice in humans,Psychopharmacology (Berl),235,,2871-2881,2018,Spatially contiguous cocaine-related cues bias concurrent monetary choices toward the cocaine-cued option selectively among individuals with cocaine use history,success,conceptual,psychology,psychophysiology,"The authors explicitly designed these experiments as 'conceptual replications of this prior work' and concluded in the General Discussion: 'we replicate the finding that spatially contiguous drug-related cues can bias decisions involving concurrently presented nondrug reinforcers.' Both Experiment 1 (alcohol cues; hazardous drinkers: t=3.04, p=.004, d=0.51) and Experiment 2 (cigarette cues; smokers: t=2.39, p=.02, d=0.22) demonstrated the same selective cue-induced choice bias pattern.",high,,,,,,,,103,0.51,d,,0.004,=,two-sided,8,no
10.1016/j.beproc.2020.104124,https://doi.org/10.1016/j.beproc.2020.104124,,,,,,,,True,,"Strickland, Justin C.; Lile, Joshua A.; Stoops, William W.",Contribution of cannabis-related cues to concurrent reinforcer choice in humans,Drug Alcohol Depend,199,,85-91,2019,Spatially contiguous cannabis-related cues bias concurrent monetary choices toward the cannabis-cued option selectively among individuals with cannabis use history,success,conceptual,psychology,psychophysiology,"The authors explicitly designed these experiments as 'conceptual replications of this prior work' and confirmed that 'these associations, as reported previously, were specific to an individual's substance use history and related to substance use variables.' Experiment 2 (cigarette cues, N=256) demonstrated a significant cue-choice bias in smokers (t=2.39, p=.02, d=0.22), consistent with the cannabis cue-bias pattern of the original.",high,,,,,,,,256,0.22,d,,0.02,=,two-sided,8,no
10.1016/j.beth.2019.05.011,https://doi.org/10.1016/j.beth.2019.05.011,,,,,,,,True,,"Zaki, L.; Coifman, K.; Rafaeli, E.; Berenson, K.; Downey, G.",Emotion differentiation as a protective factor against nonsuicidal self-injury in borderline personality disorder,Behavior Therapy,44,3,529-540,2013,"Negative emotion differentiation (NED) moderates the relationship between rumination and frequency of non-suicidal self-injury (NSSI) in borderline personality disorder, such that rumination predicts greater NSSI only among low differentiators",success,conceptual,psychology,clinical psychology,"The authors explicitly frame the paper as a 'conceptual replication' of Zaki et al. (2013), testing whether NED moderates rumination → maladaptive behavior in social anxiety (rather than BPD and NSSI). Study 1 (clinical SAD sample) found NED significantly moderated the rumination–social avoidance relationship (interaction B = -.78, p = .010), consistent with the original finding, leading the authors to conclude 'the results of Study 1 replicated and extended [78]'s findings.'",high,,,,,,,,29,,,,0.01,=,,8,no
10.1016/j.beth.2019.05.011,https://doi.org/10.1016/j.beth.2019.05.011,,,,,,,,True,,"Zaki, L.; Coifman, K.; Rafaeli, E.; Berenson, K.; Downey, G.",Emotion differentiation as a protective factor against nonsuicidal self-injury in borderline personality disorder,Behavior Therapy,44,3,529-540,2013,"Negative emotion differentiation (NED) moderates the relationship between rumination and frequency of non-suicidal self-injury (NSSI) in borderline personality disorder, such that rumination predicts greater NSSI only among low differentiators",success,conceptual,psychology,clinical psychology,"Study 2 (non-clinical socially anxious college students) also found NED significantly moderated the rumination–social avoidance relationship (interaction B = -.14, p = .009), replicating both Zaki et al. (2013) and Study 1. The authors conclude 'our results replicate and expand upon previous findings reported by [78],' describing unanimity across both studies.",high,,,,,,,,190,,,,0.009,=,,8,no
10.1016/j.biopsycho.2012.06.010,https://doi.org/10.1016/j.biopsycho.2012.06.010,,,,,,,,True,,"Peterson, C.; Harmon-Jones, E.",Circadian and seasonal variability of resting frontal EEG asymmetry,Biological Psychology,80,3,315-320,2009,Time of year (season) and time of day interact such that participants recorded in fall mornings show less relative left frontal EEG activity than participants recorded in spring mornings,failure,close,psychology,psychophysiology,"The authors explicitly state 'The present study failed to replicated [44] using seasonal coding' and note that 'contrary to previous findings, no simple time of year by time of day interaction was found.' Additionally, the seasonal main effect that was found ran in the opposite direction from Peterson & Harmon-Jones.",high,,,,,,,,163,,,,,,,8,no
10.1016/j.biopsycho.2021.108188,https://doi.org/10.1016/j.biopsycho.2021.108188,,,,,,,,True,https://doi.org/10.1186/s40810-015-0005-9,"Arns, M.; Swatzyna, R.; Gunkelman, J.; Olbrich, S.","Sleep maintenance, spindling excessive beta and impulse control: An RDoC arousal and regulatory systems approach?",Neuropsychiatric Electrophysiology,1,5,1-11,2015,Frontocentral spindling excessive beta (SEB) is associated with greater impulse control problems in patients with ADHD or sleep problems,success,close,neuroscience,behavioral neuroscience,"The authors explicitly state 'The current results replicate and extend on the earlier report,' with a significant main effect of SEB on the impulse control (IMP) scale (F(1,72) = 15.899, p < .001, d = 0.87) and on false positive errors on the CPT (d = 0.55), both replicating the original finding. The IMP scale was operationalized identically to the original study.",high,,,,,,,,79,0.87,d,,0.001,<,,8,no
10.1016/j.biopsycho.2021.108188,https://doi.org/10.1016/j.biopsycho.2021.108188,,,,,,,,True,https://doi.org/10.1186/s40810-015-0005-9,"Arns, M.; Swatzyna, R.; Gunkelman, J.; Olbrich, S.","Sleep maintenance, spindling excessive beta and impulse control: An RDoC arousal and regulatory systems approach?",Neuropsychiatric Electrophysiology,1,5,1-11,2015,Frontocentral spindling excessive beta (SEB) is associated with greater sleep maintenance problems in patients with ADHD or sleep problems,failure,close extension,neuroscience,behavioral neuroscience,"The authors explicitly state 'the association between SEB and sleep maintenance problems could not be conceptually replicated.' The closest measure (PSQI sleep disturbances) showed a null result in the opposite direction (F(1,71) = 1.131, p = .291, d = -0.20). The authors note an accurate replication could not be performed because the questionnaire items did not identically match those in the original study.",high,,,,,,,,79,-0.2,d,,0.291,=,,8,no
10.1016/j.bjao.2023.100239,https://doi.org/10.1016/j.bjao.2023.100239,,,,,,,,True,,"Greene, N.; Attix, D.; Weldon, B.; Smith, P.; Mcdonagh, D.; Monk, T.",Measures of executive function and depression identify patients at risk for postoperative delirium,Anesthesiology,110,,788-795,2009,Preoperative Trail Making Test B (TMT-B) performance is associated with the risk of developing postoperative delirium in surgical patients,success,close extension,medical fields,pharmacology and toxicology,"The authors explicitly state 'We consider this replication study a success,' finding OR 1.06 (95% CI 1.02–1.09), p=0.001. The sensitivity analysis using Greene et al.'s covariates yielded OR 1.05 (95% CI 1.01–1.09), p=0.02, confirming the association. The BioCog study used a different, larger population across two centres and broader surgery types than Greene et al.'s single-centre, 91%-male, preliminary sample.",high,100,1.02,OR,"[1.01, 1.04]",,,,759,1.05,OR,"[1.01, 1.09]",0.02,=,,8,no
10.1016/j.bjao.2023.100239,https://doi.org/10.1016/j.bjao.2023.100239,,,,,,,,True,,"Lindroth, H.; Bratzke, L.; Twadell, S.",Predicting postoperative delirium severity in older adults: the role of surgical risk and executive function,Int J Geriatr Psychiatry,34,,1018-1028,2019,Preoperative Trail Making Test B (TMT-B) performance is associated with postoperative delirium incidence in older noncardiac surgical patients,success,close extension,medical fields,pharmacology and toxicology,"The replication confirmed the core finding that TMT-B performance is associated with postoperative delirium (OR 1.06, 95% CI 1.02–1.09, p=0.001). The authors' Conclusion explicitly states 'this effect replicates the effect found by three prior studies,' counting Lindroth among them. Lindroth's higher AUROC of 0.81 came from a multivariate model including NSQIP-SC as a covariate (not TMT-B alone), and the authors could not test that specific model due to lacking the NSQIP-SC variable. However, the replicated claim is the association between TMT-B and POD, which was confirmed. Reviewed PDF Discussion (p.8) and Conclusion (p.9) to verify authors' own assessment.",high,97,,,,,,,841,,,,0.001,=,,8,no
10.1016/j.bjao.2023.100239,https://doi.org/10.1016/j.bjao.2023.100239,,,,,,,,True,,"Mychajliw, C.; Herrmann, M.; Suenkel, U.",Impaired executive function and depression as independent risk factors for reported delirium symptoms: an observational cohort study over 8 years,Front Aging Neurosci,13,,676734,2021,"Preoperative Trail Making Test B (TMT-B) performance (standardised z-score) is independently associated with reported delirium symptoms after controlling for age, sex, comorbidities, depression, frailty, and number of drugs taken",failure,close extension,medical fields,pharmacology and toxicology,"The sensitivity analysis using Mychajliw et al.'s covariates (age, sex, GDS, Charlson Comorbidity Index, frailty, sum of drugs) found OR 1.03 per 10-s increment (95% CI 0.999–1.07), p=0.10 — a non-significant result. The authors acknowledge 'we were unable to replicate their results,' noting substantial methodological differences (Mychajliw used retrospective delirium symptom reporting and only 69% of cases were attributed to surgery).",high,807,0.75,OR,"[0.57, 0.98]",,,,720,1.03,OR,"[0.999, 1.07]",0.1,=,,8,no
10.1016/j.bneo.2025.100118,https://doi.org/10.1016/j.bneo.2025.100118,,,,,,,,True,,"Lin, W.; Fordham, S.; Hungate, E.",Genome-wide association study identifies susceptibility loci for acute myeloid leukemia,Nature Communications,13,1,6233,2021,Common genetic variants near HLA-DQA2 (rs3916765) are associated with increased risk of cytogenetically normal acute myeloid leukemia,success,close,biology,genetics,"The authors explicitly state 'we replicated the association between HLA-DQA2-rs3916765 and CN-AML (G-allele odds ratio [OR], 1.96; P = .0031)', confirming the original GWAS finding in an independent cohort of French Canadian AML patients using a different genotyping platform (low-pass WGS).",high,14506,,,,,,,2105,1.96,OR,"[1.26, 3.06]",0.003,=,,8,no
10.1016/j.brat.2019.103435,https://doi.org/10.1016/j.brat.2019.103435,,,,,,,,True,https://doi.org/10.1037/a0020770,"Martijn, C.; Vanderlinden, M.; Roefs, A.; Huijding, J.; Jansen, A.",Increasing body satisfaction of body concerned women through evaluative conditioning using social stimuli,Health Psychology,29,,514-520,2010,"An evaluative conditioning (EC) procedure pairing own body pictures with smiling faces increases body satisfaction and general self-esteem, especially in women with relatively high body concern",failure,direct,psychology,clinical psychology,"The authors conducted an explicit 'exact replication' of the Martijn et al. (2010) study in a well-powered sample (N=129) and found no significant effect of the EC procedure on body satisfaction indices (VAS body satisfaction: Condition × Time F(1,125) = 0.75, p = .39; appearance SSES: F(1,125) = 1.81, p = .18). The conclusion states: 'Our study did not provide evidence for the effectiveness of an EC procedure developed by [Martijn et al.] as a tool to enhance body satisfaction in undergraduate women.'",high,54,0.091,etasq,,,,,129,0.006,etasq,,0.39,=,two-sided,8,no
10.1016/j.brs.2008.04.002,https://doi.org/10.1016/j.brs.2008.04.002,,,,,,,,True,,"Borckardt, J.; Weinstein, M.; Reeves, S.; Kozel, F.; Nahas, Z.; Smith, A.",Post-operative left prefrontal repetitive transcranial magnetic stimulation reduces patient-controlled analgesia use,Anesthesiology,105,3,1-6,2006,A single 20-minute session of repetitive transcranial magnetic stimulation (rTMS) over the left prefrontal cortex immediately after gastric bypass surgery reduces postoperative patient-controlled morphine use by approximately 40%,success,close,neuroscience,behavioral neuroscience,"The authors explicitly state in the Discussion: 'This study replicates and extends the findings from the previous study by Borckardt et al. that a single 20-minute postoperative prefrontal rTMS session in gastric bypass surgery patients may significantly reduce patient-administered morphine usage.' The replication found a significant effect of TMS condition on morphine use (P < .01), with real TMS patients using 35% less morphine than sham patients.",high,20,,,,,,,20,0.7,d,,0.01,<,,8,no
10.1016/j.brs.2015.10.007,https://doi.org/10.1016/j.brs.2015.10.007,,,,,,,,True,,"Hamada, M.; Terao, Y.; Hanajima, R.; Shirota, Y.; Nakatani-Enomoto, S.; Furubayashi, T.; Matsumoto, H.; Ugawa, Y.",Bidirectional long-term motor cortical plasticity and metaplasticity induced by quadripulse transcranial magnetic stimulation,Journal of Physiology,586,16,3927-3947,2008,Quadripulse stimulation with 5 ms inter-pulse intervals (QPS-5) induces facilitation of motor evoked potentials (LTP-like plasticity) in human motor cortex,success,close extension,neuroscience,neurophysiology,"The authors found a main effect of time for QPS-5 (p = 0.024), indicating facilitation of MEPs compared to baseline, consistent with the original Japanese studies. They conclude 'QPS-5 induced overall facilitation of corticospinal excitability as reported by Ugawa and colleagues.'",high,,,,,,,,20,,,,0.024,=,,8,no
10.1016/j.brs.2015.10.007,https://doi.org/10.1016/j.brs.2015.10.007,,,,,,,,True,,"Hamada, M.; Terao, Y.; Hanajima, R.; Shirota, Y.; Nakatani-Enomoto, S.; Furubayashi, T.; Matsumoto, H.; Ugawa, Y.",Bidirectional long-term motor cortical plasticity and metaplasticity induced by quadripulse transcranial magnetic stimulation,Journal of Physiology,586,16,3927-3947,2008,Quadripulse stimulation with 50 ms inter-pulse intervals (QPS-50) induces suppression of motor evoked potentials (LTD-like plasticity) in human motor cortex,failure,close extension,neuroscience,neurophysiology,"The authors found no significant effect of time for QPS-50 (p = 0.461), indicating no inhibition of MEPs occurred in the Caucasian sample. They note 'there was no significant suppression after QPS-50' and discuss that the inhibitory effect 'was more difficult to reproduce in the present study.'",high,,,,,,,,20,,,,0.461,=,,8,no
10.1016/j.brs.2022.09.014,https://doi.org/10.1016/j.brs.2022.09.014,,,,,,,,True,,"Brown, J.","NMDA receptor partial agonist, d-cycloserine, enhances 10 Hz rTMS-induced motor plasticity, suggesting long-term potentiation (LTP) as underlying mechanism",Brain Stimulation,13,3,530-532,2020,D-cycloserine (NMDA receptor partial agonist) enhances 10-Hz rTMS-induced motor cortex plasticity as measured by motor-evoked potential (MEP) amplitudes in healthy adults,inconclusive,close,neuroscience,behavioral neuroscience,"The replication found a trend-level but non-significant effect on the primary measure (MEP single-pulse time course: F=2.19, p=.12), while a secondary measure (recruitment curve intercept change) showed significant DCS-enhanced facilitation (p=.04). The authors state the results 'did not reach significance' for the primary measure and explicitly attribute this to insufficient power, while still describing findings as 'consistent with results published previously.'",high,10,0.3,d,,,,,10,,,,0.12,=,,8,no
10.1016/j.concog.2015.01.011,https://doi.org/10.1016/j.concog.2015.01.011,,,,,,,,True,,"Libet, B.; Gleason, C.; Wright, E.; Pearl, D.",Time of conscious intention to act in relation to onset of cerebral activity (readiness-potential): The unconscious initiation of a freely voluntary act,Brain,106,,623-642,1983,"The readiness potential (RP) precedes the conscious intention to act by approximately 350 ms and the actual voluntary movement by approximately 500 ms, implying that neural preparation for voluntary acts begins prior to conscious awareness of the intention",success,close,neuroscience,cognitive neuroscience,"The authors explicitly state: 'We were able to replicate the results found by [Libet et al.]: the RP we measured preceded the intention to act by 544 ms and the button press by 700 ms on average.' The study used a similar paradigm with slight modifications (bilateral button presses instead of right-hand only), and confirmed the core temporal ordering across all analysis methods at the group level.",high,6,,,,,,,7,,,,,,,8,no
10.1016/j.concog.2018.07.011,https://doi.org/10.1016/j.concog.2018.07.011,,,,,,,,False,,,,,,,,,,,,,,,,,,,,,,,,,,,,,,,
10.1016/j.cortex.2017.03.007,https://doi.org/10.1016/j.cortex.2017.03.007,,,,,,,,True,,"Forstmann, B.; Anwander, A.; Schäfer, A.; Neumann, J.; Brown, S.; Wagenmakers, E.",Cortico-striatal connections predict control over speed and accuracy in perceptual decision making,Proceedings of the National Academy of Sciences,107,36,15916-15920,2010,Individual differences in cortico-striatal tract strength (right pre-SMA to right striatum) positively correlate with individual differences in control over speed and accuracy in a perceptual decision making paradigm,failure,direct,neuroscience,cognitive neuroscience,"The replication found no significant positive correlation between tract strength and LBA flexibility (r = .03, BF01 = 3.90, p = .431), indicating moderate Bayesian support for the null hypothesis. The authors concluded they 'were unable to successfully replicate any of these 17 correlations.'",high,9,0.93,r,,,,,31,0.03,r,,0.431,=,one-sided,8,no
10.1016/j.cortex.2017.03.007,https://doi.org/10.1016/j.cortex.2017.03.007,,,,,,,,True,,"Kanai, R.; Bahrami, B.; Roylance, R.; Rees, G.",Online social network size is reflected in human brain structure,Proceedings. Biological Sciences/The Royal Society,279,1732,1327-1334,2012,"Individual differences in online social network size (Facebook friends) and real-world social network size are positively correlated with grey matter volume in multiple brain regions including amygdala, middle temporal gyrus, superior temporal sulcus, and entorhinal cortex",inconclusive,direct,neuroscience,cognitive neuroscience,"Results were mixed across 6 tested effects: 5 showed support for the null hypothesis (failed), while one effect (SNS vs. right amygdala) showed anecdotal support for H1 with a significant p-value (r = .30, p = .041). The authors noted data were 'ambiguous' for two effects and that '5 out of 6 cases we find support for the null hypothesis.'",high,125,,,,,,,35,,,,,,,8,no
10.1016/j.cortex.2017.03.007,https://doi.org/10.1016/j.cortex.2017.03.007,,,,,,,,True,,"Xu, J.; Kober, H.; Carroll, K.; Rounsaville, B.; Pearlson, G.; Potenza, M.",White matter integrity and behavioral activation in healthy subjects,Human Brain Mapping,33,4,994-1002,2012,"Individual differences in white matter diffusion measures (FA, l1, MD) of left corona radiata, superior longitudinal fasciculus, inferior longitudinal fasciculus, and inferior fronto-occipital fasciculus are positively correlated with behavioral activation system scores (BAS-Total and BAS-Fun)",failure,direct,neuroscience,cognitive neuroscience,"All 4 hypothesized effects showed support for the null hypothesis, with BF01 values ranging from moderate to strong (2.04 to 11.74), and all p-values indicated failed replications. The exploratory Bayesian analyses with informative priors showed extreme evidence for the null in 3 of 4 effects.",high,51,,,,,,,36,,,,,,,8,no
10.1016/j.cortex.2017.03.007,https://doi.org/10.1016/j.cortex.2017.03.007,,,,,,,,True,,"Kanai, R.; Dong, M.; Bahrami, B.; Rees, G.",Distractibility in daily life is reflected in the structure and function of human parietal cortex,Journal of Neuroscience,31,18,6620-6626,2011,Individual differences in distractibility (Cognitive Failures Questionnaire) are positively correlated with grey matter volume in left superior parietal lobe and negatively correlated with grey matter volume in left middle prefrontal cortex,failure,direct,neuroscience,cognitive neuroscience,"Both tested effects showed anecdotal support for the null hypothesis in the preregistered confirmatory analysis (BF01 = 1.24 for left SPL; BF01 = 1.51 for left mPFC), and both p-values were non-significant (p = .102 and p = .129). The authors explicitly stated 'All p-values indicate failed replications' and concluded overall that they 'were unable to successfully replicate any of these 17 correlations.' While exploratory analyses with informative priors found anecdotal evidence favoring the proponent's hypothesis (BF0r = 0.73 and 0.67), these were secondary to the preregistered confirmatory tests, which consistently favored the null. Classified as failure based on the authors' own framing and the consistent direction of both confirmatory and frequentist results.",high,144,,,,,,,36,,,,,,,8,no
10.1016/j.cortex.2017.03.007,https://doi.org/10.1016/j.cortex.2017.03.007,,,,,,,,True,,"Westlye, L.; Grydeland, H.; Walhovd, K.; Fjell, A.",Associations between regional cortical thickness and attentional networks as measured by the attention network test,Cerebral Cortex,21,2,345-356,2011,"Individual differences in aspects of attention (executive control and alerting) as measured by the Attention Network Test are negatively correlated with cortical thickness in multiple brain regions including anterior cingulate cortex, superior temporal gyrus, middle temporal gyrus, and superior parietal lobe",failure,direct,neuroscience,cognitive neuroscience,"All 4 hypothesized effects showed support for the null hypothesis (BF01 ranging from 1.60 to 8.58), and all p-values indicated failed replications. The authors explicitly stated 'all p-values indicate failed replications' for this study.",high,132,,,,,,,35,,,,,,,8,no
10.1016/j.cortex.2022.11.011,https://doi.org/10.1016/j.cortex.2022.11.011,,,,,,,,True,https://doi.org/10.1016/j.brs.2012.05.013,"Ahn, H.M.; Kim, S.E.; Kim, S.H.",The effects of high-frequency rTMS over the left dorsolateral prefrontal cortex on reward responsiveness,Brain Stimulation,6,3,310-314,2013,Excitatory high-frequency rTMS applied to the left dorsolateral prefrontal cortex increases reward responsiveness as measured by response bias on the probabilistic learning task,failure,close extension,neuroscience,cognitive neuroscience,"The authors conclude they 'failed to replicate Ahn et al., (2013) and Duprat et al., (2016)'s key findings that active stimulation would positively modulate reward responsiveness.' For Ahn et al.'s primary interaction (Stimulation × Block), the Bayes Factor was .243 providing evidence towards the null, and the primary 1df test yielded BF = .696 with the mean difference in the opposite direction to that predicted.",high,18,,,,,,,30,-0.247,d,,0.186,=,two-sided,8,no
10.1016/j.cortex.2022.11.011,https://doi.org/10.1016/j.cortex.2022.11.011,,,,,,,,True,https://doi.org/10.3389/fnhum.2016.00294,"Duprat, R.; De Raedt, R.; Wu, G.; Baeken, C.",Intermittent theta burst stimulation increases reward responsiveness in individuals with higher hedonic capacity,Frontiers in Human Neuroscience,10,,,2016,"Intermittent theta burst stimulation (iTBS) increases reward responsiveness on the probabilistic learning task, particularly in individuals with higher trait hedonic capacity (as measured by the consummatory subscale of the TEPS questionnaire)",failure,close,neuroscience,cognitive neuroscience,"The authors found 'strong evidence towards the null (BF = .178) for Duprat et al., (2016)'s main significant interaction (Time × Stimulation × Block with the added covariate of consummatory pleasure)' and their frequentist ANCOVA likewise showed no significant main effects or interactions.",high,21,,,,,,,30,,,,,,,8,no
10.1016/j.dcn.2022.101120,https://doi.org/10.1016/j.dcn.2022.101120,,,,,,,,True,https://doi.org/10.1017/S0954579419000580,"Thijssen, S.; Collins, P.; Luciana, M.",Pubertal development mediates the association between family environment and brain structure and function in childhood,Development and Psychopathology,32,2,687-702,2020,"Stressful family environment is associated with weaker amygdala-cingulo-opercular network resting-state functional connectivity, mediated through accelerated pubertal development",success,direct,neuroscience,cognitive neuroscience,"The authors explicitly conclude that 'the current paper replicates the findings of a mediating role for pubertal stage in the association between a child's family environment and amygdala-mPFC function.' In Study 1, significant total, direct, and indirect effects of family environment on left amygdala-CON functional connectivity were found (β = 0.101, p < 0.001; indirect β = 0.012, p = 0.028), replicating the original mediation finding. Longitudinal analyses in Study 2 confirmed the resting-state indirect effects.",high,,,,,,,,3892,0.012,beta,,0.028,=,two-sided,8,no
10.1016/j.dcn.2022.101120,https://doi.org/10.1016/j.dcn.2022.101120,,,,,,,,True,https://doi.org/10.1017/S0954579419000580,"Thijssen, S.; Collins, P.; Luciana, M.",Pubertal development mediates the association between family environment and brain structure and function in childhood,Development and Psychopathology,32,2,687-702,2020,"Stressful family environment is associated with structural changes in the amygdala-mPFC circuit (ACC cortical thickness, ACC fractional anisotropy, ACC surface area, amygdala volume) mediated through accelerated pubertal development",failure,direct,neuroscience,cognitive neuroscience,"The authors explicitly conclude that the paper 'replicates the findings of a mediating role for pubertal stage in the association between a child's family environment and amygdala-mPFC function, but not structure.' The indirect effect for ACC FA could not be replicated (indirect β ≈ 0.000, p = .998), the ACC cortical surface area indirect effect was not replicated, and the ACC cortical thickness indirect effect did not survive multiple testing correction, while amygdala volume showed null results consistent with the original.",high,,,,,,,,3360,,,,,,,8,no
10.1016/j.dib.2020.106044,https://doi.org/10.1016/j.dib.2020.106044,,,,,,,,True,10.1037/0096-3445.135.3.348,"McAuley, J.; Jones, M.; Holub, S.; Johnston, H.; Miller, N.",The time of our lives: life span development of timing and event tracking,J. Exp. Psychol. Gen.,135,,348-367,2006,"Individuals have a characteristic Spontaneous Motor Tempo (SMT) that corresponds to their Preferred Perceptual Tempo (PPT), such that spontaneous motor rhythms and perceptual rhythmic preferences are correlated within individuals (the Preferred Period Hypothesis)",failure,close,neuroscience,behavioral neuroscience,"The paper's title is literally 'Testing the stability of Default motor and auditory-perceptual rhythms - A replication failure dataset.' The authors explicitly state the data 'fail to show any correlation between motor and perceptual preferences' (r = 0.18, p > 0.4; robust: r = 0.27, p = 0.26). Fig. 3 confirms neither regression yielded significant results. The paper closely followed previous experimental protocols (SMT tapping, PPT rating, synchronization-continuation) but corrected a methodological concern by not tailoring PPT stimuli around each individual's SMT. The DOI in references.json for ref [4] was incorrect; corrected to 10.1037/0096-3445.135.3.348 from the PDF's reference list.",high,,,,,,,,20,0.18,r,,0.4,>,,8,no
10.1016/j.dib.2021.107595,https://doi.org/10.1016/j.dib.2021.107595,,,,,,,,True,https://doi.org/10.1016/J.APPET.2021.105654,"Pohlmann, Attila",The taste of compassion: influencing meat attitudes with interhuman and interspecies moral appeals,Appetite,,,105654,2021,Men with high trait compassion are significantly more likely to choose meat jerky over vegetarian jerky when their masculinity is threatened (gender identity threat moderates the compassion-meat choice relationship for men),inconclusive,close extension,psychology,consumer psychology/marketing,"The full sample replication (N=1,240) yielded a non-significant three-way interaction (B=-.14, 95% CI -.79 to .52), but when the sample was age-matched to the original study (18-28 years, N=261), the effect was significant and in the expected direction (B=1.29, one-tailed 95% CI .01 to 2.57). The authors declare 'the replication attempt can be deemed successful' by pre-registered criteria, but success required constraining to a subsample using a one-tailed test.",high,209,,,,,,,1240,,,,,,,8,no
10.1016/j.dib.2023.109079,https://doi.org/10.1016/j.dib.2023.109079,,,,,,,,True,https://doi.org/10.1007/978-3-540-32827-8_22,"Eberl, M.",An application of PLS in multi-group analysis: the need for differentiated corporate-level marketing in the mobile communications industry,"Handbook of Partial Least Squares: Concepts, Methods and Applications",,,487-514,2010,"Corporate reputation's two dimensions (competence and likeability), driven by four antecedent constructs (quality, performance, CSR, attractiveness), positively influence customer satisfaction and loyalty",success,conceptual,business & management,management,"The authors explicitly describe the study as 'a conceptual replication of a seminal model of corporate reputation.' The main structural model effects are largely confirmed, with R² values that 'compare well with prior applications of this model,' and most path relationships are statistically significant, though two paths (ATTR to LIKE; PERF to LIKE) were not significant.",high,,,,,,,,308,,,,,,,8,no
10.1016/j.drugalcdep.2016.10.040,https://doi.org/10.1016/j.drugalcdep.2016.10.040,,,,,,,,False,,,,,,,,,,,,,,,,,,,,,,,,,,,,,,,
10.1016/j.ebiom.2018.03.029,https://doi.org/10.1016/j.ebiom.2018.03.029,,,,,,,,False,,,,,,,,,,,,,,,,,,,,,,,,,,,,,,,
10.1016/j.heliyon.2019.e02434,https://doi.org/10.1016/j.heliyon.2019.e02434,,,,,,,,True,,"Winter, D.; Hinderks, A.; Schrepp, M.; Thomaschewski, J.","User experience framework that combines aspects, dimensions, and measurement methods",Mensch und Computer 2017 - Usability Professionals,4,,1-25,2017,"The importance of UX aspects (such as efficiency, beauty, novelty, and trust) varies systematically across different software product categories for German students",inconclusive,close extension,psychology,human factors and ergonomics,"The replication found both similarities and differences with the German original: significant differences in importance ratings for many product categories (especially hedonic UX aspects rated higher by Indonesians), but overall rankings were highly similar between samples. The Discussion concludes that 'the impact of cultural differences seems to be rather small compared to interindividual differences' but does not claim full success, noting mixed patterns across product categories.",high,58,,,,,,,114,,,,,,,8,no
10.1016/j.heliyon.2020.e03472,https://doi.org/10.1016/j.heliyon.2020.e03472,,,,,,,,False,,,,,,,,,,,,,,,,,,,,,,,,,,,,,,,
10.1016/j.heliyon.2023.e22064,https://doi.org/10.1016/j.heliyon.2023.e22064,,,,,,,,True,,"Durst, S.; Hinteregger, C.; Zieba, M.",The linkage between knowledge risk management and organizational performance,Journal of Business Research,105,,1-10,2019,"Knowledge risk management (KRM) positively impacts softer organizational performance measures (innovativeness, responsiveness, agility, success, and sustainability) in private and public organizations",inconclusive,close extension,business & management,management,"The paper explicitly replicates Durst et al. (2019) using a different population (Italian cooperative banks). Results are mixed: KRM's effects on agility and success replicated robustly, innovativeness and sustainability showed weaker partial effects, and responsiveness showed an opposite pattern (non-significant in the original but significant in the replication). The authors state 'partial support was found for the relationship between KRM and innovativeness and sustainability' while confirming the broad direction of the original finding.",high,179,,,,,,,103,,,,,,,8,no
10.1016/j.hrthm.2009.11.032,https://doi.org/10.1016/j.hrthm.2009.11.032,,,,,,,,False,,,,,,,,,,,,,,,,,,,,,,,,,,,,,,,
10.1016/j.ihj.2018.07.006,https://doi.org/10.1016/j.ihj.2018.07.006,,,,,,,,False,,,,,,,,,,,,,,,,,,,,,,,,,,,,,,,
10.1016/j.ijchp.2023.100411,https://doi.org/10.1016/j.ijchp.2023.100411,,,,,,,,False,,,,,,,,,,,,,,,,,,,,,,,,,,,,,,,
10.1016/j.ijmedinf.2021.104531,https://doi.org/10.1016/j.ijmedinf.2021.104531,,,,,,,,True,,"Yang, C.; Sy, C.; Huang, Y.; Shie, S.; Shu, J.; Hsieh, P.",Risk factors of treatment failure and 30-day mortality in patients with bacteremia due to MRSA with reduced vancomycin susceptibility,Scientific Reports,8,1,1-7,2018,"A multivariable model using Pitt bacteremia score, daptomycin regimen, age, and other clinical features predicts 30-day mortality in patients with MRSA bacteremia with reduced vancomycin susceptibility",inconclusive,close extension,medical fields,pharmacology and toxicology,"The authors tested Yang et al.'s prediction model in a US academic health system (vs. the original Taiwan setting) and found that the model performed only slightly better than chance (AUC=65.8% on the full sample; AUC=51.2%, p=0.474 on the matched population). However, they noted that 'the adjusted odds ratio estimates for the majority of variables remained consistent with the original study', leading them to conclude 'moderate discriminatory ability' — a genuinely mixed result driven by substantial population heterogeneity and small outcome event sizes.",high,147,,,,,,,140,,,,,,,8,no
10.1016/j.ijrobp.2015.10.062,https://doi.org/10.1016/j.ijrobp.2015.10.062,,,,,,,,True,,"Cotton, R.; Li, D.; Scherer, S.",Single nucleotide polymorphism in RECQL and survival in resectable pancreatic adenocarcinoma,HPB,11,,435-444,2009,The RECQ1 A159C variant genotype (C minor allele) is associated with significantly decreased overall survival in resectable pancreatic cancer patients treated with preoperative chemoradiation,success,close extension,medical fields,pharmacology and toxicology,The authors explicitly state: 'In the present study the same association was observed in patients with resected pancreatic cancer who received postsurgical 5-FU-based chemoradiation preceded and followed by 5-FU or GEM. The consistent findings from all these studies provide strong evidence supporting the hypothesis that the RECQ1 A159C genotype plays an important role in pancreatic tumor progression and/or response to clinical therapy.' The replication confirmed the association in a different patient population (postoperative rather than preoperative chemoradiation).,high,,,,,,,,154,,,,0.022,=,,8,no
10.1016/j.isci.2023.106247,https://doi.org/10.1016/j.isci.2023.106247,,,,,,,,False,,,,,,,,,,,,,,,,,,,,,,,,,,,,,,,
10.1016/j.jacc.2010.06.022,https://doi.org/10.1016/j.jacc.2010.06.022,,,,,,,,True,,"Bare, L.; Morrison, A.; Rowland, C.",Five common gene variants identify elevated genetic risk for coronary heart disease,Genet Med,9,,682-689,2007,"Carriers of the KIF6 Trp719Arg (719Arg) allele have a modest but significant increased risk of coronary artery disease (ARIC study, log additive HR 1.11)",failure,close extension,medical fields,cardiovascular medicine,"The meta-analysis of 19 case-control studies found no association between the KIF6 719Arg allele and CAD risk (log additive OR 0.98, 95% CI 0.95–1.02). The authors conclude: 'we were unable to confirm an increased risk of CAD in carriers of the KIF6 719Arg allele compared with non-carriers in a very large number of European subjects.'",high,,1.11,OR,"[1.02, 1.21]",0.02,=,,,0.98,OR,"[0.95, 1.02]",,,,8,no
10.1016/j.jacc.2010.06.022,https://doi.org/10.1016/j.jacc.2010.06.022,,,,,,,,True,,"Iakoubova, O.; Tong, C.; Rowland, C.",Association of the Trp719Arg polymorphism in kinesin-like protein 6 with myocardial infarction and coronary heart disease in 2 prospective trials: the CARE and WOSCOPS trials,J Am Coll Cardiol,51,,435-443,2008,Carriers of the KIF6 Trp719Arg (719Arg) allele have a significantly increased risk of coronary artery disease in the placebo arms of the WOSCOPS (OR 1.55) and CARE (HR 1.50) trials,failure,close extension,medical fields,cardiovascular medicine,"The large-scale meta-analysis found no evidence of the KIF6 719Arg–CAD association (log additive OR 0.98, 95% CI 0.95–1.02). The authors explicitly state they were unable to confirm the increased CAD risk among 719Arg carriers reported in the original CARE/WOSCOPS analysis.",high,,1.55,OR,"[1.14, 2.09]",0.005,=,,,0.98,OR,"[0.95, 1.02]",,,,8,no
10.1016/j.jacc.2010.06.022,https://doi.org/10.1016/j.jacc.2010.06.022,,,,,,,,True,,"Shiffman, D.; Chasman, D.; Zee, R.",A kinesin family member 6 variant is associated with coronary heart disease in the Women's Health Study,J Am Coll Cardiol,51,,444-448,2008,"Carriers of the KIF6 Trp719Arg (719Arg) allele have a significantly increased risk of coronary heart disease in women (dominant HR 1.24, Women's Health Study)",failure,close extension,medical fields,cardiovascular medicine,"The meta-analysis of 19 case-control studies found no meaningful elevation in CAD risk among 719Arg carriers (log additive OR 0.98, 95% CI 0.95–1.02), failing to confirm the association originally reported in the Women's Health Study.",high,,1.24,OR,"[1.04, 1.46]",0.01,=,,,0.98,OR,"[0.95, 1.02]",,,,8,no
10.1016/j.jacc.2010.06.022,https://doi.org/10.1016/j.jacc.2010.06.022,,,,,,,,True,,"Shiffman, D.; Meara, O.; Bare, E.; L.",Association of gene variants with incident myocardial infarction in the Cardiovascular Health Study,Arterioscler Thromb Vasc Biol,28,,173-179,2008,"Carriers of the KIF6 Trp719Arg (719Arg) allele have a significantly increased risk of incident myocardial infarction (dominant HR 1.29, Cardiovascular Health Study)",failure,close extension,medical fields,cardiovascular medicine,"The large-scale meta-analysis across 19 case-control studies found no association between the KIF6 719Arg allele and CAD (log additive OR 0.98, 95% CI 0.95–1.02), failing to replicate the original Cardiovascular Health Study finding.",high,,1.29,OR,"[1.1, 1.52]",0.005,=,,,0.98,OR,"[0.95, 1.02]",,,,8,no
10.1016/j.jaci.2012.07.054,https://doi.org/10.1016/j.jaci.2012.07.054,,,,,,,,False,,,,,,,,,,,,,,,,,,,,,,,,,,,,,,,
10.1016/j.jad.2021.03.030,https://doi.org/10.1016/j.jad.2021.03.030,,,,,,,,True,,"Uchida, M.; Fitzgerald, M.; Woodworth, H.",Subsyndromal manifestations of depression in children predict the development of major depression,Journal of Pediatrics,201,,252-258,2018,"Subsyndromal scores on the Child Behavior Checklist Anxiety/Depression scale in childhood, combined with familial risk for depression (parental MDD), predict the subsequent development of Major Depressive Disorder in youth with ADHD",success,close extension,medical fields,psychiatry,"The authors explicitly state in the Discussion: 'this study replicated results from our previous study in totally different longitudinal sample.' The replication found the same pattern — children with both familial risk and subsyndromal CBCL-Anx/Dep scores were at significantly greater risk for MDD (HR=6.18, 95% CI: 1.58–24.22, p<0.05), consistent with the original study's findings. The replication used the same CBCL-Anx/Dep paradigm and threshold but in a different population (children of parents with depression/panic disorder rather than children with ADHD).",high,,,,,,,,164,,,,0.05,<,two-sided,8,no
10.1016/j.jalz.2011.05.2412,https://doi.org/10.1016/j.jalz.2011.05.2412,,,,,,,,True,,"Lambert, J.; Heath, S.; Even, G.; Campion, D.; Sleegers, K.; Hiltunen, M.",Genome-wide association study identifies variants at CLU and CR1 associated with Alzheimer's disease,Nature Genetics,41,,1094-1099,2009,CR1 gene polymorphism rs3818361 increases the risk of late-onset Alzheimer's disease,inconclusive,close extension,medical fields,pharmacology and toxicology,"The authors explicitly describe this as 'an independent replication study' in a new Spanish cohort. They found a trend toward association (OR = 1.114, P = .16) in the same direction as the original but not statistically significant, and characterize this as a possible 'winner's curse' — suggesting the effect may be real but smaller than originally estimated, rather than absent.",high,,,OR,,,,,2470,1.114,OR,"[0.958, 1.296]",0.16,=,,8,no
10.1016/j.jbi.2019.103119,https://doi.org/10.1016/j.jbi.2019.103119,,,,,,,,False,,,,,,,,,,,,,,,,,,,,,,,,,,,,,,,
10.1016/j.jbi.2024.104595,https://doi.org/10.1016/j.jbi.2024.104595,,,,,,,,False,,,,,,,,,,,,,,,,,,,,,,,,,,,,,,,
10.1016/j.jbo.2019.100270,https://doi.org/10.1016/j.jbo.2019.100270,,,,,,,,True,,Koster R; Panagiotou O; Wheeler W,Genome-wide association study identifies the GLDC/IL33 locus associated with survival of osteosarcoma patients,Int. J. Cancer,142,,1594-1601,2018,"The SNP rs55933544 in the GLDC/IL33 locus is associated with overall survival in osteosarcoma patients, with genotype TT indicating worse survival",success,close extension,medical fields,pharmacology and toxicology,"The authors explicitly state: 'the association of GLDC/IL33 locus with the survival outcome of OS patients was successfully replicated in our cohorts.' Genotype TT of rs55933544 was significantly associated with death (p < 0.001) in the replication cohort, consistent with Koster et al.",high,,,,,5e-08,<,,216,,,,0.001,<,,8,no
10.1016/j.jbo.2019.100270,https://doi.org/10.1016/j.jbo.2019.100270,,,,,,,,True,,Koster R; Panagiotou O; Wheeler W,Genome-wide association study identifies the GLDC/IL33 locus associated with survival of osteosarcoma patients,Int. J. Cancer,142,,1594-1601,2018,The SNP rs74438701 in the GLDC/IL33 locus is associated with overall survival in osteosarcoma patients,failure,close extension,medical fields,pharmacology and toxicology,The authors explicitly state: 'we failed to replicate the association of rs74438701 with the prognosis of OS.' No significant association between rs74438701 and 5-year survival was found in the replication cohort.,high,,,,,5e-08,<,,216,,,,,,,8,no
10.1016/j.jns.2015.06.056,https://doi.org/10.1016/j.jns.2015.06.056,,,,,,,,True,https://doi.org/10.1002/ana.24265,"Beutler, A.; Kulkarni, A.; Kanwar, R.",Sequencing of Charcot-Marie-Tooth disease genes in a toxic polyneuropathy,Annals of Neurology,76,,727-737,2014,Variants in the CMT gene ARHGEF10 (particularly rs9657362) are associated with susceptibility to paclitaxel chemotherapy-induced peripheral neuropathy,success,close,medical fields,pharmacology and toxicology,"The authors explicitly state: 'The present study successfully replicated this observation in an independent cohort, Alliance N08CA.' Gene-level testing with C-alpha found a significant association (p=0.024) in the same direction as the original, with rs9657362 OR=3.56 (original OR=4.8).",high,119,4.8,OR,,0.0004,=,,75,3.56,OR,,0.024,=,,8,no
10.1016/j.jpeds.2018.07.100,https://doi.org/10.1016/j.jpeds.2018.07.100,,,,,,,,True,,"Brownell, E.; Hagadorn, J.; Lussier, M.; Goh, G.; Thevenet-Morrison, K.; Lerer, T.",Optimal periods of exclusive breastfeeding associated with any breastfeeding duration through one year,J Pediatr,3,3,566-570,2015,"Duration of exclusive breastfeeding can be used to predict duration of any breastfeeding using ROC curve analysis, with optimal exclusivity thresholds (e.g., 8.7 weeks predicting 12-week maintenance, 12.1 weeks predicting 20-week maintenance) identified in a predominantly white, educated, partnered and multiparous sample",success,close extension,medical fields,nursing,"The authors explicitly describe this as 'a modified replication of our previous study' and conclude: 'Our results are consistent with our prior report,' finding similar ROC threshold estimates despite testing on a more socioeconomically and racially diverse sample in upstate New York, demonstrating the generalizability of the original methodology.",high,,,,,,,,797,,,,,,,8,no
10.1016/j.jpsychires.2009.11.012,https://doi.org/10.1016/j.jpsychires.2009.11.012,,,,,,,,False,,,,,,,,,,,,,,,,,,,,,,,,,,,,,,,
10.1016/j.lungcan.2006.10.023,https://doi.org/10.1016/j.lungcan.2006.10.023,,,,,,,,False,,,,,,,,,,,,,,,,,,,,,,,,,,,,,,,
10.1016/j.mgene.2016.03.007,https://doi.org/10.1016/j.mgene.2016.03.007,,,,,,,,True,,"Raleigh, S.; Van Der Merwe, L.; Ribbans, W.; Smith, R.; Schwellnus, M.; Collins, M.",Variants within the MMP3 gene are associated with Achilles tendinopathy: possible interaction with the COL5A1 gene,British Journal of Sports Medicine,43,7,514-520,2009,The MMP3 rs679620 GG genotype is associated with increased risk of Achilles tendinopathy in South African Caucasians,failure,close extension,biology,genetics,The current study found no significant association between MMP3 rs679620 genotype and Achilles tendinopathy in British Caucasians (p = 0.564 for TEN group vs controls). The authors explicitly concluded: 'this study did not directly replicate the direction of associations we found in earlier work.',high,,,,,,,,249,,,,0.564,=,,8,no
10.1016/j.mgene.2016.03.007,https://doi.org/10.1016/j.mgene.2016.03.007,,,,,,,,True,,"El Khoury, L.; Posthumus, M.; Collins, M.; Handley, C.; Cook, J.; Raleigh, S.","Polymorphic variation within the ADAMTS2, ADAMTS14, ADAMTS5, ADAM12 and TIMP2 genes and the risk of Achilles tendon pathology: a genetic association study",Journal of Science and Medicine in Sport,16,6,493-498,2013,The TIMP2 rs4789932 CT genotype is associated with increased risk of Achilles tendon pathology in a combined South African and Australian Caucasian population,reversal,close extension,biology,genetics,"The original study found the CT genotype as the risk genotype (CC genotype protective), but the replication in British Caucasian males found the opposite: CC genotype was significantly over-represented in ATP cases (p = 0.012; OR = 2.49) and the CT genotype was protective (p = 0.004; OR = 2.75 for controls). The authors explicitly noted this reversal in direction of association.",high,,,,,,,,249,,,,0.038,=,,8,no
10.1016/j.neurobiolaging.2012.12.018,https://doi.org/10.1016/j.neurobiolaging.2012.12.018,,,,,,,,True,https://doi.org/10.1056/NEJMoa1211851,"Guerreiro, R.; Wojtas, A.; Bras, J.; Carrasquillo, M.; Rogaeva, E.; Majounie, E.; Cruchaga, C.; Sassi, C.; Kauwe, J.; Younkin, S.; Hazrati, L.; Collinge, J.; Pocock, J.; Lashley, T.; Williams, J.; Lambert, J.; Amouyel, P.; Goate, A.; Rademakers, R.; Morgan, K.; Powell, J.; George-Hyslop, S.; Singleton, A.; Hardy, J.",TREM2 variants in Alzheimer's disease,New England Journal of Medicine,,,,2012,The rare non-synonymous TREM2 variant rs75932628-T (p.R47H) is associated with significantly increased risk for Alzheimer's disease with an effect size similar to that of the APOE ε4 allele,success,close extension,neuroscience,behavioral neuroscience,"The authors explicitly state: 'Our replication study confirmed the association of rs75932628-T with AD in a group of Spanish AD patients.' The variant was found in 1.4% of AD cases and 0% of controls (p=0.009), successfully replicating the original association in a Spanish population.",high,,,,,,,,1054,,,,0.009,=,two-sided,8,no
10.1016/j.neurobiolaging.2012.12.018,https://doi.org/10.1016/j.neurobiolaging.2012.12.018,,,,,,,,True,https://doi.org/10.1056/NEJMoa1211103,"Jonsson, T.; Stefansson, H.; Jonsdottir, I.; Jonsson, P.; Snaedal, J.; Bjornsson, S.; Huttenlocher, J.; Levey, A.; Lah, J.; Rujescu, D.; Hampel, H.; Giegling, I.; Andreassen, O.; Engedal, K.; Ulstein, I.; Djurovic, S.; Verbaas, I.; Hofman, C.; Ikram, A.; Van Duijn, M.; Thorsteinsdottir, C.; Kong, U.; Stefansson, A.",Variant of TREM2 associated with the risk of Alzheimer's disease,New England Journal of Medicine,,,,2012,The rare non-synonymous TREM2 variant rs75932628-T (p.R47H) is associated with significantly increased risk for Alzheimer's disease with an effect size similar to that of the APOE ε4 allele,success,close extension,neuroscience,behavioral neuroscience,"The authors explicitly state: 'Our replication study confirmed the association of rs75932628-T with AD in a group of Spanish AD patients, validating recent reports from independent cohort studies.' Rs75932628-T was found in 1.4% of AD cases and 0% of controls (p=0.009) in the Spanish cohort.",high,,,,,,,,1054,,,,0.009,=,two-sided,8,no
10.1016/j.neurobiolaging.2018.09.012,https://doi.org/10.1016/j.neurobiolaging.2018.09.012,,,,,,,,True,,"Blauw, H.; Van Rheenen, W.; Koppers, M.; Van Damme, P.; Waibel, S.; Lemmens, R.; Van Vught, P.; Meyer, T.; Schulte, C.; Gasser, T.; Cuppen, E.; Pasterkamp, R.; Robberecht, W.; Ludolph, A.; Veldink, J.; Van Den Berg, P.",NIPA1 polyalanine repeat expansions are associated with amyotrophic lateral sclerosis,Human Molecular Genetics,21,,2497-2502,2012,"Long (>8) NIPA1 polyalanine GCG repeat expansions are enriched in ALS patients compared to controls, conferring increased disease susceptibility (OR = 1.71)",success,direct,neuroscience,behavioral neuroscience,"The authors explicitly state in the Discussion: 'we were able to replicate our previous results in an independent cohort.' The Dutch replication cohort (1517 ALS cases, 1370 controls) showed OR = 1.54 (p = 0.018) in the same direction as the original, and the overall meta-analysis across all cohorts reached p = 3.8×10⁻⁵ (OR = 1.50), exceeding pre-specified significance thresholds.",high,5069,1.71,OR,,0.00016,=,,6231,1.54,OR,,0.018,=,,8,no
10.1016/j.neuroimage.2019.116370,https://doi.org/10.1016/j.neuroimage.2019.116370,,,,,,,,True,,"Greene, A.; Gao, S.; Scheinost, D.; Constable, R.",Task-induced brain state manipulation improves prediction of individual traits,Nature Communications,9,,2807,2018,"Task-based functional connectivity models outperform resting-state models in predicting individual cognitive traits, and connectome-based predictive models can generalize across different fMRI conditions",success,conceptual,neuroscience,cognitive neuroscience,"The authors explicitly state: 'we successfully replicated the findings of Greene et al. by demonstrating that task-based models generally outperformed rest-based models in cognition prediction.' They used a different prediction method (PLS regression instead of CPM) and different primary cognitive measures (reading comprehension rather than fluid intelligence), constituting a conceptual replication.",high,,,,,,,,463,,,,,,,8,no
10.1016/j.neuroimage.2019.116370,https://doi.org/10.1016/j.neuroimage.2019.116370,,,,,,,,True,,"Gao, S.; Greene, A.; Constable, R.; Scheinost, D.",Combining multiple connectomes improves predictive modeling of phenotypic measures,NeuroImage,201,,116038,2019,Combining functional connectivity features from multiple task conditions improves prediction of individual cognitive traits compared to any single condition alone,success,conceptual,neuroscience,cognitive neuroscience,"The authors explicitly state: 'The finding that combining multiple connectomes from different cognitive states improved prediction performance was replicated by our results.' They used a different prediction method (PLS regression) and different cognitive measures (reading comprehension), while confirming the core finding that multi-task FC integration outperforms any single condition.",high,,,,,,,,463,,,,,,,8,no
10.1016/j.neuroimage.2023.120029,https://doi.org/10.1016/j.neuroimage.2023.120029,,,,,,,,False,,,,,,,,,,,,,,,,,,,,,,,,,,,,,,,
10.1016/j.neuropsychologia.2017.06.022,https://doi.org/10.1016/j.neuropsychologia.2017.06.022,,,,,,,,True,https://doi.org/10.1093/scan/nsv154,"Achterberg, M.; Van Duijvenvoorde, A.; Bakermans-Kranenburg, M.; Crone, E.",Control your anger! The neural basis of aggression regulation in response to negative social feedback,Social Cognitive and Affective Neuroscience,,,154,2016,"Negative social judgments (compared to positive judgments) lead to more aggressive behavior in adults using the Social Network Aggression Task (SNAT), where participants can blast loud noises at judging peers",success,close extension,neuroscience,behavioral neuroscience,"The paper has 'replication study' in its title and the Discussion explicitly states: 'By replicating these behavioral results in young children, we have shown that the SNAT-EC is an age appropriate task to examine the behavioral response to social judgments in early childhood.' The SNAT-EC is an adapted version of the SNAT from Achterberg et al. (2016), modified for 4-6 year olds (cuddly animal rejection instead of personal rejection, button press destroying balloons instead of noise blast). The behavioral effect was significant in all three independent samples (pilot: b=794.02, p<.01; test 1: b=802.28, p<.01; test 2: b=828.78, p<.01) with a large meta-analytic combined effect size (r=.42, 95% CI: .29-.54, p<.01). The Discussion notes smaller effect sizes in early childhood (omega-squared 0.12-0.15) vs adults (omega-squared=0.41; Achterberg et al. 2016), but the effect clearly replicates. PDF reviewed for Discussion, Results, and meta-analysis table.",high,,0.41,omega-squared,,,,,78,0.42,r,"[0.29, 0.54]",0.01,<,,8,no
10.1016/j.neuropsychologia.2017.06.022,https://doi.org/10.1016/j.neuropsychologia.2017.06.022,,,,,,,,True,https://doi.org/10.1016/j.dcn.2017.02.007,"Achterberg, M.; Van Duijvenvoorde, A.; Van Der Meulen, M.; Euser, S.; Bakermans-Kranenburg, M.; Crone, E.",The neural and behavioral correlates of social evaluation in childhood,Developmental Cognitive Neuroscience,24,,107-117,2017,"Negative social judgments (compared to positive or neutral judgments) lead to more aggressive behavior in 7-10 year old children using the Social Network Aggression Task (SNAT), where children can blast loud noises at judging peers",success,close extension,neuroscience,behavioral neuroscience,"The paper has 'replication study' in its title and explicitly names Achterberg et al. (2017) as one of the studies whose behavioral results are being replicated in younger children (4-6 year olds vs 7-10 year olds). The Discussion states this study found 'a comparable effect of social judgment on aggressive behavior in adults (Achterberg et al., 2016) and older children (Achterberg et al., 2017)' and that it is 'replicating these behavioral results in young children.' The effect was significant in all three samples with a large meta-analytic combined effect size (r=.42, 95% CI: .29-.54, p<.01). The Discussion notes smaller effect sizes in early childhood (omega-squared 0.12-0.15) vs 7-10 year olds (omega-squared 0.30-0.46; Achterberg et al. 2017). PDF reviewed for Discussion, Results, and meta-analysis table.",high,,,,,,,,78,0.42,r,"[0.29, 0.54]",0.01,<,,8,no
10.1016/j.nicl.2012.09.012,https://doi.org/10.1016/j.nicl.2012.09.012,,,,,,,,False,,,,,,,,,,,,,,,,,,,,,,,,,,,,,,,
10.1016/j.nicl.2021.102933,https://doi.org/10.1016/j.nicl.2021.102933,,,,,,,,True,https://doi.org/10.1016/j.nicl.2019.101701,"Perogamvros, L.; Park, H.; Bayer, L.; Perrault, A.; Blanke, O.; Schwartz, S.",Increased heartbeat-evoked potential during REM sleep in nightmare disorder,NeuroImage: Clinical,22,,101701,2019,"Nightmare sufferers show significantly different (larger) heartbeat-evoked potential (HEP) amplitudes during REM sleep compared to healthy controls, and HEP amplitudes correlate negatively with depression scores within the nightmare group",failure,direct,neuroscience,cognitive neuroscience,"The authors explicitly state in the Discussion: 'The present study however, analyzing two separate and relatively larger databases of NMs and CTLs, did not replicate the original findings.' Study 1 (N=39) found no significant HEP differences during REM sleep, and the correlation between HEP and depression scores also failed to replicate.",high,22,1.42,g,"[0.62, 2.22]",0.032,=,two-sided,39,,,,,,,8,no
10.1016/j.nicl.2021.102933,https://doi.org/10.1016/j.nicl.2021.102933,,,,,,,,True,https://doi.org/10.1016/j.nicl.2019.101701,"Perogamvros, L.; Park, H.; Bayer, L.; Perrault, A.; Blanke, O.; Schwartz, S.",Increased heartbeat-evoked potential during REM sleep in nightmare disorder,NeuroImage: Clinical,22,,101701,2019,"Nightmare sufferers show significantly different (larger) heartbeat-evoked potential (HEP) amplitudes during REM sleep compared to healthy controls, and HEP amplitudes correlate negatively with depression scores within the nightmare group",failure,direct,neuroscience,cognitive neuroscience,"Study 2 (N=41) also found no significant HEP differences during REM sleep between nightmare sufferers and controls. As stated: 'The original finding indicating different HEP during REM sleep across NMs and CTLs did not replicate in our databases of Study 1 and Study 2.' The depression-HEP correlation also failed to replicate (Kendall's Tau B = -0.04, p = 0.79).",high,22,1.42,g,"[0.62, 2.22]",0.032,=,two-sided,41,,,,,,,8,no
10.1016/j.nicl.2023.103325,https://doi.org/10.1016/j.nicl.2023.103325,,,,,,,,True,https://doi.org/10.1007/s00415-012-6626-z,"Kirov, Ivan",Diffuse axonal injury in mild traumatic brain injury: a 3D multivoxel proton MR spectroscopy study,J. Neurol,260,,242-252,2013,"Global white matter metabolic abnormalities in mild TBI are diffuse (H1), confined to white matter rather than gray matter (H2), and reflect neuronal injury via lower NAA with normal choline, creatine, and myo-inositol (H3)",inconclusive,conceptual,neuroscience,cognitive neuroscience,"H1 (diffuse distribution) and H2 (WM-localized) were replicated — elevated occipital WM Cho and Cr were found in patients. However, H3 (neuronal etiology: lower NAA, normal Cho/Cr/mI) was not replicated; instead, elevated Cho and Cr (glial markers) were found with no NAA change. The authors' Table 1 explicitly marks H1 and H2 as 'Replicated' and H3 as 'Not Replicated'.",high,,-0.7,d,,,,,47,0.4,d,,0.04,=,two-sided,8,no
10.1016/j.nicl.2023.103325,https://doi.org/10.1016/j.nicl.2023.103325,,,,,,,,True,https://doi.org/10.1089/neu.2012.2696,"Kirov, Ivan",Proton MR spectroscopy correlates diffuse axonal abnormalities with post-concussive symptoms in mild traumatic brain injury,J. Neurotrauma,30,,1200-1204,2013,"Global white matter NAA is reduced in post-concussive symptom (PCS)-positive mTBI patients but not in PCS-negative patients, indicating metabolic abnormalities correlate with clinical outcome (H4)",success,conceptual,neuroscience,cognitive neuroscience,"The replication study found that occipital WM Cho and Cr were significantly elevated only in non-recovered (GOSE ≤ 7) patients vs. controls (MWU: Cho p=0.01, Cr p=0.01), with no significant differences in recovered patients, mirroring the original stratification pattern. The authors state 'this replication study supported H4 with regards to global WM abnormalities correlating with worse outcome.'",high,,-1.6,d,,,,,39,0.9,d,,0.01,=,two-sided,8,no
10.1016/j.nicl.2023.103325,https://doi.org/10.1016/j.nicl.2023.103325,,,,,,,,True,https://doi.org/10.1002/jmri.26718,"Davitz, Matthew",Quantitative multivoxel proton MR spectroscopy for the identification of white matter abnormalities in mild traumatic brain injury: comparison between regional and global analysis,J. Magn. Reson. Imaging,50,,1424-1432,2019,"Regional analysis of six white matter structures (corpus callosum genu/body/splenium, corona radiata, frontal WM, posterior WM) shows no significant metabolic differences between mTBI patients and controls, indicating WM damage is diffuse rather than regionally specific (H5)",success,conceptual,neuroscience,cognitive neuroscience,"The replication study found no statistically significant group differences for any metabolite in any of the six WM ROIs (MWU: p ≥ 0.05), successfully replicating the original null finding. The authors explicitly state 'The current replication study supported H5 (no statistically significant differences for any metabolite in any region).'",high,,,,,,,,47,,,,,,,8,no
10.1016/j.nicl.2023.103325,https://doi.org/10.1016/j.nicl.2023.103325,,,,,,,,True,https://doi.org/10.1212/WNL.0000000000000105,"Kierans, Andrew",Myoinositol and glutamate complex neurometabolite abnormality after mild traumatic brain injury,Neurology,82,,521-528,2014,"Regional deep gray matter analysis shows no metabolic differences in caudate, globus pallidus, and thalamus and for Cho/Cr/Glx/NAA in the putamen (H6), but elevated myo-inositol in the putamen of mTBI patients (H7)",inconclusive,conceptual,neuroscience,cognitive neuroscience,"The negative regional GM findings (H6) were replicated — no significant differences in caudate, globus pallidus, thalamus, or Cho/Cr/Glx/NAA in putamen. However, the positive finding of elevated putaminal myo-inositol (H7) was not replicated (3.5% difference, d=0.2 vs. original 21% difference, d=1.07). Table 1 marks H6 as 'Replicated' and H7 as 'Not Replicated'.",high,,1.07,d,,,,,47,0.2,d,,,,,8,no
10.1016/j.ophtha.2012.07.078,https://doi.org/10.1016/j.ophtha.2012.07.078,,,,,,,,True,,"Wojciechowski, R.; Bailey-Wilson, J.; Stambolian, D.",Association of matrix metalloproteinase gene polymorphisms with refractive error in amish and ashkenazi families,Investigative Ophthalmology & Visual Science,51,,4989-4995,2010,"SNPs in and near MMP gene regions (MMP1, MMP10, MMP2) are associated with quantitative refractive phenotypes (mean spherical equivalent refraction) in Old Order Amish families",inconclusive,close extension,medical fields,pharmacology and toxicology,"The authors explicitly state they conducted a 'replication study' of their prior Amish findings in the AREDS cohort. While rs1939008 reached pointwise significance (P-emp=0.0326), it failed after multiple-testing correction (P-multi=0.4593), and the authors conclude 'definite replication could not be confirmed.' Significant signals appeared only in the lower-education subgroup, making the overall result inconclusive.",high,,,,,0.00016,=,,1913,,,,0.0326,=,,8,no
10.1016/j.prdoa.2021.100117,https://doi.org/10.1016/j.prdoa.2021.100117,,,,,,,,True,,"Rutten, S.; Ghielen, I.; Vriend, C.; Hoogendoorn, A.; Berendse, H.; Leentjens, A.; Van Der Werf, Y.; Smit, J.; Van Den Heuvel, O.",Anxiety in Parkinson's disease: symptom dimensions and overlap with depression and autonomic failure,Parkinsonism & Related Disorders,21,3,189-193,2015,"Principal component analysis of the Beck Anxiety Inventory (BAI) in Parkinson's disease patients reveals one affective and four somatic subscales, with the affective subscale associated with depression but not motor or autonomic symptoms",success,close extension,medical fields,psychiatry,"The authors explicitly state 'we successfully replicated the main findings by [18]' and confirm that 'both studies show a partition of psychological and somatic symptom dimensions, and the highest percentage of the variance was explained by the affective subscale.' The same PCA methodology was applied to a different patient population (neuropsychiatric PD patients vs. general movement disorder outpatient clinic), making this a close extension.",high,,,,,,,,123,,,,,,,8,no
10.1016/j.pscychresns.2018.09.001,https://doi.org/10.1016/j.pscychresns.2018.09.001,,,,,,,,True,,"Cornwell, B.; Salvadore, G.; Furey, M.; Marquardt, C.; Brutsche, N.; Grillon, C.",Synaptic potentiation is critical for rapid antidepressant response to ketamine in treatment-resistant major depression,Biological Psychiatry,72,,555-561,2012,"Ketamine responders show significantly greater increases in stimulus-evoked somatosensory cortical gamma-band responses (cortical excitability) than non-responders, measured 6-7 hours post-infusion, implicating synaptic potentiation in ketamine's antidepressant mechanism",success,close,neuroscience,cognitive neuroscience,"The authors explicitly state in their Discussion: 'we consider this a successful replication of the prior finding that synaptic potentiation is crucial to ketamine's antidepressant effects.' The replication found significant increases in gamma power in ketamine responders vs. non-responders (Day 1: F 1,117 = 7.53, p = 0.007), consistent with the original finding.",high,,,,,,,,56,,,,0.007,=,,8,no
10.1016/j.psychres.2016.12.011,https://doi.org/10.1016/j.psychres.2016.12.011,,,,,,,,True,,"Kishon, R.; Abraham, K.; Alschuler, D.; Keilp, J.; Stewart, J.; Mcgrath, P.; Bruder, G.",Lateralization for speech predicts therapeutic response to cognitive behavioral therapy for depression,Psychiatry Research,228,,606-611,2015,Greater right ear advantage (left hemisphere dominance) for verbal dichotic listening (dichotic fused-words test) predicts positive clinical response to cognitive therapy for depression,success,close extension,medical fields,psychiatry,"The authors explicitly state in the Discussion: 'This study replicates prior findings [8][26] suggesting that greater right ear advantage for verbal dichotic listening is prognostic for clinical response to CT for depression.' The replication found a significant right ear advantage in CT responders compared to non-responders [t(50)=2.42, p=.019, Cohen's d=.67], consistent with the original effect (d=.99).",high,20,0.99,d,,,,,52,0.67,d,,0.019,=,,8,no
10.1016/j.psychres.2018.11.071,https://doi.org/10.1016/j.psychres.2018.11.071,,,,,,,,True,,"Lysaker, P.; Lancaster, R.; Nees, M.; Davis, L.",Patterns of obsessive-compulsive symptoms and social function in schizophrenia,Psychiatry Research,125,2,139-146,2004,"Schizophrenia patients with OCS and high functioning show less severe negative symptoms than all other groups, while patients with OCS and poor functioning show poorer executive functioning compared to other groups, suggesting distinct OCS subgroups in schizophrenia",inconclusive,close extension,medical fields,psychiatry,"The replication 'partly support[ed] Lysaker's findings': the OCSmild/HF group showed less severe negative symptoms than PF groups (replicating the negative symptoms finding), but they 'could not replicate poorer performance of the OCS/PF group compared to the other groups' on executive functioning, and longitudinal follow-up showed differences did not persist at 3 years.",high,66,,,,,,,655,,,,,,,8,no
10.1016/j.tranon.2017.09.008,https://doi.org/10.1016/j.tranon.2017.09.008,,,,,,,,True,,"Maris, J.; Mosse, Y.; Bradfield, J.; Hou, C.; Monni, S.; Scott, R.; Asgharzadeh, S.; Attiyeh, E.; Diskin, S.; Laudenslager, M.",Chromosome 6p22 locus associated with clinically aggressive neuroblastoma,N Engl J Med,358,,2585-2593,2008,"Polymorphisms within the CASC15 gene at the 6p22 chromosomal region (rs6939340, rs4712653, rs9295536) are significantly associated with neuroblastoma susceptibility in European-descent populations",success,close extension,biology,cancer biology,"The authors explicitly confirmed all three CASC15 polymorphisms in their Southern Chinese sample: 'we confirmed that five were associated with neuroblastoma susceptibility: CASC15 gene polymorphisms rs6939340 G>A, rs4712653 C>T, and rs9295536 A>C.' A meta-analysis further confirmed the CASC15 rs6939340 association across populations.",high,3795,,,,,,,787,,,,,,,8,no
10.1016/j.tranon.2017.09.008,https://doi.org/10.1016/j.tranon.2017.09.008,,,,,,,,True,,"Wang, K.; Diskin, S.; Zhang, H.; Attiyeh, E.; Winter, C.; Hou, C.; Schnepp, R.; Diamond, M.; Bosse, K.; Mayes, P.",Integrative genomics identifies LMO1 as a neuroblastoma oncogene,Nature,469,,216-220,2011,Polymorphisms within the LMO1 gene at 11p15.4 (especially rs110419 A>G) are significantly associated with altered susceptibility to neuroblastoma in European-descent populations,success,close extension,biology,cancer biology,"The authors confirmed the LMO1 rs110419 polymorphism in their Southern Chinese sample and conducted a meta-analysis showing it was significantly associated with neuroblastoma susceptibility (A versus G: OR = 1.30, 95% CI = 1.13-1.50, P = 3.15×10⁻⁴). They stated: 'we confirmed...LMO1 gene polymorphism rs110419 A>G were associated with significantly altered neuroblastoma susceptibility.'",high,8348,,,,,,,787,,,,,,,8,no
10.1016/j.tranon.2017.09.008,https://doi.org/10.1016/j.tranon.2017.09.008,,,,,,,,True,,"Diskin, S.; Capasso, M.; Schnepp, R.; Cole, K.; Attiyeh, E.; Hou, C.; Diamond, M.; Carpenter, E.; Winter, C.",Common variation at 6q16 within HACE1 and LIN28B influences susceptibility to neuroblastoma,Nat Genet,44,,1126-1130,2012,Polymorphisms in the LIN28B gene at 6q16 are associated with neuroblastoma susceptibility in European-descent populations,success,close extension,biology,cancer biology,"The authors explicitly confirmed the LIN28B rs221634 polymorphism with a statistically significant result (recessive model: adjusted OR = 1.50, 95% CI = 1.04-2.17, P = .030). The Results section unambiguously lists it among the five confirmed polymorphisms. Although the HACE1 polymorphisms from the same Diskin et al. 2012 paper were not confirmed, this entry focuses specifically on the LIN28B finding, which was clearly replicated.",high,10290,,,,,,,787,,,,,,,8,no
10.1016/j.tranon.2017.09.008,https://doi.org/10.1016/j.tranon.2017.09.008,,,,,,,,True,,"Capasso, M.; Devoto, M.; Hou, C.; Asgharzadeh, S.; Glessner, J.; Attiyeh, E.; Mosse, Y.; Kim, C.; Diskin, S.; Cole, K.",Common variations in BARD1 influence susceptibility to high-risk neuroblastoma,Nat Genet,41,,718-723,2009,Common variations in the BARD1 gene at 2q35 are associated with high-risk neuroblastoma susceptibility in European-descent populations,failure,close extension,biology,cancer biology,"The authors report that 'No significant associations were observed for other polymorphisms' beyond the five confirmed ones, and BARD1 polymorphisms were not among those confirmed. The discussion notes their 'failure to confirm an association with the additional polymorphisms may be due to the weak effect of SNPs, limited sample size, and ethnicity differences.'",high,,,,,,,,787,,,,,,,8,no
10.1016/j.tranon.2017.09.008,https://doi.org/10.1016/j.tranon.2017.09.008,,,,,,,,True,,"Nguyen Le, B.; Diskin, S.; Capasso, M.; Wang, K.; Diamond, M.; Glessner, J.; Kim, C.; Attiyeh, E.; Mosse, Y.",Phenotype restricted genome-wide association study using a gene-centric approach identifies three low-risk neuroblastoma susceptibility loci,PLoS Genet,7,,1002026,2011,"Polymorphisms within DUSP12 at 1q23.3, DDX4 and IL31RA at 5q11.2, and HSD17B12 at 11p11.2 are associated with low-risk neuroblastoma susceptibility in European-descent populations",failure,close extension,biology,cancer biology,"The authors report 'No significant associations were observed for other polymorphisms' beyond the five confirmed ones (CASC15, LIN28B, and LMO1), meaning the DUSP12, DDX4, IL31RA, and HSD17B12 polymorphisms were not replicated. Their discussion attributes this to 'weak effect of SNPs, limited sample size, and ethnicity differences.'",high,,,,,,,,787,,,,,,,8,no
10.1016/j.vaccine.2012.01.038,https://doi.org/10.1016/j.vaccine.2012.01.038,,,,,,,,True,,"Ovsyannikova, Irina G.; Pankratz, V. Shane; Vierkant, Robert A.; Jacobson, Robert M.; Poland, Gregory A.",Human leukocyte antigen haplotypes in the genetic control of immune response to measles-mumps-rubella vaccine,Journal of Infectious Diseases,193,5,655-663,2006,"HLA alleles and haplotypes (including B*3503, DRB1*0701, DQA1*0201, DQB1*0303, DQB1*0602, and the B7 supertype) are associated with measles vaccine-induced humoral immune responses (antibody levels) in schoolchildren",success,close,medical fields,pharmacology and toxicology,"The authors explicitly state in the Limitations/Conclusion section: 'we successfully replicated several associations between HLA alleles and immune responses after two doses of measles vaccine.' Key antibody associations (B*3503, DQA1*0201, DQB1*0303, DQB1*0602, DRB1*0701, and B7 supertype) showed consistent findings across both cohorts, and statistically more associations replicated than expected by chance (p=0.0001).",high,346,,,,,,,388,,,,,,,8,no
10.1016/j.vaccine.2012.01.038,https://doi.org/10.1016/j.vaccine.2012.01.038,,,,,,,,True,,"Ovsyannikova, Irina G.; Jacobson, Robert M.; Ryan, Jill E.; Vierkant, Robert A.; Pankratz, V. Shane; Jacobsen, Steven J.; Poland, Gregory A.",HLA class II alleles and measles virus-specific cytokine immune response following two doses of measles vaccine,Immunogenetics,56,,798-807,2005,"HLA class I and class II alleles (including B*0801, DRB1*0301, C*0802, DPA1*0202, and DRB1*1303) are associated with measles vaccine-induced cellular immune responses (IFN-γ, IL-2, and IL-10 cytokine secretion) in schoolchildren",success,close,medical fields,pharmacology and toxicology,"The PDF confirms consistent directional associations across both cohorts for all key cytokine-HLA allele pairs: B*0801 with lower IFN-γ (cohort 1 p=0.04, cohort 2 p=0.03), DRB1*0301 with lower IFN-γ (p=0.05, p=0.08), C*0802 with higher IL-2 (p=0.06, p=0.06), DPA1*0202 with lower IL-2 (p=0.09, p=0.06), and DRB1*1301 with IL-10 variation (p=0.06, p=0.04). The Discussion states: 'Consistent associations were found between the B*0801 and DRB1*0301 alleles and lower production of a major Th1-like cytokine-IFN-γ.' The Conclusion confirms: 'the association of B*0801, C*0802, DRB1 (*0301, *1303), and DPA1*0202 alleles with MV-specific cytokine levels was found in both cohorts.' Despite different cell culture conditions across cohorts, directional consistency and suggestive/significant p-values support the authors' claim of successful replication.",high,346,,,,,,,388,,,,,,,8,no
10.1016/j.ymgme.2011.05.018,https://doi.org/10.1016/j.ymgme.2011.05.018,,,,,,,,True,,"Aulchenko, Y.; Hoppenbrouwers, I.; Ramagopalan, S.",Genetic variation in the KIF1B locus influences susceptibility to multiple sclerosis,Nature Genetics,40,12,1402-1403,2008,The rs10492972[C] variant of the KIF1B gene increases susceptibility to multiple sclerosis (genome-wide association study finding),failure,close extension,biology,genetics,"The authors explicitly state: 'our study did not show an effect of genotype rs10492972 on MS risk and clinical characteristics of the disease in patients living in western Siberia and the Sakha Republic (Yakutia).' The C allele frequency was identical (0.33) in both MS patients and controls, and no statistically significant differences were found across any inheritance model or MS disease subtype.",high,,1.35,OR,"[1.23, 1.48]",2.5e-09,=,,1522,,,,,,,8,no
10.1016/j.ymgmr.2019.100470,https://doi.org/10.1016/j.ymgmr.2019.100470,,,,,,,,True,,"Veal, C.; Reekie, K.; Lorentzen, J.","A 129-kb deletion on chromosome 12 confers substantial protection against rheumatoid arthritis, implicating the gene SLC2A3",Human Mutation,35,2,248-256,2014,Heterozygous deletion of SLC2A3 (GLUT3 gene) copy number variant confers substantial protection against rheumatoid arthritis (odds ratio ~0.5),failure,direct,medical fields,rheumatology,"The authors explicitly state in the Discussion: 'the protective association with RA (OR~0.5) was not confirmed (combined OR = 0.87[0.67-1.14]).' The paper is subtitled a 'genetic replication study' and used four independent cohorts of RA cases and controls, finding no compelling evidence for either a risk or protective association.",high,,0.5,OR,,,,,,0.87,OR,"[0.67, 1.14]",,,,8,no
10.1016/j.ynirp.2021.100045,https://doi.org/10.1016/j.ynirp.2021.100045,,,,,,,,True,https://doi.org/10.1093/cercor/bhl148,"Fairhall, S.; Ishai, A.",Effective connectivity within the distributed cortical network for face perception,Cerebral Cortex,17,,2400-2406,2007,"The core face perception network (OFA, FFA, STS) is hierarchically organized with predominantly feed-forward connectivity from OFA to FFA and STS, with no backward or lateral connections, and emotional valence and face familiarity enhance connectivity from OFA to FFA",failure,conceptual,neuroscience,cognitive neuroscience,"Using four fMRI datasets and contemporary DCM methods, the authors found a fully interconnected model with significant backward and lateral connections — directly contradicting the original's feed-forward-only model. The Discussion explicitly states: 'While we successfully reproduced some aspects of the original model, the revised model was distinct in terms of some other major aspects,' and the Conclusion describes 'a revised model more complex than the originally proposed model.'",high,,,,,,,,,,,,,,,8,no
10.1016/j.ynirp.2022.100135,https://doi.org/10.1016/j.ynirp.2022.100135,,,,,,,,True,https://doi.org/10.1523/JNEUROSCI.0258-06.2006,"Daselaar, S.; Fleck, M.; Prince, S.; Cabeza, R.",The medial temporal lobe distinguishes old from new independently of consciousness,Journal of Neuroscience,26,21,5835-5839,2006,"The medial temporal lobe shows increased activation for true old stimuli (both hits and misses) compared to new stimuli, regardless of the participant's subjective experience or behavioral response",inconclusive,close,neuroscience,cognitive neuroscience,"The authors replicated a significant main effect of true oldness but found this activation was driven primarily by correct 'old' decisions (hits) rather than all true old stimuli, contradicting the original claim that MTL distinguishes old from new independently of subjective experience. They state: 'in our sample the MTL response depended on both the true oldness of the stimulus and the participants' reported conscious experience and was driven by correct 'old' decisions, i.e., hits.'",high,14,,,,,,,53,0.174,etasq,,0.002,=,,8,no
10.1016/j.ynirp.2022.100135,https://doi.org/10.1016/j.ynirp.2022.100135,,,,,,,,True,https://doi.org/10.1152/jn.01029.2005,"Daselaar, S.; Fleck, M.; Cabeza, R.","Triple dissociation in the medial temporal lobes: recollection, familiarity, and novelty",Journal of Neurophysiology,96,4,1902-1911,2006,"The medial temporal lobe shows a triple dissociation in which posterior hippocampus reflects recollection, posterior parahippocampal cortex reflects familiarity, and anterior hippocampus/rhinal cortex reflects novelty during recognition memory",failure,close,neuroscience,cognitive neuroscience,"The replication found recollection and familiarity signals consistent with the original, but found no novelty signal in any a priori ROI or even at liberal voxel-wise thresholds. The authors explicitly state: 'the present study fails to replicate a triple dissociation in the MTL' and 'we conclusively fail to replicate a triple dissociation in the MTL.'",high,14,,,,,,,53,,,,,,,8,no
10.1016/j.ynirp.2022.100149,https://doi.org/10.1016/j.ynirp.2022.100149,,,,,,,,True,,"Han, L.K.M.; Dinga, R.; Hahn, T.; Ching, C.R.K.; Eyler, L.T.; Aftanas, L.; Aghajani, M.; Aleman, A.; Baune, B.T.; Berger, K.; Brak, I.; Filho, G.B.; Carballedo, A.; Connolly, C.G.; Couvy-Duchesne, B.; Cullen, K.R.; Dannlowski, U.; Davey, C.G.; Dima, D.; Duran, F.L.S.; Enneking, V.; Filimonova, E.; Frenzel, S.; Frodl, T.; Fu, C.H.Y.; Godlewska, B.R.; Gotlib, I.H.; Grabe, H.J.; Groenewold, N.A.; Grotegerd, D.; Gruber, O.; Hall, G.B.; Harrison, B.J.; Hatton, S.N.; Hermesdorf, M.; Hickie, I.B.; Ho, T.C.; Hosten, N.; Jansen, A.; Kähler, C.; Kircher, T.; Klimes-Dougan, B.; Krämer, B.; Krug, A.; Lagopoulos, J.; Leenings, R.; MacMaster, F.P.; MacQueen, G.; McIntosh, A.; McLellan, Q.; McMahon, K.L.; Medland, S.E.; Mueller, B.A.; Mwangi, B.; Osipov, E.; Portella, M.J.; Pozzi, E.; Reneman, L.; Repple, J.; Rosa, P.G.; Sacchet, M.D.; Sämann, P.G.; Schnell, K.; Schrantee, A.; Simulionyte, E.; Soares, J.C.; Sommer, J.; Stein, D.J.; Steinsträter, O.; Strike, L.T.; Thomopoulos, S.I.; van Tol, M.-J.; Veer, I.M.; Vermeiren, R.R.J.M.; Walter, H.; van der Wee, N.J.A.; van der Werff, S.J.A.; Whalley, H.; Winter, N.R.; Wittfeld, K.; Wright, M.J.; Wu, M.-J.; Volzke, H.; Yang, T.T.; Zannias, V.; de Zubicaray, G.I.; Zunta-Soares, G.B.; Abé, C.; Alda, M.; Andreassen, O.A.; Bøen, E.; Bonnin, C.M.; Canales-Rodriguez, E.J.; Cannon, D.; Caseras, X.; Chaim-Avancini, T.M.; Elvsåshagen, T.; Favre, P.; Foley, S.F.; Fullerton, J.M.; Goikolea, J.M.; Haarman, B.C.M.; Hajek, T.; Henry, C.; Houenou, J.; Howells, F.M.; Ingvar, M.; Kuplicki, R.; Lafer, B.; Landen, M.; Machado-Vieira, R.; Malt, U.F.; McDonald, C.; Mitchell, P.B.; Nabulsi, L.; Otaduy, M.C.G.; Overs, B.J.; Polosan, M.; Pomarol-Clotet, E.; Radua, J.; Rive, M.M.; Roberts, G.; Ruhe, H.G.; Salvador, R.; Sarró, S.; Satterthwaite, T.D.; Savitz, J.; Schene, A.H.; Schofield, P.R.; Serpa, M.H.; Sim, K.; Soeiro-de-Souza, M.G.; Sutherland, A.N.; Temmingh, H.S.; Timmons, G.M.; Uhlmann, A.; Vieta, E.; Wolf, D.H.; Zanetti, M.V.; Jahanshad, N.; Thompson, P.M.; Veltman, D.J.; Penninx, B.W.J.H.; Marquand, A.F.; Cole, J.H.; Schmaal, L.",Brain aging in major depressive disorder: results from the ENIGMA major depressive disorder working group,Molecular Psychiatry,26,,5124-5139,2021,"Persons with major depressive disorder show a higher brain-predicted age difference (brain age gap) of approximately +1.08 years compared to controls, as measured using FreeSurfer-derived brain ROI features in an ENIGMA mega-analysis",success,direct,neuroscience,cognitive neuroscience,"The authors explicitly state in the Discussion: 'The current study replicated the finding that persons with depression reliably show older appearing brains, with a similar estimated gap and associated effect size (+1 year, Cohen's d = 0.14) as previously found in our largest mega-analysis of brain age in depression to date (+1.08 years, Cohen's d = 0.14) (Han et al., 2021a).' The replication found +0.99 years brain-PAD with Cohen's d = 0.15 (95% CI: 0.04–0.25, p < 0.01), closely matching the original.",high,4801,0.14,d,"[0.08, 0.2]",,,,1517,0.15,d,"[0.04, 0.25]",0.01,<,two-sided,8,no
10.1016/j.ynirp.2022.100151,https://doi.org/10.1016/j.ynirp.2022.100151,,,,,,,,True,https://doi.org/10.1101/470435,"Kampa, M.; Schick, A.; Yuen, K.; Sebastian, A.; Chmitorz, A.; Saase, V.; Wessa, M.; Tüscher, O.; Kalisch, R.",A combined behavioral and neuroimaging battery to test positive appraisal style theory of resilience in longitudinal studies,Neuroscience,,,,2018,"Concurrent inhibition of motor responses (in a combined stop signal and Simon task with negative visual primes) downregulates right amygdala reactivity to negative stimuli, as evidenced by a reduced amygdala response to negative primes during response inhibition conditions compared to the go condition",success,close extension,neuroscience,cognitive neuroscience,"The authors explicitly state in the Conclusion: 'With this study, we replicated the interaction between emotion and motor response inhibition in healthy participants.' The key finding—reduced right amygdala activation to negative primes during motor response inhibition—was replicated (ROI analysis: z = 2.930, p_svc = 0.036), with the study conducted at a different site using different MRI equipment. Some secondary findings (left amygdala interaction, reduced successful stops for negative trials) were not replicated.",high,,0.467,d,,,,,55,,,,0.036,=,two-sided,8,no
10.1016/j.ynirp.2023.100157,https://doi.org/10.1016/j.ynirp.2023.100157,,,,,,,,True,,"Vergara, V.; Mayer, A.; Damaraju, E.; Kiehl, K.; Calhoun, V.",Detection of mild traumatic brain injury by machine learning classification using resting state functional network connectivity and fractional anisotropy,Journal of Neurotrauma,34,5,1045-1053,2017,"FA-based linear SVM pattern classification can reliably distinguish individuals with and without acute traumatic brain injury, achieving high classification rates (AUC of 75.50%)",success,close extension,neuroscience,cognitive neuroscience,"The authors explicitly state in the Conclusions: 'The current study serves as a replication and extension of our previous study, observing that multiple diffusion MRI metrics...could reliably classify between incarcerated individuals with and without self-reported history of chronic TBI.' FA achieved an AUC of 82.50% in the replication (vs. 75.50% in the original), confirming the classification approach works in the new sample.",high,,,,,,,,160,,,,,,,8,no
10.1017/S003329170500543X,https://doi.org/10.1017/S003329170500543X,,,,,,,,True,https://doi.org/10.1017/S0033291705005441,"Fyer, A.; Lipsitz, J.; Mannuzza, S.; Aronowitz, B.; Chapman, T.",A direct interview family study of obsessive-compulsive disorder,Psychological Medicine,,,,2005,"Obsessive-compulsive disorder (OCD) is familial, with OCD relatives of OCD probands showing significantly higher rates of OCD compared to relatives of never mentally ill controls",inconclusive,close,medical fields,psychiatry,"The authors describe their second family study as 'a replication study of familial OCD using similar methodology in an independent sample' of their first study. The replication found 'less robust support for familial OCD' — no significant differences in rates of definite OCD were found at any diagnostic threshold without proband informant data, and only partial evidence emerged with broader diagnostic thresholds and proband informant data included. The authors conclude 'our own inconsistent results suggest that OCD may be heterogeneous with regard to familial transmission.'",high,,,,,,,,227,,,,,,,8,no
10.1017/S0033291706008257,https://doi.org/10.1017/S0033291706008257,,,,,,,,True,,"Zimmerman, M.; Mattia, J.",A self-report scale to help make psychiatric diagnoses: the Psychiatric Diagnostic Screening Questionnaire (PDSQ),Archives of General Psychiatry,58,,787-794,2001,The Psychiatric Diagnostic Screening Questionnaire (PDSQ) subscales achieve recommended cut-off scores yielding ~90% sensitivity and high negative predictive value for screening DSM-IV Axis I disorders in psychiatric out-patients,success,direct,medical fields,psychiatry,"The authors explicitly state in the Discussion: 'the results were highly consistent with the original report.' AUCs were nearly identical (mean 0.83 vs. 0.85), sensitivity was comparable (85% vs. 88%), and NPV was identical (97% vs. 97%), with recommended cut-off scores remaining the same for 9 of 13 subscales.",high,630,,,,,,,670,,,,,,,8,no
10.1017/S0033291718002325,https://doi.org/10.1017/S0033291718002325,,,,,,,,True,,"Slutske, W.; Zhu, G.; Meier, M.; Ng, M.",Genetic and environmental influences on disordered gambling in men and women,Archives of General Psychiatry,67,,624-630,2010,"Genetic factors account for approximately half the variation in gambling disorder liability among Australian twins, with no significant shared environmental contributions or sex differences",success,close extension,medical fields,psychiatry,"The authors explicitly state in the Discussion: 'The findings of a previous Australian twin study [34] were replicated in an independent Australian twin cohort.' Heritability estimates in the replication (60%) were comparable to the original (49%), with no significant shared environmental contributions or sex differences in either study, and the two cohorts did not statistically differ in parameter estimates.",high,,,,,,,,3292,,,,,,,8,no
10.1017/S0033291719002770,https://doi.org/10.1017/S0033291719002770,,,,,,,,True,,"Jokela, M.; Virtanen, M.; Batty, G.",Inflammation and specific symptoms of depression,JAMA Psychiatry,73,,1-6,2016,"CRP is associated with specific DSM-5 depressive symptoms (sleep problems, energy level, and weight/appetite changes) when controlling for sex and age",success,conceptual,psychology,clinical psychology,"The authors explicitly describe this as 'a conceptual replication of Jokela et al.' and report that 'results closely resembled the original study: sleep problems, energy level, and weight/appetite changes were associated with CRP (2a)' — matching the three symptoms identified by the original. The replication used the same variables (DSM-5 symptoms and CRP) but a different dataset (NESDA, N=2321) and network analysis methodology rather than the original's approach.",high,,,,,,,,2321,,,,,,,8,no
10.1017/S0033291722003233,https://doi.org/10.1017/S0033291722003233,,,,,,,,True,,"Pan, L.; Martin, P.; Zimmer, T.; Segreti, A.; Kassiff, S.; Mckain, B.; Vockley, J.",Neurometabolic disorders: Potentially treatable abnormalities in patients with treatment refractory depression and suicidal behavior,The American Journal of Psychiatry,174,1,42-50,2016,"Metabolomic abnormalities (including cerebral folate deficiency and tetrahydrobiopterin deficiency) are significantly more prevalent in patients with treatment refractory depression than in healthy controls, and are identifiable via CSF and peripheral metabolic testing",success,close,medical fields,psychiatry,"The authors explicitly framed this study as a replication of their 2016 case-control study [26], stating 'We hypothesized that we would replicate our earlier findings.' The Conclusions confirm success: 'Our initial case control study [26] and this replication CNS-specific metabolomic survey are the first to systematically evaluate abnormalities...'; 48% of treatment refractory depression patients (67/141) showed metabolomic abnormalities compared to 0% of healthy controls, consistent with the original finding of abnormalities in 21/33 patients and none in controls.",high,33,,,,,,,177,,,,,,,8,no
10.1017/S0305000925100366,https://doi.org/10.1017/S0305000925100366,,,,,,,,True,https://doi.org/10.1080/15475441.2019.1676751,"He, A.; Kon, M.; Arunachalam, S.",Linguistic context in verb learning: Less is sometimes more,Language Learning and Development,16,1,22-42,2020,"Children learning English show better novel verb acquisition when sentences have unmodified subjects (e.g., 'the man is pilking') compared to modified subjects (e.g., 'the tall man is pilking'), because the processing load of modified noun phrases reduces resources available for verb learning",success,conceptual,linguistics,second language acquisition,"The authors explicitly label this a 'conceptual replication' and their results confirm the key finding: Korean-learning preschoolers, like English-learning toddlers, demonstrated above-chance verb learning only in the unmodified-subject condition (p = .02), with all three modified-subject conditions yielding chance-level performance. The Discussion states: 'This replication of the finding in [He et al., 2020] for younger English learners establishes the appropriateness of the paradigm for Korean-acquiring preschoolers.'",high,,,,,,,,89,,,,0.02,=,,8,no
10.1017/S0954579418001530,https://doi.org/10.1017/S0954579418001530,,,,,,,,True,https://doi.org/10.1002/imhj.21653,"Narayan, A.; Ghosh Ippen, C.; Harris, W.; Lieberman, A.",Assessing angels in the nursery: A pilot study of childhood memories of benevolent caregiving as protective influences,Infant Mental Health Journal,38,,461-474,2017,More positive and elaborated angel memories (childhood memories of feeling loved by caregivers) buffer the association between mothers' childhood maltreatment and their adult PTSD symptoms,success,close extension,psychology,clinical psychology,"The authors explicitly state in the Discussion: 'This study replicates and extends published pilot findings showing the protective role of benevolent childhood memories with caregivers...The present study replicated these findings.' The moderation interaction was significant (b = −.15, p = .05), consistent with the original study's finding.",high,54,,,,,,,185,,,,0.05,=,,8,no
10.1017/S0954579423000330,https://doi.org/10.1017/S0954579423000330,,,,,,,,True,https://doi.org/10.1002/per.2118,"Asendorpf, J.; Motti-Stefanidi, F.",Mediated disposition-environment transactions: the DAE model,European Journal of Personality,32,3,167-185,2018,"Personality traits (dispositions) causally dominate conduct and self-esteem with peers (adaptations), which in turn mediate the association between personality traits and peer acceptance/rejection (environment) in adolescents, as specified by the DAE model",inconclusive,conceptual,psychology,developmental psychology,"The authors explicitly state this is a 'conceptual replication of the DAE-model' using different variables (neuroticism, disagreeableness, unconscientiousness; social problems; parent-child relationship quality) and report that 'results partially support the DAE hypotheses' — some hypothesized associations were found (D→E and A→E) but key DAE predictions (co-influence of D and E on A, causal dominance of D over A, and mediation effects) were not supported.",high,,,,,,,,460,,,,,,,8,no
10.1017/S109285291800144X,https://doi.org/10.1017/S109285291800144X,,,,,,,,True,,"Glick, Ira; Davis, John; Zamora, Daisy","Should antipsychotic medications for schizophrenia be given for a lifetime? A naturalistic, long-term follow-up study",Journal of Clinical Psychopharmacology,37,2,125-130,2017,Better medication adherence to antipsychotics is a statistically significant predictor of better long-term global outcome and life satisfaction in patients with chronic schizophrenia,inconclusive,close extension,medical fields,psychiatry,"The replication found mixed results: medication adherence was significantly associated with blind clinician's ratings of global outcome (P=0.03) and GAFS (P=0.05), but not with non-blind clinician global outcome (P=0.26) or patient life satisfaction (P=0.54). The authors note 'the effect of medication adherence was weaker than observed in our study from an academic sample' and characterize the study as 'not inconsistent with' the original recommendation while urging caution.",high,35,,,,0.01,<,,34,,,,0.03,=,,8,no
10.1017/S1352465817000091,https://doi.org/10.1017/S1352465817000091,,,,,,,,True,https://doi.org/10.1016/j.jocrd.2014.08.002,"Havnen, A.; Hansen, B.; Öst, L.; Kvale, G.",Concentrated ERP delivered in a group setting: an effectiveness study,Journal of Obsessive-Compulsive and Related Disorders,3,,319-324,2014,Concentrated Exposure and Response Prevention (cET) delivered in a group format over four consecutive days produces significant reductions in OCD symptom severity (Y-BOCS scores) with high recovery rates in an outpatient clinical sample,success,close,medical fields,psychiatry,"The authors explicitly conclude: 'This study shows that cET was successfully replicated in a new patient sample treated by different therapists than the original study.' No significant differences were found between the two studies on any primary or secondary outcome measures (Y-BOCS scores, recovery rates, or occupational impairment).",high,35,,,,,,,42,,,,0.001,<,,8,no
10.1017/S1355617722000698,https://doi.org/10.1017/S1355617722000698,,,,,,,,True,https://doi.org/10.1080/13803395.2018.1432571,"Sullivan, K.; Woods, S.; Bucks, R.; Loft, S.; Weinborn, M.",Intraindividual variability in neurocognitive performance is associated with time-based prospective memory in older adults,Journal of Clinical and Experimental Neuropsychology,40,7,733-743,2018,"Higher intraindividual variability in neurocognitive performance (IIV-dispersion across the RBANS battery) is negatively associated with time-based prospective memory performance in healthy older adults, with a small but independent effect",success,conceptual,neuroscience,neuropsychology,"The authors explicitly designed the study as a 'conceptual replication' of Sullivan et al. (2018), testing the same hypothesis with different cognitive batteries and PM measures in HIV populations. The Discussion states: 'The magnitude, direction, and independence of the association between IIV-dispersion and time-based PM in the laboratory parallels prior findings using the RBANS and the MIsT in older healthy Australians [49],' and the authors conclude that 'these findings suggest that variability in performance across a cognitive battery contributes to laboratory-based PM accuracy.'",high,194,,,,,,,,-0.3,r,,,,,8,no
10.1017/dmp.2022.69,https://doi.org/10.1017/dmp.2022.69,,,,,,,,True,https://doi.org/10.1097/NNE.0000000000000602,"Evans, C.; Baumberger-Henry, M.; Schwartz, R.",Nursing students' transfer of learning during a disaster tabletop exercise,Nurse Education,44,5,278-283,2019,"Senior student nurses can transfer their learning to novel disaster-scenario decisions (patient disposition recommendations) during a tabletop exercise, demonstrating basic disaster and medical-surgical knowledge",success,close extension,education,nursing education,"The paper is explicitly titled 'A Replication Study' and uses the same instruments (DKT, MATRIX, TAQ) and disaster-scenario tabletop exercise paradigm from the original study (ref 6). The replication was extended to 2 Mid-Atlantic universities (N=129). The conclusion states students 'could safely transfer their learning to most decisions during a novel circumstance with a high degree of risk,' consistent with the original findings. The pattern of results matches: positive attitudes (TAQ means 2.7-4.4), strong TOL for most DKT topics and MATRIX physical/functional assessments, with specific gaps in PPE knowledge and complex patient dispositions (pain DI=.28, hyponatremia DI=.30). The study uses descriptive/DI-based statistics rather than hypothesis testing, so no direct statistical comparison to the original is possible, but the overall findings clearly support the same conclusions.",high,,,,,,,,129,,,,,,,8,no
10.1017/s0033291701003944,https://doi.org/10.1017/s0033291701003944,,,,,,,,True,,"Matsumoto, H.; Takei, N.; Saito, F.; Kachi, K.; Mori, N.",Childhood-onset schizophrenia and obstetric complications: a case-control study,Schizophrenia Research,38,,93-99,1999,"Exposure to obstetric complications (OCs) is associated with an increased risk of developing childhood-onset schizophrenia (COS), with an odds ratio of approximately 3.5",success,close,medical fields,psychiatry,"The authors explicitly state in the Discussion that 'the OR (odds ratio) for the development of the disorder was 3.2, which was almost identical to that demonstrated in our previous study (OR = 3.5),' and conclude that 'the data from these two independent studies strongly support an association between OCs and COS.' The replication used the same OC scale, same case-control design, and same hospital catchment area, but tested a different age group (14-15 years vs. <14 years) to ensure sample independence.",high,,3.5,OR,,,,,78,3.22,OR,"[1.1, 9.8]",0.05,<,,8,no
10.1017/s0317167100025713,https://doi.org/10.1017/s0317167100025713,,,,,,,,True,,"Perez, F.; Rivera, V.; Meyer, J.; Gay, J.; Taylor, R.; Mathew, N.","Analysis of intellectual and cognitive performance in patients with multi-infarct dementia, vertebrobasilar insufficiency with dementia and Alzheimer's disease","Journal of Neurology, Neurosurgery and Psychiatry",38,,533-540,1975,"Patients with Alzheimer's disease and multi-infarct dementia show significant differences in cognitive and intellectual performance on the WAIS, with a discriminant function analysis classifying 74% of patients correctly based on individual WAIS scores",success,close,neuroscience,neuropsychology,"The paper is explicitly titled 'A Replication Study' and the abstract states 'Successful replication was obtained.' The Discussion confirms: 'The findings of the first sample are consistent with previous results reported by this laboratory (Perez et al., 1975a)' and the discriminant function hit rates (81% and 100%) exceeded those of the original study (74%).",high,,,,,,,,57,,,,,,,8,no
10.1017/sjp.2016.1,https://doi.org/10.1017/sjp.2016.1,,,,,,,,True,https://doi.org/10.1007/s11055-011-9545-z,"Storozheva, Z.; Kirenskaya, A.; Lazarev, I.; Novototskii-Vlasov, V.; Samylkin, D.; Fastovtsov, G.",Prepulse modification of the acoustic startle reaction in healthy subjects and patients with schizophrenia,Neuroscience and Behavioral Physiology,42,,128-132,2012,Schizophrenia patients show deficient prepulse inhibition (PPI) of the acoustic startle response at lead intervals of 60 ms and 120 ms compared to healthy controls in a Russian population,success,close,neuroscience,behavioral neuroscience,"The authors explicitly state 'In agreement with our previous results [45] this replication study revealed deficit of PPI in SCH group at LI 60 and 120 ms,' directly confirming the replication succeeded. The current study used the same ASR/PPI protocol with a larger sample (28 patients + 25 controls vs. 16 + 16 in the original).",high,32,,,,,,,53,0.39,d,,0.003,=,,8,no
10.1017/thg.2012.151,https://doi.org/10.1017/thg.2012.151,,,,,,,,True,,"Baughman, H.; Schwartz, S.; Schermer, J.; Veselka, L.; Petrides, K.; Vernon, P.",A behaviouralgenetic study of alexithymia and its relationships with trait emotional intelligence,Twin Research and Human Genetics,14,,539-543,2011,Individual differences in alexithymia are attributable to additive genetic and non-shared environmental factors only (no shared environmental contribution),failure,close,psychology,psychophysiology,"The replication found an additional shared environmental factor that was not present in the original study. The authors state: 'These findings are in contrast to those of [5], where only significant genetic and non-shared environmental factors were noted.' The original used small samples; the larger replication revealed a shared environmental component.",high,,,,,,,,2888,,,,,,,8,no
10.1017/thg.2012.151,https://doi.org/10.1017/thg.2012.151,,,,,,,,True,,"Baughman, H.; Schwartz, S.; Schermer, J.; Veselka, L.; Petrides, K.; Vernon, P.",A behaviouralgenetic study of alexithymia and its relationships with trait emotional intelligence,Twin Research and Human Genetics,14,,539-543,2011,Phenotypic correlations between alexithymia and trait emotional intelligence are entirely attributable to correlated genetic and correlated non-shared environmental factors,success,close,psychology,psychophysiology,"The bivariate behavioral genetic results were successfully replicated. The authors state: 'Our bivariate BG analyses revealed that the phenotypic correlations between trait EI and alexithymia are entirely attributable to genetic and non-shared environmental factors. These results provide a valuable replication of [5] small-sample pilot study, in which similar results were reported.'",high,,,,,,,,988,,,,,,,8,no
10.1021/acscentsci.0c01028,https://doi.org/10.1021/acscentsci.0c01028,,,,,,,,True,https://doi.org/10.1021/acscentsci.8b00879,"Trivedi, D.",Discovery of volatile biomarkers of Parkinson's disease from sebum,ACS Central Science,5,,599-606,2019,"Volatile organic compounds (VOCs) measured from sebum using TD-GC-MS show a differential profile between Parkinson's disease patients and controls, with a correct classification rate of ~86% using PLS-DA",success,close,neuroscience,behavioral neuroscience,"The paper explicitly calls itself a 'replication study' in the abstract and conclusion: 'Our results validate previous findings that VOCs measured from skin have a differential profile in Parkinson's disease.' The replication achieved an 84.4% correct classification rate, comparable to the original study's 86%, using a different instrument and independent patient samples.",high,,,,,,,,129,,,,,,,8,no
10.1021/pr400337b,https://doi.org/10.1021/pr400337b,,,,,,,,True,,"Qiu, Y.; Cai, G.; Su, M.; Chen, T.; Zheng, X.; Xu, Y.; Ni, Y.; Zhao, A.; Xu L.; Cai, S.; Jia, W.",Serum metabolite profiling of human colorectal cancer using GC-TOFMS and UPLC-QTOFMS,Journal of Proteome Research,8,10,4844-4850,2009,Serum metabolite profiling using GC-TOFMS and UPLC-QTOFMS can identify a distinct metabolic signature that distinguishes colorectal cancer patients from healthy controls,success,close,medical fields,pharmacology and toxicology,"The authors explicitly designed this as a 'follow-up replication study' of their previous CRC metabonomics work, using the same analytical platforms (GC-TOFMS and UPLC-QTOFMS) on a new patient cohort. Their conclusion states: 'We confirmed that serum based metabonomics is able to discriminate CRC patients from healthy controls, reassuring us about the feasibility of developing a new diagnostic tool for CRC with a serum metabolite signature.' While not all individual markers replicated (70.1% of previously identified markers were also significant in the new cohort), the core finding was confirmed.",high,,,,,,,,203,,,,,,,8,no
10.1023/a:1018769825030,https://doi.org/10.1023/a:1018769825030,,,,,,,,True,,"Drake, R.; Becker, D.; Anthony, W.",A research induction group for clients entering a mental health research project,Hospital and Community Psychiatry,45,,487-490,1994,"A research induction group (four sessions of education and discussion about study procedures) for mental health clients improves informed consent, increases participation rates, and reduces attrition in a supported employment research study",success,close extension,medical fields,psychiatry,"The authors explicitly state: 'This study replicated the success of the research induction group procedure in our earlier New Hampshire study.' The replication used the same core procedure in a new inner-city setting with predominantly African-American clients (vs. rural, culturally homogeneous), testing generalizability across populations and contexts.",high,,,,,,,,152,,,,,,,8,no
10.1023/a:1018789218611,https://doi.org/10.1023/a:1018789218611,,,,,,,,True,,"Barker, S.; Barron, N.; McFarland, B.; Bigelow, D.; Carnahan, T.",A community ability scale for chronically mentally ill consumers: Part II. Applications,Community Mental Health Journal,30,,459-472,1994,Lower scores on the Multnomah Community Ability Scale (MCAS) predict subsequent involuntary psychiatric hospitalization among clients with severe mental illness in an urban community mental health setting,success,close extension,medical fields,psychiatry,"The statewide replication found a highly significant trend (χ² = 42.46, p < .0001) in the same direction as the original, and the regression coefficients were not significantly different between the two samples (heterogeneity χ² = 0.59, NS). The authors conclude: 'This study replicated the predictive validation of a level of functioning measure' and 'the results of both validation studies were quite similar.'",high,240,,,,0.01,=,,2487,,,,0.0001,<,,8,no
10.1037/0735-7044.118.4.852,https://doi.org/10.1037/0735-7044.118.4.852,,,,,,,,True,,"Kozel, F.A.; Revell, L.J.; Lorberbaum, J.P.; Shastri, A.; Elhai, J.D.; Horner, M.D.",A pilot study of functional MRI brain correlates of deception in healthy young men,Journal of Neuropsychiatry and Clinical Neurosciences,,,,,"Deception (lying vs. truth-telling) activates specific brain regions (right orbitofrontal, inferior frontal, middle frontal cortex, cingulate gyrus, and left middle frontal) as measured by fMRI BOLD signal",success,close,neuroscience,cognitive neuroscience,"The authors explicitly state: 'This study replicates the group analysis findings from a previous study using fMRI to detect deception.' The group analysis revealed significant activation in 5 regions consistent with the prior study (right anterior cingulate, right inferior frontal, right orbitofrontal, right middle frontal, and left middle temporal), with a more conservative statistical threshold.",high,,,,,,,,10,,,,0.001,<,,8,no
10.1037/0893-3200.22.3.355,https://doi.org/10.1037/0893-3200.22.3.355,,,,,,,,True,,"Volling, B.; Blandon, A.; Gorvine, B.",Maternal and paternal gentle guidance and young children's compliance from a within-family perspective,Journal of Family Psychology,20,,514-525,2006,"Parental gentle guidance (mothers' and fathers'), coparenting interactions, and differential parental treatment predict young children's committed compliance, situational compliance, and passive noncompliance during a family clean-up task from a within-family perspective",inconclusive,close extension,psychology,developmental psychology,"The authors explicitly state 'Several of the results were replicated with our older sample' but key findings differed: the maternal gatekeeping interaction (low maternal guidance → positive father-child association for younger siblings' committed compliance) was not replicated, and the coparenting interaction predicting older siblings' committed compliance also did not replicate. The abstract and Discussion both acknowledge this mixed pattern of replication.",high,,,,,,,,57,,,,,,,8,no
10.1037/a0031992,https://doi.org/10.1037/a0031992,,,,,,,,False,,,,,,,,,,,,,,,,,,,,,,,,,,,,,,,
10.1037/bne0000439,https://doi.org/10.1037/bne0000439,,,,,,,,True,https://doi.org/10.1016/j.psyneuen.2009.12.010,"Schwabe, L.; Wolf, O.",Socially evaluated cold pressor stress after instrumental learning favors habits over goal-directed action,Psychoneuroendocrinology,35,7,977-986,2010,"Stressed participants continue to perform instrumental responses for a liquid outcome even after it has been devalued through a selective satiation procedure, indicating that stress causes a shift from goal-directed to habitual behavioral control",failure,conceptual,psychology,cognitive psychology,"The authors explicitly state in the Discussion: 'the current study did not replicate the original findings. Instead, it showed a devaluation effect in both the control and the stress condition.' The key Condition × Value interaction was non-significant (F(1.89, 124.33) = 1.10, p = .333, η²p = .016), providing no support for habitual processing under stress with taste aversion as the devaluation method.",high,,0.07,etasq,,,,,68,0.016,etasq,,0.333,=,,8,no
10.1037/dev0000053,https://doi.org/10.1037/dev0000053,,,,,,,,True,,"Raby, K.; Cicchetti, D.; Carlson, E.; Egeland, B.","Genetic contributions to continuity and change in attachment security: A prospective, longitudinal investigation from infancy to young adulthood",Journal of Child Psychiatry and Psychology,54,,1223-1230,2013,"OXTR rs53576 genotype moderates the stability of attachment security from infancy to adulthood, such that individuals homozygous for the G allele (G/G genotype) show greater continuity between infant attachment security and adult attachment representations (as measured by the Adult Attachment Interview) compared to A allele carriers",failure,close extension,psychology,developmental psychology,The authors explicitly state in the Discussion: 'the current study failed to replicate the evidence that individuals homozygous for the rs53576 G allele exhibit more stability in attachment security from early childhood to young adulthood compared to A allele carriers.' All two-way interactions between early childhood attachment security and OXTR variants were non-significant across all adult attachment outcomes examined.,high,143,0.02,R2,,,,,564,,,,,,,8,no
10.1037/dev0001119,https://doi.org/10.1037/dev0001119,,,,,,,,True,https://doi.org/10.1177/0265407597141004,"Van Aken, M.; Asendorpf, J.","Support by parents, classmates, friends and siblings in preadolescence: Covariation and compensation across relationships",Journal of Social and Personal Relationships,14,,79-93,1997,"Friend support from the most supportive classmate moderates the association between maternal social support and adolescent self-esteem, such that high classmate support buffers against the negative effects of low maternal support on self-esteem (conjunction effect)",failure,conceptual,psychology,developmental psychology,"The replication explicitly failed to find the hypothesized moderation: 'Data from multiple studies, analyzed collectively and separately, were unable to replicate previous findings suggesting that friend social support moderates associations between mother-child relationship quality and concurrent adolescent self-esteem.' The interaction between mother support and friend support was non-significant (F_mean(1,1466)=0.49, p=0.83) in the replication, contrasting with the original conjunction effect, and the effect sizes for the interaction were near zero.",high,139,,,,,,,1528,,,,0.83,=,,8,no
10.1037/dev0001119,https://doi.org/10.1037/dev0001119,,,,,,,,True,https://doi.org/10.2307/1131618,"Gauze, C.; Bukowski, W.; Aquan-Assee, J.; Sippola, L.",Interactions between family environment and friendship and associations with self-perceived well-being during adolescence,Child Development,67,,2201-2216,1996,"Friendship quality moderates associations between family environment (adaptability and cohesion) and adolescent self-esteem, such that high friendship quality buffers against the negative effects of poor family relationships on self-esteem (threshold effect)",failure,conceptual,psychology,developmental psychology,"The replication failed to find the hypothesized moderation: 'There were no statistically significant two- or three-way interactions' and 'in neither case was there any suggestion of the threshold effect reported in the original study.' For the key interaction terms, the replication effect sizes were drastically smaller than the originals (family adaptability × friend support: replication f²<0.0002 vs. original f²=0.06; family cohesion × friend support: replication f²<0.00003 vs. original f²=0.07).",high,138,,,,,,,550,,,,,,,8,no
10.1037/dev0001533,https://doi.org/10.1037/dev0001533,,,,,,,,True,https://doi.org/10.1073/pnas.1010076108,"Moffitt, T.; Arseneault, L.; Belsky, D.; Dickson, N.; Hancox, R.; Harrington, H.; Houts, R.; Poulton, R.; Roberts, B.; Ross, S.; Sears, M.; Thomson, W.; Caspi, A.","A gradient of childhood self-control predicts health, wealth, and public safety",Proceedings of the National Academy of Sciences,108,7,2693-2698,2011,"Childhood self-control problems (impulsive, hyperactive, inattentive, and impulsive-aggressive behaviors) predict poorer adult financial status, worse health, and greater criminal activity decades later",success,conceptual,psychology,developmental psychology,"The authors explicitly conducted 'two conceptual replications' of Moffitt et al. (2011) using U.S. (n=1,168) and U.K. (n=16,506) longitudinal cohort studies. Their Discussion concludes: 'Our analyses produced remarkably similar results; in some cases, coefficients were nearly identical to those reported by Moffitt and colleagues (2011),' with findings on educational attainment, criminal activity, health, and financial outcomes consistently replicated across both new cohorts.",high,,,,,,,,17674,,,,,,,8,no
10.1037/dev0001570,https://doi.org/10.1037/dev0001570,,,,,,,,True,https://doi.org/10.1007/s10964-010-9530-9,"Bowers, E.; Li, Y.; Kiely, M.; Brittian, A.; Lerner, J.; Lerner, R.",The five Cs model of positive youth development: A longitudinal analysis of confirmatory factor structure and measurement invariance,Journal of Youth and Adolescence,39,7,720-735,2010,"The Five Cs model of Positive Youth Development (Caring, Character, Competence, Confidence, Connection) can be measured as a valid bifactor structure with longitudinal measurement invariance across middle adolescence",success,conceptual,psychology,developmental psychology,"The authors explicitly frame their study as a 'conceptual replication' of the Five Cs bifactor model in a Mexican-origin sample using novel measures, and report that all hypotheses were supported: the bifactor structure fit well, scalar invariance was established, and cultural orientation predicted PYD — concluding 'evidence validating the Five Cs model of PYD' and that 'these findings uphold the robust nature of the Five Cs theoretical constructs by evincing that they are not inherently dependent on original measurement procedures.'",high,,,,,,,,625,,,,,,,8,no
10.1037/edu0000141,https://doi.org/10.1037/edu0000141,,,,,,,,True,,"Cohen, G.; Garcia, J.; Apfel, N.; Master, A.",Reducing the racial achievement gap: A social-psychological intervention,Science,313,5791,1307-1310,2006,Brief self-affirmation writing exercises (reflecting on personally important values) conducted several times during 7th grade reduce the racial achievement gap in GPA for African American and Hispanic students,failure,close extension,psychology,social psychology,"The authors state: 'Concerning our first research question, therefore, we found no evidence of treatment benefits for the targeted population in the new study.' Effect estimates for 7th grade GPA (d=-0.002) and 8th grade GPA (d=-0.072) were not statistically different from zero, and the Discussion confirms: 'we found no effects of the intervention for cohort 2.'",high,,,,,,,,1269,-0.072,d,"[-0.192, 0.047]",,,,8,no
10.1037/edu0000141,https://doi.org/10.1037/edu0000141,,,,,,,,True,,"Borman, G.; Grigg, J.; Hanselman, P.",An effort to close achievement gaps at scale through self-affirmation,Educational Evaluation and Policy Analysis,38,1,21-42,2016,A large-scale district-wide implementation of self-affirmation writing exercises in 7th grade produces significant positive impacts on GPA for potentially threatened (Black and Hispanic) students across 11 middle schools,failure,direct,psychology,social psychology,"The current study (cohort 2) was conducted in the same district and schools as Borman et al. (cohort 1), by the same research team with the same protocols. Cohort 1 showed d=0.152 for 8th grade GPA, while cohort 2 showed d=-0.072; the authors report 'we rejected the null hypothesis that impacts were equal in both studies' (p=0.013), establishing a clear failure to replicate.",high,1048,0.152,d,,,,,1269,-0.072,d,"[-0.192, 0.047]",,,,8,no
10.1037/emo0000569,https://doi.org/10.1037/emo0000569,,,,,,,,True,,"Maccann, C.; Joseph, D.; Newman, D.; Roberts, R.",Emotional intelligence is a second-stratum factor of intelligence: evidence from hierarchical and bifactor models,Emotion,14,2,358-374,2014,"Ability emotional intelligence, measured by the MSCEIT, can be represented as a hierarchical second-stratum factor within the Cattell-Horn-Carroll (CHC) model of intelligence, alongside fluid intelligence, crystallised intelligence, and other broad cognitive abilities",success,conceptual,psychology,cognitive psychology,"The authors explicitly frame the study as 'a conceptual replication of the MacCann et al. (2014) analyses' using alternative non-proprietary measures instead of the MSCEIT, and conclude: 'the results of the current study are consistent with [the original] in suggesting that ability EI is best considered as a hierarchically structured (loaded emotion perception, understanding and management) second-stratum factor within the CHC model of intelligence.'",high,688,,,,,,,830,,,,,,,8,no
10.1037/fam0000345,https://doi.org/10.1037/fam0000345,,,,,,,,False,,,,,,,,,,,,,,,,,,,,,,,,,,,,,,,
10.1037/fam0000521,https://doi.org/10.1037/fam0000521,,,,,,,,True,https://doi.org/10.1016/j.chiabu.2017.09.022,"Narayan, A.; Rivera, L.; Bernstein, R.; Harris, W.; Lieberman, A.",Positive childhood experiences predict less psychopathology and stress in pregnant women with childhood adversity: A pilot study of the benevolent childhood experiences (BCEs) scale,Child Abuse & Neglect: The International Journal,78,,19-30,2018,"Rates of total and individual Benevolent Childhood Experiences (BCEs) in a high-risk, low-income sample are similar across different high-risk populations (originally validated in low-income pregnant women with childhood adversity)",success,close extension,psychology,clinical psychology,"The authors hypothesized that BCEs frequencies would be similar to the pilot sample, and confirmed this: 'The mean number of BCEs in the two samples did not differ, t(147) = .74, ns,' with item-level frequencies differing significantly on only one of ten items. The authors state that 'mean levels of total BCEs and item frequencies were strikingly similar to the pilot sample.'",high,99,,,,,,,50,,,,,,,8,no
10.1037/fam0000521,https://doi.org/10.1037/fam0000521,,,,,,,,True,https://doi.org/10.1016/j.chiabu.2017.09.022,"Narayan, A.; Rivera, L.; Bernstein, R.; Harris, W.; Lieberman, A.",Positive childhood experiences predict less psychopathology and stress in pregnant women with childhood adversity: A pilot study of the benevolent childhood experiences (BCEs) scale,Child Abuse & Neglect: The International Journal,78,,19-30,2018,"Higher levels of Benevolent Childhood Experiences (BCEs) predict lower levels of psychological distress/mental health symptoms in high-risk adults, even after accounting for Adverse Childhood Experiences (ACEs)",success,close extension,psychology,clinical psychology,"The replication found that higher BCEs significantly predicted lower odds of psychological distress (β = −.35, p < .05, odds ratio = .71), consistent with the pilot study finding that higher BCEs predicted lower PTSD symptoms after accounting for ACEs. The authors state this is 'aligned with pilot findings that higher levels of BCEs were significantly correlated with lower levels of depression symptoms and perceived stress at the bivariate level.'",high,99,,,,,,,50,-0.35,other,,0.05,<,,8,no
10.1037/fam0000521,https://doi.org/10.1037/fam0000521,,,,,,,,True,https://doi.org/10.1016/j.chiabu.2017.09.022,"Narayan, A.; Rivera, L.; Bernstein, R.; Harris, W.; Lieberman, A.",Positive childhood experiences predict less psychopathology and stress in pregnant women with childhood adversity: A pilot study of the benevolent childhood experiences (BCEs) scale,Child Abuse & Neglect: The International Journal,78,,19-30,2018,"Higher levels of Benevolent Childhood Experiences (BCEs) predict fewer stressful life events and lower contextual stress in high-risk adults, even after accounting for Adverse Childhood Experiences (ACEs)",failure,close extension,psychology,clinical psychology,"The current study found that BCEs were not significantly correlated with sociodemographic risk (r = -.08, ns) or parenting stress (r = -.01, ns), and the planned regressions were not conducted because of these null bivariate associations. This fails to replicate the pilot finding that higher BCEs predicted fewer stressful life events. The authors explicitly acknowledge the discrepancy: 'BCEs were related to stressful life events in the pilot study but not to contextual stress in the current sample,' attributing it to different operationalizations of stress (trauma-specific events in the pilot vs. sociodemographic stressors in the current study). The parenting stress null should also be interpreted cautiously due to low internal consistency of the Parental Stress Scale (α = .66) and small sample size (N = 50).",high,99,,,,,,,50,,,,,,,8,no
10.1037/per0000611,https://doi.org/10.1037/per0000611,,,,,,,,True,https://doi.org/10.1093/schbul/sbm098,"Kwapil, T.; Barrantes-Vidal, N.; Silvia, P.",The dimensional structure of the Wisconsin Schizotypy Scales: Factor identification and construct validity,Schizophrenia Bulletin,34,3,444-457,2008,"Positive and negative schizotypy (assessed with the Wisconsin Schizotypy Scales) are associated with differential patterns of interview-assessed psychopathology, personality disorder traits, and impaired functioning in nonclinically ascertained young adults",success,close,psychology,clinical psychology,"The authors explicitly state 'Overall, the present study successfully replicated results from five prominent interview studies assessing the expression of multidimensional schizotypy in ostensibly high-functioning student samples,' with Study 1 (Kwapil et al., 2008) being one of the five. The current study used the MSS rather than the Wisconsin Schizotypy Scales, and added disorganized schizotypy, making this a close replication.",high,,,,,,,,161,,,,,,,8,no
10.1037/per0000611,https://doi.org/10.1037/per0000611,,,,,,,,True,https://doi.org/10.1016/j.schres.2013.01.007,"Barrantes-Vidal, N.; Gross, G.; Sheinbaum, T.; Mitjavila, M.; Ballespí, S.; Kwapil, T.",Positive and negative schizotypy are associated with prodromal and schizophrenia-spectrum symptoms,Schizophrenia Research,145,1-3,50-55,2013,Positive and negative schizotypy (assessed with the Wisconsin Schizotypy Scales) are associated with differential patterns of prodromal symptoms and schizophrenia-spectrum personality disorder traits in nonclinically ascertained young adults,success,close,psychology,clinical psychology,"The authors explicitly state they 'successfully replicated findings from five previous schizotypy interview studies,' with Barrantes-Vidal et al. (2013) being one of the five. The current study used the MSS rather than the Wisconsin Schizotypy Scales, and added disorganized schizotypy, constituting a close replication.",high,,,,,,,,161,,,,,,,8,no
10.1037/per0000611,https://doi.org/10.1037/per0000611,,,,,,,,True,https://doi.org/10.1037/a0033759,"Kwapil, T.; Gross, G.; Silvia, P.; Barrantes-Vidal, N.",Prediction of psychopathology and functional impairment by positive and negative schizotypy in the Chapmans' ten-year longitudinal study,Journal of Abnormal Psychology,122,3,807-815,2013,"Positive and negative schizotypy (assessed with the Wisconsin Schizotypy Scales) predict differential patterns of interview-assessed psychopathology, personality disorder traits, and functional impairment in a 10-year longitudinal study",success,close,psychology,clinical psychology,"The authors explicitly state they 'successfully replicated findings from five prominent interview studies,' with Kwapil et al. (2013) being Study 3 in their comparative Table 3. The current study used the MSS rather than the Wisconsin Schizotypy Scales and was cross-sectional rather than longitudinal, making this a close replication.",high,,,,,,,,161,,,,,,,8,no
10.1037/per0000611,https://doi.org/10.1037/per0000611,,,,,,,,True,https://doi.org/10.1177/1073191119900008,"Kemp, K.; Bathery, A.; Barrantes-Vidal, N.; Kwapil, T.","Positive, negative, and disorganized schizotypy predict differential patterns of interview-rated schizophrenia-spectrum symptoms and impairment",Assessment,28,1,141-152,2021,"Positive, negative, and disorganized schizotypy (assessed with the Multidimensional Schizotypy Scale) are each associated with distinct patterns of interview-assessed schizophrenia-spectrum symptoms and functional impairment in nonclinically ascertained young adults",success,close,psychology,clinical psychology,"The authors explicitly state they 'successfully replicated findings from five prominent interview studies,' with Kemp et al. (2021) as Study 4. This is the most methodologically similar prior study (both use the MSS), and the current study followed the same analytic procedures; the replication used a similar nonclinical student sample with the same predictor and outcome measures.",high,,,,,,,,161,,,,,,,8,no
10.1037/per0000611,https://doi.org/10.1037/per0000611,,,,,,,,True,https://doi.org/10.1037/per0000488,"Kwapil, T.; Clark, H.; Rbeiz, K.; Bathery, A.; Kemp, K.; Barrantes-Vidal, N.","Association of positive, negative, and disorganized schizotypy with cluster A, borderline, and avoidant personality disorders and traits","Personality Disorders: Theory, Research, and Treatment",13,2,182-191,2022,"Positive, negative, and disorganized schizotypy (assessed with the Multidimensional Schizotypy Scale) are associated with distinct patterns of Cluster A, borderline, and avoidant personality disorder traits in nonclinically ascertained young adults",success,close,psychology,clinical psychology,"The authors explicitly state they 'successfully replicated findings from five prominent interview studies,' with Kwapil et al. (2022) as Study 5. Both studies used the MSS and followed the same analytic procedures; the current study confirmed the pattern of associations between schizotypy dimensions and personality disorder traits reported in this study.",high,,,,,,,,161,,,,,,,8,no
10.1037/tra0000586,https://doi.org/10.1037/tra0000586,,,,,,,,True,https://doi.org/10.1037/tra0000276,"Breland, J.; Donalson, R.; Li, Y.; Hebenstreit, C.; Goldstein, L.; Maguen, S.","Military sexual trauma is associated with eating disorders, while combat exposure is not","Psychological Trauma: Theory, Research, Practice and Policy",10,,276-281,2018,Military sexual trauma (but not combat exposure) is an independent predictor of eating disorder pathology in female veterans when both trauma types are included in the same statistical model,success,close extension,psychology,clinical psychology,"The authors explicitly state: 'our findings both replicate and extend those of Breland et al.' Using the same measures (LEC-5, EDDS-5) and same logistic regression approach in a markedly different population (food insecure community members vs. female veterans), sexual trauma was again the only significant predictor of eating disorder pathology (OR = 2.64; 95% CI [1.22, 5.71]), while combat exposure was not significant.",high,,2.03,OR,"[1.03, 3.98]",,,,503,2.64,OR,"[1.22, 5.71]",,,,8,no
10.1038/ejhg.2010.55,https://doi.org/10.1038/ejhg.2010.55,,,,,,,,True,,Wtccc,Association study of 14 500 nsSNPs in four common diseases identifies variants involved in autoimmunity,Nature Genetics,39,,1329-1337,2007,Nine novel nonsynonymous SNP regions outside the HLA region are associated with Graves' disease at a point-wise significance level of P ≤ 10⁻⁴ in a genome-wide nsSNP scan of 900 GD cases and 1500 controls,failure,direct,biology,genetics,"The authors explicitly state in the Discussion: 'we have failed to replicate, in an adequately powered independent data set, association of nine novel nsSNPs previously reported to be weakly associated with GD in the WTCCC nsSNP study.' None of the nine candidate nsSNPs showed association with GD in the independent replication (P = 0.215–0.841).",high,2400,,,,0.0001,<,,3524,,,,,,,8,no
10.1038/ejhg.2014.137,https://doi.org/10.1038/ejhg.2014.137,,,,,,,,True,,"Trynka, G.; Hunt, K.; Bockett, N.",Dense genotyping identifies and localizes multiple common and rare variant association signals in celiac disease,Nature Genetics,43,,1193-1201,2011,Multiple common and rare genetic variants (39 non-HLA loci plus the HLA locus) are associated with coeliac disease risk in European populations,inconclusive,close extension,biology,genetics,"The authors explicitly describe this as 'the first replication study of CeD variants in a non-European population', directly testing Trynka et al. (2011)'s findings in north Indians. Only 5 of 44 tested non-HLA SNPs were directly replicated (p<0.05), with 2 additional loci confirmed via transferability analysis, while the HLA locus was strongly confirmed (p=8.17×10⁻⁴⁹); the authors attribute limited replication to modest sample size and insufficient power rather than absence of true effects.",high,,,,,,,,1233,,,,,,,8,no
10.1038/gene.2008.59,https://doi.org/10.1038/gene.2008.59,,,,,,,,True,,"Hafler, D.; Compston, A.; Sawcer, S.; Lander, E.; Daly, M.; Jager, D.",Risk alleles for multiple sclerosis identified by a genomewide study,New England Journal of Medicine,357,,851-862,2007,KIAA0350 (rs6498169) variant is associated with susceptibility to multiple sclerosis,success,close extension,biology,genetics,"The authors successfully replicated the KIAA0350 association in an Australian sample (P=0.001; OR 1.23), and when combined with IMSGC data, this reached genome-wide significance (P=3×10⁻⁸). They explicitly state: 'We replicated associations for four of the six top IMSGC candidate genes.'",high,,,,,,,,2399,1.23,OR,"[1.09, 1.39]",0.001,=,,8,no
10.1038/gene.2008.59,https://doi.org/10.1038/gene.2008.59,,,,,,,,True,,"Hafler, D.; Compston, A.; Sawcer, S.; Lander, E.; Daly, M.; Jager, D.",Risk alleles for multiple sclerosis identified by a genomewide study,New England Journal of Medicine,357,,851-862,2007,IL2RA (rs2104286) variant is associated with predisposition to multiple sclerosis,success,close extension,biology,genetics,The IL2RA SNP rs2104286 was significantly associated with MS in the Australian sample (P=0.033; OR 1.16). The authors explicitly included IL2RA among the four replicated genes from the IMSGC GWAS.,high,,,,,,,,2399,1.16,OR,"[1.01, 1.33]",0.033,=,,8,no
10.1038/gene.2008.59,https://doi.org/10.1038/gene.2008.59,,,,,,,,True,,"Hafler, D.; Compston, A.; Sawcer, S.; Lander, E.; Daly, M.; Jager, D.",Risk alleles for multiple sclerosis identified by a genomewide study,New England Journal of Medicine,357,,851-862,2007,RPL5 (rs6604026) variant is associated with risk of multiple sclerosis,success,close extension,biology,genetics,"The RPL5 SNP rs6604026 was significantly associated with MS risk in the Australian sample (P=0.041; OR 1.14), and RPL5 is listed among the four genes the authors explicitly state were replicated from the IMSGC study.",high,,,,,,,,2399,1.14,OR,"[1.01, 1.3]",0.041,=,,8,no
10.1038/gene.2008.59,https://doi.org/10.1038/gene.2008.59,,,,,,,,True,,"Hafler, D.; Compston, A.; Sawcer, S.; Lander, E.; Daly, M.; Jager, D.",Risk alleles for multiple sclerosis identified by a genomewide study,New England Journal of Medicine,357,,851-862,2007,CD58 (rs12044852) variant is associated with susceptibility to multiple sclerosis,success,close extension,biology,genetics,"The CD58 SNP rs12044852 was significantly associated with MS susceptibility in the Australian sample (P=0.042; OR 1.2), and CD58 is listed among the four replicated genes from the IMSGC study.",high,,,OR,,,,,2399,1.2,OR,"[1.01, 1.44]",0.042,=,,8,no
10.1038/gene.2008.59,https://doi.org/10.1038/gene.2008.59,,,,,,,,True,,"Hafler, D.; Compston, A.; Sawcer, S.; Lander, E.; Daly, M.; Jager, D.",Risk alleles for multiple sclerosis identified by a genomewide study,New England Journal of Medicine,357,,851-862,2007,IL7R (rs6897932) variant is associated with risk of multiple sclerosis,failure,close extension,biology,genetics,"The IL7R SNP rs6897932 showed no association with MS risk in the Australian sample (P=0.58). The authors note this as 'a notable exclusion from the list of replicated loci,' and the risk allele was actually slightly less frequent in cases than controls.",high,,,,,,,,2399,,,,0.58,=,,8,no
10.1038/gene.2008.95,https://doi.org/10.1038/gene.2008.95,,,,,,,,True,,"Graham, D.; Graham, R.; Manku, H.; Wong, A.; Whittaker, J.; Gaffney, P.",Polymorphism at the TNF superfamily gene TNFSF4 confers susceptibility to systemic lupus erythematosus,Nature Genetics,40,,83-89,2008,TNFSF4 haplotypes in the upstream region of the gene are associated with risk for (and protection from) systemic lupus erythematosus,success,direct,biology,genetics,"The authors explicitly confirm the association in three of four independent European cohorts and state in the abstract: 'This is the first replication study that confirms the association of genetic variation in the upstream region of TNFSF4 with susceptibility to SLE.' The risk haplotype (tagged by rs1234317 and rs12039904) was replicated with pooled OR=1.39 (p=0.0009) and OR=1.38 (p=0.0012), respectively.",high,,,,,,,,3113,,,,0.0009,=,,8,no
10.1038/gene.2009.81,https://doi.org/10.1038/gene.2009.81,,,,,,,,True,,"Hafler, D.; Compston, A.; Sawcer, S.; Lander, E.; Daly, M.",International multiple sclerosis genetics consortium. risk alleles for multiple sclerosis identified by a genome-wide study,The New England Journal of Medicine,357,9,851-862,2007,"SNPs in candidate genes (CD6, CLEC16a, EVI5, GPC5, RGS1, TYK2, and others) are associated with multiple sclerosis risk in white populations of European ancestry",inconclusive,close extension,biology,genetics,"The paper tested 19 SNPs from 12 candidate MS genes in African Americans, explicitly calling it 'a replication of previously validated findings.' Results were mixed: 5 of 12 genes (CD6, CLEC16a, EVI5, GPC5, TYK2) 'convincingly replicated' while 7 (CD226, CD58, IL7R, IL2R, IRF8, RGS1, TNFRSF1A) failed to reach significance. However, the Cochrane heterogeneity Q test showed no significant differences between populations for any SNP, and authors note non-significant results may reflect lower statistical power (lower MAFs in African Americans) rather than true non-replication. The authors conclude the data is 'consistent with shared disease genetic mechanisms' across ancestries, but the partial pattern of significance warrants an inconclusive classification. PDF review confirmed these findings.",high,,,,,,,,1574,,,,,,,8,no
10.1038/hr.2009.68,https://doi.org/10.1038/hr.2009.68,,,,,,,,True,,Wellcome Trust Case Control Consortium,"Genome-wide association study of 14,000 cases of seven common diseases and 3000 shared controls",Nature,447,,661-678,2007,Six single nucleotide polymorphisms (SNPs) identified in a genome-wide association study are associated with essential hypertension in a European population,failure,close extension,biology,genetics,"The authors conducted a replication study of the six WTCCC hypertension-associated SNPs in 7551 Korean individuals. They found no significant associations in the primary case-control analysis, and the Discussion notes 'inconsistent results across the three studies suggest that the complex nature of the genetic architecture affects the development of essential hypertension,' implying the original findings did not replicate. Only subgroup and quantitative trait associations were found, and none survived Bonferroni correction.",high,5000,,,,1e-05,<,,7551,,,,,,,8,no
10.1038/hr.2012.43,https://doi.org/10.1038/hr.2012.43,,,,,,,,True,,"Sethi, A.; Nordestgaard, B.; Tybjaerg-Hansen, A.","Angiotensinogen gene polymorphism, plasma angiotensinogen, and risk of hypertension and ischemic heart disease: a metaanalysis",Arterioscler Thromb Vasc Biol,23,,1269-1275,2003,The AGT rs699 (M235T) polymorphism in the angiotensinogen gene is associated with elevated blood pressure and increased risk of hypertension,success,close,medical fields,cardiovascular medicine,"The authors explicitly describe replicating the AGT rs699 association in a large Japanese sample. Results were significant for SBP (P=0.002), DBP (P=0.001), and in the joint meta-analysis the hypertension association reached genome-wide significance (P=7.3×10⁻¹⁰), which the Discussion describes as 'consistently replicated.'",high,,,,,,,,19426,,,,0.002,=,two-sided,8,no
10.1038/hr.2012.43,https://doi.org/10.1038/hr.2012.43,,,,,,,,True,,"Sookoian, S.; Gianotti, T.; González, C.; Pirola, C.",Association of the C-344T aldosterone synthase gene variant with essential hypertension: a meta-analysis,J Hypertens,25,,5-13,2007,"The CYP11B2 rs1799998 (C-344T) aldosterone synthase gene variant is associated with essential hypertension, with the CC genotype being protective compared to TT",success,close,medical fields,cardiovascular medicine,"The CYP11B2 rs1799998 variant showed the most significant association with all three BP traits in the Japanese sample (SBP P=1.5×10⁻⁵, DBP P=1.8×10⁻⁵, hypertension OR=1.15, P=2.3×10⁻⁵), and hypertension association reached genome-wide significance (P=3.9×10⁻⁸) in the joint meta-analysis, which the authors describe as 'consistently replicated.'",high,,0.834,OR,"[0.76, 0.914]",0.0001,<,,9271,1.15,OR,"[1.08, 1.23]",2.3e-05,=,two-sided,8,no
10.1038/hr.2012.43,https://doi.org/10.1038/hr.2012.43,,,,,,,,True,,"Staessen, J.; Wang, J.; Ginocchio, G.; Petrov, V.; Saavedra, A.; Soubrier, F.; Vlietinck, R.; Fagard, R.",The deletion/insertion polymorphism of the angiotensin converting enzyme gene and cardiovascular-renal risk,J Hypertens,15,,1579-1592,1997,The ACE deletion/insertion (D/I) polymorphism (rs4340) is associated with blood pressure and risk of hypertension,inconclusive,close,medical fields,cardiovascular medicine,"Reviewed Table 2 from the PDF: ACE rs4341 showed no significant associations in the combined Japanese sample (SBP P=0.288, DBP P=0.199, hypertension OR=1.05 [0.98-1.12], P=0.145). It was significant only in CAGE panel 3 (not panels 1 or 2). The joint meta-analysis found a 'suggestive association' with hypertension (P=1.4×10⁻⁵) but with significant heterogeneity (P_hetero=0.019). The Discussion explicitly calls this 'suggestive' rather than a confirmed replication, warranting an inconclusive classification.",high,,,,,,,,9271,1.05,OR,"[0.98, 1.12]",0.145,=,two-sided,8,no
10.1038/hr.2012.43,https://doi.org/10.1038/hr.2012.43,,,,,,,,True,,"Niu, W.; Zhang, Y.; Ji, K.; Gao, P.; Zhu, D.",Lack of association between alpha-adducin G460W polymorphism and hypertension: evidence from a case-control study and a meta-analysis,J Hum Hypertens,24,,467-474,2010,The ADD1 rs4961 (G460W) alpha-adducin gene polymorphism is associated with blood pressure and hypertension risk,failure,close,medical fields,cardiovascular medicine,"Reviewed Table 2 from the PDF: ADD1 rs4961 showed clearly null results across all three BP traits in the Japanese sample — SBP beta=0.05 mmHg (P=0.789), DBP beta=0.13 mmHg (P=0.258), hypertension OR=0.99 [0.93-1.05] (P=0.805). The prior meta-analysis by Niu et al. itself reported 'lack of association,' and the present study likewise found no evidence of association, confirming failure to replicate the originally claimed ADD1-hypertension link. Figure 2 forest plot shows the combined OR centered on 1.0.",high,,,,,,,,9271,0.99,OR,"[0.93, 1.05]",0.805,=,two-sided,8,no
10.1038/hr.2012.43,https://doi.org/10.1038/hr.2012.43,,,,,,,,True,,"Lou, Y.; Liu, J.; Huang, Y.; Liu, J.; Wang, Z.; Liu, Y.; Li, Z.; Li, Y.; Xie, Y.; Wen, S.",A46G and C79G polymorphisms in the b2-adrenergic receptor gene (ADRB2) and essential hypertension risk: a meta-analysis,Hypertens Res,33,,1114-1123,2010,The ADRB2 rs1042713 (R16G) polymorphism in the beta-2 adrenergic receptor gene is associated with essential hypertension risk,failure,close,medical fields,cardiovascular medicine,"Reviewed Table 2 from the PDF: ADRB2 rs1042713 showed no significant associations in the combined Japanese sample — SBP beta=0.07 mmHg (P=0.708), DBP beta=0.14 mmHg (P=0.235), hypertension OR=1.06 [1.00-1.13] (P=0.071). The variant was significant only in CAGE panel 3, but not replicable in panels 1 and 2 (noted in Results). Inter-panel heterogeneity was significant for SBP (P_het=0.009) and DBP (P_het=0.012), indicating inconsistent effects. The Discussion does not identify ADRB2 as a confirmed replication.",high,,,,,,,,9271,1.06,OR,"[1.0, 1.13]",0.071,=,two-sided,8,no
10.1038/hr.2012.43,https://doi.org/10.1038/hr.2012.43,,,,,,,,True,,"Bagos, P.; Elefsinioti, A.; Nikolopoulos, G.; Hamodrakas, S.","The GNB3 C825T polymorphism and essential hypertension: a meta-analysis of 34 studies including 14,094 cases and 17,760 controls",J Hypertens,25,,487-500,2007,The GNB3 rs5443 (C825T) polymorphism in the G protein beta-3 subunit gene is associated with essential hypertension,failure,close,medical fields,cardiovascular medicine,"Reviewed Table 2 from the PDF: GNB3 rs5443 showed no significant association and the direction was actually opposite to that expected — SBP beta=-0.32 mmHg (P=0.107), DBP beta=-0.19 mmHg (P=0.096), hypertension OR=0.97 [0.91-1.03] (P=0.340). The OR below 1.0 is in the opposite direction from a risk allele. The Discussion does not mention GNB3 as showing any positive replication. Figure 2 forest plot data was not available for GNB3 (as noted in figure caption), consistent with null results.",high,,,,,,,,9271,0.97,OR,"[0.91, 1.03]",0.34,=,two-sided,8,no
10.1038/hr.2012.43,https://doi.org/10.1038/hr.2012.43,,,,,,,,True,,"Pereira, T.; Rudnicki, M.; Cheung, B.; Baum, L.; Yamada, Y.; Oliveira, P.; Pereira, A.; Krieger, J.",Three endothelial nitric oxide (NOS3) gene polymorphisms in hypertensive and normotensive individuals: meta-analysis of 53 studies reveals evidence of publication bias,J Hypertens,25,,1763-1774,2007,The NOS3 rs1799983 (D298E) endothelial nitric oxide synthase gene polymorphism is associated with hypertension,failure,close,medical fields,cardiovascular medicine,"Reviewed Table 2 from the PDF: NOS3 rs1799983 showed no significant associations in the Japanese sample — SBP beta=0.67 mmHg (P=0.071), DBP beta=0.32 mmHg (P=0.144), hypertension OR=1.03 [0.91-1.17] (P=0.615). The risk allele frequency is very low in this Japanese population (0.08), limiting power. The Discussion notes that a different NOS3 SNP (rs3918226) was found significant in Europeans but 'does not appear to be polymorphic in East Asians.' Figure 2 forest plot shows the combined NOS3 OR for hypertension centered near 1.0 across all studies.",high,,,,,,,,9271,1.03,OR,"[0.91, 1.17]",0.615,=,two-sided,8,no
10.1038/jhg.2008.14,https://doi.org/10.1038/jhg.2008.14,,,,,,,,True,,"Lawford, B.; Young, R.; Swagell, C.; Barnes, M.; Burton, S.; Ward, W.",The C/C genotype of the C957T polymorphism of the dopamine D2 receptor is associated with schizophrenia,Schizophrenia Research,73,,31-37,2005,The C/C genotype of the DRD2 C957T (rs6277) polymorphism is associated with increased susceptibility to schizophrenia,success,close extension,medical fields,psychiatry,"The authors explicitly state 'We could replicate only rs6277 (corrected P-value of 0.014)' and that their results 'are consistent with the previous reports by other researchers on the positive association between the synonymous C957T (rs6277) polymorphism and schizophrenia, in different Caucasian populations,' successfully replicating the original finding in an independent Bulgarian sample.",high,,,,,,,,811,1.76,OR,,0.001,=,two-sided,8,no
10.1038/jhg.2009.96,https://doi.org/10.1038/jhg.2009.96,,,,,,,,True,,"Hafler, D.; Compston, A.; Sawcer, S.; Lander, E.; Daly, M.; De Jager, P.",Risk alleles for multiple sclerosis identified by a genomewide study,New England Journal of Medicine,357,,851-862,2007,"17 single-nucleotide polymorphisms (SNPs) in 14 loci are associated with susceptibility to multiple sclerosis, with HLA-DRA and IL2RA reaching genome-wide significance",inconclusive,close extension,biology,genetics,"The paper explicitly attempts to replicate the 17 IMSGC SNPs in new Dutch and Canadian cohorts. Results are mixed: 5 SNPs (HLA-DRA, IL7R, IL2RA, CD58, CLEC16A) achieve genome-wide significance in the combined meta-analysis, while three loci (PDE4B, DBC1, ANKRD15) are suggested to be false positives and the majority of the other SNPs do not reach genome-wide significance. The authors confirm some associations but conclude that several previously reported associations were not replicated.",high,,,,,,,,3981,,,,,,,8,no
10.1038/jhg.2012.11,https://doi.org/10.1038/jhg.2012.11,,,,,,,,True,,"Takahashi, Y.; Kou, I.; Takahashi, A.; Johnson, T.; Kono, K.; Kawakami, N.",A genome-wide association study identifies common variants near LBX1 associated with adolescent idiopathic scoliosis,Nature Genetics,43,,1237-1240,2011,SNP rs11190870 near LBX1 is associated with susceptibility to adolescent idiopathic scoliosis (AIS) in Japanese females (GWAS finding with OR=1.56),success,close extension,biology,genetics,"The authors explicitly state 'we successfully replicated the previous GWAS finding that rs11190870 was highly significantly associated with AIS' in an independent southern Chinese population, obtaining P=9.1×10⁻¹⁰ and OR=1.85 (95% CI 1.52-2.25). The replication extends the original Japanese GWAS finding to a different ethnic population using the same SNP association approach.",high,,1.56,OR,,1.24e-19,=,,1088,1.85,OR,"[1.52, 2.25]",9.1e-10,=,,8,no
10.1038/jhg.2013.28,https://doi.org/10.1038/jhg.2013.28,,,,,,,,True,,"Okamoto, K.; Iwasaki, N.; Nishimura, C.; Doi, K.; Noiri, E.; Nakamura, S.",Identification of KCNJ15 as a susceptibility gene in Asian patients with type 2 diabetes mellitus,American Journal of Human Genetics,86,,54-64,2010,The T allele of rs3746876 within KCNJ15 is associated with increased risk of type 2 diabetes (especially in non-obese individuals) in Japanese populations,failure,direct,biology,genetics,"The authors explicitly state in their conclusion: 'the present study failed to validate the original finding; therefore, it is considered that the KCNJ15 locus still does not have a place on the list of confirmed type 2 diabetes susceptibility loci at this moment.' While rs3746876-T was significantly associated with type 2 diabetes in the replication, the direction of effect was opposite to the original (OR = 0.82, protective rather than risk-increasing), and a meta-analysis combining both studies was non-significant.",high,3268,,,,,,,7885,0.82,OR,"[0.68, 0.98]",0.0281,=,,8,no
10.1038/jhg.2013.59,https://doi.org/10.1038/jhg.2013.59,,,,,,,,True,,"Urabe, Y.; Tanikawa; Takahashi, A.; Okada, Y.; Morizono, T.; Tsunoda, T.","A genome-wide association study of nephrolithiasis in the Japanese population identifies novel susceptible loci at 5q35.3, 7p14.3, and 13q14.1",PLoS Genetics,8,,1002541,2012,The SNP rs12654812 at the 5q35.3 locus (RGS14-SLC34A1-PFN3-F12 region) is associated with increased risk of nephrolithiasis in the Japanese population,success,direct,medical fields,nephrology,"The replication successfully confirmed the 5q35.3 locus association (rs12654812: P = 3.12 × 10⁻³, OR = 1.43) after Bonferroni correction in an independent Japanese cohort. The authors explicitly state 'we successfully validated three nephrolithiasis loci (5q35.5, 7p14.33 and 13q14.1) in an independent cohort.'",high,23140,,,,1e-08,<,,802,1.43,OR,,0.00312,=,,8,no
10.1038/jhg.2013.59,https://doi.org/10.1038/jhg.2013.59,,,,,,,,True,,"Urabe, Y.; Tanikawa; Takahashi, A.; Okada, Y.; Morizono, T.; Tsunoda, T.","A genome-wide association study of nephrolithiasis in the Japanese population identifies novel susceptible loci at 5q35.3, 7p14.3, and 13q14.1",PLoS Genetics,8,,1002541,2012,The SNP rs12669187 at the 7p14.3 locus (INMT-FAM188B-AQP1 region) is associated with increased risk of nephrolithiasis in the Japanese population,success,direct,medical fields,nephrology,"The replication successfully confirmed the 7p14.3 locus association (rs12669187: P = 6.43 × 10⁻³, OR = 1.57) after Bonferroni correction in an independent Japanese cohort. The authors explicitly state 'we successfully validated three nephrolithiasis loci' in their discussion.",high,23140,,,,1e-08,<,,802,1.57,OR,,0.00643,=,,8,no
10.1038/jhg.2013.59,https://doi.org/10.1038/jhg.2013.59,,,,,,,,True,,"Urabe, Y.; Tanikawa; Takahashi, A.; Okada, Y.; Morizono, T.; Tsunoda, T.","A genome-wide association study of nephrolithiasis in the Japanese population identifies novel susceptible loci at 5q35.3, 7p14.3, and 13q14.1",PLoS Genetics,8,,1002541,2012,The SNP rs7981733 at the 13q14.1 locus (DGKH gene region) is associated with increased risk of nephrolithiasis in the Japanese population,success,direct,medical fields,nephrology,"The replication successfully confirmed the 13q14.1 locus association (rs7981733: P = 5.00 × 10⁻³, OR = 1.41) after Bonferroni correction in an independent Japanese cohort. The authors explicitly state 'we successfully validated three nephrolithiasis loci' and note 'the three loci showed a stronger association (OR, 1.43, 1.57 and 1.41) than those reported in the previous GWAS.'",high,23140,,,,1e-08,<,,802,1.41,OR,,0.005,=,,8,no
10.1038/jhg.2016.155,https://doi.org/10.1038/jhg.2016.155,,,,,,,,True,,"De Boer, Y.; Van Gerven, N.; Zwiers, A.; Verwer, B.; Van Hoek, B.; Van Erpecum, K.",Genome-wide association study identifies variants associated with autoimmune hepatitis type 1,Gastroenterology,147,,443-452,2014,"The G allele of SNP rs4325730, located upstream of the ICOS gene in the CD28/CTLA4/ICOS cluster at chromosome 2q33.2, is a genetic risk factor for type 1 autoimmune hepatitis in a European population",success,close extension,biology,genetics,"The authors explicitly describe their study as 'a replication study' of the original European GWAS, testing the same SNP (rs4325730) in a Japanese population. They found significant association (P = 0.0173, OR 1.30) and stated in the Discussion: 'we were the first to replicate the association of SNPs in non-HLA region reported in the genome-wide association study with Japanese AIH.'",high,,,,,,,,658,1.3,OR,"[1.05, 1.62]",0.0173,=,,8,no
10.1038/jhg.2016.82,https://doi.org/10.1038/jhg.2016.82,,,,,,,,True,,"Chen, Z.; Tao, S.; Gao, Y.; Zhang, J.; Hu, Y.; Mo, L.","Genome-wide association study of sex hormones, gonadotropins and sex hormone-binding protein in Chinese men",Journal of Medical Genetics,50,,794-801,2013,The rs2414095 SNP in the CYP19A1 gene is significantly associated with circulating FSH levels in Chinese men,success,close extension,biology,genetics,"The authors explicitly state in the Discussion: 'we successfully validated the results of the association of the rs2414095 SNP from the previous GWAS,' and the combined analysis in Japanese men yielded a highly significant association (β_STD = 0.15, P = 9.7 × 10⁻⁵), replicating the original finding in a new population.",high,3495,,,,1.6e-17,=,,1687,0.15,other,,9.7e-05,=,,8,no
10.1038/leu.2016.385,https://doi.org/10.1038/leu.2016.385,,,,,,,,True,,"Rossille, D.; Gressier, M.; Damotte, D.; Maucort-Boulch, D.; Pangault, C.; Semana, G.",High level of soluble programmed cell death ligand 1 in blood impacts overall survival in aggressive diffuse large B-cell lymphoma: results from a French multicenter clinical trial,Leukemia,28,,2367-2375,2014,Elevated soluble PD-L1 (sPD-L1) in blood is associated with inferior overall survival in newly diagnosed DLBCL patients treated with rituximab-based chemotherapy,success,close,medical fields,pharmacology and toxicology,"The authors explicitly state they 'validated prior findings' and report the US cohort result 'replicated' the original French finding (HR=1.72; 95%CI 0.99-2.98 vs original HR=1.87; 95%CI 1.10-3.19), concluding 'pre-treatment soluble PD-L1 was confirmed to be an adverse prognostic factor.' The paper's own title describes it as a 'replication study.'",high,283,1.87,OR,"[1.1, 3.19]",,,,225,1.72,OR,"[0.99, 2.98]",,,,8,no
10.1038/mp.2008.93,https://doi.org/10.1038/mp.2008.93,,,,,,,,True,https://doi.org/10.1038/sj.mp.4002012,"Baum, A.E.; Akula, N.; Cabanero, M.; Cardona, I.; Corona, W.; Klemens, B. et al.",A genome-wide association study implicates diacylglycerol kinase eta (DGKH) and several other genes in the etiology of bipolar disorder,Molecular Psychiatry,13,,197-207,2008,"Three SNPs (rs9315885, rs1012053, rs1170191) in the first intron of DGKH (diacylglycerol kinase eta) are associated with bipolar disorder I at the single-marker level",failure,close extension,medical fields,psychiatry,"The authors explicitly state 'Our study does not replicate the single-marker association reported by Baum et al.' None of the three SNPs showed significant association after permutation correction (all permutation p-values > 0.05), though a haplotype finding was noted as requiring cautious interpretation.",high,,,,,,,,497,,,,0.073,<,,8,no
10.1038/mp.2011.115,https://doi.org/10.1038/mp.2011.115,,,,,,,,True,,"Jabbi, M.; Korf, J.; Kema, I.P.; Hartman, C.A.; van der Pompe, G.; Minderaa, R.B.",Genetically based reduced MAOA and COMT functioning is associated with the cortisol stress response,Molecular Psychiatry,12,,483-490,2007,COMT met/met genotype in combination with low MAOA expression (predominantly in males) is associated with increased hypothalamo-pituitary-adrenal axis response (adrenocorticotropic hormone) to a social stressor,success,close extension,neuroscience,behavioral neuroscience,"The authors explicitly state 'We replicated this association in adolescent boys with saliva cortisol,' confirming the COMT met/met + low MAOA interaction on HPA axis stress response. The replication used a different population (adolescents), a different stress paradigm (GSST), and a different biomarker (salivary cortisol vs. ACTH), but found the same directional effect specifically in males.",high,,,,,,,,452,,,,,,,8,no
10.1038/mp.2011.155,https://doi.org/10.1038/mp.2011.155,,,,,,,,True,,"Chen, G.; Kono, N.; Geschwind, D.; Cantor, R.",Quantitative trait locus analysis of nonverbal communication in autism spectrum disorder,Molecular Psychiatry,11,,214-220,2006,"A quantitative trait locus (QTL) analysis of nonverbal communication deficits in autism spectrum disorder identified five chromosomal loci, including a genome-wide significant locus on chromosome 1 (Z=3.6, P<0.0001), in 228 AGRE families",success,direct,neuroscience,behavioral neuroscience,"The authors explicitly conducted a direct replication of the chromosome-1 QTL in an independent sample of 213 AGRE families using the same NVC trait, same ADI-R instrument, same QTL analysis method, and overlapping marker set. They state: 'formal replication is only observed on chromosome 1p21.2-1p12, where the QTL from the prior and current study are coincident,' with a Z-score of 3.36 (P<0.0004) meeting the pre-specified replication criterion of Z>2.33.",high,228,,,,0.0001,<,,213,,,,0.0004,<,,8,no
10.1038/mp.2011.166,https://doi.org/10.1038/mp.2011.166,,,,,,,,False,,,,,,,,,,,,,,,,,,,,,,,,,,,,,,,
10.1038/ng810,https://doi.org/10.1038/ng810,,,,,,,,False,,,,,,,,,,,,,,,,,,,,,,,,,,,,,,,
10.1038/npp.2008.206,https://doi.org/10.1038/npp.2008.206,,,,,,,,True,,"Zuo, L.; Kranzler, H.; Luo, X.; Covault, J.; Gelernter, J.",CNR1 variation modulates risk for drug and alcohol dependence,Biological Psychiatry,62,,616-626,2007,Interaction between two independent CNR1 variants (SNP3^G+ and SNP8^T/T) significantly increases risk for drug dependence (including cocaine dependence) in European Americans,inconclusive,close extension,medical fields,pharmacology and toxicology,"The present study explicitly calls itself a replication and finds that the CNR1 interaction replicates in European American samples (EA family sample P=0.015, EA case-control P=0.003) but fails to replicate in African American samples, yielding mixed results. The authors note 'the present study extended the initial study and had different study targets of interest,' as they test cocaine dependence specifically rather than the broad drug dependence phenotype examined in the original.",high,,,,,0.0002,=,,,,,,0.003,=,,8,no
10.1038/npp.2013.312,https://doi.org/10.1038/npp.2013.312,,,,,,,,False,,,,,,,,,,,,,,,,,,,,,,,,,,,,,,,
10.1038/pr.2013.117,https://doi.org/10.1038/pr.2013.117,,,,,,,,True,,"Göpel, W.; Kim, D.; Gortner, L.",Prothrombotic mutations as a risk factor for preterm birth,Lancet,353,,1411-1412,1999,Fetal Factor V Leiden (FVL) mutation (rs6025) is associated with increased risk of spontaneous preterm birth in Caucasians,success,close,medical fields,pharmacology and toxicology,"The paper's title explicitly identifies this as 'a case-control replication study.' Table 3 shows fetal FVL significantly associated with PTB (OR: 2.6, 95% CI: 1.31-5.17, P = 0.008). The Discussion states: 'Our replication analysis supports the association of fetal FVL with PTB, and meta-analysis supports a positive association of fetal FVL with PTB.' Meta-analysis (Figure 1c) across 4 prior studies plus this one confirms the association (OR: 2.71, 95% CI: 1.15-6.40, P = 0.02). The original finding was reported across multiple prior studies (Göpel 1999, Resch 2004, Gibson 2007); Göpel 1999 was the earliest report.",high,,,OR,,,,,753,2.6,OR,"[1.31, 5.17]",0.008,=,,8,no
10.1038/pr.2013.117,https://doi.org/10.1038/pr.2013.117,,,,,,,,True,,"Menon, R.; Velez, D.; Thorsen, P.",Ethnic differences in key candidate genes for spontaneous preterm birth: TNF-alpha and its receptors,Human Heredity,62,,107-118,2006,Fetal TNF-alpha 308 (rs1800629) polymorphism is associated with spontaneous preterm birth in Caucasians,failure,close,medical fields,pharmacology and toxicology,"Table 3 shows no significant association between fetal TNF-alpha 308 and PTB (OR: 0.89, 95% CI: 0.62-1.28, P = 0.52). Meta-analysis (Figure 1a) across 5 studies also found no significant association (OR: 0.82, 95% CI: 0.65-1.03, P = 0.08, fixed effects, I²=0%). The previously reported positive association was clearly not replicated. Verified against PDF Table 3 and forest plot Figure 1a.",high,,,OR,,,,,753,0.89,OR,"[0.62, 1.28]",0.52,=,,8,no
10.1038/pr.2013.117,https://doi.org/10.1038/pr.2013.117,,,,,,,,True,,"Lorenz, E.; Hallman, M.; Marttila, R.; Haataja, R.; Schwartz, D.",Association between the Asp299Gly polymorphisms in the Toll-like receptor 4 and premature births in the Finnish population,Pediatric Research,52,,373-376,2002,Fetal TLR4 299 (rs4986790) polymorphism is associated with spontaneous preterm birth,failure,close,medical fields,pharmacology and toxicology,"Table 3 shows no significant association between fetal TLR4 299 and PTB (OR: 0.91, 95% CI: 0.53-1.54, P = 0.92). Meta-analysis (Figure 1b) across 3 studies also found no significant association (OR: 1.07, 95% CI: 0.66-1.73, P = 0.78, random effects, I²=69%). The previously reported positive association was clearly not replicated. Verified against PDF Table 3 and forest plot Figure 1b.",high,,,OR,,,,,753,0.91,OR,"[0.53, 1.54]",0.92,=,,8,no
10.1038/pr.2013.117,https://doi.org/10.1038/pr.2013.117,,,,,,,,True,,"Simhan, H.; Krohn, M.; Roberts, J.; Zeevi, A.; Caritis, S.",Interleukin-6 promoter -174 polymorphism and spontaneous preterm birth,American Journal of Obstetrics and Gynecology,189,,915-918,2003,Maternal IL-6 -174 (rs1800795) polymorphism is associated with spontaneous preterm birth,failure,close,medical fields,pharmacology and toxicology,"Table 3 shows no significant association between maternal IL-6 -174 and PTB (OR: 0.83, 95% CI: 0.64-1.06, P = 0.13). Meta-analysis (Figure 1d) across 3 studies also found no significant association (OR: 0.60, 95% CI: 0.35-1.03, P = 0.07, random effects, I²=87%). The previously reported positive association was clearly not replicated. Verified against PDF Table 3 and forest plot Figure 1d.",high,,,OR,,,,,753,0.83,OR,"[0.64, 1.06]",0.13,=,,8,no
10.1038/pr.2013.117,https://doi.org/10.1038/pr.2013.117,,,,,,,,True,,"Gibson, C.; Maclennan, A.; Dekker, G.",Genetic polymorphisms and spontaneous preterm birth,Obstetrics and Gynecology,109,2 Pt 1,384-391,2007,Fetal PAI-2 (rs6103) polymorphism is associated with spontaneous preterm birth,failure,close,medical fields,pharmacology and toxicology,"Table 3 shows no significant association between fetal PAI-2 and PTB (OR: 0.51, 95% CI: 0.18-1.48, P = 0.18, recessive genetic model). No meta-analysis was conducted for this SNP due to insufficient prior studies. The previously reported positive association from Gibson et al. (2007) was clearly not replicated. Verified against PDF Table 3.",high,,,OR,,,,,753,0.51,OR,"[0.18, 1.48]",0.18,=,,8,no
10.1038/pr.2013.117,https://doi.org/10.1038/pr.2013.117,,,,,,,,True,,"Gibson, C.; Maclennan, A.; Dekker, G.",Genetic polymorphisms and spontaneous preterm birth,Obstetrics and Gynecology,109,2 Pt 1,384-391,2007,Fetal THBD (rs1800576) polymorphism is associated with spontaneous preterm birth,failure,close,medical fields,pharmacology and toxicology,"Table 3 shows OR: 0 (NA), P = 0.36, because zero cases carried the THBD AG genotype (0 of 169 cases vs 7 of 570 controls). The test was essentially uninformative due to the very low minor allele frequency, so confidence remains low — the replication could not meaningfully evaluate the original association. Verified against PDF Table 3; no meta-analysis was conducted for this SNP.",low,,,OR,,,,,753,,,,0.36,=,,8,no
10.1038/pr.2013.117,https://doi.org/10.1038/pr.2013.117,,,,,,,,True,,"Göpel, W.; Kim, D.; Gortner, L.",Prothrombotic mutations as a risk factor for preterm birth,Lancet,353,,1411-1412,1999,"Fetal prothrombin gene mutation (PGM, rs1799963) is associated with spontaneous preterm birth in Caucasians",failure,close,medical fields,pharmacology and toxicology,"Table 3 shows no significant association between fetal PGM and PTB (OR: 1.62, 95% CI: 0.65-4.05, P = 0.31). Meta-analysis (Figure 1e) across 4 studies also found no significant association (OR: 0.94, 95% CI: 0.37-2.38, P = 0.89, random effects, I²=71%). The previously reported positive association was clearly not replicated. Verified against PDF Table 3 and forest plot Figure 1e.",high,,,OR,,,,,753,1.62,OR,"[0.65, 4.05]",0.31,=,,8,no
10.1038/pr.2013.117,https://doi.org/10.1038/pr.2013.117,,,,,,,,True,,"Gibson, C.; Maclennan, A.; Dekker, G.",Genetic polymorphisms and spontaneous preterm birth,Obstetrics and Gynecology,109,2 Pt 1,384-391,2007,Fetal ADD1 (rs4961) polymorphism is associated with spontaneous preterm birth,failure,close,medical fields,pharmacology and toxicology,"Table 3 shows no significant association between fetal ADD1 and PTB (OR: 0.98, 95% CI: 0.72-1.32, P = 0.87). No meta-analysis was conducted for this SNP due to insufficient prior studies. The previously reported positive association from Gibson et al. (2007) was clearly not replicated. Verified against PDF Table 3.",high,,,OR,,,,,753,0.98,OR,"[0.72, 1.32]",0.87,=,,8,no
10.1038/s41377-023-01083-9,https://doi.org/10.1038/s41377-023-01083-9,,,,,,,,False,,,,,,,,,,,,,,,,,,,,,,,,,,,,,,,
10.1038/s41380-023-02381-9,https://doi.org/10.1038/s41380-023-02381-9,,,,,,,,True,,"Li, A.; Zalesky, A.; Yue, W.; Howes, O.; Yan, H.; Liu, Y.",A neuroimaging biomarker for striatal dysfunction in schizophrenia,Nature Medicine,26,,558-565,2020,A functional striatal abnormalities (FSA) index derived from resting-state fMRI can accurately discriminate individuals with non-affective psychosis from healthy controls with approximately 80% accuracy,success,close,neuroscience,cognitive neuroscience,"The authors explicitly conclude that 'the original findings on the performance of the FSA as a diagnostic biomarker for schizophrenia are generalizable out of sample,' with AUC = 75.7% replicating the original 80.1%, and consistently higher FSA values in controls than patients, better non-affective classification, and GSR benefits all consistent with the original.",high,1100,,,,,,,152,,,,,,,8,no
10.1038/s41380-023-02381-9,https://doi.org/10.1038/s41380-023-02381-9,,,,,,,,True,,"Li, A.; Zalesky, A.; Yue, W.; Howes, O.; Yan, H.; Liu, Y.",A neuroimaging biomarker for striatal dysfunction in schizophrenia,Nature Medicine,26,,558-565,2020,"Baseline FSA scores significantly correlate with symptom improvement following antipsychotic treatment (r = 0.62 and r = 0.42, both p < 0.01 in two cohorts), indicating FSA has prognostic capability",failure,close,neuroscience,cognitive neuroscience,"The replication found near-zero correlations between baseline FSA and symptom improvement (r = 0.038-0.089, p = 0.45-0.75), and the authors explicitly conclude that 'the original correlation between baseline FSA and treatment response did not replicate, and therefore it cannot be confirmed that the FSA has external validity as a prognostic biomarker.'",high,,0.62,r,,0.01,<,,97,0.089,r,,0.45,=,,8,no
10.1038/s41386-022-01405-2,https://doi.org/10.1038/s41386-022-01405-2,,,,,,,,False,,,,,,,,,,,,,,,,,,,,,,,,,,,,,,,
10.1038/s41393-020-00536-x,https://doi.org/10.1038/s41393-020-00536-x,,,,,,,,True,https://doi.org/10.1177/1545968317746781,"Tong, B.; Jutzeler, C.; Cragg, J.; Grassner, L.; Schwab, J.; Casha, S.",Serum albumin predicts long-term neurological outcomes after acute spinal cord injury,Neurorehabilitation and Neural Repair,,,154596831774678,2017,Serum albumin concentrations measured early after spinal cord injury (within 1 month) are associated with baseline injury severity and independently predict long-term neurological outcomes after adjustment for baseline injury characteristics,inconclusive,close extension,medical fields,rehabilitation medicine,"The authors describe their results as 'partially confirm[ing] our previous observations.' The current study replicated the finding that serum albumin associates with baseline injury severity, and found unadjusted associations with 1-year outcomes, but failed to replicate the key finding that serum albumin independently predicts neurological recovery after adjusting for baseline injury severity. The replication used a different contemporary dataset (SCIRehab vs. Sygen trial), different albumin measurement timing, and a different statistical approach (URP-CTREE vs. linear/logistic regression).",high,,,,,,,,167,,,,0.001,=,,8,no
10.1038/s41398-019-0380-2,https://doi.org/10.1038/s41398-019-0380-2,,,,,,,,True,,"Orekhova, E.",EEG hyper-connectivity in high-risk infants is associated with later autism,Journal of Neurodevelopmental Disorders,6,,40,2014,Higher global alpha EEG connectivity (7-8 Hz) at 14 months of age in high-risk infants predicts later ASD diagnosis at 36 months,failure,close,neuroscience,cognitive neuroscience,The authors explicitly state: 'we did not replicate the previous observation of elevated connectivity in high-risk infants with later ASD.' No significant differences in global or network-level alpha connectivity were found between the HR-ASD group and comparison groups.,high,,,,,,,,101,-0.17,r,,0.353,=,two-sided,8,no
10.1038/s41398-019-0380-2,https://doi.org/10.1038/s41398-019-0380-2,,,,,,,,True,,"Orekhova, E.",EEG hyper-connectivity in high-risk infants is associated with later autism,Journal of Neurodevelopmental Disorders,6,,40,2014,Higher alpha EEG functional connectivity in fronto-central connections at 14 months associates with greater severity of restricted and repetitive behaviours (RRBs) measured by ADI-R at 36 months in infants with later ASD diagnosis,success,close,neuroscience,cognitive neuroscience,"The authors explicitly state: 'we replicate the finding of an association between elevated connectivity over fronto-central connections based on the previous study and later restrictive and repetitive behaviours in infants with later ASD.' The replication found a significant correlation between fronto-central connectivity and ADI-R RRB scores within the HR-ASD group (Spearman's rho = 0.60, p = 0.037).",high,,,,,,,,12,0.6,r,,0.037,=,two-sided,8,no
10.1038/s41398-021-01366-y,https://doi.org/10.1038/s41398-021-01366-y,,,,,,,,True,https://doi.org/10.1038/mp.2015.109,"Whitfield-Gabrieli, S.",Brain connectomics predict response to treatment in social anxiety disorder,Molecular Psychiatry,,,,2015,"Baseline resting-state fMRI amygdala connectivity can predict response to cognitive-behavioral therapy for social anxiety disorder, with amygdala connectivity explaining 21% of the variance in treatment outcomes above and beyond baseline symptom severity",failure,close extension,neuroscience,cognitive neuroscience,"The replication found only 2% additional variance explained by amygdala connectivity (vs. 21% in the original), with marginal statistical significance (p = 0.097-0.101). The authors conclude: 'This model provided a small improvement in the prediction of treatment response... approximately 1/10th of the effect size in the original report,' and 'A more flexible test of model replication...found no significant prediction of treatment response.'",high,38,0.21,r_squared,"[0.027, 0.46]",,,,42,0.02,r_squared,,0.097,=,,8,no
10.1038/s41398-021-01558-6,https://doi.org/10.1038/s41398-021-01558-6,,,,,,,,True,https://doi.org/10.1038/s41380-020-00932-y,"Zheng, H.; Ford, B.; Bergamino, M.; Kuplicki, R.; Tulsa, I.; Hunt, P.",A hidden menace? Cytomegalovirus infection is associated with reduced cortical gray matter volume in major depressive disorder,Molecular Psychiatry,,,,2020,"HCMV seropositivity is associated with reduced gray matter volume in several brain regions (particularly orbitofrontal, temporal, and parietal areas) in individuals with major depressive disorder",success,close,neuroscience,cognitive neuroscience,"The authors explicitly state in the conclusion: 'we replicate the finding that HCMV infection is associated with GMV reduction in the context of MDD.' Two specific regions (right lateral orbitofrontal cortex and left pars orbitalis) showed significant volume reduction in the HCMV+ group in both the original and replication studies, using an identical statistical procedure in a fully independent sample.",high,,,,,,,,99,,,,,,,8,no
10.1038/s41467-025-62462-x,https://doi.org/10.1038/s41467-025-62462-x,,,,,,,,True,,"Effron, D.; Raj, M.",Misinformation and morality: encountering fake-news headlines makes them seem less unethical to publish and share,Psychological Science,31,,75-87,2020,Repeated exposure to false headlines reduces moral condemnation of sharing them (Study 4: participants who saw headlines in a familiarization stage rated those headlines as less unethical to share than novel headlines they had not previously seen),success,conceptual,psychology,social psychology,"The authors explicitly state in the Discussion: 'We successfully replicated the finding that repeated exposure decreases moral condemnation.' The replication effect estimate (β = -4.66pp) was functionally identical to the original (β = -4.64pp), and the paper is described as a registered report with a 'clear conceptual replication of the negative effect of repetition on moral condemnation.'",high,,0.28,d,,,,,800,,,,0.001,<,two-sided,8,no
10.1038/s41562-020-0822-0,https://doi.org/10.1038/s41562-020-0822-0,,,,,,,,True,,"Louie, K.; Khaw, M.; Glimcher, P.",Normalization is a general neural mechanism for context-dependent decision making,Proceedings of the National Academy of Sciences,110,,6139-6144,2013,"Higher-value distractor options decrease relative choice accuracy between two target options in ternary food-snack choices, attributed to divisive normalization of neural value representations",failure,direct,psychology,cognitive psychology,"The authors explicitly state 'we could not replicate the distractor effect' and describe 'our unsuccessful replication'. Using the Small Telescopes approach and a Bayes factor of BF01 = 241, they obtained very strong evidence for the null hypothesis, with an effect size of Cohen's d = -0.01 (95% CI = [-0.01, 0.01]) compared to the original's significant negative effect.",high,40,,,,,,,102,-0.01,d,"[-0.01, 0.01]",0.479,=,one-sided,8,no
10.1038/s41562-020-0822-0,https://doi.org/10.1038/s41562-020-0822-0,,,,,,,,True,,"Louie, K.; Khaw, M.; Glimcher, P.",Normalization is a general neural mechanism for context-dependent decision making,Proceedings of the National Academy of Sciences,110,,6139-6144,2013,"Higher-value distractor options decrease relative choice accuracy between two target options in ternary food-snack choices, attributed to divisive normalization of neural value representations",failure,close extension,psychology,cognitive psychology,"The eye-tracking experiment also failed to replicate the distractor effect on choice accuracy (d = 0.03, p = .583, one-sided). The authors conclude 'the results of our two studies and the reanalysis of a previously published dataset suggest that there is no reliable distractor effect on choices.' The eye-tracking design added additional features (triangular option layout, keyboard responses, eye-tracking) and is classified as a close extension.",high,40,,,,,,,37,0.03,d,"[-0.02, 0.02]",0.583,=,one-sided,8,no
10.1038/s41586-019-1741-y,https://doi.org/10.1038/s41586-019-1741-y,,,,,,,,True,,"Cohn, A.; Fehr, E.; Maréchal, M.",Business culture and dishonesty in the banking industry,Nature,516,,86-89,2014,"Bankers primed to think about their professional identity (compared to those primed about leisure activities) become more dishonest, as measured by over-reporting of winning coin flips in an incentivized task",failure,close extension,economics,behavioral economics,"The Asia Pacific banker study (n=620) found a very small, non-significant effect (Cohen's d=0.06, p=0.111) compared to the original's d=0.37, p=0.017. The authors explicitly state: 'we do not find any significant increase in dishonesty among primed bankers in the Middle East and Asia Pacific, in contrast to the main study of the original publication.'",high,128,0.37,d,,0.017,=,one-sided,620,0.06,d,,0.111,=,one-sided,8,no
10.1038/s41586-019-1741-y,https://doi.org/10.1038/s41586-019-1741-y,,,,,,,,True,,"Cohn, A.; Fehr, E.; Maréchal, M.",Business culture and dishonesty in the banking industry,Nature,516,,86-89,2014,"Bankers primed to think about their professional identity (compared to those primed about leisure activities) become more dishonest, as measured by over-reporting of winning coin flips in an incentivized task",failure,close extension,economics,behavioral economics,"The Middle East banker study (n=148) found a very small, non-significant effect (Cohen's d=0.11, p=0.261). The authors conclude that 'the findings of the original main study did not replicate based on the conventional significance level of α=0.05 in the...Middle Eastern...individual banker samples.'",high,128,0.37,d,,0.017,=,one-sided,148,0.11,d,,0.261,=,one-sided,8,no
10.1038/s41598-017-07404-4,https://doi.org/10.1038/s41598-017-07404-4,,,,,,,,True,,"Gudbjartsson, D.",A sequence variant in ZFHX3 on 16q22 associates with atrial fibrillation and ischemic stroke,Nature Genetics,41,,876-878,2009,A sequence variant (rs7193343) in ZFHX3 on chromosome 16q22 is associated with ischemic stroke (particularly cardioembolic stroke),success,close extension,medical fields,cardiovascular medicine,"The authors explicitly state they 'replicated 16q22 (ZFHX3) as a risk locus for CE (OR = 1.62 for the T allele; 95% CI, 1.26–2.07, p = 0.0014) and found this locus significantly associated with overall IS (OR = 1.28; 95% CI, 1.12–1.47, p = 0.002)', confirming the original association in a Dutch population.",high,,1.11,OR,"[1.04, 1.17]",0.00054,=,,1364,1.24,OR,"[1.08, 1.42]",0.016,=,,8,no
10.1038/s41598-017-07404-4,https://doi.org/10.1038/s41598-017-07404-4,,,,,,,,True,,"Kilarski, L.","Meta-analysis in more than 17,900 cases of ischemic stroke reveals a novel association at 12q24.12",Neurology,83,,678-685,2014,Variant rs2634074 at the PITX2 locus (4q25) is associated with cardioembolic ischemic stroke,success,close extension,medical fields,cardiovascular medicine,"The authors 'confirmed the association at rs2634074 with CE stroke (OR = 1.43 for the T allele; 95% CI, 1.13–1.81, p = 0.029)' in a Dutch population, successfully replicating the previously reported association.",high,,1.33,OR,"[1.24, 1.42]",1e-16,=,,220,1.43,OR,"[1.13, 1.81]",0.029,=,,8,no
10.1038/s41598-017-07404-4,https://doi.org/10.1038/s41598-017-07404-4,,,,,,,,True,,"Gretarsdottir, S.",Risk variants for atrial fibrillation on chromosome 4q25 associate with ischemic stroke,Annals of Neurology,64,,402-409,2008,Variant rs2200733 at the PITX2 locus (4q25) is associated with cardioembolic ischemic stroke,failure,close extension,medical fields,cardiovascular medicine,"The authors could not replicate the association at rs2200733 (OR = 1.30; 95% CI, 0.96–1.76; p = 0.60), reporting in the Discussion that this failure was likely due to limited power (56%) owing to the lower frequency of this variant.",high,,1.54,OR,"[1.33, 1.78]",8.1e-09,=,,220,1.30,OR,"[0.96, 1.76]",0.6,=,,8,no
10.1038/s41598-017-07404-4,https://doi.org/10.1038/s41598-017-07404-4,,,,,,,,True,,Ninds Stroke G.; Network (Sign); Isgc I.,Loci associated with ischaemic stroke and its subtypes (SiGN): a genome-wide association study,Lancet Neurology,15,,4-7,2015,Variant rs12122341 at the TSPAN2 locus (1p13.2) is associated with large artery atherosclerotic ischemic stroke,failure,close extension,medical fields,cardiovascular medicine,"The authors 'could not replicate the previously-established associations at the 1p13.2 (TSPAN2)' locus; the replication OR was 1.09 (95% CI, 0.90–1.32, p = 0.99) in the Dutch population.",high,,1.19,OR,"[1.12, 1.26]",1.3e-09,=,,360,1.09,OR,"[0.9, 1.32]",0.99,=,,8,no
10.1038/s41598-017-07404-4,https://doi.org/10.1038/s41598-017-07404-4,,,,,,,,True,,"Holliday, E.",Common variants at 6p21.1 are associated with large artery atherosclerotic stroke,Nature Genetics,44,,1147-1151,2012,Variant rs556621 at the SUPT3H/CDC5L locus (6p21.1) is associated with large artery atherosclerotic stroke,failure,close extension,medical fields,cardiovascular medicine,"The authors could not replicate the association at 6p21.1 (SUPT3H/CDC5L); OR was 0.89 (95% CI, 0.44–1.06, p = 0.86) and notably the effect direction was reversed relative to the original report.",high,,1.21,OR,"[1.13, 1.3]",4.7e-08,=,,360,0.89,OR,"[0.44, 1.06]",0.86,=,,8,no
10.1038/s41598-017-07404-4,https://doi.org/10.1038/s41598-017-07404-4,,,,,,,,True,,"Bellenguez, C.",Genome-wide association study identifies a variant in HDAC9 associated with large vessel ischemic stroke,Nature Genetics,44,,328-333,2012,Variant rs2107595 at the HDAC9 locus (7p21.1) is associated with large vessel ischemic stroke,failure,close extension,medical fields,cardiovascular medicine,"The authors could not replicate the association at 7p21.1 (HDAC9); the replication OR for rs2107595 was 1.22 (95% CI, 0.99–1.51, p = 0.43), not reaching significance in the Dutch population.",high,,1.39,OR,"[1.27, 1.53]",2e-16,=,,359,1.22,OR,"[0.99, 1.51]",0.43,=,,8,no
10.1038/s41598-017-07404-4,https://doi.org/10.1038/s41598-017-07404-4,,,,,,,,True,,"Gschwendtner, A.",Sequence variants on chromosome 9p21.3 confer risk for atherosclerotic stroke,Annals of Neurology,65,,531-539,2009,Variant rs2383207 at the CDKN2B-AS1 locus (9p21.3) is associated with atherosclerotic stroke,failure,close extension,medical fields,cardiovascular medicine,"The authors could not replicate the 9p21.3 (CDKN2B-AS1) association; OR was 1.24 (95% CI, 1.05–1.46) for LAA but p = 0.11, which did not reach significance, and the authors listed it as a failed replication.",high,,1.16,OR,"[1.04, 1.29]",0.0083,=,,362,1.24,OR,"[1.05, 1.46]",0.11,=,,8,no
10.1038/s41598-017-07404-4,https://doi.org/10.1038/s41598-017-07404-4,,,,,,,,True,,"Williams, F.",Ischemic stroke is associated with the ABO locus: the EuroCLOT study,Annals of Neurology,73,,16-31,2013,Variant rs505922 at the ABO locus (9q34) is associated with ischemic stroke,failure,close extension,medical fields,cardiovascular medicine,"The authors could not replicate the ABO (9q34) association; OR for overall IS was 1.09 (95% CI, 0.97–1.22, p = 0.74), not reaching significance, and it was listed among the failed replications in the Discussion.",high,,1.07,OR,"[1.03, 1.11]",0.0006,=,,1358,1.09,OR,"[0.97, 1.22]",0.74,=,,8,no
10.1038/s41598-017-07404-4,https://doi.org/10.1038/s41598-017-07404-4,,,,,,,,True,,"Kilarski, L.","Meta-analysis in more than 17,900 cases of ischemic stroke reveals a novel association at 12q24.12",Neurology,83,,678-685,2014,Variant rs10744777 at the ALDH2 locus (12q24) is associated with ischemic stroke,failure,close extension,medical fields,cardiovascular medicine,"The authors could not replicate the 12q24 (ALDH2) association; OR for overall IS was 1.01 (95% CI, 0.90–1.12, p = 1.00), and it was listed among the failed replications in the Discussion.",high,,1.10,OR,"[1.07, 1.13]",7.1e-12,=,,1359,1.01,OR,"[0.9, 1.12]",1.0,=,,8,no
10.1038/s41598-018-25634-y,https://doi.org/10.1038/s41598-018-25634-y,,,,,,,,True,https://doi.org/10.1097/FPC.0000000000000036,"Senapati, S.",Genome-wide analysis of methotrexate pharmacogenomics in rheumatoid arthritis shows multiple novel risk variants and leads for TYMS regulation,Pharmacogenet Genomics,24,,211-219,2014,Eleven SNPs identified by genome-wide association study (GWAS) are associated with response to methotrexate in rheumatoid arthritis patients,failure,close,medical fields,rheumatology,None of the 11 SNPs selected from this GWAS reached the authors' pre-specified Bonferroni-corrected significance threshold in the replication cohort of 915 patients; the authors conclude that 'it is not surprising that we did not replicate any of the SNPs selected from that GWAS in our study.',high,457,,,,,,,915,,,,,,,8,no
10.1038/s41598-018-25634-y,https://doi.org/10.1038/s41598-018-25634-y,,,,,,,,True,https://doi.org/10.2217/pgs-2016-0158,"Chen, Y.; Zou, K.; Sun, J.; Yang, Y.; Liu, G.",Are gene polymorphisms related to treatment outcomes of methotrexate in patients with rheumatoid arthritis? A systematic review and meta-analysis,Pharmacogenomics,18,,175-195,2017,Fourteen SNPs from candidate gene studies (including rs1801394 in MTRR) are associated with response to methotrexate in patients with rheumatoid arthritis,inconclusive,close,medical fields,rheumatology,"Of the 14 candidate gene SNPs tested, only 1 (rs1801394 in MTRR) survived Bonferroni correction (ΔDAS28 β=−0.14, SE=0.04, p=0.0016; EULAR NR OR=1.39, 95% CI 1.11–1.75, p=0.004), while the remaining 13 SNPs failed to replicate. Three of the four SNPs showing nominal association were in the opposite direction to prior reports. The authors conclude 'this lack of reproducibility is common for candidate gene studies' but highlight rs1801394 as robustly replicated. Classified as inconclusive because the aggregate result is mixed: 1 of 14 SNPs replicated convincingly, but the vast majority failed. The original study cited is the systematic review that guided SNP selection; the 14 SNPs came from multiple primary studies (refs 7–21).",high,,,,,,,,915,,,,,,,8,no
10.1038/s41598-020-63924-6,https://doi.org/10.1038/s41598-020-63924-6,,,,,,,,True,https://doi.org/10.1016/j.media.2013.06.003,"Chen, Q.",Automated drusen segmentation and quantification in SD-OCT images,Medical Image Analysis,17,,1058-1072,2013,An algorithm for automated drusen segmentation and quantification in SD-OCT images achieves high accuracy (overlap ratio 67-76%) on OCT image data,failure,close extension,engineering,biomedical engineering,"The authors re-implemented Chen et al.'s algorithm and tested it on an independent dataset using the same metrics, finding substantially lower performance (overlap ratio 25-39% vs. 67-76% originally reported). They conclude: 'we replicated a reportedly well-performing algorithm for OCT-based drusen quantification and found algorithm performance to be inferior to the reported results.'",high,,,,,,,,,,,,,,,8,no
10.1038/s41598-020-67721-z,https://doi.org/10.1038/s41598-020-67721-z,,,,,,,,True,https://doi.org/10.3389/fnbeh.2015.00027,"Volz, K.; Vogeley, K.; Tittgemeyer, M.; Von Cramon, D.; Sutter, M.",The neural basis of deception in strategic interactions,Frontiers in Behavioral Neuroscience,,,,2015,"Deceptive intentions (both telling false statements and manipulative truth-telling) compared to truth-telling are associated with increased BOLD signals in the right temporoparietal junction (rTPJ), a region involved in socio-cognitive/Theory of Mind processes, during a strategic sender-receiver game",success,close extension,neuroscience,cognitive neuroscience,The authors explicitly state in the conclusion: 'The obtained results not only replicate but also expand the results of Volz et al. (2015)'; and in the Discussion: 'This result replicates the findings of Volz and colleagues regarding the involvement of the rTPJ in actions with deceptive intentions.' The same sender-receiver game paradigm was used but translated to Russian and run in Russia with Russian-speaking participants.,high,,,,,,,,23,,,,,,,8,no
10.1038/s41598-021-00752-2,https://doi.org/10.1038/s41598-021-00752-2,,,,,,,,False,,,,,,,,,,,,,,,,,,,,,,,,,,,,,,,
10.1038/s41598-022-05923-3,https://doi.org/10.1038/s41598-022-05923-3,,,,,,,,True,,"Laukkonen, R.; Kaveladze, B.; Tangen, J.; Schooler, J.",The dark side of Eureka: Artificially induced aha moments make facts feel true,Cognition,196,,104122,2020,"Artificially induced aha moments (from solving anagrams) increase the perceived truth of mundane facts presented simultaneously, due to misattribution of the feeling of insight",success,close extension,psychology,cognitive psychology,"The paper explicitly tests and extends the 'insight misattribution' effect from Laukkonen et al. (2020) — which demonstrated the effect with mundane facts — to worldview beliefs, using the same anagram paradigm. Both the demonstration and internal replication samples confirmed the effect, with the Discussion concluding that 'artificially induced aha experiences can impact people's assessments of central premises about the world.'",high,,0.321,d,,,,,2489,0.25,d,,0.001,<,,8,no
10.1038/s41598-022-06663-0,https://doi.org/10.1038/s41598-022-06663-0,,,,,,,,True,https://doi.org/10.1016/S1474-4422(10)70002-8,"Tang, C.",Differential diagnosis of parkinsonism: A metabolic imaging study using pattern analysis,Lancet Neurology,9,,149-158,2010,An FDG-PET automated probabilistic two-level classification algorithm can accurately differentiate between Parkinson's disease (PD) and atypical parkinsonian syndromes (APS) using disease-specific metabolic brain patterns,success,close extension,neuroscience,cognitive neuroscience,"The authors explicitly state in the Discussion that the FDG-PET automated classification algorithm 'has been replicated in 35 Swedish patients with PD, MSA and PSP with very good accuracy,' achieving 84% sensitivity and 100% specificity for PD vs. APS at level 1, consistent with pooled meta-analysis results (sensitivity 0.84, specificity 0.96). The replication applied the same algorithm with the same cut-off values to a new geographic cohort (Stockholm, Sweden).",high,,,,,,,,35,,,,,,,8,no
10.1038/s41598-022-10567-4,https://doi.org/10.1038/s41598-022-10567-4,,,,,,,,True,,"Guevarra, D.; Moser, J.; Wager, T.; Kross, E.",Placebos without deception reduce self-report and neural measures of emotional distress,Nature Communications,11,1,1-8,2020,An open-label placebo (OLP) administered via saline nasal spray reduces emotional distress and late positive potential (LPP) amplitudes while viewing unpleasant scenes,success,conceptual,psychology,psychophysiology,"The authors explicitly state their study aimed at 'a conceptual replication' of Guevarra et al. and conclude that findings were 'consistent with a previous OLP/EEG study,' demonstrating that OLP reduced both subjective distress (less arousal, lower anger intensity ratings) and LPP amplitudes. The study used facial expressions rather than unpleasant scenes, making it a conceptual rather than direct replication.",high,,,,,,,,103,0.54,d,,0.009,=,two-sided,8,no
10.1038/s41598-022-23411-6,https://doi.org/10.1038/s41598-022-23411-6,,,,,,,,True,,"Ishihara, M.; Keller, P.; Rossetti, Y.; Prinz, W.",Horizontal spatial representations of time: evidence for the STEARC effect,Cortex,44,,454-461,2008,"Participants show faster left-hand responses to auditory targets with early onset timing and faster right-hand responses to targets with late onset timing (the STEARC effect), when judging onset timing of an auditory target relative to a reference beat sequence",success,conceptual,psychology,cognitive psychology,"The authors explicitly describe Experiment 1 as 'a conceptual replication of the original study' and state in the Conclusion: 'Consistently with the original work by Ishihara et al., we successfully replicated the STEARC effect by employing a direct task in Experiment 1.' The key methodological difference was using four onset timing conditions (two early, two late) instead of the original two.",high,,,,,,,,35,-0.552,d,,0.005,<,,8,no
10.1038/s41598-022-23992-2,https://doi.org/10.1038/s41598-022-23992-2,,,,,,,,False,,,,,,,,,,,,,,,,,,,,,,,,,,,,,,,
10.1038/s41598-023-43885-2,https://doi.org/10.1038/s41598-023-43885-2,,,,,,,,True,https://doi.org/10.37016/mr-2020-47,"Roozenbeek, J.; Van Der Linden, S.","Breaking harmony square: A game that ""inoculates"" against political misinformation",Harvard Kennedy School HKS Misinformation Review,,,,2020,"Playing the Harmony Square game inoculates players against political misinformation, reducing perceived reliability and sharing intentions of manipulative content, and increasing confidence in detecting manipulation techniques",inconclusive,conceptual,psychology,social psychology,"The replication using a different game (Cat Park) successfully replicated two of three hypotheses: participants found misinformation less reliable (d = 0.95, p < 0.001) and were less willing to share it (d = 0.54, p < 0.001), but unlike the original Harmony Square study, Cat Park players did not become significantly more confident in their ability to identify misinformation (p = 0.204, d = -0.13). The authors themselves describe it as 'a mostly successful conceptual replication.'",high,,0.50,d,,,,,380,0.95,d,,0.001,<,,8,no
10.1038/s41598-024-53427-z,https://doi.org/10.1038/s41598-024-53427-z,,,,,,,,True,https://doi.org/10.1038/s41467-021-25734-w,"Szekely, A.",Evidence from a long-term experiment that collective risks change social norms and promote cooperation,Nature Communications,12,,,2021,"Different behavioural types (empirical cooperators, normative cooperators, social norm followers, threshold-driven types, and unconditional types) emerge in a collective-risk social dilemma experiment and respond differently to empirical and normative expectations",success,direct,economics,behavioral economics,"The authors explicitly state 'Wave 2 convincingly replicated the existence of behavioural types. Not only can participants be classified in the same groups, but even the percentage of each type in the population is approximately the same.' The same five behavioral types were identified in Wave 2 in similar proportions.",high,286,,,,,,,293,,,,,,,8,no
10.1038/s41598-024-53427-z,https://doi.org/10.1038/s41598-024-53427-z,,,,,,,,True,https://doi.org/10.1038/s41467-021-25734-w,"Szekely, A.",Evidence from a long-term experiment that collective risks change social norms and promote cooperation,Nature Communications,12,,,2021,"Strong social norms that emerge under high risk make cooperative behaviour 'sticky', creating inertia so that cooperation decreases more slowly after a decrease in risk than it increases after a risk increase",failure,direct,economics,behavioral economics,"The authors explicitly state 'Unexpectedly, we do not replicate the resilience of cooperative behaviour when moving from High to Low risk.' In Wave 2, contributions in the High Low treatment dropped immediately and significantly when risk changed (b = -4.833, p < 0.001), unlike Wave 1 where norms created an inertia effect.",high,286,,,,,,,293,,,,,,,8,no
10.1038/s41598-024-72749-6,https://doi.org/10.1038/s41598-024-72749-6,,,,,,,,True,https://doi.org/10.5334/cpsy.57,"Hopkins, A.; Dolan, R.; Button, K.; Moutoussis, M.",A reduced self-positive belief underpins greater sensitivity to negative evaluation in socially anxious individuals,Computational Psychiatry,5,1,21-37,2021,"In social evaluation learning, a reduced positive self-belief (rather than biased updating or learning rates) is the primary computational mechanism underpinning greater sensitivity to negative social feedback in socially anxious individuals, and belief updating models outperform associative learning models in explaining this",success,close extension,psychology,clinical psychology,"The authors explicitly state 'these results replicate our previous analyses [34]' (p.7). Two authors (Moutoussis, Button) overlap with the original study, confirming this is a self-replication. The core finding from Hopkins et al. (2021) — that reduced positive self-beliefs about the self (b_Self), rather than biased updating or learning rates, is the primary computational mechanism in social anxiety — replicated significantly in both the mega-analysis (β = −0.18, p < .001) and the independent pre-registered dataset (β = −0.10, p = .013). Belief updating models also outperformed associative learning models across both datasets. The one finding that did NOT replicate was the secondary association between slower belief updating (λ) and depression (Mega-analysis: β = −0.15, p = .002; Preregistered: β = −0.04, p = .251). Overall the paper's primary replication target — the role of reduced positive self-beliefs — was clearly successful.",high,450,-0.18,standardized beta (SEM),"[-0.27, -0.08]",<.001,SEM path coefficient,two-tailed,807,-0.10,standardized beta (SEM),"[-0.18, -0.02]",.013,SEM path coefficient,two-tailed,8,no
10.1038/s41598-025-12592-5,https://doi.org/10.1038/s41598-025-12592-5,,,,,,,,True,https://doi.org/10.1080/15622975.2016.1190033,"Kesselmeier, M.",High-throughput DNA methylation analysis in anorexia nervosa confirms TNXB hypermethylation,World Journal of Biological Psychiatry,19,,187-199,2018,"Hypomethylation at the NR1H3 gene locus in females with anorexia nervosa compared to healthy-lean controls, as identified by epigenome-wide association study (EWAS) of whole blood DNA methylation",failure,close,medical fields,psychiatry,"The authors explicitly aimed to replicate their own previous finding of hypomethylation at NR1H3 in AN using a larger independent sample, and clearly report failure: 'we were unable to replicate methylation differences at NR1H3, regardless of the methylation direction previously reported.' Despite including 189 AN patients and 67 controls, no significant methylation differences were found at any of the 15 investigated CpG sites.",high,47,,,,,,,256,,,,,,,8,no
10.1038/s44271-024-00067-8,https://doi.org/10.1038/s44271-024-00067-8,,,,,,,,True,,"Wang, S.; Itthipuripat, S.; Ku, Y.",Electrical stimulation over human posterior parietal cortex selectively enhances the capacity of visual short-term memory,Journal of Neuroscience,39,,528-536,2019,"Anodal tDCS over the right posterior parietal cortex (PPC), but not the dorsolateral prefrontal cortex (DLPFC), selectively improves visual working memory capacity (but not precision) especially at high memory load (set size 6)",failure,conceptual,neuroscience,cognitive neuroscience,The authors explicitly call this a 'conceptual replication' and clearly reject their main hypothesis: 'we found no credible evidence of such selective effects' and 'our Hypothesis 1 (improvements of capacity) was rejected.' The absence of the PPC-tDCS effect was supported by strong Bayesian evidence (BF+0_10 = 1/20.20).,high,18,1.028,d,,,,,48,-0.2,d,"[-0.43, None]",0.909,=,one-sided,8,no
10.1038/s44271-025-00315-5,https://doi.org/10.1038/s44271-025-00315-5,,,,,,,,False,,,,,,,,,,,,,,,,,,,,,,,,,,,,,,,
10.1038/sdata.2016.98,https://doi.org/10.1038/sdata.2016.98,,,,,,,,True,,"Thibodeau, P.; Boroditsky, L.",Metaphors we think with: The role of metaphor in reasoning,PLoS ONE,6,,16782,2011,"The metaphor used to describe a city's crime problem (beast vs. virus) influences the type of counter-measures participants suggest, with beast framing eliciting enforcement proposals and virus framing eliciting reform proposals",success,close extension,psychology,cognitive psychology,"The authors explicitly state 'our results represent a successful replication of the metaphor-framing effect reported by Thibodeau and Boroditsky' and conclude 'the successful replication of Thibodeau and Boroditsky demonstrates that a metaphor-framing effect does exist.' The replication is a close extension because the same paradigm was used but conducted in German with a different cultural population, and an additional factor (metaphor vs. simile) was added.",high,485,,,,,,,115,,,,0.034,=,one-sided,8,no
10.1038/sj.bjc.6605653,https://doi.org/10.1038/sj.bjc.6605653,,,,,,,,False,,,,,,,,,,,,,,,,,,,,,,,,,,,,,,,
10.1038/sj.ejhg.5200687,https://doi.org/10.1038/sj.ejhg.5200687,,,,,,,,True,,"Hampe, J.; Shaw, S.; Saiz, R.",Linkage of inflammatory bowel disease to human chromosome 6p,Am J Hum Genet,65,,1647-1655,1999,Inflammatory bowel disease (IBD) susceptibility is linked to human chromosome 6p (IBD3 locus) based on multipoint LOD scores in affected sibling pair families,success,direct,biology,genetics,"The authors explicitly state: 'In the present study, we have replicated the 6p linkage in our IBD population containing 284 ASPs.' The nonparametric peak multipoint LOD score of 3.04 near D6S291 exceeded the proposed criteria for independent replication of significant linkage (LOD=1.5).",high,,,,,,,,284,,,,,,,8,no
10.1038/sj.ejhg.5200687,https://doi.org/10.1038/sj.ejhg.5200687,,,,,,,,True,,"Satsangi, J.; Parkes, M.; L.","Two stage genome-wide search in inflammatory bowel disease provides evidence for susceptibility loci on chromosomes 3, 7 and 12",Nat Genet,14,,199-202,1996,Inflammatory bowel disease (IBD) susceptibility is linked to chromosome 3p based on suggestive linkage in genome-wide scan of affected sibling pair families,failure,close extension,biology,genetics,"The authors conducted an extension study in an expanded cohort of 284 IBD ASPs and found: 'Linkage was not detected in either the 3p or the 7q region.' The largest LOD score for 3p was only 1.25 for CD, and re-analysis of the original families also failed to support the earlier finding.",high,,,,,,,,284,,,,,,,8,no
10.1038/sj.ejhg.5200687,https://doi.org/10.1038/sj.ejhg.5200687,,,,,,,,True,,"Satsangi, J.; Parkes, M.; L.","Two stage genome-wide search in inflammatory bowel disease provides evidence for susceptibility loci on chromosomes 3, 7 and 12",Nat Genet,14,,199-202,1996,Inflammatory bowel disease (IBD) susceptibility is linked to chromosome 7q based on suggestive linkage in genome-wide scan of affected sibling pair families,failure,close extension,biology,genetics,"The authors conducted an extension study in an expanded cohort of 284 IBD ASPs and found: 'Linkage was not detected in either the 3p or the 7q region.' The largest LOD score for 7q was only 1.26 for CD, and the paper notes that 'six genome scans and four replication studies have failed to detect linkage to chromosome 7,' suggesting the original finding may have been a false positive.",high,,,,,,,,284,,,,,,,8,no
10.1038/sj.ejhg.5201317,https://doi.org/10.1038/sj.ejhg.5201317,,,,,,,,True,,"Pankratz, N.; Nichols, W.; Uniacke, S.",Significant linkage of Parkinson disease to chromosome 2q36-37,American Journal of Human Genetics,72,,1053-1057,2003,Significant genetic linkage of Parkinson's disease to a 39.5 cM region on chromosome 2q36-37 (PARK11) under an autosomal dominant model of inheritance in families with strong family history of PD,failure,close extension,biology,genetics,"The authors explicitly state they 'performed a replication study' using the same markers, family selection criteria, and autosomal dominant model as Pankratz et al., but in a European population. The study found no significant linkage (highest LOD score 0.6, far below significance), concluding: 'our study did not provide evidence of a susceptibility locus for Parkinson's disease at 2q36-37 in our families.'",high,,,,,,,,153,,,,,,,8,no
10.1038/sj.gene.6364390,https://doi.org/10.1038/sj.gene.6364390,,,,,,,,False,,,,,,,,,,,,,,,,,,,,,,,,,,,,,,,
10.1038/sj.gene.6364398,https://doi.org/10.1038/sj.gene.6364398,,,,,,,,True,,"Franchimont, D.; Vermeire, S.; El Housni, H.; Pierik, M.; Van Steen, K.; Gustot, T.",Deficient host-bacteria interactions in inflammatory bowel disease? The toll-like receptor (TLR)-4 Asp299gly polymorphism is associated with Crohn's disease and ulcerative colitis,Gut,53,,987-992,2004,The TLR4 Asp299Gly (TLR4 299Gly) polymorphism is associated with increased risk of Crohn's disease and ulcerative colitis,success,close,biology,genetics,"The authors genotyped 1539 of their own IBD cases and combined with all published studies (4805 total cases), and explicitly state in the Discussion: 'we have found evidence to confirm the association of TLR4 299Gly with CD and IBD.' The pooled analysis (excluding original) shows OR=1.22 (95% CI: 1.06-1.40; P=0.002) for IBD, and all-studies pooled shows OR=1.26 (95% CI: 1.10-1.43; P=0.00017) for IBD and OR=1.33 (95% CI: 1.16-1.54; P=0.000035) for CD.",high,610,2.34,OR,"[1.32, 4.18]",,,,4195,1.22,OR,"[1.06, 1.4]",0.002,=,one-sided,8,no
10.1038/sj.gene.6364398,https://doi.org/10.1038/sj.gene.6364398,,,,,,,,True,,"Karban, A.; Okazaki, T.; Panhuysen, C.; Gallegos, T.; Potter, J.; Bailey-Wilson, J.",Functional annotation of a novel NFKB1 promoter polymorphism that increases risk for ulcerative colitis,Human Molecular Genetics,13,,35-45,2004,The NFKB1 -94delATTG promoter polymorphism is associated with increased risk of ulcerative colitis,inconclusive,close,biology,genetics,"The authors' own samples showed no significant association (OR=0.99, 95% CI: 0.81-1.2), but pooled analysis with all published studies showed modest evidence (OR=1.12, 95% CI: 1.01-1.23; P=0.012) for UC only. The Discussion notes they 'provide more modest evidence that NFKB1 À94delATTG is a risk allele for UC,' indicating qualified rather than clear support.",high,,,,,,,,,0.99,OR,"[0.81, 1.2]",,,,8,no
10.1038/sj.mp.4000482,https://doi.org/10.1038/sj.mp.4000482,,,,,,,,True,,"Chandy, K.; Fantino, E.; Wittekindt, O.; Kalman, K.; Tong, L.; Ho, T.",Isolation of a novel potassium channel gene hSKCa3 containing a polymorphic CAG repeat: a candidate for schizophrenia and bipolar disorder?,Molecular Psychiatry,3,,32-37,1998,Longer CAG repeat alleles of the KCNN3 (hSKCa3) gene are significantly over-represented in schizophrenic patients compared to ethnically-matched controls in Caucasian populations from Europe and the USA,failure,close extension,medical fields,psychiatry,"The authors explicitly tested whether the Chandy et al. (1998) finding of an association between longer KCNN3 CAG repeats and schizophrenia could be replicated in a Chinese population, using the same type of case-control genetic association design. They conclude: 'our data do not support that the second polymorphic CAG repeat of the KCNN3 gene may have an association with schizophrenia in our population' (p=0.664 and p=0.739 for their two statistical tests).",high,,,,,,,,192,,,,0.664,=,,8,no
10.1038/sj.mp.4001719,https://doi.org/10.1038/sj.mp.4001719,,,,,,,,True,,"Iwamoto, K.; Kakiuchi, C.; Bundo, M.; Ikeda, K.; Kato, T.",Molecular characterization of bipolar disorder by comparing gene expression profiles of postmortem brains of major mental disorders,Molecular Psychiatry,9,,406-416,2004,"LIM (PDLIM5) is significantly upregulated in the postmortem prefrontal cortex of patients with bipolar disorder, schizophrenia, and major depression compared to healthy controls",success,close,neuroscience,behavioral neuroscience,"The authors explicitly state they 'performed a replication study of altered expression levels of LIM' using an independent sample set (Stanley Array Collection), and in the Discussion confirm: 'upregulation of LIM in the postmortem frontal cortex of patients with bipolar disorder and schizophrenia was confirmed in a different sample set.' Significant upregulation was found for bipolar disorder (p<0.01) and schizophrenia (p<0.05).",high,,,,,,,,101,,,,0.01,<,,8,no
10.1038/sj.mp.4002069,https://doi.org/10.1038/sj.mp.4002069,,,,,,,,True,https://doi.org/10.1038/sj.mp.4002016,"Melke, J.; Goubran Botros, H.; Chaste, P.; Betancur, C.; Nygren, G.; Anckarsater, H.",Abnormal melatonin synthesis in autism spectrum disorders,Molecular Psychiatry,,,,2007,"Variants in the ASMT gene (including splice site mutation IVS5+2T>C and promoter SNPs rs4446909 and rs5989681) are associated with increased susceptibility to autism spectrum disorders, with the major allele more frequent in ASD cases and linked to low ASMT transcript levels",failure,direct,neuroscience,behavioral neuroscience,"The authors explicitly state 'In order to replicate the association results obtained by Melke et al., we also carried out a case-control study' and conclude that 'our data does not support a correlation between ASMT gene variants and increased susceptibility to ASDs.' No significant association was found for any SNPs or haplotypes across three independent European populations (Finnish, Italian, IMGSAC/UK) or in the combined sample.",high,676,,,,,,,880,,,,,,,8,no
10.1038/sj.npp.1300311,https://doi.org/10.1038/sj.npp.1300311,,,,,,,,True,,"Deckert, J.; Nothen, M.; Franke, P.; Delmo, C.; Fritze, J.; Knapp, M.",Systematic mutation screening and association study of the A1 and A2a adenosine receptor genes in panic disorder suggest a contribution of the A2a gene to the development of disease,Molecular Psychiatry,3,,81-85,1998,"A silent coding polymorphism (1083C/T) in the adenosine 2A receptor gene (ADORA2A) is associated with panic disorder, with the T allele enriched in German panic disorder probands compared to controls",inconclusive,close extension,neuroscience,behavioral neuroscience,"The authors find linkage evidence at the ADORA2A locus (max heterogeneity LOD = 2.98 at SNP-4) supporting the same chromosomal region, but their own association tests were not significant and the cosegregating allele in their haplotypes was C (not T as in Deckert et al.). The authors describe it as 'the first successful candidate gene replication study in panic disorder' based on the convergent linkage evidence, but the specific association reported by Deckert was not directly confirmed.",high,178,,,,,,,,,,,,,,8,no
10.1038/srep33166,https://doi.org/10.1038/srep33166,,,,,,,,True,https://doi.org/10.1093/jamia/ocv046,"Boland, M.; Shahn, Z.; Madigan, D.; Hripcsak, G.; Tatonetti, N.",Birth month affects lifetime disease risk: a phenome-wide method,Journal of the American Medical Informatics Association: JAMIA,22,,1042-1053,2015,"Birth month is associated with lifetime cardiovascular disease risk, with risk peaking for those born in late winter/early spring, as identified via Season-Wide Association Study (SeaWAS) applied to electronic health records at Columbia University Medical Center",success,close extension,medical fields,cardiovascular medicine,"The authors applied the same SeaWAS method to an independent EHR dataset from Mount Sinai Hospital (MSH) in the same city (NYC). They found that 7 of 9 cardiovascular conditions identified at CUMC had significantly correlated seasonal birth-month risk patterns at MSH, with 4 reaching phenome-wide significance. The authors explicitly state: 'The replication findings bolster evidence for a seasonal birth month effect in CVD' and 'We confirm that CVD risk peaks for those born in the late winter/early spring.'",high,1749400,,,,,,,1169599,,,,,,,8,no
10.1038/tp.2015.190,https://doi.org/10.1038/tp.2015.190,,,,,,,,True,,"Clements, C.; Castro, V.; Blumenthal, S.; Rosenfield, H.; Murphy, S.; Fava, M.",Prenatal antidepressant exposure is associated with risk for attention-deficit hyperactivity disorder but not autism spectrum disorder in a large health system,Molecular Psychiatry,20,,727-734,2014,Prenatal antidepressant exposure is not significantly associated with increased risk for autism spectrum disorder (ASD) after controlling for maternal psychopathology,success,close,medical fields,psychiatry,"The original study found no elevated ASD risk after controlling for maternal psychopathology. The replication confirmed this null finding (adjusted OR 0.90, 95% CI 0.50-1.54), with the authors concluding that 'prior reports of association between prenatal antidepressant exposure and neurodevelopmental disease are likely to represent a false-positive finding.'",high,,,,,,,,1245,0.9,OR,"[0.5, 1.54]",,,,8,no
10.1038/tp.2015.190,https://doi.org/10.1038/tp.2015.190,,,,,,,,True,,"Clements, C.; Castro, V.; Blumenthal, S.; Rosenfield, H.; Murphy, S.; Fava, M.",Prenatal antidepressant exposure is associated with risk for attention-deficit hyperactivity disorder but not autism spectrum disorder in a large health system,Molecular Psychiatry,20,,727-734,2014,"Prenatal antidepressant exposure is associated with elevated risk for attention-deficit hyperactivity disorder (ADHD), persisting after adjustment for maternal psychiatric illness",failure,close,medical fields,psychiatry,"The original study found elevated ADHD risk from prenatal antidepressant exposure that persisted despite adjustment for maternal psychopathology. The replication found no significant association (adjusted OR 0.97, 95% CI 0.53-1.69), with the authors explicitly acknowledging 'discordance between this result and our prior one with regard to ADHD.'",high,,,,,,,,1701,0.97,OR,"[0.53, 1.69]",,,,8,no
10.1038/tpj.2008.6,https://doi.org/10.1038/tpj.2008.6,,,,,,,,True,,"Greenbaum, L.; Strous, R.; Kanyas, K.; Merbl, Y.; Horowitz, A.; Karni, O.",Association of the RGS2 gene with extrapyramidal symptoms (EPS) induced by treatment with antipsychotic medication,Pharmacogenet Genomics,17,,519-528,2007,"Variants in the RGS2 gene, particularly the minor G allele of SNP rs4606 in the 3'-UTR, are associated with reduced susceptibility to antipsychotic-induced parkinsonism (AIP) in schizophrenia patients treated with antipsychotics",success,close extension,medical fields,pharmacology and toxicology,"The authors explicitly describe this as a 'cross-sectional replication study' and conclude that 'this replication study modestly supports the findings of our original report with regard to two RGS2 SNPs associated with AIP and identifies one of them (rs4606) as protective in all the samples studied.' The key finding — the protective effect of the rs4606 G allele against AIP — was replicated in a US sample of different ethnicity using a cross-sectional design, though the study used a different design and patient population (US African-American and Caucasian vs. Israeli Jewish) from the original prospective study.",high,115,,,,0.02,=,,184,,,,0.001,=,,8,no
10.1038/tpj.2010.66,https://doi.org/10.1038/tpj.2010.66,,,,,,,,True,,"Mulder, H.; Franke, B.; Van Der-Beek Van Der Aart, A.; Arends, J.; Wilmink, F.; Scheffer, H.",The association between HTR2C gene polymorphisms and the metabolic syndrome in patients with schizophrenia,Journal of Clinical Psychopharmacology,27,,338-343,2007,Carriership of the variant C-allele of the HTR2C rs1414334 polymorphism is associated with an increased prevalence of the metabolic syndrome in patients using antipsychotic drugs,success,close,medical fields,pharmacology and toxicology,"The authors explicitly state this is a 'second replication' of their original 2007 findings and conclude: 'this study provides further evidence for the association between the HTR2C rs1414334 polymorphism and the metabolic syndrome, confirming previous findings.' The replication found a significant association (OR 3.73; 95% CI 1.29-10.79, P=0.015) in the same direction as the original (OR 4.09; 95% CI 1.41-11.89).",high,112,4.09,OR,"[1.41, 11.89]",,,,186,3.73,OR,"[1.29, 10.79]",0.015,=,,8,no
10.1038/tpj.2010.69,https://doi.org/10.1038/tpj.2010.69,,,,,,,,False,,,,,,,,,,,,,,,,,,,,,,,,,,,,,,,
10.1038/tpj.2011.32,https://doi.org/10.1038/tpj.2011.32,,,,,,,,True,,"Syu, A.; Ishiguro, H.; Inada, T.; Horiuchi, Y.; Tanaka, S.; Ishikawa, M.",Association of the HSPG2 gene with neuroleptic-induced tardive dyskinesia,Neuropsychopharmacology,35,,1155-1164,2010,The HSPG2 intronic SNP rs2445142 'G' risk allele is associated with increased susceptibility to tardive dyskinesia in schizophrenia patients treated with antipsychotics,success,close extension,medical fields,pharmacology and toxicology,"The authors explicitly state they performed a 'replication study' of Syu et al. (2010) and found support for the HSPG2 rs2445142 association in two independent Caucasian samples. In the CATIE European sample (P=0.039) and the Jewish Israeli extreme phenotype sample (P=0.03), the same 'G' risk allele was confirmed: 'Support for association of the HSPG2 intronic SNP, rs2445142, with TD susceptibility was demonstrated.'",high,172,,,,,,,179,,,,0.039,=,,8,no
10.1038/tpj.2015.23,https://doi.org/10.1038/tpj.2015.23,,,,,,,,True,,"Innocenti, F.; Kroetz, D.; Schuetz, E.; Dolan, M.; Ramirez, J.; Relling, M.",Comprehensive pharmacogenetic analysis of irinotecan neutropenia and pharmacokinetics,Journal of Clinical Oncology,27,,2604-2614,2009,"Genetic variants in five genes (UGT1A1, SLCO1B1, ABCC1, ABCC2, ABCB1) are associated with irinotecan-induced neutropenia (ANC nadir) and irinotecan pharmacokinetics in cancer patients treated with single-agent irinotecan",inconclusive,close,medical fields,pharmacology and toxicology,"The study replicated 3 of 4 variants for ANC nadir (UGT1A1*28, UGT1A1*93, SLCO1B1*1b) and some pharmacokinetic associations, but ABCC1 IVS11-48C>T, SLCO1B1*5, ABCB1 IVS9-44A>G, and ABCC2 3972C>T failed to replicate. The authors state they 'validated the clinical effects of new germline genetic variants for neutropenia and irinotecan pharmacokinetics' but the overall picture is mixed, with several pre-specified variants failing to replicate.",high,67,,,,,,,108,,,,,,,8,no
10.1044/2018_AJSLP-17-0097,https://doi.org/10.1044/2018_AJSLP-17-0097,,,,,,,,True,,"Kraft, S.; Ambrose, N.; Chon, H.",Temperament and environmental contributions to stuttering severity in children: The role of effortful control,Seminars in Speech and Language,35,2,80-94,2014,"Effortful control (EC) is the sole significant predictor of stuttering severity in children who stutter, independent of home environment and significant life events",success,close extension,linguistics,applied linguistics,"The Discussion explicitly states 'findings were robustly consistent with those reported by [Kraft et al. 2014],' with EC remaining the sole significant predictor of both parent-reported and clinician-reported stuttering severity in the Australian cohort. The replication used the same questionnaires and analytical approach but with a different (larger, Australian) population.",high,69,,,,,,,98,,,,0.001,<,two-sided,8,no
10.1055/s-0030-1268438,https://doi.org/10.1055/s-0030-1268438,,,,,,,,True,,"Eynon, N.; Oliveira, J.; Meckel, Y.; Sagiv, M.; Yamin, C.; Sagiv, M.; Amir, R.; Duarte, J.",The guanine nucleotide binding protein beta polypeptide 3 gene C825T polymorphism is associated with elite endurance athletes,Experimental Physiology,94,,344-349,2009,"The TT genotype of the GNB3 C825T polymorphism is associated with elite endurance athletic status, with Israeli elite endurance athletes showing a higher frequency of the TT genotype compared to sprinters",failure,close extension,biology,genetics,"The authors explicitly state that 'the previous association reported by Eynon et al. [4] between the GNB3 TT genotype and elite endurance athletic status...was not corroborated here in a larger cohort.' The summary concludes: 'we did not find an association between the GNB3 C825T polymorphism and elite athletic status.' All comparisons showed P > 0.1, and the OR for endurance vs. controls was 0.841 (95% CI: 0.638–1.110).",high,,,,,,,,648,,,,0.1,>,,8,no
10.1055/s-0036-1597262,https://doi.org/10.1055/s-0036-1597262,,,,,,,,True,,"Salis, C.",Short-term memory treatment: patterns of learning and generalisation to sentence comprehension in a person with aphasia,Neuropsychological Rehabilitation,22,3,428-448,2012,Short-term memory treatment using a matching listening span task improves spoken sentence comprehension in a person with aphasia,failure,close,medical fields,rehabilitation medicine,"The authors explicitly state that 'None of the persons in the current replication improved in sentence comprehension,' and no statistically significant changes were found on any sentence comprehension outcome measures using McNemar chi-square tests.",high,1,,,,,,,5,,,,,,,8,no
10.1055/s-0038-1649509,https://doi.org/10.1055/s-0038-1649509,,,,,,,,True,,"Hodgson, T.; Magrabi, F.; Coiera, E.",Efficiency and safety of speech recognition for documentation in the electronic health record,Journal of the American Medical Informatics Association,24,06,1127-1133,2017,Using speech recognition (SR) for clinical documentation tasks in an electronic health record (EHR) is associated with significantly more data entry errors and longer documentation times compared to keyboard and mouse (KBM) input,success,close,medical fields,nursing,The authors explicitly state in the Discussion: 'The results of this study largely replicate those reported in the original experiment. The use of SR while performing clinical documentation tasks within an EHR system was associated with decreased time efficiencies and increased data entry errors.' The Conclusion further confirms: 'The results of the replication study provide strong supporting evidence that SR-assisted clinical documentation in an EHR is both slower and produces more documentation errors than KBM alone.',high,35,,,,,,,35,,,,0.009,=,,8,no
10.1055/s-2007-1017017,https://doi.org/10.1055/s-2007-1017017,,,,,,,,True,,"Philipp, V.; Beck, R.; Scherhag, M.; Glocke, R.; Schmidt",Biological and psychopathological prediction of response to doxepine in depressive outpatients,Pharmacopsychiatry,19,,262-263,1986,"Psychopathological factors (including Newcastle Scale criteria, endogenous/nonendogenous classification, number of prior episodes, and early improvement) predict doxepine response in depressed outpatients treated in a psychiatric private practice setting",inconclusive,close,medical fields,psychiatry,"The replication confirmed some hypotheses from the original study (70% response rate achieved at 74%, endogenous classification not predictive, early 2-week improvement predicts remission, and 'no deviating personality' predicts response) but failed to confirm others (three of four Newcastle criteria: anxiety, weight loss, blaming others; and number of prior depressive episodes). The authors explicitly note both confirmed and unconfirmed findings, indicating a mixed/partial replication.",high,,,,,,,,314,,,,,,,8,no
10.1057/s41599-025-06066-2,https://doi.org/10.1057/s41599-025-06066-2,,,,,,,,True,,"Buijsen, E.",Self portrait with gorget Portrait of Rembrandt with a gorget,Self portrait with gorget Portrait of Rembrandt with a gorget,,,112-117,1999,"Dendrochronological analysis by Klein in the 1990s dated the wood panels of two portraits of Rembrandt (at the Germanisches Nationalmuseum, Nuremberg, and the Mauritshuis, The Hague) to specific outermost ring dates, estimated felling dates, and concluded the GNM panel originated from the same tree as a Rijksmuseum panel",success,direct,earth and planetary sciences,paleontology,"The reproduction (using Klein's original data and reference chronologies) confirmed the original dating results for both portraits. The authors state: 'the reproduction and replication of the dendrochronological research of the panels of two portraits of a young Rembrandt carried out in the 1990s have confirmed the dates for the wood reported by Klein in the 1990s.' The reproduction also confirmed the same-tree match between the GNM and Rijksmuseum panels, though it identified measurement errors in Klein's original data.",high,,,,,,,,,,,,,,,8,no
10.1057/s41599-025-06066-2,https://doi.org/10.1057/s41599-025-06066-2,,,,,,,,True,,"Buijsen, E.",Self portrait with gorget Portrait of Rembrandt with a gorget,Self portrait with gorget Portrait of Rembrandt with a gorget,,,112-117,1999,"Dendrochronological analysis by Klein in the 1990s dated the wood panels of two portraits of Rembrandt (at the Germanisches Nationalmuseum, Nuremberg, and the Mauritshuis, The Hague) to specific outermost ring dates, estimated felling dates, and concluded the GNM panel originated from the same tree as a Rijksmuseum panel",success,conceptual,earth and planetary sciences,paleontology,"The conceptual replication using state-of-the-art methods (digital photography, CooRecorder software, modern reference chronologies) confirmed all of Klein's main findings. The authors explicitly state both approaches 'confirmed the original results, including the southern Baltic provenance of the wood and a same-tree match between the Nuremberg and Rijksmuseum panels.' The new measurements produced an 'outstanding match' with the RM panel, further supporting that both panels originate from the same tree.",high,,,,,,,,,,,,,,,8,no
10.1073/pnas.1011687108,https://doi.org/10.1073/pnas.1011687108,,,,,,,,False,,,,,,,,,,,,,,,,,,,,,,,,,,,,,,,
10.1073/pnas.1601440113,https://doi.org/10.1073/pnas.1601440113,,,,,,,,True,,"Walker, M.; Brakefield, T.; Hobson, J.; Stickgold, R.",Dissociable stages of human memory consolidation and reconsolidation,Nature,425,,616-620,2003,"Postretrieval new learning (interference) causes a substantial decline (~57%) in accuracy of a previously learned motor sequence, indicating reconsolidation-mediated memory updating (group 7 of original study)",failure,direct,psychology,cognitive psychology,"In four direct replication attempts (n=64), the authors 'did not observe the critical impairment effect that has previously been taken to indicate disruption of an existing motor memory trace.' Mean reconsolidation score declined by <1% for accuracy across experiments, compared to ~57% in the original, and Bayesian analysis consistently favored the null hypothesis over the reconsolidation hypothesis.",high,16,,,,,,,64,,,,,,,8,no
10.1073/pnas.1601440113,https://doi.org/10.1073/pnas.1601440113,,,,,,,,True,,"Walker, M.; Brakefield, T.; Hobson, J.; Stickgold, R.",Dissociable stages of human memory consolidation and reconsolidation,Nature,425,,616-620,2003,"Postretrieval new learning (interference) causes a substantial decline (~57%) in accuracy of a previously learned motor sequence, indicating reconsolidation-mediated memory updating (group 7 of original study)",failure,conceptual,psychology,cognitive psychology,"Three conceptual replications (n=48) using declarative recall of phone-number and password-like sequences also failed to find reconsolidation-contingent impairment. Performance decrements occurred equally in the presence and absence of a memory retrieval reminder, and retrieval actually led to numerically higher performance than the no-retrieval control group — the opposite of what reconsolidation theory predicts.",high,16,,,,,,,48,,,,,,,8,no
10.1073/pnas.1707715114,https://doi.org/10.1073/pnas.1707715114,,,,,,,,False,,,,,,,,,,,,,,,,,,,,,,,,,,,,,,,
10.1073/pnas.2202700119,https://doi.org/10.1073/pnas.2202700119,,,,,,,,True,,"Tversky, A.; Kahneman, D.",The framing of decisions and the psychology of choice,Science,211,,453-458,1981,Framing identical choice outcomes as potential losses (vs. gains) causes people to become more risk-seeking (the 'Asian Disease' gain-loss framing effect),success,conceptual,psychology,cognitive psychology,"The authors explicitly state in their discussion that they 'found the same gain-loss framing effect for two information topics (customs and languages) that has been observed for other outcomes, such as human lives,' directly referencing the Tversky & Kahneman Asian Disease paradigm. Study 3 is itself labeled as a 'conceptual replication of the classic Asian Disease gain-loss pattern' using facts instead of human lives.",high,,,,,,,,601,0.231,other,,1e-07,<,,8,no
10.1073/pnas.2213824120,https://doi.org/10.1073/pnas.2213824120,,,,,,,,True,,"Cohn, A.; Maréchal, M.; Tannenbaum, D.; Zünd, C.",Civic honesty around the globe,Science,365,,70-73,2019,Wallets containing money have a significantly higher email response rate than wallets without money when dropped at urban institutions across 40 countries,success,close extension,economics,behavioral economics,"The authors explicitly state in the Discussion: 'this study successfully reproduced that study's main finding: The email response rate was significantly higher in the ""money"" condition than in the ""no money"" condition.' The replication found email response rates of 32.7% (money) vs. 22.2% (no money), P = 0.009, matching the direction and significance of Cohn et al.'s original result.",high,,,,,0.001,<,,496,,,,0.009,=,,8,no
10.1073/pnas.84.2.561,https://doi.org/10.1073/pnas.84.2.561,,,,,,,,False,,,,,,,,,,,,,,,,,,,,,,,,,,,,,,,
10.1080/07317115.2024.2324323,https://doi.org/10.1080/07317115.2024.2324323,,,,,,,,False,,,,,,,,,,,,,,,,,,,,,,,,,,,,,,,
10.1080/10253890.2018.1519019,https://doi.org/10.1080/10253890.2018.1519019,,,,,,,,True,https://doi.org/10.1038/ncomms10967,"Houtepen, L.; Vinkers, C.; Carrillo-Roa, T.; Hiemstra, M.; Van Lier, P.; Meeus, W.; Boks, M.",Genome-wide DNA methylation levels and altered cortisol stress reactivity following childhood trauma in humans,Nature Communications,7,,10967,2016,KITLG gene DNA methylation is negatively associated with cortisol stress reactivity (increased methylation corresponds to lower cortisol levels under stress),success,close extension,neuroscience,behavioral neuroscience,"The authors explicitly state 'Our study thus provides the first independent replication of findings published in the younger cohort', finding a significant negative association between CpG 2.3 KITLG DNA methylation and cortisol under stress conditions (both morning cortisol and AUC), though the significant CpG site differed from the original (CpG 2.3 vs. CpG 1) and the association did not survive stringent multiple testing correction.",high,85,,,,,,,142,,,,,,,8,no
10.1080/10253890.2018.1519019,https://doi.org/10.1080/10253890.2018.1519019,,,,,,,,True,https://doi.org/10.1038/ncomms10967,"Houtepen, L.; Vinkers, C.; Carrillo-Roa, T.; Hiemstra, M.; Van Lier, P.; Meeus, W.; Boks, M.",Genome-wide DNA methylation levels and altered cortisol stress reactivity following childhood trauma in humans,Nature Communications,7,,10967,2016,Childhood trauma (retrospective self-report) is positively associated with KITLG DNA methylation in adults,failure,close extension,neuroscience,behavioral neuroscience,"The authors explicitly state 'we were not able to replicate the correlation between childhood trauma and KITLG methylation', with no significant associations found between childhood adversity measures (parental death, physical/sexual abuse, or number of adverse events) and KITLG DNA methylation at any of the seven CpG units.",high,85,,,,0.05,=,,142,,,,,,,8,no
10.1080/13803395.2022.2105821,https://doi.org/10.1080/13803395.2022.2105821,,,,,,,,True,https://doi.org/10.1177/1087054715596577,"Hirsch, O.; Christiansen, H.","Faking ADHD? symptom validity testing and its relation to self-reported, observer-reported symptoms, and neuropsychological measures of attention in adults with ADHD",Journal of Attention Disorders,22,3,269-280,2018,"Substantial base rates of noncredible symptom report and cognitive performance exist in adults undergoing clinical evaluation for ADHD, and measures of symptom validity (SVT) and performance validity (PVT) are only marginally and non-significantly related to each other",inconclusive,close extension,medical fields,psychiatry,"The SVT (CII) failure rate was closely replicated (35.7% vs. 36.6%) and the poor SVT-PVT association was confirmed, but the ASTM PVT failure rate was not stable (32.1% original vs. 49.3% replication). The authors note that 'unstable ASTM failure rates and sensitivity to changes in design and procedure may question its reliability,' reflecting mixed confirmation of the original findings.",high,196,,,,,,,700,,,,,,,8,no
10.1080/13803395.2022.2107183,https://doi.org/10.1080/13803395.2022.2107183,,,,,,,,False,,,,,,,,,,,,,,,,,,,,,,,,,,,,,,,
10.1080/15248372.2019.1604525,https://doi.org/10.1080/15248372.2019.1604525,,,,,,,,True,https://doi.org/10.1016/j.cognition.2007.10.010,"Saffran, J.; Hauser, M.; Seibel, R.; Kapfhamer, J.; Tsao, F.; Cushman, F.",Grammatical pattern learning by human infants and cotton-top tamarin monkeys,Cognition,107,2,479-500,2008,"Predictive dependencies between words in an artificial grammar facilitate phrase structure learning in 12-month-old infants, such that infants exposed to grammars with predictive dependencies (but not those without) successfully discriminate familiar from novel grammar-inconsistent test strings",success,conceptual,psychology,developmental psychology,"The authors explicitly describe this as 'a conceptual replication of Saffran et al. (2008, Exp. 1)' and conclude: 'As previously observed with linguistic materials, 12-month-old infants showed better learning when predictive dependencies characterized nonlinguistic phrase structure,' successfully replicating the original pattern using nonlinguistic auditory materials (computer alert sounds) instead of nonsense words.",high,,,,,,,,57,0.47,d,,0.021,=,,8,no
10.1080/15592294.2019.1588683,https://doi.org/10.1080/15592294.2019.1588683,,,,,,,,False,,,,,,,,,,,,,,,,,,,,,,,,,,,,,,,
10.1080/15592294.2022.2158285,https://doi.org/10.1080/15592294.2022.2158285,,,,,,,,True,,"Yu, L.; Chibnik, L.; Srivastava, G.","Association of brain DNA methylation in SORL1, ABCA7, HLA-DRB5, SLC24A4, and BIN1 with pathological diagnosis of Alzheimer disease",JAMA Neurology,72,1,15-24,2015,BIN1 gene-wide DNA methylation differences in post-mortem brain (cortical) cells are associated with Alzheimer's disease pathological diagnosis,failure,close extension,neuroscience,behavioral neuroscience,"The replication found no significant association between BIN1 gene-wide DNA methylation and dementia or AD in leukocytes (p = 0.07 for dementia, p = 0.05 for AD), failing to replicate the original brain-based finding. The authors note that BIN1 was 'close to significance' but did not reach the p < 0.05 threshold.",high,,,,,,,,544,,,,0.07,=,one-sided,8,no
10.1080/15592294.2022.2158285,https://doi.org/10.1080/15592294.2022.2158285,,,,,,,,True,,"Yu, L.; Chibnik, L.; Srivastava, G.","Association of brain DNA methylation in SORL1, ABCA7, HLA-DRB5, SLC24A4, and BIN1 with pathological diagnosis of Alzheimer disease",JAMA Neurology,72,1,15-24,2015,HLA-DRB5 gene-wide DNA methylation differences in post-mortem brain (cortical) cells are associated with Alzheimer's disease pathological diagnosis,inconclusive,close extension,neuroscience,behavioral neuroscience,"HLA-DRB5 showed significant association with dementia in leukocytes (p = 0.02) but co-twin control analyses and further investigation revealed the result was largely driven by a single CpG site, and the association was not significant for AD in co-twin control analyses. The authors conclude that 'familial confounding appears to drive part of the associations' and the co-twin control dementia result 'is thus likely driven by a single spurious finding.'",high,,,,,,,,544,,,,0.02,=,one-sided,8,no
10.1080/15592294.2022.2158285,https://doi.org/10.1080/15592294.2022.2158285,,,,,,,,True,,"Yu, L.; Chibnik, L.; Srivastava, G.","Association of brain DNA methylation in SORL1, ABCA7, HLA-DRB5, SLC24A4, and BIN1 with pathological diagnosis of Alzheimer disease",JAMA Neurology,72,1,15-24,2015,SORL1 gene-wide DNA methylation differences in post-mortem brain (cortical) cells are associated with Alzheimer's disease pathological diagnosis,failure,close extension,neuroscience,behavioral neuroscience,"No significant association was found between SORL1 gene-wide DNA methylation and dementia or AD in leukocytes (p = 0.06 for dementia, p = 0.10 for AD), failing to replicate the original brain-based finding. The authors note this is 'in line with previous findings in blood' that also failed to find SORL1 associations.",high,,,,,,,,544,,,,0.06,=,one-sided,8,no
10.1080/15592294.2022.2158285,https://doi.org/10.1080/15592294.2022.2158285,,,,,,,,True,,"Yu, L.; Chibnik, L.; Srivastava, G.","Association of brain DNA methylation in SORL1, ABCA7, HLA-DRB5, SLC24A4, and BIN1 with pathological diagnosis of Alzheimer disease",JAMA Neurology,72,1,15-24,2015,SLC24A4 gene-wide DNA methylation differences in post-mortem brain (cortical) cells are associated with Alzheimer's disease pathological diagnosis,inconclusive,close extension,neuroscience,behavioral neuroscience,"SLC24A4 showed significant association with dementia in leukocytes (p = 0.01) but was weakened in co-twin control analyses (p = 0.17), indicating the association is partly explained by familial confounding. The authors state 'the association between DNA methylation of SLC24A4 and dementia or AD risk was weakened in co-twin control analyses, indicating that the association is partly, but not fully, driven by genetic or other familial confounding.'",high,,,,,,,,544,,,,0.01,=,one-sided,8,no
10.1080/15592294.2022.2158285,https://doi.org/10.1080/15592294.2022.2158285,,,,,,,,True,,"Yu, L.; Chibnik, L.; Srivastava, G.","Association of brain DNA methylation in SORL1, ABCA7, HLA-DRB5, SLC24A4, and BIN1 with pathological diagnosis of Alzheimer disease",JAMA Neurology,72,1,15-24,2015,ABCA7 gene-wide DNA methylation differences in post-mortem brain (cortical) cells are associated with Alzheimer's disease pathological diagnosis,failure,close extension,neuroscience,behavioral neuroscience,"No significant association was found between ABCA7 gene-wide DNA methylation and dementia or AD in leukocytes (p = 0.24 for dementia, p = 0.23 for AD), clearly failing to replicate the original brain-based finding. The authors note this is 'in line with previous findings in blood.'",high,,,,,,,,544,,,,0.24,=,one-sided,8,no
10.1080/15592294.2023.2207253,https://doi.org/10.1080/15592294.2023.2207253,,,,,,,,False,,,,,,,,,,,,,,,,,,,,,,,,,,,,,,,
10.1080/17549507.2024.2445155,https://doi.org/10.1080/17549507.2024.2445155,,,,,,,,False,,,,,,,,,,,,,,,,,,,,,,,,,,,,,,,
10.1080/20008198.2017.1315291,https://doi.org/10.1080/20008198.2017.1315291,,,,,,,,True,https://doi.org/10.1016/j.nlm.2012.11.001,Wichert S; Wolf O; Schwabe L,Changing memories after reactivation: A one-time opportunity?,Neurobiology of Learning and Memory,99,,38-49,2013,"Reactivation of consolidated episodic memories followed by new learning impairs memory, whereas new learning alone or reactivation alone does not produce memory impairment",failure,close,psychology,cognitive psychology,"The authors explicitly titled the paper 'a failed replication study' and conclude in the Discussion: 'we did not find that the crucial expected difference between Re+NL and NL alone was substantially supported by the data, for any of our dependent measures.' The critical comparison between reactivation+new learning and new learning alone — the key test of reconsolidation — showed only anecdotal Bayesian evidence (BF10 = 1.99 for recognition accuracy), far below the threshold for substantial support.",high,,,,,,,,96,,,,,,,8,no
10.1080/20008198.2022.2051334,https://doi.org/10.1080/20008198.2022.2051334,,,,,,,,True,https://doi.org/10.1016/j.brat.2012.11.004,"Lommen, M.; Engelhard, I.; Sijbrandij, M.; Van Den Hout, M.; Hermans, D.",Pre-trauma individual differences in extinction learning predict posttraumatic stress,Behaviour Research and Therapy,51,2,63-67,2013,"Reduced pre-trauma extinction learning (measured via US-expectancy ratings) predicts greater PTSD symptom severity after deployment, even when controlling for baseline PTSD symptoms, neuroticism, and stressor severity",failure,conceptual,psychology,clinical psychology,"The authors explicitly state: 'The finding of [16] that reduced extinction learning predicted subsequent PTSD symptoms, even after controlling for existing PTSD symptoms, neuroticism and stressor severity, was not replicated in the present study.' Extinction learning was not a significant predictor of PTSD symptom severity in Model 1 (β = .05, F < 1), and the paper concludes that 'the findings of Lommen and colleagues (2013) were not replicated in the current sample.'",high,214,,,,,,,287,,,,,,,8,no
10.1080/23279095.2021.1917411,https://doi.org/10.1080/23279095.2021.1917411,,,,,,,,True,https://doi.org/10.1080/09084282.2011.643966,"Jones, G.; Proto, D.; Musso, M.; Barker, A.; Gouvier, W.",Using the NAART to estimate WRAT-4 reading grade level in a predominantly African American sample,Applied Neuropsychology: Adult,19,4,257-262,2012,"NAART error scores and WRAT4 Word Reading subtest raw scores are significantly correlated, and a regression equation derived from NAART error scores can accurately predict reading grade level classification",inconclusive,close extension,neuroscience,neuropsychology,"The correlation was successfully replicated (r = -.91 vs original r = -.87), but results were mixed for the regression equation: it accurately classified fifth-grade reading level (Cohen's Kappa = .78) but added no predictive value beyond chance for fourth-grade reading level (Cohen's Kappa = .00), and the WRAT4 score distributions differed significantly between samples (Z = 3.804, p < .001). The authors conclude the equation 'can be applied to the current sample to accurately predict reading classification' but acknowledge the mixed pattern of results.",high,167,-0.87,r,,0.001,<,,85,-0.91,r,,0.001,<,,8,no
10.1080/25742442.2021.1896908,https://doi.org/10.1080/25742442.2021.1896908,,,,,,,,True,,"Rabbitt, P.","Channel-capacity, intelligibility and immediate memory",The Quarterly Journal of Experimental Psychology,20,3,241-248,1968,"Listening to speech in noise in the second half of a digit list impairs recall for items presented earlier in the list, even when those earlier items were not themselves presented in noise",success,close,psychology,cognitive psychology,The authors explicitly state: 'The results robustly support Rabbitt's main finding: the presence of noise disrupts recall of previously heard information.' The replication effect size (Cohen's d = 0.19) was identical to that reported in the original study.,high,,0.19,d,,,,,200,0.19,d,,0.001,<,,8,no
10.1086/380647,https://doi.org/10.1086/380647,,,,,,,,True,,"Funayama, M.; Hasegawa, K.; Kowa, H.; Saito, M.; Tsuji, S.; Obata, F.",A new locus for Parkinson's disease (PARK8) maps to chromosome 12p11.2-q13.1,Annals of Neurology,51,,296-301,2002,"The PARK8 locus on chromosome 12 is linked to autosomal dominant Parkinson's disease, as originally identified in a large Japanese family with levodopa-responsive parkinsonism",success,close extension,biology,genetics,"The authors explicitly call this a 'replication study' and report a maximum multipoint LOD score of 2.01 (P=.0047), concluding: 'Our data provide evidence that the PARK8 locus is responsible for the disease in a subset of families of white ancestry with autosomal dominant parkinsonism, suggesting that it could be a more common locus.' The study tests the same genetic locus in a different (white/European) population, confirming linkage.",high,,,,,,,,167,,,,0.0047,=,,8,no
10.1086/423899,https://doi.org/10.1086/423899,,,,,,,,True,,"Hanna, G.; Veenstra-Vanderweele, J.; Cox, N.; Boehnke, M.; Himle, J.; Curtis, G.; Leventhal, B.; Cook, E.",Genome-wide linkage analysis of families with obsessive-compulsive disorder ascertained through pediatric probands,Am J Med Genet,114,,789-796,2002,"Genome-wide linkage scan identified a candidate susceptibility region for OCD on chromosome 9p24 at marker D9S288, achieving suggestive linkage significance",success,close extension,medical fields,psychiatry,"The authors explicitly state they performed 'an attempt to replicate this finding' and conclude that 'this initial 9p24 replication study provides promising additional evidence for an OCD susceptibility gene in this region.' The replication found linkage peaks (HLOD=2.26, NPL=2.52, p=.006) within 0.5 cM of the original signal at D9S288, which the authors describe as 'striking' and confirmatory.",high,56,,,,,,,193,,,,0.006,=,,8,no
10.1086/425588,https://doi.org/10.1086/425588,,,,,,,,True,,"Chen, Q.; He, G.; Wang, X.; Chen, Q.; Liu, X.; Gu, Z.; Liu, J.; Li, K.; Wang, S.; Zhu, S.; Feng, G.; He, L.",Positive association between synapsin II and schizophrenia,Biological Psychiatry,56,,177-181,2004,"Synapsin II gene variants (particularly SNP rs795009 and a four-marker haplotype) are positively associated with schizophrenia susceptibility in Han Chinese, as measured by allele-frequency differences in a case-control study",success,conceptual,biology,genetics,"The authors explicitly describe the present study as a 'replication study' of their prior case-control work (Chen et al. 2004), using a fundamentally different methodology (family-based transmission/disequilibrium test rather than case-control allele frequency comparison). The Discussion concludes: 'our results provide further support for our previous study [1] that showed that synapsin II may be an important gene in the predisposition to schizophrenia,' with five of six markers showing significant transmission distortion.",high,1282,,,,1.8e-05,=,,366,,,,1.6e-06,=,,8,no
