replication_title,replication_authors,replication_year,replication_journal,replication_doi,original_title,original_authors,original_year,original_doi,replication_type,stated_outcome,subdiscipline,source,notes
Students Classified as LD Who Received Course Substitutions for the College Foreign Language Requirement: A Replication Study.,"Sparks, Richard L.; Philips, Lois G.; Javorsky, James",2002,Journal of Learning Disabilities,,,,,,unknown,NA,Academic Accommodations (Disabilities); Academic Achievement; Grade Point Average; Higher Education,ERIC sweep,ERIC:EJ657302; peer_reviewed=T
Students Classified as LD Who Petitioned for or Fulfilled the College Foreign Language Requirement--Are They Different? A Replication Study.,"Sparks, Richard L.; Philips, Lois; Javorsky, James",2003,Journal of Learning Disabilities,,,,,,unknown,NA,Academic Accommodations (Disabilities); Classification; Disability Identification; Evaluation Methods,ERIC sweep,ERIC:EJ672996; peer_reviewed=T
The Validity of Admissions Predictions: A Replication Study and Implications for the Future.,"Dailey, Dennis M.",1979,Journal of Education for Social Work,,,,,,unknown,NA,Academic Achievement; Admission (School); Admission Criteria; College Faculty,ERIC sweep,ERIC:EJ216330; peer_reviewed=T
College Students as Tutors for Adults in a Community-Based Literacy Program: A Replication Study.,"D'Annunzio, Anthony",1996,Community Education Journal,,,,,,unknown,NA,Academic Achievement; Adult Education; College Students; Community Education,ERIC sweep,ERIC:EJ542162; peer_reviewed=T | dup:OpenAlex sweep
Effects of Academic Achievement and Gender on Academic and Social Self-Concept: A Replication Study.,"Kelly, Kevin R.; Jordan, LaVerne K.",1990,Journal of Counseling and Development,,,,,,unknown,NA,Academic Achievement; Grade 8; Junior High Schools; Self Concept,ERIC sweep,ERIC:EJ424088; peer_reviewed=T
Conceptual Replication of Parental Influences on the Academic Motivation of Gifted Students: A Self-Determination Theory Perspective,"Matthews, Michael S.; Wylie, Olivia; Styles, Amanda",2023,Journal for the Education of the Gifted,10.1177/01623532231199265,,Garn et al.,2010,,conceptual,NA,Academic Achievement; Parent Attitudes; Content Analysis; Self Determination,ERIC sweep,ERIC:EJ1398626; peer_reviewed=T | dup:Semantic Scholar sweep
The Academic Achievement of Undergraduate Students with Different TOEFL iBT Score Profiles: A Replication Study,Khaled Barkaoui,2024,Language Assessment Quarterly,10.1080/15434303.2024.2438142,,,,,unknown,NA,Academic Achievement; Undergraduate Students; Language Tests; English (Second Language),"ERIC sweep; L2 journals Crossref title sweep (partial reconstruction of Marsden et al. 2018 catalogue, doi:10.1111/lang.12286; Appendix S1 paywalled/unavailable)",ERIC:EJ1455928; peer_reviewed=T | dup:Semantic Scholar sweep
Effect of Career Planning Activities on Freshmen Students' Attribution and Achievement: A Need for Replication Study.,"Barnette, F. Gary",1989,College Student Affairs Journal,,,,,,unknown,NA,Academic Persistence; Career Planning; College Freshmen; College Students,ERIC sweep,ERIC:EJ475396; peer_reviewed=T | QC flag: Title reads 'A Need for Replication Study' - may be an original study calling for replication; replication status uncertain
"Active Learning, Anxious Minds: A Replication Study Examining Anxiety from Active Learning Practices",Vanessa Rodriguez Barrera; Laura P. Naumann; Peter J. Martini; Fernando Hernandez-Ayala; Getsy P. Espinoza Quezada; Fuatino T. Aimaasu; Fe Hollis,2026,Teaching of Psychology,10.1177/00986283251352451,,Hood et al.,2021,,unknown,NA,Active Learning; Anxiety; Undergraduate Students; Psychology,ERIC sweep,ERIC:EJ1505550; peer_reviewed=T | dup:OpenAlex sweep | dup:Semantic Scholar sweep
Interrater Reliability of the Motivation Assessment Scale: Failure to Replicate with Aggressive Behavior.,"Sigafoos, Jeff; And Others",1994,Research in Developmental Disabilities,10.1016/0891-4222(94)90020-5,,,,,unknown,NA,Adolescents; Adults; Aggression; Behavior Problems,ERIC sweep,ERIC:EJ492937; peer_reviewed=T | dup:OpenAlex sweep | QC flag: Motivation Assessment Scale psychometrics for challenging behavior in developmental disabilities; samples often adults outside school settings - education-adjacent
Determinants of Parental Guidance of Children's Television Viewing: A Dutch Replication Study.,"van der Voort, Tom H. A.; And Others",1992,Journal of Broadcasting and Electronic Media,,,,,,unknown,NA,Adolescents; Critical Viewing; Parent Child Relationship; Parent Influence,ERIC sweep,ERIC:EJ447471; peer_reviewed=T | QC flag: Parental mediation of children's TV viewing - parenting/media socialization; education angle arguable
The Influence of Antecedent Exercise on Problem Behaviors in Persons with Mental Retardation: A Failure to Replicate.,"Larson, Jan L.; Miltenberger, Raymond G.",1992,Journal of the Association for Persons with Severe Handicaps (JASH),10.1177/154079699201700108,,,,,unknown,NA,Adults; Attention Control; Behavior Change; Behavior Problems,ERIC sweep,"ERIC:EJ448640; peer_reviewed=F | dup:OpenAlex sweep | QC flag: Behavior-analytic intervention for problem behavior in persons with intellectual disability, possibly adults outside educational settings"
Investigating Students' Perceived Authenticity of Learning Activities in an Out-of-School Lab for Social Sciences: A Replication Study,"Nachtigall, Valentina; Rummel, Nikol",2021,Instructional Science: An International Journal of the Learning Sciences,10.1007/s11251-021-09556-3,,,,,unknown,NA,After School Programs; Science Laboratories; Science Interests; Science Process Skills,ERIC sweep,ERIC:EJ1316964; peer_reviewed=T | dup:OpenAlex sweep
Effects of Brief Verbal Instructions on Aggression: A Replication of a Head Start Setting.,"Carpenter, Erika M.; Nangle, Douglas W.",2002,Child & Family Behavior Therapy,,,Zahavi and Asher,1978,,unknown,NA,Aggression; Behavior Modification; Interpersonal Competence; Preschool Children,ERIC sweep,ERIC:EJ658803; peer_reviewed=T
Replication and Extension of Little et al.'s (2003) Forms and Functions of Aggression Measure,"Fite, Paula J.; Stauffacher, Kirstin; Ostrov, Jamie M.; Colder, Craig R.",2008,International Journal of Behavioral Development,10.1177/0165025408089273,,,,,direct,NA,Aggression; Factor Analysis; Measures (Individuals); Children,ERIC sweep,"ERIC:EJ821622; peer_reviewed=T | QC flag: Psychometric replication of an aggression measure in youth samples - developmental research, school-adjacent"
Critical Skill Clusters for Vocational Education: The Employers' Perspective--A Replication Study.,"Custer, Rodney L.; Claiborne, Daniel M.",1995,Journal of Vocational Education Research,,,,,,unknown,NA,Allied Health Occupations; Employer Attitudes; Employment Potential; Employment Qualifications,ERIC sweep,ERIC:EJ509508; peer_reviewed=T | dup:OpenAlex sweep
Effects of Self-Instructional Traning on Second- and Third-Grade Hyperactive Children: A Failure to Replicate.,"Friedling, Carol; O'Leary, Susan G.",1979,Journal of Applied Behavior Analysis,,,,,,unknown,NA,Arithmetic; Elementary Education; Exceptional Child Research; Hyperactivity,ERIC sweep,ERIC:EJ212518; peer_reviewed=T
Autonomy versus Algorithm: A Replication Study of Student Perspectives on AI Ethical Boundaries,Aminu Muhammad Auwal,2025,International Journal of Educational Technology in Higher Education,10.1186/s41239-025-00570-w,,,,,unknown,NA,Artificial Intelligence; Ethics; Student Attitudes; Undergraduate Students,ERIC sweep,ERIC:EJ1498887; peer_reviewed=T | dup:Semantic Scholar sweep
Circumscription and Compromise: A Replication Study with Asian Americans.,"Leung, S. Alvin",1993,Journal of Counseling Psychology,,,,,,unknown,NA,Asian Americans; Career Choice; Change; College Students,ERIC sweep,ERIC:EJ463626; peer_reviewed=T | QC flag: Career-development theory (circumscription and compromise) in counseling psychology - education-adjacent
Coaching Athletics and the Social Studies Classroom: A Replication Study.,"Van Deraa, Alan; Schug, Mark C.",1993,Social Education,,,,,,unknown,NA,Athletic Coaches; Elementary Secondary Education; Instructional Effectiveness; Instructional Innovation,ERIC sweep,ERIC:EJ464742; peer_reviewed=T | dup:OpenAlex sweep
Interactional Synchrony and the Origins of Infant-Mother Attachment: A Replication Study.,"Isabella, Russell A.; Belsky, Jay",1991,Child Development,,,,,,unknown,NA,Attachment Behavior; Infants; Mothers; Parent Child Relationship,ERIC sweep,"ERIC:EJ430340; peer_reviewed=T | QC flag: Infant-mother attachment observation study - developmental/parenting research, no direct educational context"
Selective Attention Deficits in High Test Anxious Children: A Failure to Replicate.,"Ford, Carol E.; And Others",1985,Journal of Learning Disabilities,,,,,,unknown,failure,Attention Control; Attention Deficit Disorders; Elementary Education; Reading Difficulties,ERIC sweep,ERIC:EJ313783; peer_reviewed=T
Further Evaluation of the Accuracy of Reinforcer Surveys: A Systematic Replication.,"Northup, John",2000,Journal of Applied Behavior Analysis,10.1901/jaba.2000.33-335,,Northup et al.,1996,,direct,NA,Attention Deficit Disorders; Children; Evaluation Methods; Positive Reinforcement,ERIC sweep,ERIC:EJ616343; peer_reviewed=T | dup:OpenAlex sweep
Comparing Development-Matched and Age-Matched Play Targets: A Replication and Extension,Toni Rose T. Agana; Tina M. Sidener; Heather M. Pane; Sharon A. Reeve,2024,Journal of Applied Behavior Analysis,10.1002/jaba.2910,,Pane et al.,2022,,conceptual,NA,Autism Spectrum Disorders; Child Development; Caregiver Child Relationship; Caregiver Attitudes,ERIC sweep,ERIC:EJ1444512; peer_reviewed=T | dup:Semantic Scholar sweep
Verbal Behavior Analysis of Teaching Story Recall to Children with Autism: A Replication and Extension,"Conine, Daniel E.; Guerrero, Lisa A.; Jones-Thomas, Erica; Frampton, Sarah E.; Vollmer, Timothy R.; Smith-Bonahue, Tina",2023,Analysis of Verbal Behavior,10.1007/s40616-023-00183-2,,Valentino et al.,2015,,conceptual,success,Autism Spectrum Disorders; Recall (Psychology); Verbal Communication; Children,ERIC sweep,ERIC:EJ1383043; peer_reviewed=T | dup:Semantic Scholar sweep
Replication and Extension of Behavioral Treatment of Autistic Disorder.,"Kazdin, Alan E.",1993,American Journal on Mental Retardation,,,,,,conceptual,NA,Autism; Behavior Modification; Control Groups; Diagnostic Tests,ERIC sweep,ERIC:EJ461214; peer_reviewed=F
Facilitated Communication: A Failure to Replicate the Phenomenon.,"Eberlin, Michael; And Others",1993,Journal of Autism and Developmental Disorders,10.1007/bf01046053,,,,,unknown,NA,Autism; Communication Aids (for Disabled); Communication Skills; Elementary Secondary Education,ERIC sweep,ERIC:EJ470780; peer_reviewed=T | dup:OpenAlex sweep
Using a Naive Bayesian Approach to Identify Academic Risk Based on Multiple Sources: A Conceptual Replication,Carly Oddleifson; Stephen Kilgus; David A. Klingbeil; Alexander D. Latham; Jessica S. Kim; Ishan N. Vengurlekar,2025,Grantee Submission,10.1016/j.jsp.2024.101397,,,,,conceptual,failure,Bayesian Statistics; Accuracy; Social Emotional Learning; Diagnostic Tests,ERIC sweep,ERIC:ED671745; peer_reviewed=T | dup:Semantic Scholar sweep
Reliability Analysis of the Motivation Assessment Scale: A Failure to Replicate.,"Zarcone, Jennifer R.; And Others",1991,Research in Developmental Disabilities,10.1016/0891-4222(91)90031-m,,,,,unknown,NA,Behavior Disorders; Behavior Modification; Behavior Problems; Behavior Rating Scales,ERIC sweep,"ERIC:EJ441276; peer_reviewed=T | dup:OpenAlex sweep | QC flag: Motivation Assessment Scale psychometrics (see other MAS rows) - developmental-disability behavior assessment, education-adjacent"
Context-Sensitive Cognitive-Behavioral Supports for Young Children with TBI: A Second Replication Study,"Feeney, Timothy J.; Ylvisaker, Mark",2008,Journal of Positive Behavior Interventions,10.1177/1098300707312540,,,,,unknown,NA,Behavior Problems; Intervention; Head Injuries; Behavior Disorders,ERIC sweep,ERIC:EJ809900; peer_reviewed=T
Experimenter Bias Effects: A Direct Replication.,"Cipani, Ennio; Waite, Vicki A.",1980,Perceptual and Motor Skills,,,,,,direct,NA,Bias; Classroom Observation Techniques; Experimenter Characteristics; Higher Education,ERIC sweep,ERIC:EJ231460; peer_reviewed=T | QC flag: Experimenter-bias direct replication (Perceptual and Motor Skills) - expectancy-effect lab study; educational relevance unclear from title
Career Maturity of Young Gifted Adolescents: A Replication Study.,"Kelly, Kevin",1992,Journal for the Education of the Gifted,10.1177/016235329201600105,,,,,unknown,NA,Career Awareness; Career Exploration; Career Planning; Gifted,ERIC sweep,ERIC:EJ457380; peer_reviewed=T | dup:Semantic Scholar sweep
Teacher's Career Education Participation: A Replication Study.,"Mowsesian, Richard",1980,Journal of Career Education,,,,,,unknown,NA,Career Education; Evaluation; Program Descriptions; Program Development,ERIC sweep,ERIC:EJ224823; peer_reviewed=T
Verbal Self-Guidance as a Treatment Approach for Children with Developmental Coordination Disorder: A Systematic Replication Study.,"Martini, Rose; Polatajko, Helene J.",1998,Occupational Therapy Journal of Research,10.1177/153944929801800403,,Wilcox and Polatajko,1993,,direct,NA,Children; Cognitive Restructuring; Intervention; Occupational Therapy,ERIC sweep,ERIC:EJ578855; peer_reviewed=T | dup:OpenAlex sweep | QC flag: Occupational-therapy verbal self-guidance intervention for children with developmental coordination disorder - therapy/education boundary
Evaluating Distance Learning in Social Work Education: A Replication Study.,"Thyer, Bruce A.; Artelt, Thomas; Markward, Martha K.; Dozier, Cheryl D.",1998,Journal of Social Work Education,,,,,,unknown,NA,Classroom Communication; Comparative Analysis; Course Evaluation; Distance Education,ERIC sweep,ERIC:EJ567561; peer_reviewed=T
"Indeed, Sometimes Knowledge Does Not Help: A Replication Study.","Stark, Robin; Renkl, Alexander; Gruber, Hans; Mandl, Heinz",1998,Instructional Science,,,,,,unknown,NA,Cognitive Processes; Competence; Computer Simulation; Correlation,ERIC sweep,ERIC:EJ575809; peer_reviewed=T
Does Generation Benefit Learning for Narrative and Expository Texts? A Direct Replication Attempt,Julia Schindler; Tobias Richter; Raymond A. Mar,2024,Applied Cognitive Psychology,10.1002/acp.4230,,,,,direct,NA,Cognitive Processes; Memory; Recall (Psychology); Replication (Evaluation),ERIC sweep,ERIC:EJ1436682; peer_reviewed=T | dup:ERIC sweep | dup:OpenAlex sweep
Revisiting Adults' Perceptual Learning Style and Their Educational Level: A Replication Study,"Koch, Kourtland R.",2004,Journal of Adult Education,,,James and Blank,1991,,unknown,NA,Cognitive Style; Educational Attainment; Learning Strategies; Replication (Evaluation),ERIC sweep,ERIC:EJ890519; peer_reviewed=T | dup:OpenAlex sweep
A Replication Study of Experienced Graduate Nurse Faculty Orientation Offerings and Needs.,"Morin, Karen H.; Ashton, Kathleen C.",1998,Journal of Nursing Education,10.3928/0148-4834-19981001-05,,,,,unknown,NA,College Faculty; Graduate Study; Higher Education; Nursing Education,ERIC sweep,ERIC:EJ572994; peer_reviewed=T | dup:Semantic Scholar sweep
Differential Prediction of College Grades by Gender and Ethnicity: A Replication Study.,"Young, John W.",1994,Educational and Psychological Measurement,,,,,,unknown,NA,College Students; Course Selection (Students); Ethnicity; Females,ERIC sweep,ERIC:EJ500495; peer_reviewed=T
"The Keyword Effect: A Conceptual Replication, Effects on Bias, and an Optimization","Waldeyer, Julia; Roelle, Julian",2021,Metacognition and Learning,10.1007/s11409-020-09235-7,,,,,conceptual,NA,College Students; Metacognition; Reading Comprehension; Information Retrieval,ERIC sweep,ERIC:EJ1289883; peer_reviewed=T
Student Satisfaction and Perceived Learning in an Online Second Language Learning Environment: A Replication of Gray and Diloreto (2016),"Shin, Hye Won; Sok, Sarah",2023,ReCALL,10.1017/s0958344023000034,,Gray and DiLoreto's,2016,,unknown,NA,College Students; Second Language Learning; Computer Assisted Instruction; Electronic Learning,"ERIC sweep; L2 journals Crossref title sweep (partial reconstruction of Marsden et al. 2018 catalogue, doi:10.1111/lang.12286; Appendix S1 paywalled/unavailable)",ERIC:EJ1373649; peer_reviewed=T | dup:OpenAlex sweep
Analysing discussion forum data: a replication study avoiding data contamination,Elaine Farrow; Johanna D. Moore; D. Gašević,2019,International Conference on Learning Analytics and Knowledge,10.1145/3303772.3303779,,,,,unknown,NA,Computer Science,Semantic Scholar sweep,S2:87d8c8ec97ff6921897c93114474fd90579c862e
Effectiveness of a numeracy intelligent tutoring system in kindergarten: A conceptual replication,K. Grimes; Soyoung Park; Amanda McClelland; Jiyeon Park; Y. Lee; M. Nozari; Zainab Umer; Brenda Zaparolli; D. Bryant,2020,Journal of Numerical Cognition,10.31219/osf.io/n2x7b,,,,,conceptual,NA,Computer Science,Semantic Scholar sweep,S2:78ef95da5c6fa5bdef66440a10db2a69da948dd4
Assessment of Students' Feedback Behavior in AGame-Based Automated Feedback System -A Cross-Cultural Replication Study,Annika Silvervarg; K. Blair; M. Cutumisu; Agneta Gulz,2022,IEEE International Conference on Consumer Electronics,,,,,,unknown,NA,Computer Science,Semantic Scholar sweep,S2:222b8f22388fc2f40c740576c9d013c9dee5c1d3
Peer Instruction in Online Software Testing and Continuous Integration - A Replication Study,Bhuvaneswari Gopal; S. Cooper,2022,2022 IEEE/ACM 44th International Conference on Software Engineering: Software Engineering Education and Training (ICSE-SEET),10.1145/3510456.3514168,,,,,unknown,NA,Computer Science,Semantic Scholar sweep,S2:1f50dfc569f16861f0cc8d8690de7e5799dfa374
"How Did COVID 19 Impact Techno stressors, Literacy Facilitation, Burnout, and Turnover Intention? An Exact Replication",Christopher B. Califf; Stoney L. Brooks,2024,AIS Trans. Replication Res.,10.17705/1atrr.00084,,Califf and Brooks,2020,,direct,NA,Computer Science,Semantic Scholar sweep,S2:33f00bec3151182660b89436a47e7f2335fc21ca
Large Language Models for the Assessment of Students' Authentic Tasks: A Replication Study in Higher Education,Daniele Agostini; F. Picasso; Helga Ballardini,2024,AIxEDU@AI*IA,,,,,,unknown,NA,Computer Science,Semantic Scholar sweep,S2:b00d13df8a80096008a9c5086ec032b4cc73774e
Replication: A Pedagogical Tool for Teaching Ethical Practices to Future Software Engineers,Gouri Ginde,2025,EASE Companion,10.1145/3727967.3756832,,,,,unknown,NA,Computer Science,Semantic Scholar sweep,S2:2716bfde8f10603384c9b13b89482fec47e485e3 | QC flag: Likely a position/experience paper on using replication as a pedagogical tool in software-engineering ethics teaching; replication-study status uncertain
Revisiting the Replication Study Design Used in Computing Education Research,Rita Garcia; Ellie Lovellette; Xi Wu; Angela M. Zavaleta Bernuy,2026,arXiv.org,10.48550/arxiv.2603.27461,,,,,unknown,success,Computer Science,Semantic Scholar sweep,S2:322ed63cb5f883140ca43dbe80b956936f7c61c5 | QC flag: Replication of a systematic literature review of replication in computing education (meta-research plus researcher survey) - 'replication of a review' category
What Motivates First-generation College Students to Consider an IT Career? A Replication Study in Kuwait,Sam Zaza; A. Al-Hasan; X. Deng; Deborah J. Armstrong,2026,Communications of the Association for Information Systems,,,,,,unknown,NA,Computer Science,Semantic Scholar sweep,S2:6cae3c5a4e0c18be6355e3c9e7399109776b86a1
Mixed-Reality Simulation with Preservice Teacher Candidates: A Conceptual Replication,"Walters, Sharon M.; Hirsch, Shanna E.; McKown, Georgia; Carlson, Alex; Allen, Abigail A.",2021,Teacher Education and Special Education,10.1177/08884064211001453,,,,,conceptual,NA,Computer Simulation; Simulated Environment; Preservice Teachers; Preservice Teacher Education,ERIC sweep,ERIC:EJ1314797; peer_reviewed=T | dup:OpenAlex sweep | dup:Semantic Scholar sweep
A Replication Study to Assess CLIL Effects on Second Language Learning in Germany: More than Selection and Preparation Effects?,Maja Feddermann; Jürgen Baumert; Jens Möller,2024,International Journal of Bilingual Education and Bilingualism,10.1080/13670050.2022.2164174,,,,,unknown,NA,Content and Language Integrated Learning; Foreign Countries; Second Language Learning; Second Language Instruction,ERIC sweep,ERIC:EJ1406832; peer_reviewed=T
Individual and Contextual Factors Influencing Engagement in Learning Activities after Errors at Work: A Replication Study in a German Retail Bank,"Leicher, Veronika; Mulder, Regina H.",2016,Journal of Workplace Learning,10.1108/jwl-03-2015-0022,,,,,unknown,NA,Context Effect; Learning Activities; Foreign Countries; Banking,ERIC sweep,"ERIC:EJ1091057; peer_reviewed=T | QC flag: Learning from errors at work - workplace training/learning, education-adjacent"
"A Replication of a Survey of School Psychologists: Congruence between Training, Practice, Preferred Role, and Competence.","Fisher, Gary L.; And Others",1986,Psychology in the Schools,,,Meacham and Peckham,1978,,unknown,NA,Counselor Role; Job Analysis; Job Performance; National Surveys,ERIC sweep,ERIC:EJ340902; peer_reviewed=T
Rehabilitation Counselor Education Students' Career Goals: A Partial Replication Study,"Chapin, Martha H.; Goodwin, Lloyd R., Jr.",2006,College Student Journal,,,Cady,1990,,unknown,mixed,Counselors; Rehabilitation Counseling; Counselor Training; Student Surveys,ERIC sweep,ERIC:EJ765385; peer_reviewed=T
Learned Attention in Adult Language Acquisition: A Replication and Generalization Study and Meta-Analysis,"Ellis, Nick C.; Sagarra, Nuria",2011,Studies in Second Language Acquisition,10.1017/s0272263111000325,,Ellis and Sagarra,2010,,conceptual,NA,Cues; Form Classes (Languages); Morphology (Languages); Child Language,ERIC sweep,ERIC:EJ951077; peer_reviewed=T
Effects of n-grams on the rated L2 writing quality of expository essays: A conceptual replication and extension,Xiaopeng Zhang; Wenwen Li,2020,System,10.1016/j.system.2020.102437,,,,,conceptual,NA,Developmental and Educational Psychology,"L2 journals Crossref title sweep (partial reconstruction of Marsden et al. 2018 catalogue, doi:10.1111/lang.12286; Appendix S1 paywalled/unavailable); OpenAlex sweep",OA:W3110712905
Quantifying the uniqueness and efficiency of the MLAT relative to L1 attainment as a predictor of L2 achievement: A conceptual replication,Richard L. Sparks; Philip S. Dale,2023,Applied Psycholinguistics,10.1017/s0142716423000450,,Sparks and Dale,2023,,conceptual,NA,Developmental and Educational Psychology,"L2 journals Crossref title sweep (partial reconstruction of Marsden et al. 2018 catalogue, doi:10.1111/lang.12286; Appendix S1 paywalled/unavailable); OpenAlex sweep",OA:W4388726648 | dup:Semantic Scholar sweep
Conservation without Conversation Revisited: a replication and elaboration of the Wheldall‐Poborca findings on the nonverbal assessment of conservation of liquid quantity,Kevin Wheldall; Hazel Benner,1993,Educational Psychology,10.1080/0144341930130106,,Wheldall and Poborca,1980,,unknown,success,Developmental and Educational Psychology,OpenAlex sweep,OA:W2088989546
Word reading strategies: A replication and follow up intervention,Andrew Davoll,1993,Australasian Journal of Paramedicine,,,Freebody and Byrne,1988,,unknown,NA,Developmental and Educational Psychology,OpenAlex sweep,OA:W1417110839
INTER‐INFORMANT AGREEMENT ON THE MOTIVATION ASSESSMENT SCALE: ANOTHER FAILURE TO REPLICATE,Sarah Thompson; Eric Emerson,1995,Mental Handicap Research,10.1111/j.1468-3148.1995.tb00156.x,,,,,unknown,NA,Developmental and Educational Psychology,OpenAlex sweep,"OA:W1971603563 | QC flag: Motivation Assessment Scale inter-informant agreement - developmental-disability behavior assessment, education-adjacent"
Convergent Reliability and Validity of the Questions About Behavioral Function and the Motivation Assessment Scale: A Replication Study,Karrie A. Shogren; Johannes Rojahn,2003,Journal of Developmental and Physical Disabilities,10.1023/a:1026314316977,,,,,unknown,NA,Developmental and Educational Psychology,OpenAlex sweep,"OA:W88146259 | QC flag: QABF/MAS convergent validity - developmental-disability behavior assessment, education-adjacent"
Cooperative Learning in a Passive Learning Environment: A Replication and Extension,Nen-Chen Richard Hwang; Gladie Lui; Marian Yew Jen Wu Tong,2008,Issues in Accounting Education,10.2308/iace.2008.23.1.67,,Hwang et al.,2005,,conceptual,NA,Developmental and Educational Psychology,OpenAlex sweep,OA:W2105816527
Acquiring vocabulary through reading: A replication of the Golden Fleece study,Nina Daskalovska,2010,Goce Delchev University Repository (Goce Delčev University of Štip),,,,,,unknown,NA,Developmental and Educational Psychology,OpenAlex sweep,OA:W2275561106
Developmental Relations between Vocabulary Knowledge and Reading Comprehension: A Large-Scale Replication Study,Jamie Quinn; Rick Wagner; Andrew J. Menzel; Yaacov Petscher; Christopher State Schatschneider; John McArdle,2015,,,,,,,unknown,NA,Developmental and Educational Psychology,OpenAlex sweep,OA:W2735102515
Using Social Validity to Examine Teacher Perspectives of Positive Behavior Intervention Support Programs: A Quasi-Replication Study,Jason Wright,2015,ScholarsArchive (Brigham Young University),,,Lane et al.,2009,,unknown,NA,Developmental and Educational Psychology,OpenAlex sweep,OA:W2600070792
Using collgrams to assess L2 phraseological development: A replication study,Yves Bestgen; Sylviane Granger,2015,"Digital Access to Libraries (Université catholique de Louvain (UCL), l'Université de Namur (UNamur) and the Université Saint-Louis (USL-B))",,,,,,unknown,NA,Developmental and Educational Psychology,OpenAlex sweep,OA:W1718822572
Brain Journal - On The Relationship Between Brain Laterality And Language Proficiency In L2: A Replication Study,Nima Shakouri; Parviz Maftoon,2016,Zenodo (CERN European Organization for Nuclear Research),10.5281/zenodo.1044270,,Albert and Obler's,1978,,unknown,NA,Developmental and Educational Psychology,OpenAlex sweep,OA:W4291327262 | QC flag: L2 brain-laterality replication published in 'Brain Journal' via Zenodo - dubious venue; neurolinguistics with thin education angle
Understanding the effect of social context on learning: A replication of Xu and Tenenbaum (2007b).,Molly Lewis; Michael C. Frank,2016,Journal of Experimental Psychology General,10.1037/xge0000203,,Xu and Tenenbaum,2007b,,unknown,success,Developmental and Educational Psychology,OpenAlex sweep,"OA:W2518063274 | QC flag: Replication of Xu & Tenenbaum (2007) word learning - basic developmental learning research, education-adjacent"
A replication of the response‐restriction preference assessment,Megan A. Boyle; Kaitlin S. Curtis; Kara L. Forck; Brittany M. Fudge; Heather N. Speake; Benjamin P. Pauls,2019,Behavioral Interventions,10.1002/bin.1683,,,,,unknown,success,Developmental and Educational Psychology,OpenAlex sweep,OA:W2963731160 | QC flag: Behavior-analytic response-restriction preference assessment replication - population and educational context unclear
"Incidental learning of collocations: a multi-site replication study of Webb, Newton, and Chang (2013)",Elke Peters; Paweł Szudarski; Eva Puimège,2019,,,,,,,unknown,NA,Developmental and Educational Psychology,OpenAlex sweep,OA:W3095507037
5 Phraseological Complexity as an Index of L2 Dutch Writing Proficiency: A Partial Replication Study,Rachel Rubin; Alex Housen; Magali Paquot,2021,Multilingual Matters eBooks,10.21832/9781788924863-006,,,,,unknown,mixed,Developmental and Educational Psychology,OpenAlex sweep,OA:W3188915841
Comparative Analysis of fundamental motor skills in Finnish children with and without intellectual disability : A replication study,G. Suominen; Joan Marttila; E. Michael Loovis; Pauli Rintala,2021,Jyväskylä University Digital Archive (University of Jyväskylä),,,Rintala & Loovis,2013,,unknown,NA,Developmental and Educational Psychology,OpenAlex sweep,OA:W3129841718 | QC flag: Fundamental motor skills in children with/without intellectual disability - adapted physical education; replication status uncertain from title
Turkish EFL Learners’ Acquisition of Psych Verbs and Unaccusative Verbs: A Replication Study on Underpassivization and Overpassivization,Seray Tanyer; Samet Deniz,2022,Theory and Practice of Second Language Acquisition,10.31261/tapsla.10353,,,,,unknown,NA,Developmental and Educational Psychology,OpenAlex sweep,OA:W4211193838
COMPARING PROCEDURES WITHIN MATRIX TRAINING: A SYSTEMATIC REPLICATION,"Cloe, Kennedy",2024,OpenSIUC (Southern Illinois University Carbondale),,,Bergmann et al.,2022,,direct,NA,Developmental and Educational Psychology,OpenAlex sweep,OA:W7112424129
Teaching students with autism to solve mathematical story problems: A replication and extension,Liming Zhou; Xin Wang; Lei Wang; Xiaoyi Hu,2024,Behavioral Interventions,10.1002/bin.2045,,,,,conceptual,NA,Developmental and Educational Psychology,OpenAlex sweep,OA:W4401101138 | dup:Semantic Scholar sweep
Comparing the Effects of Independent and Interdependent Group Contingencies in a Special Education Teacher Preparation Course: A Direct Replication,Virginia L. Walker; Reem Muharib; Amy Clausen; Kristy Park; Tyler A. Hicks,2025,Single Case in the Social Sciences,10.15763/issn.1936-9298.2025.2.4.35-48,,,,,direct,NA,Developmental and Educational Psychology,OpenAlex sweep,OA:W4417527618 | dup:Semantic Scholar sweep
Failure to Replicate Effects of Parent-Delivered Early Language Intervention: Evidence from a Randomized Controlled Trial with Implications for Universal Language Intervention,"Burgoyne, Kelly; id_orcid 0000-0001-8765-5154; Boundy, Laura; Eerola, Paivi; Zhang, Qing; Einbeck, Jochen; Cramman, Helen; Menzies, Vic",2025,Research Explorer (The University of Manchester),,,,,,unknown,mixed,Developmental and Educational Psychology,OpenAlex sweep,"OA:W7114620021 | QC flag: Parent-delivered early language intervention RCT - parenting intervention, education-adjacent; repository version duplicating the JCPP Advances record"
Failure to replicate effects of parent‐delivered early language intervention: Evidence from a randomised controlled trial with implications for universal language intervention,Kelly Burgoyne; Laura Boundy; Paivi Eerola; Qing Zhang; Jochen Einbeck; Helen Cramman; Vic Menzies,2025,JCPP Advances,10.1002/jcv2.70064,,,,,unknown,mixed,Developmental and Educational Psychology,OpenAlex sweep,"OA:W4415966494 | dup:Semantic Scholar sweep | QC flag: Parent-delivered early language intervention RCT - parenting intervention, education-adjacent"
Implementing Skill Based Treatment within a Classroom Setting for Students with Autism: A Systematic Replication in an Alternative School Based Setting,"Getz, Hayley",2025,Carroll Collected (John Carroll University),,,,,,direct,NA,Developmental and Educational Psychology,OpenAlex sweep,OA:W7110641524
Schedule control with a synchronous reinforcement treadmill preparation: A replication and extension,Rasha R. Baruni; Jennifer L. Cook; Jonathan W. Pinkston; John T. Rapp; Raymond G. Miltenberger; Edward Walker; Shreeya S. Deshmukh; Daniel J. Sheridan,2025,Journal of Applied Behavior Analysis,10.1002/jaba.70008,,Pinkston et al.,2024,,conceptual,NA,Developmental and Educational Psychology,OpenAlex sweep,"OA:W4408724979 | QC flag: JABA synchronous-reinforcement treadmill (exercise) replication - behavior-analytic, educational relevance unclear"
Teaching Information Synthesis in First-Year Writing: A Replication and Extension Study,"Terry, Rachel M.",2025,ScholarsArchive (Brigham Young University),,,,,,conceptual,NA,Developmental and Educational Psychology,OpenAlex sweep,OA:W7113562432
The effect of speaker reliability on word learning in children: a replication study,Ishanti Gangopadhyay; Lillian Peters,2025,Frontiers in Developmental Psychology,10.3389/fdpys.2025.1469550,,,,,unknown,NA,Developmental and Educational Psychology,OpenAlex sweep,"OA:W4407719821 | QC flag: Speaker-reliability word learning in children - developmental language lab study, education-adjacent"
L1 Turkish learners of Spanish and the interpretation of verbal moods: a close replication of Kanwit and Geeslin (2014),Aarnes Gudmestad; Şebnem Yalçın; Amanda Edmonds,2026,Studies in Hispanic and Lusophone Linguistics,10.1515/shll-2026-2003,,Kanwit and Geeslin,2014,,direct,NA,Developmental and Educational Psychology,OpenAlex sweep,OA:W7160325027
Reevaluating the Longitudinal Stability of Hybrid Models of Dyslexia: A Conceptual Replication with the Addition of Word Reading Fluency,Brian Gearin; P. C. Kennedy; K. W. Bromley; J. Otterstedt; G. Biancarosa,2026,Scientific Studies of Reading,10.1080/10888438.2026.2635725,,,,,conceptual,success,Developmental and Educational Psychology,OpenAlex sweep,OA:W7133990054 | dup:Semantic Scholar sweep
Extending Research on the Interspersal Procedure to Perceptions of Continuous Reading Assignments: Applied and Theoretical Implications of a Failure To Replicate.,"Martin, Jill J.; Skinner, Christopher H.; Neddenriep, Christine E.",2001,Psychology in the Schools,,,,,,unknown,NA,Difficulty Level; Middle Schools; Oral Reading; Readability,ERIC sweep,ERIC:EJ632162; peer_reviewed=T
Assessing Social Presence in Online Discussion Groups: A Replication Study,"Hughes, Matthew; Ventura, Susie; Dando, Mark",2007,Innovations in Education and Teaching International,10.1080/14703290601090366,,,,,unknown,NA,Discussion Groups; Online Courses; Computer Mediated Communication; Stress Variables,ERIC sweep,ERIC:EJ764303; peer_reviewed=T | dup:OpenAlex sweep
"Practice Still Makes Proficient: A Replication of Kershaw et al. (2018, 2023; Kershaw & Gordon, 2024) Using an Alternate Form of the Journal Article Comprehension Assessment",Trina C. Kershaw,2026,Teaching of Psychology,10.1177/00986283251339407,,,,,unknown,NA,Drills (Practice); Journal Articles; Research Reports; Reading Comprehension,ERIC sweep,ERIC:EJ1492984; peer_reviewed=T | dup:OpenAlex sweep | dup:Semantic Scholar sweep
A Replication Study on Student Expectations on CS Tutors: Understanding Roles and Labors of Tutors,Yubin Kim; Edward X. Chen; Sofia Caston; Jeffrey Fairbanks; Sophie Russ; Jett Spitzer; Duong Hoang Thuy Vu; James Andro-Vasko; Wolfgang Bein; Daniel Frishberg; Stephen Tsung-Han Sher; Michael Shindler,2026,Technical Symposium on Computer Science Education,10.1145/3770762.3772568,,Lim et al.,2023,,conceptual,NA,Education,ACM ICER/SIGCSE/ITiCSE/Koli/UKICER proceedings Crossref search; OpenAlex sweep,OA:W7128786776 | dup:Semantic Scholar sweep
Principal-Teacher Cross Gender Communication: A Replication Study.,Thomas D. Gougeon,1991,,,,,,,unknown,NA,Education,OpenAlex sweep,OA:W233798427
Quality and Impact of Expertise in Economics: A Replication Study with Ou Students.,Leo Wagemans,1991,,,,,,,unknown,NA,Education,OpenAlex sweep,OA:W2725240900 | QC flag: 1991 'expertise in economics' replication with Open University students - education angle plausible (expert-novice research) but no DOI/venue to verify
Differential Prediction of College Grades by Gender and by Ethnicity: A Replication Study,John W. Young,1994,Educational and Psychological Measurement,10.1177/0013164494054004019,,,,,unknown,NA,Education,OpenAlex sweep,OA:W2059586095 | dup:Semantic Scholar sweep
A replication study of the attitudes of selected academics and decision-makers towards adult students.,Curtis Smeby; Burton R. Sisco,1997,New Prairie Press (Kansas State University),,,,,,unknown,NA,Education,OpenAlex sweep,OA:W2408401236
Foundation Knowledge and Field Instruction: A Replication Study,Alonzo Cavazos; Sandra Galvan-Posada,1999,Journal of Baccalaureate Social Work,10.18084/1084-7219.5.1.45,,,,,unknown,NA,Education,OpenAlex sweep,OA:W2624480342
"The Influence of District Size, School Size and Socioeconomic Status on Student Achievement in Washington: A Replication Study Using Hierarchical Linear Modeling. Technical Report.",Martin Lee Abbott; Jeff Joireman; Heather R. Stroh,2002,,,,Howley,2000,,unknown,failure,Education,OpenAlex sweep,OA:W129590030
Relationship Between Visual-Motor Integration and Handwriting Skills of Children in Kindergarten: A Modified Replication Study,Christopher Daly; Gail T. Kelley; Andrea Krauss,2003,American Journal of Occupational Therapy,10.5014/ajot.57.4.459,,,,,unknown,NA,Education,OpenAlex sweep,OA:W2164413334 | dup:Semantic Scholar sweep
A systematic replication to determine the academic effects of peer tutoring for the tutor,Donna Villareal,2005,OhioLink ETD Center (Ohio Library and Information Network),,,Risley,1977,,direct,NA,Education,OpenAlex sweep,OA:W2278300567
"A Replication Study of the Reliability, Criterion Validity and Sensitivity to Growth of Two Algebra Progress Monitoring Measures",Serkan Perkmen; Anne Foegen; Jeannette R. Olson,2006,Iowa State University Digital Repository (Iowa State University),,,,,,unknown,NA,Education,OpenAlex sweep,OA:W2336456543
The Aspirations of young women in Worcester private/charter high schools replication study,Yekaterina Kazinik,2007,Digital WPI,,,,,,unknown,NA,Education,OpenAlex sweep,OA:W3205639783
A Replication Study: New York Public High School Principals' Attitudes On The Impact Of Tenure On Principal Performance,Raymond Gary Cooper,2008,Seton Hall University eRepository (Seton Hall University),,,,,,unknown,NA,Education,OpenAlex sweep,OA:W1569956868
"An international, systematic investigation of the relative effects of inquiry and direct instruction: a replication study",Norman G. Lederman; Judith S. Lederman; Per‐Olof Wickman; Lotta Lager-Nyqvist,2008,,,,,,,unknown,NA,Education,OpenAlex sweep,OA:W1537345203
Workforce Training and Development in the Context of the Statutory Framework for the Social Care Sector: A Replication Study,Howard Gospel,2008,,,,,,,unknown,NA,Education,OpenAlex sweep,OA:W2184806182 | QC flag: Workforce training and development in the social care sector - workplace training
Using video to improve mathematics' teachers' abilities to attend to classroom features: A replication study,Jon R. Star; Kathleen Lynch; Natasha Perova,2011,Digital Access to Scholarship at Harvard (DASH) (Harvard University),10.4324/9780203832714-20,,,,,unknown,NA,Education,OpenAlex sweep,OA:W1867956390
Mainstream ESL Instructional Coaching: A Repeated Measures Replication Study,Annela Teemant; Christine Reveles,2012,IUScholarWorks (Indiana University),,,,,,unknown,NA,Education,OpenAlex sweep,OA:W2321678616
Testing an ecological model of parent involvement in Head Start: A replication study,Rebecca C. Horwitz,2013,Scholar Commons (University of South Carolina),,,,,,unknown,NA,Education,OpenAlex sweep,OA:W2531630637
Faculty and Online Education: A Replication Study of the 2012 National Survey,Rui Li; Esther Smidt; Jennifer Bunk; Tanya Gatenby,2014,"E-Learn: World Conference on E-Learning in Corporate, Government, Healthcare, and Higher Education",,,,,,unknown,NA,Education,OpenAlex sweep,OA:W2199697370
Promoting Teachers' Social and Emotional Competence: A Replication Study of the Cultivating Awareness and Resilience in Education (CARE) Program.,Patricia A. Jennings; Joshua L. Brown; Jennifer Frank; Regin Tanler; Sebrina L. Doyle Fosco; Damira Rasheed; Anna DeWeese; Mark T. Greenberg,2014,Society for Research on Educational Effectiveness,,,,,,unknown,NA,Education,OpenAlex sweep,OA:W2261001459
Strengthening evidence for student learning in relation to design characteristics of the Regional Learning Environment: a replication study,C. Oonk; J.T.M. Gulikers; Martin Mulder,2015,Socio-Environmental Systems Modeling,,,,,,unknown,NA,Education,OpenAlex sweep,OA:W2580221797
RESEARCH NOTES: EVALUATING DISTANCE LEARNING IN SOCIAL WORK EDUCATION: A REPLICATION STUDY,Bruce A. Thyer; Thomas A. Artelt; Martha K. Markward; Cheryl D. Dozier,2016,,,,,,,unknown,NA,Education,OpenAlex sweep,OA:W195104432
The Jigsaw technique to teach object-oriented design: A replication study with graduate students,José Antonio Pow-Sang,2016,IEEE Global Engineering Education Conference,10.1109/educon.2016.7474711,,,,,unknown,NA,Education,OpenAlex sweep,OA:W2463127629 | dup:Semantic Scholar sweep
The Relationship Between Academic-Efficacy and Persistence in Adult Remedial Education: A Replication Study,Carol L. Holmquist; Robert K. Gable,2016,ScholarsArchive at Johnson & Wales University (Johnson & Wales University),,,,,,unknown,NA,Education,OpenAlex sweep,OA:W2263015559
"Improving Student Learning of Ratio, Proportion, and Percent Problem Solving: A Replication Study of Schema-Based Instruction.",Asha K. Jitendra; Michael R. Harwell; Stacy R. Karl; Soo‐hyun Im; Susan C. Slater; Gregory R. Simonson,2017,Society for Research on Educational Effectiveness,,,,,,unknown,NA,Education,OpenAlex sweep,OA:W3177008481
A REPLICATION STUDY INVESTIGATING L1 KNOWLEDGE OF SPELLING AND GRAMMAR IN SECONDARY-SCHOOL PUPILS IN FLANDERS AND THE NETHERLANDS,Filip Devos; Judit De Vilder,2018,EDULEARN proceedings,10.21125/edulearn.2018.1080,,,,,unknown,NA,Education,OpenAlex sweep,OA:W2886064182
Failure to replicate using dialogue videos in learning: Lessons learned from an authentic course,Lu Ding; Joshua Adams; Michelle Stephens; Sara E. Brownell; T. H. Michelene,2018,The Keep (Eastern Illinois University),,,,,,unknown,NA,Education,OpenAlex sweep,OA:W2903857281 | dup:Semantic Scholar sweep
School Facility Conditions and the Relationship to Teacher Job Attitudes: A Replication Study,Andrew T. Curry,2018,,,,,,,unknown,NA,Education,OpenAlex sweep,OA:W2996278295
Trigger warnings replication study,Craig A. Harper,2018,OSF Preprints (OSF Preprints),,,,,,unknown,NA,Education,OpenAlex sweep,OA:W2899465991 | QC flag: Trigger-warnings replication (OSF preprint) - college-teaching-adjacent topic; unpublished preprint
A replication study on the impact of Rowan After Hours student employment on student engagement,Eleni Dendrinos,2019,Rowan Digitals Works (Rowan University),,,Thompson's,2013,,unknown,NA,Education,OpenAlex sweep,OA:W2982216455
EXAMINING INFORMATION CONSIDERED IN TEXAS SCHOOL BOARD SUPERINTENDENT EVALUATIONS: A MODIFIED REPLICATION STUDY,Audrey Young,2019,Index of Texas Archaeology Open Access Grey Literature from the Lone Star State,,,,,,unknown,NA,Education,OpenAlex sweep,OA:W2977857057
"A conceptual replication of survey research on study strategies in a diverse, non-WEIRD student population.",Roberta Ekuni; Bruno Miguel Nogueira de Souza; Pooja K. Agarwal; Sabine Pompéia,2020,Scholarship of Teaching and Learning in Psychology,10.1037/stl0000191,,,,,conceptual,NA,Education,OpenAlex sweep,OA:W3016527805
Fine Motor Activities in Elementary School Children: A Replication Study,Sierra Caramia; Amanpreet Gill; Alisha Ohl; David Schelly,2020,American Journal of Occupational Therapy,10.5014/ajot.2020.035014,,,,,unknown,NA,Education,OpenAlex sweep,OA:W3004548587 | dup:Semantic Scholar sweep
Trigger warnings and resilience in college students: A preregistered replication and extension.,Benjamin W. Bellet; Payton J. Jones; Cynthia A. Meyersburg; Miranda M. Brenneman; Kaitlin E. Morehead; Richard J. McNally,2020,Journal of Experimental Psychology Applied,10.1037/xap0000270,,McNally,2018,,direct,NA,Education,OpenAlex sweep,OA:W3015332924 | QC flag: Trigger warnings and resilience in college students - education-adjacent (classroom content-warning practice)
Understanding Informal to Formal Comparisons and Proof Comprehension: a Replication Study,Tina Peng,2020,,,,,,,unknown,NA,Education,OpenAlex sweep,OA:W3217650903
Integrated Student Support and Academic Achievement in Urban Catholic Schools: A Replication Study,Noman Khanani,2021,Proceedings of the 2021 AERA Annual Meeting,10.3102/1687101,,,,,unknown,NA,Education,OpenAlex sweep,OA:W4296862324
Reciprocal associations between executive function and academic achievement: A conceptual replication of Schmitt et al. (2017),Alexa Ellis; Sammy F. Ahmed; Selin Zeytinoglu; Elif Isbell; Susan D. Calkins; Esther M. Leerkes; Jennie K. Grammer; William J. Gehring; Frederick J. Morrison; Pamela Davis‐Kean,2021,Journal of Numerical Cognition,10.5964/jnc.7047,,Schmitt et al.,2017,,conceptual,failure,Education,OpenAlex sweep,OA:W3181876518 | dup:Semantic Scholar sweep
The Impact of Integrated Student Support in Elementary School: A Replication Study,Noman Khanani,2021,Proceedings of the 2021 AERA Annual Meeting,10.3102/1688156,,,,,unknown,NA,Education,OpenAlex sweep,OA:W4297027991
A Meta-Synthesis of Technology-Supported Peer Feedback in ESL/EFL Writing Classes Research: A Replication of Chen’s Study,Sophie Cuocci; Padideh Fattahi Marnani; Iram Khan; Shayla Roberts,2023,Languages,10.3390/languages8020114,,,,,unknown,NA,Education,OpenAlex sweep,OA:W4366691139 | dup:Semantic Scholar sweep | QC flag: Meta-synthesis replication of technology-supported peer feedback research - 'replication of a review/synthesis' row
Evaluating the Impact of Supplemental Computer-Assisted Math Instruction in Elementary School: A Conceptual Replication (Poster 18),Matthew E. Foster,2023,,10.3102/2002478,,,,,conceptual,NA,Education,OpenAlex sweep,OA:W4386218997
Process Oriented Guided Inquiry-based learning-like pedagogy (POGIL-like) in Online Software Testing and DevOps – A Replication Study,Bhuvana Gopal; Stephen Cooper,2023,"International Conference on Software Testing, Verification and Validation Workshops",10.1109/icstw58534.2023.00080,,,,,unknown,NA,Education,OpenAlex sweep,OA:W4378676700 | dup:Semantic Scholar sweep
REFRAMING CULTURAL COMPETENCE AND CIVIC ENGAGEMENT: A REPLICATION STUDY OF HIGH IMPACT PRACTICES IN UNDERGRADUATE PSYCHOLOGY COURSES,Lori Simons; Sara Schoneman; Madeline Hoffman; Kylie Beller; Nancy Blank,2023,European Journal of Education Studies,10.46827/ejes.v10i2.4660,,,,,unknown,NA,Education,OpenAlex sweep,OA:W4321850143
"The effects of recalling and imagining prompts on writing engagement, syntactic and lexical complexity, accuracy, and fluency: A partial replication of Cho (2019)",Syed Muhammad Mujtaba; Barry Lee Reynolds; Yang Gao; Rakesh Parkash; Xuan Van Ha,2023,Open Linguistics,10.1515/opli-2022-0259,,,,,unknown,NA,Education,OpenAlex sweep,OA:W4390119216 | dup:Semantic Scholar sweep
A Language Assessment Literacy Survey of Pre-service and In-service Teachers: A Mixed-Methods Replication Study of Vogt and Tsagari (2014),Ryuhei MIZOGUCHI,2024,JLTA Journal,10.20622/jltajournal.27.0_61,,,,,unknown,NA,Education,OpenAlex sweep,OA:W4408755355 | dup:Semantic Scholar sweep
Decoding Chinese undergraduates’ conceptions of assessment: a repeated measures replication study of the C-SCoA inventory,Jinjing Fang; Gavin Brown,2024,Asia Pacific Journal of Education,10.1080/02188791.2024.2441673,,,,,unknown,NA,Education,OpenAlex sweep,OA:W4405653970 | dup:Semantic Scholar sweep
Preparing elementary pre-service teachers to teach early algebra: A conceptual replication study,Charles Hohensee; Vahid Borji,2024,The Journal of Mathematical Behavior,10.1016/j.jmathb.2024.101174,,,,,conceptual,NA,Education,OpenAlex sweep,OA:W4400108687 | dup:Semantic Scholar sweep
Conjecturing and Proving in Dynamic Geometry Environments: A Replication Study and Beyond,"SALVINI, MARIA SOFIA",2025,Electronic Theses and Dissertations Repository (University of Pisa),,,,,,unknown,NA,Education,OpenAlex sweep,OA:W7112397232
"Does Education Improve Cognitive Performance Four Decades After School Completion? A Replication Study of Nicole Schneeweis, Vegard Skirbekk and Rudolf Winter-Ebmer (Demography, 2014)",Beatrice Baaba Tawiah; Valentin Schiele,2025,Econstor (Econstor),10.15456/j1.2025082.1931045150,,Schneeweis et al.,2014,,unknown,NA,Education,OpenAlex sweep,OA:W4414601124
Escaping a second time round: A replication and extension study on the motivational climate of and knowledge gain in a general pharmacology course,Freija ter Heegde; Adriana H van Houwelingen; Afd Pharmacoepi & Clinical Pharmacology; Pharmacology,2025,Utrecht University Repository (Utrecht University),,,,,,conceptual,NA,Education,OpenAlex sweep,"OA:W7149220967 | dup:Semantic Scholar sweep | QC flag: Educational escape-room replication is in scope, but recorded DOI 10.1016/j.ejphar.2025.177496 resolves to a European Journal of Pharmacology article - metadata mismatch | source DOI was wrong (resolved to Eur J Pharmacology article); needs manual DOI lookup"
A Replication Study of the Effects of Guided Versus Minimally Guided Classroom Engagement on Academic Achievement in Physics,Uchenna Kingsley Okeke; Sam Ramaila,2026,Education Sciences,10.3390/educsci16040519,,,,,conceptual,NA,Education,OpenAlex sweep,OA:W7140582120 | dup:Semantic Scholar sweep
Conceptual Replication of the Effects of Professional Development on Preschool Teachers’ Use of Embedded Instruction Practices and Child Learning Outcomes,Patricia Snyder; Mary Louise Hemmeter; James Algina; Crystal Crowe Bishop; Darbianne Shannon; Mary McLean; Brian Reichow,2026,Exceptional Children,10.1177/00144029261425046,,,,,conceptual,NA,Education,OpenAlex sweep,OA:W7135074155 | dup:Semantic Scholar sweep
Factors influencing continuity in online education: a replication study in the Ecuadorian university context,Carlos Carbo Vélez; Karina Yuleisy González Vázquez; María Natalia Cedillo Pucha; Fernando Pacheco Olea; Juan Valenzuela Cobos,2026,Frontiers in Education,10.3389/feduc.2025.1734517,,,,,unknown,NA,Education,OpenAlex sweep,OA:W7125490572 | dup:Semantic Scholar sweep
"Large-Scale Education Reform in General Equilibrium: Regression Discontinuity Evidence from India. A Replication Study of Khanna (Journal of Political Economy, 2023)",David Roodman,2026,Open MIND,10.18718/81781.54,,,,,unknown,NA,Education,OpenAlex sweep,OA:W7134071510
The Effectiveness of Using Group Mind Mapping Strategy in Improving Prep School Pupils’ EFL Writing Skill: A Direct Replication.,Dr Adel Ibrahim El-Banna Mohammed Abdul-Moneam Seyam,2026,Mağallaẗ Al-Qirā'aẗ wa Al-Maʿrifaẗ/Mağallaẗ Al-Qirā'aẗ wa Al-Maʿrifaẗ,10.21608/mrk.2026.498394,,Seyam,2020,,direct,NA,Education,OpenAlex sweep,OA:W7154914495 | dup:Semantic Scholar sweep
Acceptance of Learning Disabled Students in the Mainstream Environment: A Failure to Replicate.,"Prillaman, Douglas",1981,Journal of Learning Disabilities,,,,,,unknown,NA,Elementary Education; Interpersonal Relationship; Learning Disabilities; Mainstreaming,ERIC sweep,ERIC:EJ248575; peer_reviewed=T
Effect of Tools for Getting along on Student Risk for Emotional and Behavioral Problems in Upper Elementary Classrooms: A Replication Study,"Smith, Stephen W.; Daunic, Ann P.; Aydin, Burak; Van Loan, Christopher L.; Barber, Brian R.; Taylor, Gregory G.",2016,School Psychology Review,10.17105/spr45-1.73-92,,,,,unknown,mixed,Elementary School Students; Emotional Problems; Behavior Problems; Risk,ERIC sweep,ERIC:EJ1141331; peer_reviewed=T | dup:OpenAlex sweep
Long-Term Effects of First-Grade Teachers on Students' Achievement: A Replication Study,"Vanwynsberghe, Griet; Vanlaar, Gudrun; Van Damme, Jan; De Fraine, Bieke",2019,School Effectiveness and School Improvement,10.1080/09243453.2018.1556164,,,,,direct,NA,Elementary School Teachers; Teacher Influence; Mathematics Achievement; Academic Achievement,ERIC sweep,ERIC:EJ1219666; peer_reviewed=T | dup:OpenAlex sweep
EFL Learners Dropping out of Blended Language Learning Classes: A Replication of Stracke (2007),"Stracke, Elke; Nguyen, Giang Hong; Nguyen, Vinh",2023,ReCALL,10.1017/s0958344023000010,,Stracke,2007,,unknown,NA,English (Second Language); Dropouts; Blended Learning; Second Language Learning,"ERIC sweep; L2 journals Crossref title sweep (partial reconstruction of Marsden et al. 2018 catalogue, doi:10.1111/lang.12286; Appendix S1 paywalled/unavailable)",ERIC:EJ1373635; peer_reviewed=T
Pleasure Reading Behavior and Attitude of Non-Academic ESL Students: A Replication Study,"Ro, Eunseok; Chen, Cheng-Ling Alice",2014,Reading in a Foreign Language,10.64152/10125/66687,,Camiciottoli's,2001,,unknown,NA,English (Second Language); Recreational Reading; Reading Attitudes; Reading Habits,ERIC sweep,ERIC:EJ1031309; peer_reviewed=T | dup:Semantic Scholar sweep
"Time-Interval Measurement of Stuttering: Systematic Replication of Ingham, Cordes, and Gow (1993).","Ingham, Roger J.; And Others",1993,Journal of Speech and Hearing Research,,,,,,direct,NA,Evaluation Methods; Interrater Reliability; Measurement Techniques; Research Methodology,ERIC sweep,"ERIC:EJ475921; peer_reviewed=T | QC flag: Time-interval measurement of stuttering - speech-language measurement research, clinical/education boundary"
A Conceptual Replication of Targeted Professional Development to Increase Teachers' Behavior-Specific Praise,"Grasley-Boy, Nicolette M.; Gage, Nicholas A.; Reichow, Brian; MacSuga-Gage, Ashley S.; Lane, Holly",2023,School Psychology Review,10.1080/2372966x.2020.1853486,,,,,conceptual,NA,Faculty Development; Teacher Behavior; Positive Reinforcement; Classroom Techniques,ERIC sweep,ERIC:EJ1378369; peer_reviewed=T | dup:OpenAlex sweep
"Predictors of Offense Severity, Adjudication, Incarceration, and Repeat Referrals for Juvenile Offenders: A Multicohort Replication Study","Barrett, David E.; Katsiyannis, Antonis; Zhang, Dalun",2010,Remedial and Special Education,10.1177/0741932509355990,,,,,unknown,NA,Fatherless Family; Juvenile Justice; Whites; Delinquency,ERIC sweep,ERIC:EJ889992; peer_reviewed=T
An Open for Replication Study: The Role of Feedback Timing in Synchronous Computer-Mediated Communication,"Arroyo, Diana C.; Yilmaz, Yucel",2018,Language Learning,10.1111/lang.12300,,,,,unknown,NA,Feedback (Response); Computer Mediated Communication; Synchronous Communication; Error Correction,ERIC sweep,ERIC:EJ1195857; peer_reviewed=T
"""I (Still) Need Help on Many Things"": A Writing Center Replication Study of First-Generation College Students' Writing Challenges and Cultural Capital",Red Douglas; Ashley Cerku; Isabelle Lundin; Mary Gallagher; Xavier Iriarte; Sophia E. Williams; Kaylie Williams,2025,Writing Center Journal,10.7771/2832-9414.2043,,,,,unknown,NA,First Generation College Students; Laboratories; Writing (Composition); Student Attitudes,ERIC sweep,ERIC:EJ1489029; peer_reviewed=T | dup:Semantic Scholar sweep
The Effects of Multisensory Structured Language Instruction on Native Language and Foreign Language Aptitude Skills of At-Risk High School Foreign Language Learners: A Replication and Follow-Up Study.,"Sparks, Richard L.; Ganschow, Leonore",1993,Annals of Dyslexia,10.1007/bf02928182,,,,,unknown,NA,Followup Studies; High Risk Students; High Schools; Instructional Effectiveness,ERIC sweep,ERIC:EJ475901; peer_reviewed=T | dup:OpenAlex sweep
Learning Curve Theory in Accreditation: A Replication Study of Indian Universities,Atul Kumar; Amol Gawande; Ajit Sane; Shailendrakumar Kale; Jaiprakash Paliwal; Mahesh Singh; Akash Agarwal; Vinaydeep Brar; Amandeep Saini; Rahul Dhaigude; Shirish Raibagkar,2026,Quality Assurance in Education: An International Perspective,10.1108/qae-05-2025-0171,,,,,unknown,NA,Foreign Countries; Accreditation (Institutions); Universities; Organizational Learning,ERIC sweep,ERIC:EJ1504907; peer_reviewed=T | dup:Semantic Scholar sweep
"Exploring Links between Aural Lexical Knowledge and L2 Listening in Arabic and Japanese Speakers: A Close Replication of Cheng, Matthews, Lange and Mclean (2022)",Joshua Matthews; Ahmed Masrai; Kriss Lange; Stuart McLean; Emad A. Alghamdi; Young Ae Kim; Yukie Shinhara; Saori Tada,2024,TESOL Quarterly: A Journal for Teachers of English to Speakers of Other Languages and of Standard English as a Second Dialect,10.1002/tesq.3212,,Cheng et al.,2022,,direct,NA,Foreign Countries; English (Second Language); Language Tests; Second Language Learning,"ERIC sweep; L2 journals Crossref title sweep (partial reconstruction of Marsden et al. 2018 catalogue, doi:10.1111/lang.12286; Appendix S1 paywalled/unavailable)",ERIC:EJ1411389; peer_reviewed=T | dup:OpenAlex sweep | dup:OpenAlex sweep
"Polish, Portuguese, and Turkish EFL Teachers' Perceptions on the Use of OER Language Processing Technologies in MALL: A Replication Study","Kic-Drgas, Joanna; Seferoglu, Gölge; Kiliçkaya, Ferit; Pereira, Ricardo",2023,ReCALL,10.1017/s0958344023000058,,Jiménez,2018,,unknown,NA,Foreign Countries; English (Second Language); Second Language Instruction; Teacher Attitudes,"ERIC sweep; L2 journals Crossref title sweep (partial reconstruction of Marsden et al. 2018 catalogue, doi:10.1111/lang.12286; Appendix S1 paywalled/unavailable)",ERIC:EJ1373728; peer_reviewed=T
"A Replication of ""Confucian"" Model? Predicting Higher Education Enrolments in China between 2024 and 2035",Chen Tian; Husaina Banu Kenayathulla,2026,International Journal of Comparative Education and Development,10.1108/ijced-04-2025-0042,,,,,unknown,NA,Foreign Countries; Higher Education; Confucianism; Enrollment Trends,ERIC sweep,ERIC:EJ1501684; peer_reviewed=T | dup:Semantic Scholar sweep
"ICT Use Patterns, Mental Health Symptoms and the Well-Being of the Open Distance Learning Student: A Replication Study with Historically Advantaged Students","van der Merwe, Thomas Mc Donald",2020,International Journal of Learning Technology,10.1504/ijlt.2020.113884,,,,,unknown,success,Foreign Countries; Information Technology; Technology Uses in Education; Mental Health,ERIC sweep,ERIC:EJ1323008; peer_reviewed=T | dup:Semantic Scholar sweep
Contextual Variations in Associations between Measures of Aggression and Withdrawal and Functioning with Peers: A Replication Study,"Bukowski, William M.; Dirks, Melanie; Persram, Ryan; Santo, Jonathan; DeLay, Dawn; Lopez, Luz Stella",2021,Developmental Psychology,10.1037/dev0000958,,Valdivia et al.,2005,,unknown,NA,Foreign Countries; Preadolescents; Aggression; Withdrawal (Psychology),ERIC sweep,"ERIC:EJ1320054; peer_reviewed=T | QC flag: Aggression/withdrawal and functioning with peers - developmental peer-relations research, school-adjacent"
Examining the Perceptions and Self-Reported Practices of L2 Teachers in China Regarding Oral Fluency: A Conceptual Replication and Extension,Qiao Gan; Lin Ma,2026,Language Teaching Research,10.1177/13621688231186857,,,,,conceptual,mixed,Foreign Countries; Teacher Attitudes; Language Teachers; Oral Language,"ERIC sweep; L2 journals Crossref title sweep (partial reconstruction of Marsden et al. 2018 catalogue, doi:10.1111/lang.12286; Appendix S1 paywalled/unavailable)",ERIC:EJ1502762; peer_reviewed=T | dup:Semantic Scholar sweep
More on the Effects of Explicit Information in Instructed SLA: A Partial Replication and a Response to Fernandez (2008),"Henry, Nicholas; Culmana, Hillah; VanPattena, Bill",2009,Studies in Second Language Acquisition,10.1017/s0272263109990027,,Fernandez,2008,,conceptual,mixed,Form Classes (Languages); Word Order; Sentence Structure; Predictor Variables,ERIC sweep,ERIC:EJ860996; peer_reviewed=T
A Replication of Extended Implementation and Social Interaction during the Step It UP! Game for Adults with Disabilities,Rebecca Seward; Ryan Redner,2024,Journal of Applied Behavior Analysis,10.1002/jaba.1098,,,,,unknown,NA,Games; Adults; Disabilities; Intervention,ERIC sweep,"ERIC:EJ1444415; peer_reviewed=T | dup:OpenAlex sweep | dup:Semantic Scholar sweep | QC flag: JABA Step It UP! game with adults with disabilities - adult disability services, education-adjacent behavior analysis"
The Interplay of Dopaminergic Genotype and Parent-Child Relationship in Relation to Intra-Individual Response Time Variability in Preschoolers: A Replication Study,Yuewen Zhang; Zhenhong Wang,2024,Developmental Science,10.1111/desc.13561,,,,,direct,NA,Genetics; Parent Child Relationship; Reaction Time; Attention Control,ERIC sweep,ERIC:EJ1444421; peer_reviewed=T | QC flag: Dopaminergic genotype x parent-child relationship on preschoolers' response-time variability - behavior genetics/developmental; education link unclear
Statistical Learning in the Visuomotor Domain and Its Relation to Grammatical Proficiency in Children with and without Developmental Language Disorder: A Conceptual Replication and Meta-Analysis,"Lammertink, Imme; Boersma, Paul; Wijnen, Frank; Rispens, Judith",2020,Language Learning and Development,10.1080/15475441.2020.1820340,,,,,conceptual,NA,Grammar; Language Impairments; Language Acquisition; Native Language,ERIC sweep,ERIC:EJ1273565; peer_reviewed=T | dup:OpenAlex sweep
"Comparing Instructor-Led, Video-Model, and No-Instruction Control Tutorials for Creating Single-Subject Graphs in Microsoft Excel: A Systematic Replication and Extension",Kimberley L. M. Zonneveld; Alison D. Cox; Madeline M. Asaro; Kieva S. Hranchuk; Arezu Alami; Laura D. Kelly; Jan C. Frijters,2024,Journal of Applied Behavior Analysis,10.1002/jaba.1053,,Tyner and Fienup,2015,,direct,NA,Graphs; Video Technology; Teaching Methods; Computer Software,ERIC sweep,ERIC:EJ1419044; peer_reviewed=T | dup:OpenAlex sweep | dup:Semantic Scholar sweep
"""For Whom"" and ""Under What Conditions"" Is MSBI Effective? A Conceptual Replication with High School Students with Autism",Sarah K. Cox; Jenny R. Root; Addie McConomy; Kathryn Davis,2024,Exceptional Children,10.1177/00144029241259013,,,,,conceptual,NA,High School Students; Autism Spectrum Disorders; Students with Disabilities; Evidence Based Practice,ERIC sweep,ERIC:EJ1441510; peer_reviewed=T | dup:OpenAlex sweep | dup:Semantic Scholar sweep
Can We Mitigate the Impacts of Test Anxiety through Reappraisal Interventions? A Replication Study in Science Courses across Multiple Institution Types in the United States,Ruben S. Thormods&#x00E6;ter; Cissy J. Ballen; Sheritta Fagbodun; Dawn Foster-Hartnett; Marcos E. Garc&#x00ED;a-Ojeda; Ngawang Gonsar; Jeremiah A. Henning; Rachael D. Robnett; Talia Sanders; Jacob W. Wainman; Robin A. Costello; Sehoya Cotner,2026,CBE - Life Sciences Education,10.1187/cbe.25-04-0055,,,,,unknown,NA,Higher Education; Minority Serving Institutions; Predominantly White Institutions; Community Colleges,ERIC sweep,ERIC:EJ1499782; peer_reviewed=T | dup:Semantic Scholar sweep
Do Hebrew Electronic Books Differ from Dutch Electronic Books? A Replication of a Dutch Content Analysis,"Korat, Ofra; Shamir, Adina",2004,Journal of Computer Assisted Learning,10.1111/j.1365-2729.2004.00078.x,,,,,unknown,NA,Indo European Languages; Semitic Languages; Printed Materials; Young Children,ERIC sweep,ERIC:EJ686083; peer_reviewed=T | dup:OpenAlex sweep | dup:Semantic Scholar sweep
Accelerating Language Development through Picture Book Reading: Replication and Extension to a Videotape Training Format.,"Arnold, David H.; And Others",1994,Journal of Educational Psychology,10.1037/0022-0663.86.2.235,,Whitehurst et al.,1988,,conceptual,NA,Interaction; Language Acquisition; Parent Child Relationship; Parents as Teachers,ERIC sweep; Journal of Educational Psychology Crossref title search (ISSN 0022-0663),ERIC:EJ490264; peer_reviewed=T | dup:OpenAlex sweep
"Comprehending and Learning from Internet Sources: A Conceptual Replication Study of Goldman, Braasch, Wiley, Greasser and Brodowinska (2012)","Rott, Susanne; Gavin, Bianca",2015,CALICO Journal,10.1558/cj.v32i2.25139,,Goldman et al.,2012,,conceptual,mixed,Internet; Electronic Learning; Replication (Evaluation); Second Language Learning,ERIC sweep,ERIC:EJ1176704; peer_reviewed=T | dup:OpenAlex sweep
Long-Term Effects of an Intervention Targeting Dimensional and Temporal Comparisons on Students' Math and English Academic Self-Concepts: A Waiting-List Replication and Extension Study,Hella H&#x00F6;rsch; Jennifer Schumacher; Fabian Wolff,2026,Educational Psychology Review,10.1007/s10648-026-10137-4,,Hörsch et al.,2026,,conceptual,NA,Intervention; Self Concept; Secondary School Students; Foreign Countries,ERIC sweep; Educational Psychology Review Crossref title search (ISSN 1040-726X),ERIC:EJ1510261; peer_reviewed=T | dup:Semantic Scholar sweep
Learning without Awareness Revisited and Reconsidered: A Conceptual Replication and Extension,John N. Williams; Yuyan Xue,2024,Studies in Second Language Acquisition,10.1017/s0272263124000500,,,,,conceptual,NA,Language Acquisition; Artificial Languages; Intuition; Nouns,ERIC sweep,ERIC:EJ1459313; peer_reviewed=T
"Learning Condition, Linguistic Complexity, and First Language Transfer in Semiartificial Language Learning: A Conceptual Replication and Extension of Tagarelli et al. (2016)","Gao, Jianwu; Ma, Shuang",2021,Studies in Second Language Acquisition,10.1017/s0272263120000686,,Tagarelli et al.,2016,,conceptual,success,Language Acquisition; Difficulty Level; Syntax; Artificial Languages,ERIC sweep,ERIC:EJ1300619; peer_reviewed=T
Teachers' Professional Learning Experiences and Their Engagement in Reflective Practice: A Replication Study,"Camburn, Eric M.; Han, Seong Won",2017,School Effectiveness and School Improvement,10.1080/09243453.2017.1302968,,,,,unknown,NA,Learning Experience; Reflective Teaching; Teacher Education; Reflection,ERIC sweep,ERIC:EJ1160301; peer_reviewed=T | dup:OpenAlex sweep
Another Failure to Replicate Lynn's Estimate of the Average IQ of Sub-Saharan Africans,"Wicherts, Jelte M.; Dolan, Conor V.; Carlson, Jerry S.; van der Maas, Han L. J.",2010,Learning and Individual Differences,10.1016/j.lindif.2010.03.010,,,,,unknown,NA,Legislators; Academic Achievement; Intelligence Quotient; Foreign Countries,ERIC sweep,"ERIC:EJ883442; peer_reviewed=T | QC flag: Failure to replicate Lynn's national-IQ estimate - differential-psychology/IQ research, education angle limited to journal venue"
Modeling Lexical and Phraseological Sophistication in Oral Proficiency Interviews: A Conceptual Replication,Masaki Eguchi,2022,Vocabulary Learning and Instruction,10.7820/vli.v11.2.eguchi,,,,,conceptual,NA,Lexicology; Oral Language; Language Proficiency; Vocabulary Development,ERIC sweep,ERIC:EJ1444025; peer_reviewed=T | dup:OpenAlex sweep
Replication Research in L2 Listening Comprehension: A Conceptual Replication of Graham & Macaro (2008) and an Approximate Replication of Vandergrift & Tafaghodtari (2010) and Brett (1997),"Vandergrift, Larry; Cross, Jeremy",2017,Language Teaching,10.1017/s026144481500004x,,Graham & Macaro,2008,,conceptual,NA,Listening Comprehension; Second Language Instruction; Replication (Evaluation); Listening Skills,ERIC sweep,ERIC:EJ1125077; peer_reviewed=T
Teaching of the International Component in the Introductory Marketing Course: A Replication Study,"Zimmer, Robert; Koernig, Stephen K.; Greene, Scott",2004,Journal of Teaching in International Business,10.1300/j066v16n01_03,,,,,unknown,mixed,Majors (Students); Introductory Courses; Student Interests; Marketing,ERIC sweep,ERIC:EJ844851; peer_reviewed=T
"Improving Student Learning of Ratio, Proportion, and Percent: A Replication Study of Schema-Based Instruction","Jitendra, Asha K.; Harwell, Michael R.; Im, Soo-hyun; Karl, Stacy R.; Slater, Susan C.",2019,Journal of Educational Psychology,10.1037/edu0000335,,Jitendra et al.,2015,,unknown,NA,Mathematics Instruction; Problem Solving; Grade 7; Mathematical Logic,"ERIC sweep; Journal of Educational Psychology Crossref title search (ISSN 0022-0663); OpenAlex search (education replication studies 2019-2026 citing Makel & Plucker 2014, title contains 'replication')",ERIC:EJ1223177; peer_reviewed=T
Weekly versus Intermittent Progress Monitoring in Mathematics: A Conceptual Replication and Pilot Study,"Mason, Erica N.; Lembke, Erica S.",2023,Assessment for Effective Intervention,10.1177/15345084221133730,,Jenkins et al.,2017,,conceptual,NA,Mathematics Instruction; Progress Monitoring; Incidence; Special Education,"ERIC sweep; OpenAlex search (education replication studies 2019-2026 citing Makel & Plucker 2014, title contains 'replication')",ERIC:EJ1379455; peer_reviewed=T | dup:Semantic Scholar sweep
"Examining the Effects of the 'Look, Ask, Pick' Strategy in Enhancing Fraction Skills among Struggling Secondary Students: A Replication and Extension Study",Matthias Grünke; Anne Barwasser,2024,Educational Research Quarterly,,,,,,conceptual,NA,Mathematics Skills; Learning Strategies; Fractions; Secondary School Mathematics,ERIC sweep,ERIC:EJ1447862; peer_reviewed=T
Implementing three evidence-based program models: early lessons from the Teen Pregnancy Prevention Replication Study.,M. Kelsey; Jean I. Layzer,2014,Journal of Adolescent Health,10.1016/j.jadohealth.2013.12.024,,,,,unknown,mixed,Medicine,Semantic Scholar sweep,S2:904a7d1b39da39bbe399bce62b1394930e8f48b1 | QC flag: Implementation-lessons paper from the federal Teen Pregnancy Prevention Replication Study - school-based prevention adjacent; not clearly an outcome replication
Therapists' self-assessment of time spent on learning activities and its relationship to treatment outcomes: A replication study.,P. Janse; Diana T Bakker-Brehm; Naline Geurtzen; A. Scholing; G. Hutschemaekers,2022,Journal of Clinical Psychology,10.1002/jclp.23459,,,,,unknown,NA,Medicine,Semantic Scholar sweep,"S2:813fa2522b870a3bc9c22474acb8ab9a8c613638 | QC flag: Therapists' learning activities and treatment outcomes - professional-training angle, but a clinical psychology outcome study"
Interventions to improve equational reasoning: replication and extension of the Cuisenaire-Gattegno curriculum effect,Ian Benson; N. Marriott; B. McCandliss,2023,Frontiers in Psychology,10.3389/fpsyg.2023.1116555,,,,,conceptual,NA,Medicine,Semantic Scholar sweep,S2:c090b0179de8f8ee5b862a534de6a33ab05923a7
Assessing inconsistent responding in digital and paper formats: a replication study using the TIMSS 2023 Confidence in Mathematics scale in Ireland,Evi Konstantinidou; Vasiliki Pitsia; A. Clerkin; M. Michaelides,2026,Frontiers in Psychology,10.3389/fpsyg.2026.1817706,,,,,conceptual,NA,Medicine,Semantic Scholar sweep,S2:474af729ea89159c69c44818c2312512c5239b43
Instructors' Technology Experience and iPad Delivered Intervention Implementation: A Mixed Methods Replication Study,"Shanley, Lina; Strand Cary, Mari; Clarke, Ben; Guerreiro, Meg A.; Thier, Michael",2017,Educational Technology Research and Development,10.1007/s11423-016-9488-8,,,,,unknown,NA,Mixed Methods Research; Teaching Methods; Educational Technology; Technology Uses in Education,ERIC sweep,ERIC:EJ1147975; peer_reviewed=T | dup:ERIC sweep | dup:OpenAlex sweep
The Optimal Distribution of Practice for the Acquisition of L2 Morphology: A Conceptual Replication and Extension,"Suzuki, Yuichi",2017,Language Learning,10.1111/lang.12236,,,,,conceptual,NA,Morphology (Languages); Second Language Learning; Language Acquisition; Intervals,"ERIC sweep; L2 journals Crossref title sweep (partial reconstruction of Marsden et al. 2018 catalogue, doi:10.1111/lang.12286; Appendix S1 paywalled/unavailable)",ERIC:EJ1151430; peer_reviewed=T
A Replication Study on the Multi-Dimensionality of Online Social Presence,"Mykota, David B.",2015,Turkish Online Journal of Educational Technology - TOJET,,,,,,unknown,NA,Multidimensional Scaling; Questionnaires; Computer Mediated Communication; Interaction,ERIC sweep,ERIC:EJ1057340; peer_reviewed=T | dup:OpenAlex sweep
Music Learning and Skill Development: A Replication Study of Hille and Schupp (2015),Michael Feldhaus; Friederike Koehler; Eva Schurig; Suvi Saarikallio; Gunter Kreutz,2025,Educational Psychology,10.1080/01443410.2025.2477181,,Hille and Schupp,2015,,unknown,NA,Music Education; Cognitive Ability; Academic Achievement; Personality Traits,ERIC sweep,ERIC:EJ1486185; peer_reviewed=T | dup:OpenAlex sweep | dup:Semantic Scholar sweep
"The Effect of Speaker Proficiency on Intelligibility, Comprehensibility, and Accentedness in L2 Spanish: A Conceptual Replication and Extension of Munro and Derwing (1995a)","Huensch, Amanda; Nagle, Charlie",2021,Language Learning,10.1111/lang.12451,,Munro and Derwing,1995a,,conceptual,NA,Mutual Intelligibility; Second Language Learning; Comprehension; Dialects,"ERIC sweep; L2 journals Crossref title sweep (partial reconstruction of Marsden et al. 2018 catalogue, doi:10.1111/lang.12286; Appendix S1 paywalled/unavailable)",ERIC:EJ1304092; peer_reviewed=T
"Testing the Effects of a Utility Value Intervention in an Online Research Methods Course: A Conceptual Replication of Hulleman Et Al. (2017, Study 2)",Paul C. Price; Kiana Crisosto; Anthony Carvalho; Constance J. Jones; Meaghan McCready; Amber Shaver; Andrea N. Wiemann,2024,Teaching of Psychology,10.1177/00986283221101850,,,,,conceptual,NA,Online Courses; Research Methodology; Intervention; Undergraduate Students,ERIC sweep,ERIC:EJ1427306; peer_reviewed=T | dup:Semantic Scholar sweep
A Systematic Replication Investigating the Efficiency and Effectiveness of Restricted- and Free-Operant Programming,Andrew J. Bulla; Amanda S. Bradley; Jennifer L. Wertalik; Allison Sullivan,2026,Journal of Applied Behavior Analysis,10.1002/jaba.70048,,Bulla et al.,2024,,direct,NA,Operant Conditioning; Reinforcement; Learning Processes; Discrimination Learning,ERIC sweep,ERIC:EJ1494586; peer_reviewed=T | dup:OpenAlex sweep
Using Elicited Imitation to Measure Global Oral Proficiency in SLA Research: A Close Replication Study,"McManus, Kevin; Liu, Yingying",2022,Language Teaching,10.1017/s026144482000021x,,Wu and Ortega,2013,,direct,success,Oral Language; Second Language Learning; Second Language Instruction; Imitation,ERIC sweep; Language Teaching (Cambridge) Replication Research section via Crossref (ISSN 0261-4448),ERIC:EJ1319712; peer_reviewed=T
Education and Conspiracy Beliefs: A Replication of van Prooijen (2017),"Ballová Mikušková, Eva",2023,Applied Cognitive Psychology,10.1002/acp.4037,,,,,conceptual,NA,Outcomes of Education; Beliefs; Misconceptions; Cognitive Processes,ERIC sweep,ERIC:EJ1363133; peer_reviewed=T | QC flag: Education level and conspiracy beliefs (van Prooijen replication) - education is a predictor variable in a social-psychology study
"Student Outcomes, Perspectives, and Experiences in Traditional and Flipped L2 American Sign Language Classrooms: A Partial Replication Study",Jody H. Cripps; Russell S. Rosen; Aimee M. Sever-Hall; Sheryl B. Cooper; Ronald Fenicle,2023,Language Learning,10.1111/lang.12615,,Cripps et al.,2021,,unknown,mixed,Outcomes of Education; Student Attitudes; Student Experience; Conventional Instruction,"ERIC sweep; L2 journals Crossref title sweep (partial reconstruction of Marsden et al. 2018 catalogue, doi:10.1111/lang.12286; Appendix S1 paywalled/unavailable)",ERIC:EJ1403949; peer_reviewed=T | dup:OpenAlex sweep | dup:Semantic Scholar sweep
Testing the Dynamics between Parent-Child Relationship and Parent-Belief Intervention on Children's Math Motivation: A Replication Study with 3-Month Follow-Up,Hyun Ji Lee; Sungwha Kim; Mimi Bong,2025,Journal of Educational Psychology,10.1037/edu0000908,,Lee et al.,2022,,unknown,success,Parent Attitudes; Parent Child Relationship; Intervention; Student Motivation,ERIC sweep; Journal of Educational Psychology Crossref title search (ISSN 0022-0663),ERIC:EJ1507008; peer_reviewed=T | dup:Semantic Scholar sweep
An Exploration of the Psychometric Properties of the Social Experiences Questionnaire: Replication and Extension,"Monopoli, W. John; Allan, Darcey M.; Everly, Elise L.; Evans, Steven W.; Mikami, Amori Yee; Owens, Julie Sarno",2023,School Mental Health,10.1007/s12310-022-09553-y,,,,,conceptual,NA,Peer Relationship; Victims; Questionnaires; Psychometrics,ERIC sweep,ERIC:EJ1370949; peer_reviewed=T
The Development of Implicit and Explicit Knowledge of Collocations: A Conceptual Replication and Extension of Sonbul and Schmitt (2013),"Toomer, Mark; Elgort, Irina",2019,Language Learning,10.1111/lang.12335,,Sonbul and Schmitt,2013,,conceptual,success,Phrase Structure; Second Language Learning; Reading Processes; Advanced Students,"ERIC sweep; L2 journals Crossref title sweep (partial reconstruction of Marsden et al. 2018 catalogue, doi:10.1111/lang.12286; Appendix S1 paywalled/unavailable)",ERIC:EJ1214973; peer_reviewed=T | dup:OpenAlex sweep
Predicting L2-Spanish Fluency from L1-English Fluency and L2 Proficiency: A Conceptual Replication,Susana Pérez Castillejo; Katherine Urzua-Parra,2023,Studies in Second Language Acquisition,10.1017/s0272263122000535,,Huensch and Tracy-Ventura's,2017,,conceptual,NA,Prediction; Language Fluency; Spanish; Second Language Learning,"ERIC sweep; L2 journals Crossref title sweep (partial reconstruction of Marsden et al. 2018 catalogue, doi:10.1111/lang.12286; Appendix S1 paywalled/unavailable)",ERIC:EJ1438494; peer_reviewed=T
Preference Assessment Training via Self-Instruction: A Replication and Extension,"Shapiro, Marnie; Kazemi, Ellie; Pogosjana, Meline; Rios, Denice; Mendoza, Melissa",2016,Journal of Applied Behavior Analysis,10.1002/jaba.339,,Graff and Karsten,2012,,conceptual,NA,Preferences; Feedback (Response); Accuracy; Undergraduate Students,ERIC sweep,ERIC:EJ1121352; peer_reviewed=T | dup:OpenAlex sweep
Preferences for Edible and Electronic Leisure Items: A Systematic Replication,"Scheithauer, Mindy; Martin, Clarissa; Bottini, Summer",2022,Focus on Autism and Other Developmental Disabilities,10.1177/10883576221081084,,,,,direct,NA,Preferences; Food; Developmental Disabilities; Electronic Equipment,ERIC sweep,ERIC:EJ1349705; peer_reviewed=T | dup:Semantic Scholar sweep
The Influence of Pre-Reading Purpose and Extra-Textual Networks with Summary Writing on Multiple Document Concept Network Integration: A Replication of Wei et al. (2024),Ziqian Wei; Shuting Yin; Roy B. Clariana; Xuqian Chen,2025,Educational Technology Research and Development,10.1007/s11423-025-10508-8,,,,,conceptual,NA,Prereading Experience; Expository Writing; Descriptive Writing; Prompting,ERIC sweep,ERIC:EJ1483812; peer_reviewed=T | dup:Semantic Scholar sweep
Extending the Cognitive Advantage Hypothesis: A Conceptual Replication Study of the Relationship between Multilingualism and Flexible Goal Adjustment,Martin J. Koch; Werner Greve; Kristin Kersten,2025,Journal of Multilingual and Multicultural Development,10.1080/01434632.2023.2189262,,,,,conceptual,NA,Psycholinguistics; Multilingualism; Transfer of Training; Linguistic Theory,ERIC sweep,ERIC:EJ1468643; peer_reviewed=T
Health-promoting behaviors in South African music students: A replication study,C. Panebianco-Warrens; L. Fletcher; G. Kreutz,2015,,10.1177/0305735614535829,,,,,unknown,NA,Psychology,Semantic Scholar sweep,"S2:3b98723472ef83d934c7219739de24b9bb4c8592 | QC flag: Health-promoting behaviors of music students - student health/wellness, music-training-adjacent"
Mindfulness for Singers: A Mixed Methods Replication Study,A. Czajkowski; A. Greasley; M. Allis,2021,Music & Science,10.1177/20592043211044816,,,,,unknown,NA,Psychology,Semantic Scholar sweep,"S2:5c72b70711ff2bef63a59a0a518a051c66ff4042 | QC flag: Mindfulness intervention for singers - performance-training adjacent, not core education"
"Training, Self-Efficacy, and Performance; a Replication Study",B. Davazdahemami; Andy Luse; Kevin P. Scheibe; A. Townsend,2018,AIS Trans. Replication Res.,10.17705/1atrr.00023,,,,,unknown,NA,Psychology; Computer Science,Semantic Scholar sweep,S2:1817f73134af075038b28db604632efe371059a4 | QC flag: Training and self-efficacy replication (AIS Transactions on Replication Research) - workplace computer training
Perceptions of nursing staff development. A replication study.,R. Stefanik; K. Cassandra; J. Edwards-Beckett; S. Gresham Copeland; M. Hoffman; P. Hulls; L. Freese; C. Opperman; R. Timmerman,1994,Journal of nursing staff development,,,,,,unknown,NA,Psychology; Medicine,Semantic Scholar sweep,S2:a0ce6903a9598267268118314361d3e01c454d8a
Teaching about Prejudice with a Bogardus Social Distance Scale Activity: Replication and Extension,"Maurer, Trent W.; Keim, Cassidy",2018,International Journal for the Scholarship of Teaching and Learning,,,Maurer's,2013,,conceptual,NA,Racial Bias; Social Bias; Social Discrimination; Social Distance,ERIC sweep,ERIC:EJ1172233; peer_reviewed=T
Effects of Concept Mapping Instruction on the Vocabulary Acquisition Skills of Seventh-Graders with Mild Disabilities: A Replication Study,"Palmer, Jessica; Boon, Richard T.; Spencer, Vicky G.",2014,Reading & Writing Quarterly,10.1080/10573569.2013.818890,,,,,conceptual,NA,Reading Instruction; Concept Mapping; Teaching Methods; Vocabulary Development,ERIC sweep,ERIC:EJ1026847; peer_reviewed=T | dup:OpenAlex sweep
A Replication and Extension of the Use of On-Line Discussion Boards: Teaching Chronic Pain to Health Psychology Students,"Sheen, Mercedes; Yekani, Hajar A. K.; Jordan, Timothy R.",2023,Teaching of Psychology,10.1177/00986283211041339,,,,,conceptual,NA,Replication (Evaluation); Group Discussion; Computer Mediated Communication; Chronic Illness,ERIC sweep,ERIC:EJ1381767; peer_reviewed=T | dup:OpenAlex sweep
Conceptual Replication of an Evidence-Based Peer Learning Programme to Enhance Career Preparation -- a Cluster Randomized Controlled Trial (RCT),"Nykänen, Mikko; Törnroos, Kaisa; Vuori, Jukka",2023,European Journal of Psychology of Education,10.1007/s10212-022-00666-1,,,,,conceptual,NA,Replication (Evaluation); Peer Teaching; Cooperative Learning; Evidence Based Practice,ERIC sweep,ERIC:EJ1399925; peer_reviewed=T
The Role of Linguistic Alignment on Question Development in Face-to-Face and Synchronous Computer-Mediated Communication Contexts: A Conceptual Replication Study,"Kim, YouJin; Skalicky, Stephen; Jung, YeonJoo",2020,Language Learning,10.1111/lang.12393,,,,,conceptual,NA,Role; Synchronous Communication; Computer Mediated Communication; Interpersonal Communication,"ERIC sweep; L2 journals Crossref title sweep (partial reconstruction of Marsden et al. 2018 catalogue, doi:10.1111/lang.12286; Appendix S1 paywalled/unavailable)",ERIC:EJ1262795; peer_reviewed=T
Project-based learning for middle school students monitoring standby power: replication of impact on stem knowledge and dispositions,Gerald Knezek; Rhonda Christensen,2019,Educational Technology Research and Development,10.1007/s11423-019-09674-3,,,,,unknown,NA,STEM education / educational technology,"OpenAlex search (education replication studies 2019-2026 citing Makel & Plucker 2014, title contains 'replication')","outcome not catalogued (found via citation search, not a review list); metadata verified via OpenAlex"
"Resistance Is Not Futile: An Experimental Analogue of the Effects of Consultee ""Resistance"" on the Consultant's Therapeutic Behavior in the Consultation Process--A Replication and Extension","Cautilli, Joseph; Tillman, T. Chris; Axelrod, Saul; Dziewolska, Halina; Hineline, Philip",2006,International Journal of Behavioral Consultation and Therapy,10.1037/h0100790,,Patterson and Forgatch,1985,,conceptual,NA,School Psychologists; Behavior Modification; Integrity; Therapy,ERIC sweep,ERIC:EJ804041; peer_reviewed=T | dup:OpenAlex sweep
Spiritual and Religious Multicultural Practice Competencies: A Partial Replication Study with School Psychologists,"Parker, Janise S.",2019,School Psychology Forum,,,Vieten et al.,2016,,unknown,NA,School Psychologists; Cultural Pluralism; Religion; Spiritual Development,ERIC sweep,ERIC:EJ1217285; peer_reviewed=T
School Readiness and Later Achievement: A French Canadian Replication and Extension,"Pagani, Linda S.; Fitzpatrick, Caroline; Archambault, Isabelle; Janosz, Michel",2010,Developmental Psychology,10.1037/a0018881,,Duncan et al.,2007,,conceptual,NA,School Readiness; Reference Groups; Aggression; French Canadians,ERIC sweep,ERIC:EJ897251; peer_reviewed=T | dup:OpenAlex sweep | dup:Semantic Scholar sweep
Diagnostic Accuracy of a Universal Screening Multiple Gating Procedure: A Replication Study,"Kilgus, Stephen P.; von der Embse, Nathaniel P.; Taylor, Crystal N.; Van Wie, Michael P.; Sims, Wesley A.",2018,School Psychology Quarterly,10.1037/spq0000246,,,,,unknown,NA,Screening Tests; Accuracy; Elementary School Students; Behavior Problems,ERIC sweep,ERIC:EJ1198575; peer_reviewed=T | dup:Semantic Scholar sweep
"Predicting Behavior Assessment System for Children-Second Edition Self-Report of Personality Child Form Results Using the Behavioral and Emotional Screening System Student Form: A Replication Study with an Urban, Predominantly Latino/a Sample","Kiperman, Sarah; Black, Mary S.; McGill, Tia M.; Harrell-Williams, Leigh M.; Kamphaus, Randy W.",2014,Journal of Psychoeducational Assessment,10.1177/0734282914529200,,,,,unknown,NA,Screening Tests; Prediction; Elementary School Students; Grade 3,ERIC sweep,ERIC:EJ1038582; peer_reviewed=T
"The Effects of Topic Familiarity on Text Quality, Complexity, Accuracy, and Fluency: A Conceptual Replication","Kessler, Matt; Ma, Wenyue; Solheim, Ian",2022,TESOL Quarterly: A Journal for Teachers of English to Speakers of Other Languages and of Standard English as a Second Dialect,10.1002/tesq.3096,,He and Shi,2012,,conceptual,mixed,Second Language Learning; Familiarity; Writing (Composition); English (Second Language),"ERIC sweep; L2 journals Crossref title sweep (partial reconstruction of Marsden et al. 2018 catalogue, doi:10.1111/lang.12286; Appendix S1 paywalled/unavailable)",ERIC:EJ1355144; peer_reviewed=T
Revisiting Blocking Effects in Second Language Learning: A Close Replication of Ellis and Sagarra (2010b),Kevin McManus; Kelly Bayas; Katherine Kerschen; Yulia Khoruzhaya; Jingyuan Zhuang; Alex Magnuson,2026,Language Learning,10.1111/lang.70005,,Ellis and Sagarra,2010b,,direct,NA,Second Language Learning; Morphology (Languages); Cues; Verbs,"ERIC sweep; L2 journals Crossref title sweep (partial reconstruction of Marsden et al. 2018 catalogue, doi:10.1111/lang.12286; Appendix S1 paywalled/unavailable)",ERIC:EJ1504693; peer_reviewed=T | dup:OpenAlex sweep | dup:Semantic Scholar sweep
"Reexamining the Role of Vision in Second Language Motivation: A Preregistered Conceptual Replication of You, Dörnyei, and Csizér (2016)","Hiver, Phil; Al-Hoorie, Ali H.",2020,Language Learning,10.1111/lang.12371,,Csizér,2016,,conceptual,NA,Secondary School Students; English (Second Language); Second Language Learning; Second Language Instruction,"ERIC sweep; L2 journals Crossref title sweep (partial reconstruction of Marsden et al. 2018 catalogue, doi:10.1111/lang.12286; Appendix S1 paywalled/unavailable)",ERIC:EJ1243659; peer_reviewed=T | dup:OpenAlex sweep
Stereotype Threat Effects on Italian Girls' Mathematics Performance: A Failure to Replicate,"Agnoli, Franca; Melchiorre, Francesca; Zandonella Callegher, Claudio; Altoè, Gianmarco",2021,Developmental Psychology,10.1037/dev0001186,,,,,unknown,NA,Sex Stereotypes; Females; Adolescents; Grade 9,ERIC sweep,ERIC:EJ1305415; peer_reviewed=T | dup:OpenAlex sweep
Re-Examining Factors in AR/VR Teacher Training: A Replication Study,Lucas Kohnke; Dennis Foung,2025,Educational Technology & Society,10.30191/ets.202501_28(1).sp03,,Buchner and Hoffman's,2022,,conceptual,NA,Simulated Environment; Computer Simulation; Faculty Development; Instructional Design,ERIC sweep,ERIC:EJ1462647; peer_reviewed=T
The Latent Structure of Spatial Skills and Mathematics: A Replication of the Two-Factor Model,"Mix, Kelly S.; Levine, Susan C.; Cheng, Yi-Ling; Young, Christopher J.; Hambrick, David Z.; Konstantopoulos, Spyros",2017,Journal of Cognition and Development,10.1080/15248372.2017.1346658,,Mix et al.,2016,,unknown,mixed,Spatial Ability; Mathematics Instruction; Kindergarten; Grade 3,ERIC sweep,ERIC:EJ1155171; peer_reviewed=T
Stimulus Presentation Order in Receptive Identification Tasks: A Systematic Replication,"Schneider, Kiley A.; Devine, Bailey; Aguilar, Gabriella; Petursdottir, Anna Ingeborg",2018,Journal of Applied Behavior Analysis,10.1002/jaba.459,,Petursdottir and Aguilar,2016,,direct,NA,Stimuli; Auditory Discrimination; Visual Discrimination; Young Children,ERIC sweep,ERIC:EJ1184482; peer_reviewed=T | dup:OpenAlex sweep
"Relations among Intrinsic and Extrinsic Reading Motivation, Reading Amount, and Comprehension: A Conceptual Replication","Troyer, Margaret; Kim, James S.; Hale, Elizabeth; Wantchekon, Kristia A.; Armstrong, Catherine",2019,Reading and Writing: An Interdisciplinary Journal,10.1007/s11145-018-9907-9,,,,,conceptual,NA,Student Motivation; Grade 3; Grade 4; Grade 5,ERIC sweep,ERIC:EJ1212721; peer_reviewed=T | dup:OpenAlex sweep
Developing and Implementing FBA-BIPs in Elementary Classrooms: A Conceptual Replication,"Hirsch, Shanna E.; Bruhn, Allison L.; Randall, Kristina; Dunn, Michelle; Shelnut, Jill; Lloyd, John Wills",2020,Journal of Special Education Apprenticeship,10.58729/2167-3454.1105,,,,,conceptual,NA,Students with Disabilities; Behavior Problems; Behavior Modification; Intervention,ERIC sweep,ERIC:EJ1264419; peer_reviewed=T | dup:OpenAlex sweep
Effects of Tiered SWPBIS Fidelity on Exclusionary Discipline Outcomes for Students with Disabilities: A Conceptual Replication,"Fleming, Jesse I.; Grasley-Boy, Nicolette M.; Gage, Nicholas A.; Lombardo, Michael; Anderson, Lucas",2024,Journal of Positive Behavior Interventions,10.1177/10983007231193173,,Grasley-Boy et al.,2022a,,conceptual,NA,Students with Disabilities; Elementary Secondary Education; Positive Behavior Supports; Intervention,ERIC sweep,ERIC:EJ1403254; peer_reviewed=T | dup:OpenAlex sweep | dup:Semantic Scholar sweep
"Revisiting the Healthy Context Paradox and Emotional Contagion Debate: A Preregistered Replication Study on the Interplay of Teacher Victimization, Burnout, and School Climate in the United States",Chunyan Yang; Ella Rho; Quennie Dong; Jin Hyung Lim; Krandhasi Kodaiarasu,2026,School Psychology,10.1037/spq0000734,,Chen,2022,,direct,NA,Teacher Burnout; Victims; Educational Environment; Elementary Secondary Education,ERIC sweep,ERIC:EJ1507977; peer_reviewed=T | dup:Semantic Scholar sweep
Two Dimensions of Professor-Student Rapport Differentially Predict Student Success Outcomes: A Replication of Wilson and Ryan (2013),Timothy W. Broom; Nora Dunbar; Meliksah Demir,2024,Teaching of Psychology,10.1177/00986283221079681,,Wilson and Ryan,2013,,unknown,failure,Teacher Student Relationship; Undergraduate Students; Test Construction; Test Validity,ERIC sweep,ERIC:EJ1416732; peer_reviewed=T | dup:Semantic Scholar sweep
Discrete-Trial Training Performance of Behavior Interventionists with Autism Spectrum Disorder: A Systematic Replication and Extension,"Hillman, Conrad B.; Lerman, Dorothea C.; Kosel, Molly L.",2021,Journal of Applied Behavior Analysis,10.1002/jaba.755,,,,,direct,success,Teaching Methods; Behavior Modification; Autism; Pervasive Developmental Disorders,ERIC sweep,ERIC:EJ1281527; peer_reviewed=T | dup:Semantic Scholar sweep
The Use of Concrete Examples Enhances the Learning of Abstract Concepts: A Replication Study,Alexia Micallef; Philip M. Newton,2024,Teaching of Psychology,10.1177/00986283211058069,,Rawson et al.,2015,,unknown,NA,Teaching Methods; Instructional Effectiveness; Psychology; Concept Formation,"ERIC sweep; OpenAlex search (education replication studies 2019-2026 citing Makel & Plucker 2014, title contains 'replication')",ERIC:EJ1404608; peer_reviewed=T | dup:Semantic Scholar sweep
The Development and Validation of the Feedback in Learning Scale (FLS): A Replication Study,"Foung, Dennis; Kohnke, Lucas",2022,Educational Research and Evaluation,10.1080/13803611.2021.2022320,,,,,unknown,NA,Test Construction; Test Validity; Feedback (Response); Replication (Evaluation),ERIC sweep,ERIC:EJ1337987; peer_reviewed=T | dup:OpenAlex sweep
"Reliability of a Shortened Single-Target Implicit Association Test (ST-IAT) as an Implicit Measure of Attitudes towards Inclusion. Replication and Extension of ""Implicitly Measuring Attitudes towards Inclusive Education: A New Attitude Test Based on Single-Target Implicit Associations"" (Lüke and Grosche, 2018, European Journal of Special Needs Education)",Christina Mechler; David Scheer; Vera Heyl,2024,European Journal of Special Needs Education,10.1080/08856257.2023.2253061,,,,,conceptual,NA,Test Reliability; College Students; Inclusion; Student Attitudes,ERIC sweep,ERIC:EJ1428106; peer_reviewed=T
"Structural Validity and Reliability of ""Social, Academic, and Emotional Behavior Risk Screener--Student Rating Scale"" Scores: A Replication Study","Kilgus, Stephen P.; Eklund, Katie; von der Embse, Nathaniel P.; Weist, Madison; Barber, Alexandra J.; Kaul, Megan; Dodge, Sophia",2021,Assessment for Effective Intervention,10.1177/1534508420909527,,,,,unknown,NA,Test Validity; Test Reliability; Rating Scales; Replication (Evaluation),ERIC sweep,ERIC:EJ1304821; peer_reviewed=T | dup:Semantic Scholar sweep
Effects of a CARO on Stimulus Equivalence Formation: A Systematic Replication,"Imam, Abdulrazaq A.; Blanche, Justin V.",2013,Psychological Record,,,Baer,1998,,direct,NA,Testing; Stimuli; Experiments; College Students,ERIC sweep,ERIC:EJ1008502; peer_reviewed=T | QC flag: Stimulus-equivalence formation with college students - basic human-operant laboratory research; education-adjacent via equivalence-based instruction
Assessing the Effectiveness of Machine Translation in the Chinese EFL Writing Context: A Replication of Lee (2020),"Yang, Yanxia; Wei, Xiangqing; Li, Ping; Zhai, Xuesong",2023,ReCALL,10.1017/s0958344023000022,,Lee,2020,,unknown,NA,Translation; Computational Linguistics; English (Second Language); Second Language Learning,"ERIC sweep; L2 journals Crossref title sweep (partial reconstruction of Marsden et al. 2018 catalogue, doi:10.1111/lang.12286; Appendix S1 paywalled/unavailable)",ERIC:EJ1373707; peer_reviewed=T
Teaching Students to Learn Better in Introductory Psychology: A Replication and Extension Study,"Brown-Kramer, Carolyn R.",2022,Teaching of Psychology,10.1177/0098628321997137,,,,,conceptual,NA,Undergraduate Students; Psychology; Introductory Courses; Learning Strategies,ERIC sweep,ERIC:EJ1334236; peer_reviewed=T | dup:Semantic Scholar sweep
Work Roles and Functions of Undergraduate Rehabilitation Services Alumni: A Replication Study,"Herbert, James T.",2023,"Rehabilitation Research, Policy, and Education",10.1891/re-22-01,,Herbert et al.,2010,,unknown,NA,Undergraduate Students; Rehabilitation; Rehabilitation Counseling; Counselor Role,ERIC sweep,ERIC:EJ1398259; peer_reviewed=T
Interactive Computer Training to Teach Discrete-Trial Instruction to Undergraduates and Special Educators in Brazil: A Replication and Extension,"Higbee, Thomas S.; Aporta, Ana Paula; Resende, Alice; Nogueira, Mateus; Goyos, Celso; Pollard, Joy S.",2016,Journal of Applied Behavior Analysis,10.1002/jaba.329,,Brodhead,2014,,conceptual,NA,Undergraduate Students; Role Playing; Teaching Methods; Foreign Countries,ERIC sweep,ERIC:EJ1121349; peer_reviewed=T | dup:Semantic Scholar sweep
Active Student Responding and Student Perceptions: A Replication and Extension,Alaina C. Keim; Adriane M.F. Sanders; Thaddeus B. Rada-Bayne; David R. Earnest,2025,Teaching of Psychology,10.1177/00986283231191110,,,,,conceptual,NA,Undergraduate Students; Student Attitudes; Psychology; Active Learning,ERIC sweep,ERIC:EJ1451709; peer_reviewed=T | dup:Semantic Scholar sweep
Students Responses to Differing Trigger Warnings: A Replication and Extension,Matthew Kimble; Jennifer Koide; William F. Flack,2024,Journal of American College Health,10.1080/07448481.2022.2098038,,,,,conceptual,NA,Undergraduate Students; Trauma Informed Approach; Posttraumatic Stress Disorder; Sexual Abuse,ERIC sweep,ERIC:EJ1433053; peer_reviewed=T | dup:OpenAlex sweep | QC flag: Student responses to trigger warnings - college-health/teaching-practice adjacent
"Effects of Playing the Video Game ""Her Story"" on Multiple Dimensions of Creativity in EFL Writing -- An International Replication Study","Huertas-Abril, Cristina A.; Muszynska, Barbara",2023,ReCALL,10.1017/s095834402300006x,,Lee,2019,,unknown,NA,Video Games; English (Second Language); Second Language Learning; Creative Writing,"ERIC sweep; L2 journals Crossref title sweep (partial reconstruction of Marsden et al. 2018 catalogue, doi:10.1111/lang.12286; Appendix S1 paywalled/unavailable)",ERIC:EJ1373701; peer_reviewed=T
Adapted Picture Exchange Communication System (PECS) to Teach Tangible Symbol Use to Students with Multiple Disabilities and Visual Impairments: A Replication Study,Sarah E. Ivy; Paige Furbush; Meridith J. Karppinen; Susan S. Johnston,2025,Journal of Visual Impairment & Blindness,10.1177/0145482x251372921,,,,,unknown,NA,Visual Impairments; Augmentative and Alternative Communication; Multiple Disabilities; Generalization,ERIC sweep,ERIC:EJ1491212; peer_reviewed=T | dup:Semantic Scholar sweep
Agreement between Visual Inspection and Objective Analysis Methods: A Replication and Extension,"Taylor, Tessa; Lanovaz, Marc J.",2022,Journal of Applied Behavior Analysis,10.1002/jaba.921,,Wolfe et al.,2018,,conceptual,NA,Visual Perception; Artificial Intelligence; Decision Making; Evaluators,ERIC sweep,ERIC:EJ1340627; peer_reviewed=T | dup:OpenAlex sweep | QC flag: Agreement between visual inspection and objective analysis of single-case graphs (JABA) - methodological replication about analysis methods
"The Effect of the Write, Talk, and Rewrite Dialogic Writing Treatment on Argumentative Texts: A Replication Study in Türkiye",Omer Faruk Tavsanli; Steve Graham; Yucheng Cao,2024,Educational Psychology Review,10.1007/s10648-024-09949-z,,Veen,2023,,unknown,NA,Writing (Composition); Persuasive Discourse; Grade 5; Grade 6,ERIC sweep; Educational Psychology Review Crossref title search (ISSN 1040-726X),ERIC:EJ1441590; peer_reviewed=T | dup:OpenAlex sweep | dup:Semantic Scholar sweep
CHILDREN'S PHONOLOGICAL RULES: A FAILURE TO REPLICATE,Raymond Baird,1973,Language Learning,10.1111/j.1467-1770.1973.tb00657.x,,,,,unknown,failure,child language acquisition,"L2 journals Crossref title sweep (partial reconstruction of Marsden et al. 2018 catalogue, doi:10.1111/lang.12286; Appendix S1 paywalled/unavailable)",Earliest L2/child-language self-labelled replication in Marsden et al.'s window (1973).
Replication and Expansion Study on Factors Influencing Student Performance in CS2,Margaret Ellis; Sara Hooshangi,2023,Proceedings of the 54th ACM Technical Symposium on Computer Science Education V. 1,10.1145/3545945.3569867,,,,,direct,NA,computing education,ACM ICER/SIGCSE/ITiCSE/Koli/UKICER proceedings Crossref search,SIGCSE 2023 replication and expansion of factors influencing CS2 performance.
Measuring the Cognitive Load of Learning to Program: A Replication Study,Albina Zavgorodniaia; Rodrigo Duran; Arto Hellas; Otto Seppala; Juha Sorva,2020,United Kingdom &amp; Ireland Computing Education Research conference.,10.1145/3416465.3416468,,,,,direct,NA,computing education,ACM ICER/SIGCSE/ITiCSE/Koli/UKICER proceedings Crossref search; Semantic Scholar sweep,UKICER 2020 replication study measuring cognitive load of learning to program.
"Should Explanations of Program Code Use Audio, Text, or Both? A Replication Study",Albina Zavgorodniaia; Arto Hellas; Otto Seppälä; Juha Sorva,2020,Koli Calling '20: Proceedings of the 20th Koli Calling International Conference on Computing Education Research,10.1145/3428029.3428050,,,,,direct,NA,computing education,ACM ICER/SIGCSE/ITiCSE/Koli/UKICER proceedings Crossref search; Semantic Scholar sweep,Koli Calling 2020 replication: audio vs text code explanations (replicates Morrison 2017 dual-modality ICER study).
20-Years Later: A Replication Study on Teaching CS1 Concepts,Rita Garcia; Michelle Craig,2025,ACM Transactions on Computing Education,10.1145/3730405,,,,,direct,NA,computing education,ACM TOCE Crossref title search (ISSN 1946-6226); ERIC sweep,20-years-later replication study on teaching CS1 concepts.
"Reevaluating the relationship between explaining, tracing, and writing skills in CS1 in a replication study",Max Fowler; David H. Smith IV; Mohammed Hassan; Seth Poulsen; Matthew West; Craig Zilles,2022,Computer Science Education,10.1080/08993408.2022.2079866,,,,,unknown,NA,computing education,Computer Science Education journal Crossref title search (ISSN 0899-3408); ERIC sweep,"Replication reevaluating relationship between explaining, tracing, and writing skills in CS1."
Student misconceptions of dynamic programming: a replication study,Michael Shindler; Natalia Pinpin; Mia Markovic; Frederick Reiber; Jee Hoon Kim; Giles Pierre Nunez Carlos; Mine Dogucu; Mark Hong; Michael Luu; Brian Anderson; Aaron Cote; Matthew Ferland; Palak Jain; Tyler LaBonte; Leena Mathur; Ryan Moreno; Ryan Sakuma,2022,Computer Science Education,10.1080/08993408.2022.2079865,,,,,unknown,NA,computing education,Computer Science Education journal Crossref title search (ISSN 0899-3408); ERIC sweep,Replication of student misconceptions of dynamic programming (2022 replication special issue).
A motivation guided holistic rehabilitation of the first programming course,Uolevi Nikula; Orlena Gotel; Jussi Kasurinen,2011,ACM Transactions on Computing Education,10.1145/2048931.2048935,,,,,direct,success,computing education,"Hao et al. 2019 (A Systematic Investigation of Replications in Computing Education Research, ACM TOCE; github.com/Neo-Hao/replications-in-computing-education); Hao et al. 2019 replications-in-CER dataset (TOCE doi:10.1145/3345328; github.com/Neo-Hao/replications-in-computing-education)","topic: Course Design, Learning theory, Retention; context: CS1; author overlap with original: no; methodology: quantitative"
Investigating the effective implementation of pair programming: an empirical investigation,Alex D. Radermacher; Gursimran S. Walia,2011,Proceedings of the 42nd ACM technical symposium on Computer science education,10.1145/1953163.1953346,,,,,conceptual,success,computing education,"Hao et al. 2019 (A Systematic Investigation of Replications in Computing Education Research, ACM TOCE; github.com/Neo-Hao/replications-in-computing-education); Hao et al. 2019 replications-in-CER dataset (TOCE doi:10.1145/3345328; github.com/Neo-Hao/replications-in-computing-education)",topic: Learning & Teaching Strategies; context: Undergraduate; author overlap with original: yes; methodology: quantitative
'Explain in plain English'questions: implications for teaching,Laurie Murphy; Renée McCauley; Sue Fitzgerald,2012,Proceedings of the 43rd ACM technical symposium on Computer Science Education,10.1145/2157136.2157249,,,,,conceptual,mixed,computing education,"Hao et al. 2019 (A Systematic Investigation of Replications in Computing Education Research, ACM TOCE; github.com/Neo-Hao/replications-in-computing-education); Hao et al. 2019 replications-in-CER dataset (TOCE doi:10.1145/3345328; github.com/Neo-Hao/replications-in-computing-education)",topic: Learning & Teaching Strategies; context: Undergraduate; author overlap with original: no; methodology: mixed
All syntax errors are not equal,Paul Denny; Andrew Luxton-Reilly; Ewan Tempero,2012,Proceedings of the 17th ACM annual conference on Innovation and technology in computer science education,10.1145/2325296.2325318,,,,,conceptual,success,computing education,"Hao et al. 2019 (A Systematic Investigation of Replications in Computing Education Research, ACM TOCE; github.com/Neo-Hao/replications-in-computing-education); Hao et al. 2019 replications-in-CER dataset (TOCE doi:10.1145/3345328; github.com/Neo-Hao/replications-in-computing-education)",topic: Assessment; context: Undergraduate; author overlap with original: yes; methodology: quantitative
Application of non-programming focused Treisman-style workshops in introductory computer science,Alan C. Jamieson; Lindsay H. Jamieson; Angela C. Johnson,2012,Proceedings of the 43rd ACM technical symposium on Computer Science Education,10.1145/2157136.2157219,,,,,conceptual,success,computing education,"Hao et al. 2019 (A Systematic Investigation of Replications in Computing Education Research, ACM TOCE; github.com/Neo-Hao/replications-in-computing-education); Hao et al. 2019 replications-in-CER dataset (TOCE doi:10.1145/3345328; github.com/Neo-Hao/replications-in-computing-education)",topic: Learning & Teaching Strategies; context: CS1; author overlap with original: no; methodology: quantitative
Toward a validated computing attitudes survey,Allison Elliott Tew; Brian Dorn; Oliver Schneider,2012,Proceedings of the ninth annual international conference on International computing education research,10.1145/2361276.2361303,,,,,conceptual,success,computing education,"Hao et al. 2019 (A Systematic Investigation of Replications in Computing Education Research, ACM TOCE; github.com/Neo-Hao/replications-in-computing-education); Hao et al. 2019 replications-in-CER dataset (TOCE doi:10.1145/3345328; github.com/Neo-Hao/replications-in-computing-education)",topic: Assessment; context: CS1; author overlap with original: no; methodology: quantitative
An empirical investigation into programming language syntax,Andreas Stefik; Susanna Siebert,2013,ACM Transactions on Computing Education,10.1145/2534973,,,,,conceptual,mixed,computing education,"Hao et al. 2019 (A Systematic Investigation of Replications in Computing Education Research, ACM TOCE; github.com/Neo-Hao/replications-in-computing-education); Hao et al. 2019 replications-in-CER dataset (TOCE doi:10.1145/3345328; github.com/Neo-Hao/replications-in-computing-education)",topic: Programming language; context: Undergraduate; author overlap with original: yes; methodology: quantitative
Can first-year students program yet?: a study revisited,Robert McCartney; Jonas Boustedt; Anna Eckerdal; Kate Sanders; Carol Zander,2013,Proceedings of the ninth annual international ACM conference on International computing education research,10.1145/2493394.2493412,,,,,conceptual,mixed,computing education,"Hao et al. 2019 (A Systematic Investigation of Replications in Computing Education Research, ACM TOCE; github.com/Neo-Hao/replications-in-computing-education); Hao et al. 2019 replications-in-CER dataset (TOCE doi:10.1145/3345328; github.com/Neo-Hao/replications-in-computing-education)",topic: Aptitute; context: CS1; author overlap with original: no; methodology: quantitative
Can peer instruction be effective in upper-division computer science courses?,Cynthia Bailey Lee; Saturnino Garcia; Leo Porter,2013,ACM Transactions on Computing Education,10.1145/2499947.2499949,,,,,conceptual,success,computing education,"Hao et al. 2019 (A Systematic Investigation of Replications in Computing Education Research, ACM TOCE; github.com/Neo-Hao/replications-in-computing-education); Hao et al. 2019 replications-in-CER dataset (TOCE doi:10.1145/3345328; github.com/Neo-Hao/replications-in-computing-education)",topic: Learning & Teaching Strategies; context: Undergraduate; author overlap with original: yes; methodology: mixed
Comparing and contrasting different algorithms leads to increased student learning,Elizabeth Patitsas; Michelle Craig; Steve Easterbrook,2013,Proceedings of the ninth annual international ACM conference on International computing education research,10.1145/2493394.2493409,,,,,conceptual,success,computing education,"Hao et al. 2019 (A Systematic Investigation of Replications in Computing Education Research, ACM TOCE; github.com/Neo-Hao/replications-in-computing-education); Hao et al. 2019 replications-in-CER dataset (TOCE doi:10.1145/3345328; github.com/Neo-Hao/replications-in-computing-education)",topic: Learning & Teaching Strategies; context: Undergraduate; author overlap with original: no; methodology: quantitative
Issues with a course that emphasizes self-direction,"Ville Isom{\""o}tt{\""o}nen; Ville Tirronen; Michael Cochez",2013,Proceedings of the 18th ACM conference on Innovation and technology in computer science education,10.1145/2462476.2462495,,,,,conceptual,success,computing education,"Hao et al. 2019 (A Systematic Investigation of Replications in Computing Education Research, ACM TOCE; github.com/Neo-Hao/replications-in-computing-education); Hao et al. 2019 replications-in-CER dataset (TOCE doi:10.1145/3345328; github.com/Neo-Hao/replications-in-computing-education)",topic: Learning & Teaching Strategies; context: Graduate; author overlap with original: yes; methodology: qualitative; DOI verified via Crossref (short proceedings title)
"Mining data from the AP CS a exam: patterns, non-patterns, and replication failure",Colleen M. Lewis; Huda Khayrallah; Amy Tsai,2013,Proceedings of the ninth annual international ACM conference on International computing education research,10.1145/2493394.2493415,,,,,direct,failure,computing education,"Hao et al. 2019 (A Systematic Investigation of Replications in Computing Education Research, ACM TOCE; github.com/Neo-Hao/replications-in-computing-education); Hao et al. 2019 replications-in-CER dataset (TOCE doi:10.1145/3345328; github.com/Neo-Hao/replications-in-computing-education)",topic: Aptitute; context: K-12; author overlap with original: no; methodology: quantitative
Towards improving programming habits to create better computer science course outcomes,Jaime Spacco; Davide Fossati; John Stamper; Kelly Rivers,2013,Proceedings of the 18th ACM conference on Innovation and technology in computer science education,10.1145/2462476.2465594,,,,,conceptual,success,computing education,"Hao et al. 2019 (A Systematic Investigation of Replications in Computing Education Research, ACM TOCE; github.com/Neo-Hao/replications-in-computing-education); Hao et al. 2019 replications-in-CER dataset (TOCE doi:10.1145/3345328; github.com/Neo-Hao/replications-in-computing-education)","topic: Learning Behavior, Tool; context: Undergraduate; author overlap with original: no; methodology: quantitative"
Blackbox: a large scale repository of novice programmers' activity,Neil Christopher Charles Brown; Michael Kölling; Davin McCall; Ian Utting,2014,Proceedings of the 45th ACM technical symposium on Computer science education,10.1145/2538862.2538924,,,,,direct,success,computing education,"Hao et al. 2019 (A Systematic Investigation of Replications in Computing Education Research, ACM TOCE; github.com/Neo-Hao/replications-in-computing-education); Hao et al. 2019 replications-in-CER dataset (TOCE doi:10.1145/3345328; github.com/Neo-Hao/replications-in-computing-education)","topic: Learning Behavior, Tool; context: Undergraduate; author overlap with original: no; methodology: quantitative; DOI verified via Crossref (short proceedings title)"
Evaluating industry-inspired pair programming communication guidelines with undergraduate students.,Mark Zarb; Janet Hughes; John Richards,2014,Proceedings of the 45th ACM technical symposium on Computer science education,10.1145/2538862.2538980,,,,,conceptual,success,computing education,"Hao et al. 2019 (A Systematic Investigation of Replications in Computing Education Research, ACM TOCE; github.com/Neo-Hao/replications-in-computing-education); Hao et al. 2019 replications-in-CER dataset (TOCE doi:10.1145/3345328; github.com/Neo-Hao/replications-in-computing-education)",topic: Learning & Teaching Strategies; context: Undergraduate; author overlap with original: no; methodology: mixed
Failure rates in introductory programming revisited,Christopher Watson; Frederick W.B. Li,2014,Proceedings of the 2014 conference on Innovation &amp; technology in computer science education - ITiCSE '14,10.1145/2591708.2591749,,,,,conceptual,success,computing education,"Hao et al. 2019 (A Systematic Investigation of Replications in Computing Education Research, ACM TOCE; github.com/Neo-Hao/replications-in-computing-education); Hao et al. 2019 replications-in-CER dataset (TOCE doi:10.1145/3345328; github.com/Neo-Hao/replications-in-computing-education)",topic: Retention; context: CS1; author overlap with original: no; methodology: quantitative
Measuring cognitive load in introductory CS: adaptation of an instrument,Briana B. Morrison; Brian Dorn; Mark Guzdial,2014,Proceedings of the tenth annual conference on International computing education research,10.1145/2632320.2632348,,,,,conceptual,success,computing education,"Hao et al. 2019 (A Systematic Investigation of Replications in Computing Education Research, ACM TOCE; github.com/Neo-Hao/replications-in-computing-education); Hao et al. 2019 replications-in-CER dataset (TOCE doi:10.1145/3345328; github.com/Neo-Hao/replications-in-computing-education)",topic: Assessment; context: CS1; author overlap with original: no; methodology: quantitative
Misconceptions and concept inventory questions for binary search trees and hash tables,Kuba Karpierz; Steven A. Wolfman,2014,Proceedings of the 45th ACM technical symposium on Computer science education,10.1145/2538862.2538902,,,,,conceptual,mixed,computing education,"Hao et al. 2019 (A Systematic Investigation of Replications in Computing Education Research, ACM TOCE; github.com/Neo-Hao/replications-in-computing-education); Hao et al. 2019 replications-in-CER dataset (TOCE doi:10.1145/3345328; github.com/Neo-Hao/replications-in-computing-education)",topic: Assessment; context: Undergraduate; author overlap with original: no; methodology: qualitative
"Aggregate compilation behavior: Findings and implications from 27,698 users",Matthew C. Jadud; Brian Dorn,2015,Proceedings of the eleventh annual International Conference on International Computing Education Research,10.1145/2787622.2787718,,,,,conceptual,mixed,computing education,"Hao et al. 2019 (A Systematic Investigation of Replications in Computing Education Research, ACM TOCE; github.com/Neo-Hao/replications-in-computing-education); Hao et al. 2019 replications-in-CER dataset (TOCE doi:10.1145/3345328; github.com/Neo-Hao/replications-in-computing-education)","topic: Tool, Learning Behavior; context: Undergraduate; author overlap with original: yes; methodology: quantitative"
Benefits of Self-explanation in Introductory Programming,Arto Vihavainen; Craig S. Miller; Amber Settle,2015,Proceedings of the 46th ACM Technical Symposium on Computer Science Education,10.1145/2676723.2677260,,,,,conceptual,success,computing education,"Hao et al. 2019 (A Systematic Investigation of Replications in Computing Education Research, ACM TOCE; github.com/Neo-Hao/replications-in-computing-education); Hao et al. 2019 replications-in-CER dataset (TOCE doi:10.1145/3345328; github.com/Neo-Hao/replications-in-computing-education)",topic: Learning & Teaching Strategies; context: CS1; author overlap with original: no; methodology: qualitative
Empirical validation and application of the computing attitudes survey,Brian Dorn; Allison Elliott Tew,2015,Computer Science Education,10.1080/08993408.2015.1014142,,,,,conceptual,success,computing education,"Hao et al. 2019 (A Systematic Investigation of Replications in Computing Education Research, ACM TOCE; github.com/Neo-Hao/replications-in-computing-education); Hao et al. 2019 replications-in-CER dataset (TOCE doi:10.1145/3345328; github.com/Neo-Hao/replications-in-computing-education)",topic: Assessment; context: Undergraduate; author overlap with original: yes; methodology: quantitative
Generating practice questions as a preparation strategy for introductory programming exams,Paul Denny,2015,Proceedings of the 46th ACM Technical Symposium on Computer Science Education,10.1145/2676723.2677253,,,,,direct,success,computing education,"Hao et al. 2019 (A Systematic Investigation of Replications in Computing Education Research, ACM TOCE; github.com/Neo-Hao/replications-in-computing-education); Hao et al. 2019 replications-in-CER dataset (TOCE doi:10.1145/3345328; github.com/Neo-Hao/replications-in-computing-education)","topic: Learning & Teaching Strategies, Assessment; context: CS1; author overlap with original: yes; methodology: quantitative"
Recursion vs. iteration: An empirical study of comprehension revisited,Renee McCauley; Brian Hanks; Sue Fitzgerald; Laurie Murphy,2015,Proceedings of the 46th ACM technical symposium on computer science education,10.1145/2676723.2677227,Recursion vs. iteration: An empirical study of comprehension,Alan C. Benander; Barbara A. Benander; Janche Sang,1996,10.1016/0164-1212(95)00043-7,direct,mixed,computing education,"Hao et al. 2019 (A Systematic Investigation of Replications in Computing Education Research, ACM TOCE; github.com/Neo-Hao/replications-in-computing-education); Hao et al. 2019 replications-in-CER dataset (TOCE doi:10.1145/3345328; github.com/Neo-Hao/replications-in-computing-education)","topic: Aptitute, Comprehension; context: Undergraduate; author overlap with original: no; methodology: mixed; DOI verified via Crossref (short proceedings title); original study identified from title ('revisited' of Benander et al. 1996) and verified via Crossref"
Spatial skills training in introductory computing,Stephen Cooper; Karen Wang; Maya Israni; Sheryl Sorby,2015,Proceedings of the eleventh annual International Conference on International Computing Education Research,10.1145/2787622.2787728,,,,,conceptual,success,computing education,"Hao et al. 2019 (A Systematic Investigation of Replications in Computing Education Research, ACM TOCE; github.com/Neo-Hao/replications-in-computing-education); Hao et al. 2019 replications-in-CER dataset (TOCE doi:10.1145/3345328; github.com/Neo-Hao/replications-in-computing-education)",topic: Learning & Teaching Strategies; context: K-12; author overlap with original: no; methodology: quantitative
"Subgoals, context, and worked examples in learning computing problem solving",Briana B. Morrison; Lauren E. Margulieux; Mark Guzdial,2015,Proceedings of the eleventh annual International Conference on International Computing Education Research,10.1145/2787622.2787733,,,,,conceptual,mixed,computing education,"Hao et al. 2019 (A Systematic Investigation of Replications in Computing Education Research, ACM TOCE; github.com/Neo-Hao/replications-in-computing-education); Hao et al. 2019 replications-in-CER dataset (TOCE doi:10.1145/3345328; github.com/Neo-Hao/replications-in-computing-education)",topic: Learning & Teaching Strategies; context: Undergraduate; author overlap with original: no; methodology: quantitative
The effects of integrating service learning into computer science: an inter-institutional longitudinal study,Jamie Payton; Tiffany Barnes; Kim Buch; Audrey Rorrer; Huifang Zuo,2015,Computer Science Education,10.1080/08993408.2015.1086536,,,,,conceptual,success,computing education,"Hao et al. 2019 (A Systematic Investigation of Replications in Computing Education Research, ACM TOCE; github.com/Neo-Hao/replications-in-computing-education); Hao et al. 2019 replications-in-CER dataset (TOCE doi:10.1145/3345328; github.com/Neo-Hao/replications-in-computing-education)","topic: Learning & Teaching Strategies, Retention; context: Undergraduate; author overlap with original: yes; methodology: quantitative"
The normalized programming state model: Predicting student performance in computing courses based on programming behavior,Adam S. Carter; Christopher D. Hundhausen; Olusola Adesope,2015,Proceedings of the eleventh annual International Conference on International Computing Education Research,10.1145/2787622.2787710,,,,,conceptual,mixed,computing education,"Hao et al. 2019 (A Systematic Investigation of Replications in Computing Education Research, ACM TOCE; github.com/Neo-Hao/replications-in-computing-education); Hao et al. 2019 replications-in-CER dataset (TOCE doi:10.1145/3345328; github.com/Neo-Hao/replications-in-computing-education)","topic: Learning Behavior, Performance Prediction; context: Undergraduate; author overlap with original: no; methodology: quantitative"
Automatic inference of programming performance and experience from typing patterns,Juho Leinonen; Krista Longi; Arto Klami; Arto Vihavainen,2016,Proceedings of the 47th ACM Technical Symposium on Computing Science Education,10.1145/2839509.2844612,,,,,conceptual,mixed,computing education,"Hao et al. 2019 (A Systematic Investigation of Replications in Computing Education Research, ACM TOCE; github.com/Neo-Hao/replications-in-computing-education); Hao et al. 2019 replications-in-CER dataset (TOCE doi:10.1145/3345328; github.com/Neo-Hao/replications-in-computing-education)","topic: Learning Behavior, Performance Prediction; context: Undergraduate; author overlap with original: no; methodology: quantitative"
Back to school: computer science unplugged in the wild,Renate Thies; Jan Vahrenhold,2016,Proceedings of the 2016 ACM Conference on Innovation and Technology in Computer Science Education,10.1145/2899415.2899442,,,,,conceptual,mixed,computing education,"Hao et al. 2019 (A Systematic Investigation of Replications in Computing Education Research, ACM TOCE; github.com/Neo-Hao/replications-in-computing-education); Hao et al. 2019 replications-in-CER dataset (TOCE doi:10.1145/3345328; github.com/Neo-Hao/replications-in-computing-education)",topic: Learning & Teaching Strategies; context: K-12; author overlap with original: no; methodology: mixed; DOI verified via Crossref (short proceedings title)
Factors for success in online CS1,Jennifer Campbell; Diane Horton; Michelle Craig,2016,Proceedings of the 2016 ACM Conference on Innovation and Technology in Computer Science Education,10.1145/2899415.2899457,,,,,conceptual,failure,computing education,"Hao et al. 2019 (A Systematic Investigation of Replications in Computing Education Research, ACM TOCE; github.com/Neo-Hao/replications-in-computing-education); Hao et al. 2019 replications-in-CER dataset (TOCE doi:10.1145/3345328; github.com/Neo-Hao/replications-in-computing-education)",topic: Performance Prediction; context: CS1; author overlap with original: no; methodology: quantitative
Impact of Student Achievement Goals on CS1 Outcomes,Daniel Zingaro; Leo Porter,2016,Proceedings of the 47th ACM Technical Symposium on Computing Science Education,10.1145/2839509.2844553,,,,,conceptual,success,computing education,"Hao et al. 2019 (A Systematic Investigation of Replications in Computing Education Research, ACM TOCE; github.com/Neo-Hao/replications-in-computing-education); Hao et al. 2019 replications-in-CER dataset (TOCE doi:10.1145/3345328; github.com/Neo-Hao/replications-in-computing-education)",topic: Learning theory; context: CS1; author overlap with original: yes; methodology: quantitative
Learning loops: A replication study illuminates impact of HS courses,Briana B. Morrison; Adrienne Decker; Lauren E. Margulieux,2016,Proceedings of the 2016 ACM Conference on International Computing Education Research,10.1145/2960310.2960330,,,,,direct,success,computing education,"Hao et al. 2019 (A Systematic Investigation of Replications in Computing Education Research, ACM TOCE; github.com/Neo-Hao/replications-in-computing-education); Hao et al. 2019 replications-in-CER dataset (TOCE doi:10.1145/3345328; github.com/Neo-Hao/replications-in-computing-education)",topic: Learning & Teaching Strategies; context: CS1; author overlap with original: yes; methodology: quantitative; DOI verified via Crossref (short proceedings title)
Measuring Effects of Modality on Perceived Test Anxiety for Computer Programming Exams,Robert Deloatch; Brian P. Bailey; Alex Kirlik,2016,Proceedings of the 47th ACM Technical Symposium on Computing Science Education,10.1145/2839509.2844604,,,,,conceptual,mixed,computing education,"Hao et al. 2019 (A Systematic Investigation of Replications in Computing Education Research, ACM TOCE; github.com/Neo-Hao/replications-in-computing-education); Hao et al. 2019 replications-in-CER dataset (TOCE doi:10.1145/3345328; github.com/Neo-Hao/replications-in-computing-education)",topic: Assessment; context: Undergraduate; author overlap with original: no; methodology: mixed
"Replication, validation, and use of a language independent CS1 knowledge assessment",Miranda C. Parker; Mark Guzdial; Shelly Engleman,2016,Proceedings of the 2016 ACM Conference on International Computing Education Research,10.1145/2960310.2960316,,,,,direct,success,computing education,"Hao et al. 2019 (A Systematic Investigation of Replications in Computing Education Research, ACM TOCE; github.com/Neo-Hao/replications-in-computing-education); Hao et al. 2019 replications-in-CER dataset (TOCE doi:10.1145/3345328; github.com/Neo-Hao/replications-in-computing-education)",topic: Assessment; context: CS1; author overlap with original: yes; methodology: mixed
Subgoals help students solve Parsons problems,Briana B. Morrison; Lauren E. Margulieux; Barbara Ericson; Mark Guzdial,2016,Proceedings of the 47th ACM Technical Symposium on Computing Science Education,10.1145/2839509.2844617,,,,,conceptual,mixed,computing education,"Hao et al. 2019 (A Systematic Investigation of Replications in Computing Education Research, ACM TOCE; github.com/Neo-Hao/replications-in-computing-education); Hao et al. 2019 replications-in-CER dataset (TOCE doi:10.1145/3345328; github.com/Neo-Hao/replications-in-computing-education)",topic: Learning & Teaching Strategies; context: Undergraduate; author overlap with original: yes; methodology: quantitative
Typing patterns and authentication in practical programming exams,Juho Leinonen; Krista Longi; Arto Klami; Alireza Ahadi; Arto Vihavainen,2016,Proceedings of the 2016 ACM Conference on Innovation and Technology in Computer Science Education,10.1145/2899415.2899472,,,,,conceptual,success,computing education,"Hao et al. 2019 (A Systematic Investigation of Replications in Computing Education Research, ACM TOCE; github.com/Neo-Hao/replications-in-computing-education); Hao et al. 2019 replications-in-CER dataset (TOCE doi:10.1145/3345328; github.com/Neo-Hao/replications-in-computing-education)","topic: Learning Behavior, Tool; context: Undergraduate; author overlap with original: yes; methodology: quantitative"
When Everyone Knows CS is the Best Major: Decisions about CS in an Indian context,Michael Hewner; Shitanshu Mishra,2016,Proceedings of the 2016 ACM Conference on International Computing Education Research,10.1145/2960310.2960318,,,,,direct,mixed,computing education,"Hao et al. 2019 (A Systematic Investigation of Replications in Computing Education Research, ACM TOCE; github.com/Neo-Hao/replications-in-computing-education); Hao et al. 2019 replications-in-CER dataset (TOCE doi:10.1145/3345328; github.com/Neo-Hao/replications-in-computing-education)",topic: Experience; context: Undergraduate; author overlap with original: yes; methodology: qualitative
Blending measures of programming and social behavior into predictive models of student achievement in early computing courses,Adam S. Carter; Christopher D. Hundhausen; Olusola Adesope,2017,ACM Transactions on Computing Education,10.1145/3120259,,,,,conceptual,success,computing education,"Hao et al. 2019 (A Systematic Investigation of Replications in Computing Education Research, ACM TOCE; github.com/Neo-Hao/replications-in-computing-education); Hao et al. 2019 replications-in-CER dataset (TOCE doi:10.1145/3345328; github.com/Neo-Hao/replications-in-computing-education)","topic: Performance Prediction, Learning Behavior; context: Undergraduate; author overlap with original: no; methodology: quantitative"
Dual modality code explanations for novices: Unexpected results,Briana B. Morrison,2017,Proceedings of the 2017 ACM Conference on International Computing Education Research,10.1145/3105726.3106191,,,,,direct,failure,computing education,"Hao et al. 2019 (A Systematic Investigation of Replications in Computing Education Research, ACM TOCE; github.com/Neo-Hao/replications-in-computing-education); Hao et al. 2019 replications-in-CER dataset (TOCE doi:10.1145/3345328; github.com/Neo-Hao/replications-in-computing-education)",topic: Learning & Teaching Strategies; context: CS1; author overlap with original: no; methodology: quantitative
Evaluating student learning from collaborative group tests in introductory computing,Yingjun Cao; Leo Porter,2017,Proceedings of the 2017 ACM SIGCSE Technical Symposium on Computer Science Education,10.1145/3017680.3017729,,,,,conceptual,success,computing education,"Hao et al. 2019 (A Systematic Investigation of Replications in Computing Education Research, ACM TOCE; github.com/Neo-Hao/replications-in-computing-education); Hao et al. 2019 replications-in-CER dataset (TOCE doi:10.1145/3345328; github.com/Neo-Hao/replications-in-computing-education)",topic: Assessment; context: CS1; author overlap with original: no; methodology: quantitative
From Blocks to Text and Back: Programming Patterns in a Dual-Modality Environment,David Weintrop; Nathan Holbert,2017,Proceedings of the 2017 ACM SIGCSE Technical Symposium on Computer Science Education,10.1145/3017680.3017707,,,,,conceptual,success,computing education,"Hao et al. 2019 (A Systematic Investigation of Replications in Computing Education Research, ACM TOCE; github.com/Neo-Hao/replications-in-computing-education); Hao et al. 2019 replications-in-CER dataset (TOCE doi:10.1145/3345328; github.com/Neo-Hao/replications-in-computing-education)","topic: Learning Behavior, Tool; context: K-12; author overlap with original: no; methodology: quantitative"
Micro-Classes: A Structure for Improving Student Experience in Large Classes,Christine Alvarado; Mia Minnes; Leo Porter,2017,Proceedings of the 2017 ACM SIGCSE Technical Symposium on Computer Science Education,10.1145/3017680.3017727,,,,,conceptual,success,computing education,"Hao et al. 2019 (A Systematic Investigation of Replications in Computing Education Research, ACM TOCE; github.com/Neo-Hao/replications-in-computing-education); Hao et al. 2019 replications-in-CER dataset (TOCE doi:10.1145/3345328; github.com/Neo-Hao/replications-in-computing-education)",topic: Learning & Teaching Strategies; context: Undergraduate; author overlap with original: no; methodology: quantitative; DOI verified via Crossref (short proceedings title)
"Understanding High School Students' Reading, Remixing, and Writing Codeable Circuits for Electronic Textiles",Breanne K. Litts; Yasmin B. Kafai; Debora Lui; Justice Walker; Sari Widman,2017,Proceedings of the 2017 ACM SIGCSE Technical Symposium on Computer Science Education,10.1145/3017680.3017740,,,,,conceptual,success,computing education,"Hao et al. 2019 (A Systematic Investigation of Replications in Computing Education Research, ACM TOCE; github.com/Neo-Hao/replications-in-computing-education); Hao et al. 2019 replications-in-CER dataset (TOCE doi:10.1145/3345328; github.com/Neo-Hao/replications-in-computing-education)",topic: Learning & Teaching Strategies; context: K-12; author overlap with original: no; methodology: mixed
Using tracing and sketching to solve programming problems: replicating and extending an analysis of what students draw,Kathryn Cunningham; Sarah Blanchard; Barbara Ericson; Mark Guzdial,2017,Proceedings of the 2017 ACM Conference on International Computing Education Research,10.1145/3105726.3106190,,,,,conceptual,success,computing education,"Hao et al. 2019 (A Systematic Investigation of Replications in Computing Education Research, ACM TOCE; github.com/Neo-Hao/replications-in-computing-education); Hao et al. 2019 replications-in-CER dataset (TOCE doi:10.1145/3345328; github.com/Neo-Hao/replications-in-computing-education)",topic: Learning & Teaching Strategies; context: CS1; author overlap with original: no; methodology: quantitative
“But it doesn’t come naturally”: how effort expenditure shapes the benefit of growth mindset on women’s sense of intellectual belonging in computing,Jane G. Stout; Jennifer M. Blaney,2017,Computer Science Education,10.1080/08993408.2018.1437115,,,,,conceptual,success,computing education,"Hao et al. 2019 (A Systematic Investigation of Replications in Computing Education Research, ACM TOCE; github.com/Neo-Hao/replications-in-computing-education); Hao et al. 2019 replications-in-CER dataset (TOCE doi:10.1145/3345328; github.com/Neo-Hao/replications-in-computing-education)","topic: Learning theory, Retention; context: Undergraduate; author overlap with original: no; methodology: quantitative"
A Study of Pair Programming Enjoyment and Attendance using Study Motivation and Strategy Metrics,Onni Aarne; Petrus Peltola; Juho Leinonen; Arto Hellas,2018,Proceedings of the 49th ACM Technical Symposium on Computer Science Education,10.1145/3159450.3159493,,,,,direct,failure,computing education,"Hao et al. 2019 (A Systematic Investigation of Replications in Computing Education Research, ACM TOCE; github.com/Neo-Hao/replications-in-computing-education); Hao et al. 2019 replications-in-CER dataset (TOCE doi:10.1145/3345328; github.com/Neo-Hao/replications-in-computing-education)",topic: Experience; context: Undergraduate; author overlap with original: no; methodology: quantitative
Achievement Goals in CS1: Replication and Extension,Daniel Zingaro; Michelle Craig; Leo Porter; Brett A. Becker; Yingjun Cao; Phill Conrad; Diana Cukierman; Arto Hellas; Dastyni Loksa; Neena Thota,2018,Proceedings of the 49th ACM Technical Symposium on Computer Science Education,10.1145/3159450.3159452,Impact of Student Achievement Goals on CS1 Outcomes,Daniel Zingaro; Leo Porter,2016,10.1145/2839509.2844553,direct,mixed,computing education,"Hao et al. 2019 (A Systematic Investigation of Replications in Computing Education Research, ACM TOCE; github.com/Neo-Hao/replications-in-computing-education); Hao et al. 2019 replications-in-CER dataset (TOCE doi:10.1145/3345328; github.com/Neo-Hao/replications-in-computing-education)",topic: Learning theory; context: CS1; author overlap with original: yes; methodology: quantitative; DOI verified via Crossref (short proceedings title); original study verified via Crossref
Classroom experience report on jigsaw learning,Soohyun Nam Liao; William G. Griswold; Leo Porter,2018,Proceedings of the 23rd Annual ACM Conference on Innovation and Technology in Computer Science Education,10.1145/3197091.3197118,,,,,conceptual,mixed,computing education,"Hao et al. 2019 (A Systematic Investigation of Replications in Computing Education Research, ACM TOCE; github.com/Neo-Hao/replications-in-computing-education); Hao et al. 2019 replications-in-CER dataset (TOCE doi:10.1145/3345328; github.com/Neo-Hao/replications-in-computing-education)",topic: Experience; context: Undergraduate; author overlap with original: no; methodology: mixed
ITiCSE working groups and collaboration in the computing education community,Robert McCartney; Kate Sanders,2018,Proceedings of the 23rd Annual ACM Conference on Innovation and Technology in Computer Science Education,10.1145/3197091.3197143,,,,,direct,success,computing education,"Hao et al. 2019 (A Systematic Investigation of Replications in Computing Education Research, ACM TOCE; github.com/Neo-Hao/replications-in-computing-education); Hao et al. 2019 replications-in-CER dataset (TOCE doi:10.1145/3345328; github.com/Neo-Hao/replications-in-computing-education)",topic: community building; context: other; author overlap with original: no; methodology: quantitative
Quantifying the Benefits of Prior Programming Experience in an Introductory Computer Science Course,Chris Wilcox; Albert Lionelle,2018,Proceedings of the 49th ACM Technical Symposium on Computer Science Education,10.1145/3159450.3159480,,,,,conceptual,mixed,computing education,"Hao et al. 2019 (A Systematic Investigation of Replications in Computing Education Research, ACM TOCE; github.com/Neo-Hao/replications-in-computing-education); Hao et al. 2019 replications-in-CER dataset (TOCE doi:10.1145/3345328; github.com/Neo-Hao/replications-in-computing-education)",topic: Prior knowledge; context: Undergraduate; author overlap with original: no; methodology: quantitative
Reconciling the Promise and Pragmatics of Enhancing Computing Pedagogy with Data Science,Austin Cory Bart; Dennis Kafura; Clifford A. Shaffer; Eli Tilevich,2018,Proceedings of the 49th ACM Technical Symposium on Computer Science Education,10.1145/3159450.3159465,,,,,conceptual,success,computing education,"Hao et al. 2019 (A Systematic Investigation of Replications in Computing Education Research, ACM TOCE; github.com/Neo-Hao/replications-in-computing-education); Hao et al. 2019 replications-in-CER dataset (TOCE doi:10.1145/3345328; github.com/Neo-Hao/replications-in-computing-education)",topic: Experience; context: Undergraduate; author overlap with original: yes; methodology: quantitative
"Self-Efficacy, Cognitive Load, and Emotional Reactions in Collaborative Algorithms Labs-A Case Study",Laura Toma; Jan Vahrenhold,2018,Proceedings of the 2018 ACM Conference on International Computing Education Research,10.1145/3230977.3230980,,,,,conceptual,success,computing education,"Hao et al. 2019 (A Systematic Investigation of Replications in Computing Education Research, ACM TOCE; github.com/Neo-Hao/replications-in-computing-education); Hao et al. 2019 replications-in-CER dataset (TOCE doi:10.1145/3345328; github.com/Neo-Hao/replications-in-computing-education)","topic: Learning & Teaching Strategies, Assessment, Learning Theory; context: Undergraduate; author overlap with original: yes; methodology: mixed"
Unravelling the Cognition of Coding in 3-to-6-year Olds: The development of an assessment tool and the relation between coding ability and cognitive compiling of syntax in natural language,Eva Marinus; Zoe Powell; Rosalind Thornton; Genevieve McArthur; Stephen Crain,2018,Proceedings of the 2018 ACM Conference on International Computing Education Research,10.1145/3230977.3230984,,,,,conceptual,success,computing education,"Hao et al. 2019 (A Systematic Investigation of Replications in Computing Education Research, ACM TOCE; github.com/Neo-Hao/replications-in-computing-education); Hao et al. 2019 replications-in-CER dataset (TOCE doi:10.1145/3345328; github.com/Neo-Hao/replications-in-computing-education)",topic: Assessment; context: K-12; author overlap with original: no; methodology: quantitative
A replication study on the intuitiveness of programming language syntax,Vilma Lappi; Ville Tirronen; Jonne Itkonen,2023,Software Quality Journal,10.1007/s11219-023-09631-7,,,,,unknown,NA,computing education,"OpenAlex search (education replication studies 2019-2026 citing Makel & Plucker 2014, title contains 'replication')","replication of Stefik & Siebert programming-language-syntax study; outcome not catalogued (found via citation search, not a review list); metadata verified via OpenAlex"
Re-analysis of health and educational impacts of a school-based deworming programme in western Kenya: a statistical replication of a cluster quasi-randomized stepped-wedge trial,"Davey, C., Aiken, A. M., Hayes, R. J., Hargreaves, J. R.",2015,International Journal of Epidemiology,10.1093/ije/dyv128,Worms: Identifying Impacts on Education and Health in the Presence of Treatment Externalities,"Miguel, E., Kremer, M.",2004,10.1111/j.1468-0262.2004.00481.x,direct,mixed,development economics / school attendance,3ie Replication Programme,3ie-funded statistical re-analysis with alternative methods aligned to stepped-wedge design; evidence for effects on school attendance judged weaker than original claims. DOIs verified via Crossref 2026-07-15.
Cash and change: a replication study of a cash transfer experiment in Malawi (3ie Replication Paper 21),"Reimao, M. E.",2019,3ie Replication Paper Series (report),,Cash or Condition? Evidence from a Cash Transfer Experiment,"Baird, S., McIntosh, C., Ozler, B.",2011,10.1093/qje/qjr032,direct,NA,development economics / schooling (CCT vs UCT for schoolgirls),3ie RPS,Replication of the Zomba (Malawi) cash-transfer experiment comparing conditional vs unconditional transfers on schooling outcomes. Report PDF: https://www.3ieimpact.org/sites/default/files/2019-06/RPS21-Cash-transfer-experiment-in-Malawi_0.pdf ; status page: https://www.3ieimpact.org/evidence-hub/replication-studies-status/cash-or-condition-evidence-cash-transfer-experiment . No DOI for RPS report; original DOI verified via Crossref 2026-07-15. Replication findings not extracted here - follow up.
"Null relations between CLASS scores and gains in children’s language, math, and executive function skills: A replication and extension study",Paola Guerrero-Rosada; Christina Weiland; Meghan P. McCormick; JoAnn Hsueh; Jason Sachs; Catherine E. Snow; Michelle F. Maier,2020,Early Childhood Research Quarterly,10.1016/j.ecresq.2020.07.009,,,,,unknown,NA,early childhood education,"OpenAlex search (education replication studies 2019-2026 citing Makel & Plucker 2014, title contains 'replication')","replication and extension of CLASS score studies; outcome not catalogued (found via citation search, not a review list); metadata verified via OpenAlex"
Nuffield Early Language Intervention (NELI) - EEF effectiveness re-trial (second trial),,2020,Education Endowment Foundation (evaluation report),,Nuffield Early Language Intervention (NELI) - EEF efficacy trial (first trial),,,,effectiveness-retrial,success,early language / oracy,EEF re-trial,"Efficacy trial (first trial): positive impact on oral language. Re-grant (second, effectiveness) trial: positive impact on language retained. First-trial page: https://educationendowmentfoundation.org.uk/projects-and-evaluation/projects/nuffield-early-language-intervention ; re-trial page: https://educationendowmentfoundation.org.uk/projects-and-evaluation/projects/nuffield-early-language-intervention1 EEF reports generally lack DOIs; evaluator author names on report PDFs at the project pages."
Nuffield Early Language Intervention Scale-up (2020/21 and 2021/22) - impact evaluation,,2023,Education Endowment Foundation (evaluation report),,Nuffield Early Language Intervention - EEF efficacy trial,,,,effectiveness-retrial,success,early language / oracy,EEF re-trial,"National scale-up evaluation (fuzzy regression discontinuity, 356 schools registered 2021/22): +4 months language progress (LanguageScreen), +2 months early word reading (secondary outcome). Quasi-experimental, not an RCT. Page: https://educationendowmentfoundation.org.uk/projects-and-evaluation/projects/nuffield-early-language-intervention-scale-up ; also https://educationendowmentfoundation.org.uk/projects-and-evaluation/projects/nuffield-early-language-intervention-scale-up-impact-evaluation"
Proficiency With Number Concepts and Operations: Replicating the Efficacy of a First-Grade Mathematics Intervention,"Doabler, C. T., Clarke, B., Turtura, J., Sutherland, M., Gersib, J. A., Lesner, T., Cook, M., Kimmel, G. L., Smolkowski, K., Kosty, D.",2023,Journal of Learning Disabilities,10.1177/00222194231209017,,,,,conceptual,success,early mathematics / special education,IES Systematic Replication,"Conceptual replication of a first-grade Tier-2 mathematics intervention (Fusion), varying instructional group size (2:1 vs 5:1). Positive effects on all outcome measures incl. 1-year follow-up; no group-size differences. Published online Nov 2023 (print 2024). Original Fusion efficacy trial DOI not verified during this task - follow up. Replication DOI verified via Crossref 2026-07-15."
Year One Results From the Multisite Randomized Evaluation of the i3 Scale-Up of Reading Recovery,"May, H., Gray, A., Sirinides, P., Goldsworthy, H., Armijo, M., Sam, C., Gillespie, J. N., Tognatta, N.",2015,American Educational Research Journal,10.3102/0002831214565788,,,,,effectiveness-retrial,success,early reading intervention,IES i3 scale-up evaluation,"Independent multisite RCT under the $55M federal i3 Scale-Up of Reading Recovery, re-testing effects previously shown in efficacy research (e.g., Schwartz 2005 RCT and What Works Clearinghouse-reviewed studies; original DOI not verified here). Year-1 ITBS Total Reading effect = 0.69 SD (vs RR-eligible strugglers), 0.47 SD (vs all first graders). DOI verified via Crossref 2026-07-15."
Reading Recovery: An Evaluation of the Four-Year i3 Scale-Up,"May, H., Sirinides, P., Gray, A., Goldsworthy, H.",2016,"Consortium for Policy Research in Education (CPRE), University of Pennsylvania (report)",10.12698/cpre.2016.readingrecovery,,,,,effectiveness-retrial,success,early reading intervention,IES i3 scale-up evaluation,"Final report of the four-year i3 scale-up evaluation of Reading Recovery (2011-2015); confirmed substantial positive short-term effects at scale. Report DOI (10.12698/cpre.2016.readingrecovery) registered with Crossref, verified 2026-07-15."
Long-Term Impacts of Reading Recovery through 3rd and 4th Grade: A Regression Discontinuity Study,"May, H., Blakeney, A., Shrestha, P., Mazal, M., Kennedy, N.",2023,Journal of Research on Educational Effectiveness,10.1080/19345747.2023.2209092,Year One Results From the Multisite Randomized Evaluation of the i3 Scale-Up of Reading Recovery,"May, H., Gray, A., Sirinides, P., et al.",2015,10.3102/0002831214565788,effectiveness-retrial,failure,early reading intervention,IES i3 scale-up evaluation,"Long-term follow-up (regression discontinuity) of the i3 Reading Recovery scale-up sample: 3rd/4th-grade reading/ELA state test impacts statistically significant and substantially NEGATIVE (-0.19 to -0.43 SD), reversing the large positive short-term effects. DOIs verified via Crossref 2026-07-15."
Maths Champions - EEF effectiveness re-trial (second trial),,,Education Endowment Foundation (evaluation report),,Maths Champions - EEF efficacy trial (first trial),,,,effectiveness-retrial,success,early years mathematics,EEF re-trial,Second (effectiveness) trial: +3 additional months maths progress for children in early-years settings receiving the programme. First-trial page: https://educationendowmentfoundation.org.uk/projects-and-evaluation/projects/maths-champions ; re-trial page: https://educationendowmentfoundation.org.uk/projects-and-evaluation/projects/maths-champions-effectiveness EEF reports generally lack DOIs; evaluator author names on report PDFs at the project pages.
Story-Listening in Indonesia: A Replication Study,Beniko Mason; Kenneth M. Smith; Stephen Krashen,2020,Journal of English Language Teaching,10.66121/szq1py23,,,,,unknown,NA,education,Semantic Scholar sweep,S2:ab11d3f7d65253ad371b302c36fc43d9b766915c
The Destructive Instructor-Leadership Questionnaire: A Replication Study in Trinidad,Paul Tristen Balwant,2022,Caribbean curriculum,10.47161/cc.2018.u0046,,,,,unknown,mixed,education,Semantic Scholar sweep,S2:46d49f02e03c91c70b56b0f4cb30e58f371de07c
A Further Look into the Use of a Dictionary APP in EFL Writing: A Replication Study,Yuzhen Chen; Suping Liu,2023,Lexikos,10.5788/33-1-1820,,Chen and Liu,2022,,unknown,NA,education,Semantic Scholar sweep,S2:be6d9a8656ca0e69fde9bf5f0d2257c6ae761003
"Assessing the Generality of a Self-Administered Strategic-Resource-Use Intervention on Academic Performance: A Multisite, Preregistered Conceptual Replication of Chen et al. (2017)",P. Verkoeijen; G. Koppenol-Gonzalez; Lara M. van Peppen; Marloes Broeren; A. Heijltjes; Renske E. Kuijpers; Janneke T. L. M. Nobelen; Marion Tillema; Marleen H. M. de Moor; L. R. Arends,2024,Advances in Methods and Practices in Psychological Science,10.1177/25152459241270604,,,,,conceptual,success,education,Semantic Scholar sweep,S2:dd5207921d03baef3c9a7e3081701311df59f5b5
Delayed matching-to-sample tasks implemented online to individuals with developmental disabilities: A systematic replication,I. Teixeira; L. M. M. Postalli,2024,Psicologia - Teoria e Prática,10.5935/1980-6906/eptppe16142.en,,,,,direct,NA,education,Semantic Scholar sweep,S2:aa3712de781c842cd9fc61dde32377e09b1306ae | QC flag: Online delayed matching-to-sample with individuals with developmental disabilities - behavior-analytic; population and educational context unclear
Using Brief Habit Reversal to Decrease Speech Disfluencies in Public Speaking. A Systematic Replication,Anja Göhring; Christoph Bördlein,2024,Research on social work practice,10.1177/10497315241301372,,Perrin et al.,2021,,direct,NA,education,Semantic Scholar sweep,S2:bcfbb2baba0d90ea18fa19cef349213958b34e36 | QC flag: Habit reversal for public-speaking disfluencies - behavioral intervention; education angle (communication training) arguable
"Complexity, Fluency, and Accuracy in Written Works of Vietnamese Learners of English: A Replication Study",Thao Dinh,2025,International Journal of TESOL & Education,10.54855/ijte.25522,,,,,unknown,mixed,education,Semantic Scholar sweep,S2:452478ca4d536e90300dd0fba05981d15143d601
Preferences of Omani EFL Learners for Isolated and Integrated Form-Focused Instruction: A Partial Replication of Spada and Lima (2015),I. Lenchuk; Amer M TH Ahmed; Shahd Hafidh Baabood; Shahla Hafeed Baabood,2025,Forum for Linguistic Studies,10.30564/fls.v7i12.11983,,,,,unknown,mixed,education,Semantic Scholar sweep,S2:b80133f4d4780da235d8be91af950e0ce5d71e6e
"Social work and social media: a national replication study of use, attitudes, and knowledge among US Students",Lauren A. Ricciardelli; S. McGarity; Jada Berry,2025,Social Work Education,10.1080/02615479.2025.2474492,,,,,unknown,NA,education,Semantic Scholar sweep,S2:cef092fb722b8a6a1683e771b9ad9e9765ba431e
Balanced vs. Skewed Input in L2 Argument Construction Learning: A Replication and Extension of Casenhiser and Goldberg (2005),A. Kaleta,2026,Theory and Practice of Second Language Acquisition,10.31261/tapsla.17859,,,,,conceptual,NA,education,Semantic Scholar sweep,S2:3667739c48a63d1b2a0c7141f3c6ce7164bc8170
Beyond Truth‐Telling: A Replication Study on School Choice,T. Andersson; Dany Kessel; Nils Lager; Elisabet Olme; Simon Reese,2026,Journal of applied econometrics,10.1002/jae.70038,,,,,unknown,NA,education,Semantic Scholar sweep,S2:b4e34e68013cfbd33c8f92b093720eb7a11a27c3
Can quantity of technology use and Efl teachers’ teaching experience determine student engagement in language education? A quantitative replication and extension study,Betül Yoldaş,2026,"Journal of Language, Literature, Social and Cultural Studies",10.58881/jllscs.v4i2.478,,Yoldaş,2026,,conceptual,NA,education,Semantic Scholar sweep,S2:1eb289b4389b2b9edc9740cbdcbca5e35e35ee7e
Effects of graphical representations on teachers’ interpretation of learning progress data. A registered replication,Erika Lunowa; Sarah Bez; Tom Rosman; Samuel Merk,2026,Zeitschrift für Erziehungswissenschaft,10.1007/s11618-026-01385-9,,,,,direct,NA,education,Semantic Scholar sweep,S2:5335526dc6faed4646d0e7282e869a61bdfcee37
Growth mindset beliefs and practices among students and academic advisors: a conceptual replication of Muenks et al. (2024),Darby K. Matusz; Matthew H. Kim; Jennifer L. Osterhage,2026,Social Psychology of Education,10.1007/s11218-026-10258-2,,,,,conceptual,NA,education,Semantic Scholar sweep,S2:52e26699dc36bff11030b53a2f368c5945b52335
Narrative Change in Career Construction Counseling: A Replication Study,Paulo Cardoso; M. M. Gonçalves; M. C. Taveira; Pablo Fernández-Navarro; Andreia Milhazes; J. T. Oliveira,2026,Career Development Quarterly,10.1002/cdq.70030,,,,,unknown,NA,education,Semantic Scholar sweep,"S2:40c349acabdac214cf796cf8804db22976390dfa | QC flag: Career construction counseling replication - counseling research, education-adjacent"
Regional differences in educational achievement: A replication study of municipality data,Björn Boman,2022,Frontiers in Education,10.3389/feduc.2022.854342,,,,,unknown,NA,education (achievement gaps),"OpenAlex search (education replication studies 2019-2026 citing Makel & Plucker 2014, title contains 'replication'); OpenAlex sweep","outcome not catalogued (found via citation search, not a review list); metadata verified via OpenAlex"
"The Impact of Teacher Study Groups in Vocabulary on Teaching Practice, Teacher Knowledge, and Student Vocabulary Knowledge: A Large-Scale Replication Study",Madhavi Jayanthi; Joseph Dimino; Russell Gersten; Mary Jo Taylor; Kelly Haymond; Keith Smolkowski; Rebecca Newman-Gonchar,2017,Journal of Research on Educational Effectiveness,10.1080/19345747.2017.1327625,,,,,effectiveness-retrial,NA,education (program effectiveness),ERIC sweep; Journal of Research on Educational Effectiveness Crossref title search (ISSN 1934-5747),Large-scale replication of Teacher Study Groups vocabulary PD intervention.
Enhancing Secondary School Instruction and Student Achievement: Replication and Extension of the My Teaching Partner-Secondary Intervention,Joseph P. Allen; Christopher A. Hafen; Anne C. Gregory; Amori Y. Mikami; Robert Pianta,2015,Journal of Research on Educational Effectiveness,10.1080/19345747.2015.1017680,,,,,effectiveness-retrial,NA,education (program effectiveness),Journal of Research on Educational Effectiveness Crossref title search (ISSN 1934-5747),Replication and extension of the My Teaching Partner-Secondary intervention.
Replicating a Scalable Intervention That Helps Students Reappraise Academic and Social Adversity During the Transition to Middle School,Jaymes Pyne; Geoffrey D. Borman,2020,Journal of Research on Educational Effectiveness,10.1080/19345747.2020.1784330,,,,,effectiveness-retrial,NA,education (program effectiveness),Journal of Research on Educational Effectiveness Crossref title search (ISSN 1934-5747),Replication of a scalable adversity-reappraisal intervention at the transition to middle school.
Replication and Extension of Family-Based Training Program to Improve Cognitive Abilities in Young Children,Rachel R. Romeo; Julia A. Leonard; Ethan Scherer; Sydney Robinson; Megumi Takada; Allyson P. Mackey; Martin R. West; John D. E. Gabrieli,2021,Journal of Research on Educational Effectiveness,10.1080/19345747.2021.1931999,,,,,effectiveness-retrial,NA,education (program effectiveness),Journal of Research on Educational Effectiveness Crossref title search (ISSN 1934-5747),Replication and extension of family-based training program for cognitive abilities in young children.
Large-Scale Estimates of LGBQ-Heterosexual Disparities in the Presence of Potentially Mischievous Responders: A Preregistered Replication and Comparison of Methods,Joseph R. Cimpian; Jennifer D. Timmer,2019,AERA Open,10.1177/2332858419888892,,,,,direct,NA,education research methods / equity,"AERA Open Crossref title search; OpenAlex search (education replication studies 2019-2026 citing Makel & Plucker 2014, title contains 'replication')","preregistered replication and extension of Cimpian et al. (2018); outcome not catalogued (found via citation search, not a review list); metadata verified via OpenAlex"
How Much Mightier Is the Pen than the Keyboard for Note-Taking? A Replication and Extension of Mueller and Oppenheimer (2014),Kayla Morehead; John Dunlosky; Katherine A. Rawson,2019,Educational Psychology Review,10.1007/s10648-019-09468-2,,Mueller and Oppenheimer,2014,,direct,NA,educational psychology,ERIC sweep; Educational Psychology Review Crossref title search (ISSN 1040-726X),Replication and extension of Mueller & Oppenheimer (2014) longhand vs laptop note-taking.
"Improving Elementary Grade Students’ Science and Social Studies Vocabulary Knowledge Depth, Reading Comprehension, and Argumentative Writing: a Conceptual Replication",James S. Kim; Jackie Eunjung Relyea; Mary A. Burkhauser; Ethan Scherer; Patrick Rich,2021,Educational Psychology Review,10.1007/s10648-021-09609-6,,,,,conceptual,NA,educational psychology,ERIC sweep; Educational Psychology Review Crossref title search (ISSN 1040-726X),"Conceptual replication: elementary science/social studies vocabulary, comprehension, argumentative writing intervention."
The Effect of Sentence Combining Instruction with Second- to Fourth-Grade Children: a Replication Study in Turkey,Omer Faruk Tavsanli; Steve Graham; Abdullah Kaldirim; Alyson Collins,2023,Educational Psychology Review,10.1007/s10648-023-09806-5,,,,,conceptual,NA,educational psychology,ERIC sweep; Educational Psychology Review Crossref title search (ISSN 1040-726X),Replication in Turkey of sentence-combining instruction effects (grades 2-4).
A replication study of unique and joint contributions to variance in student achievement.,Michael J. Dunkin; Stanley J. Doenau,1980,Journal of Educational Psychology,10.1037/0022-0663.72.3.394,,,,,unknown,NA,educational psychology,ERIC sweep; Journal of Educational Psychology Crossref title search (ISSN 0022-0663),Replication study of unique and joint contributions to variance in student achievement.
Special Education referrals: Failure to replicate student–teacher ethnicity interaction.,Sigmund Tobias; Mara Zibrin; Cindy Menell,1983,Journal of Educational Psychology,10.1037/0022-0663.75.5.705,,,,,direct,failure,educational psychology,ERIC sweep; Journal of Educational Psychology Crossref title search (ISSN 0022-0663),Failure to replicate student-teacher ethnicity interaction in special education referrals.
How working memory capacity and shifting matter for learning with worked examples—A replication study.,Sarah Bichler; Matthias Schwaighofer; Matthias Stadler; Markus Bühner; Samuel Greiff; Frank Fischer,2020,Journal of Educational Psychology,10.1037/edu0000433,,,,,direct,NA,educational psychology,ERIC sweep; Journal of Educational Psychology Crossref title search (ISSN 0022-0663),Replication study: working memory capacity and shifting in learning with worked examples.
Moderators of dimensional comparison effects: A comprehensive replication study putting prior findings on five moderators to the test and going beyond.,Fabian Wolff; Steffen Zitzmann; Jens Möller,2021,Journal of Educational Psychology,10.1037/edu0000505,,,,,direct,NA,educational psychology,ERIC sweep; Journal of Educational Psychology Crossref title search (ISSN 0022-0663),Comprehensive replication study of five moderators of dimensional comparison effects.
What it takes to tutor—A preregistered direct replication of the scaffolding experimental study by D. Wood et al. (1978).,Nienke Smit; Renske de Kleijn; Jelte M. Wicherts; Janneke van de Pol,2025,Journal of Educational Psychology,10.1037/edu0000965,,D. Wood et al,1978,,direct,NA,educational psychology,ERIC sweep; Journal of Educational Psychology Crossref title search (ISSN 0022-0663),"Preregistered direct replication of Wood, Bruner & Ross-era scaffolding experiment (D. Wood et al., 1978)."
A conceptual replication study of a self-affirmation intervention to improve the academic achievement of low-income pupils in England,Beng Huat See; Rebecca Morris; Stephen Gorard; Nadia Siddiqui; Matthew J. Easterbrook; Marlon Nieuwenhuis; Kerry J. Fox; Peter R. Harris; Robin Banerjee,2022,Educational Research and Evaluation,10.1080/13803611.2021.2022317,,,,,conceptual,NA,educational psychology,"ERIC sweep; OpenAlex search (education replication studies 2019-2026 citing Makel & Plucker 2014, title contains 'replication')","published in ERE replication special issue accompanying Perry et al. 2022; outcome not catalogued (found via citation search, not a review list); metadata verified via OpenAlex"
Improving Middle-School Students’ Knowledge and Comprehension in Social Studies: a Replication,Sharon Vaughn; Greg Roberts; Elizabeth A. Swanson; Jeanne Wanzek; Anna-Mária Fall; Stephanie J. Stillman-Spisak,2014,Educational Psychology Review,10.1007/s10648-014-9274-2,,,,,unknown,NA,educational psychology,Educational Psychology Review Crossref title search (ISSN 1040-726X),Replication of intervention improving middle-school social studies knowledge and comprehension.
Meta-Analysis of Emotional Designs in Multimedia Learning: A Replication and Extension Study,Rachel M. Wong; Olusola O. Adesope,2020,Educational Psychology Review,10.1007/s10648-020-09545-x,,,,,conceptual,NA,educational psychology,Educational Psychology Review Crossref title search (ISSN 1040-726X),Replication and extension of a meta-analysis of emotional design in multimedia learning (meta-analytic replication). | QC flag: Replication and extension of a meta-analysis (emotional design in multimedia learning) - 'replication of a review/synthesis' row
Modeling Theories and Theorizing Models: an Attempted Replication of Miller-Cotto &amp; Byrnes’ (2019) Comparison of Working Memory Models Using ECLS-K Data,David F. Feldon; Kaylee Litson,2021,Educational Psychology Review,10.1007/s10648-021-09596-8,,Byrnes’,2019,,direct,NA,educational psychology,Educational Psychology Review Crossref title search (ISSN 1040-726X),Attempted replication of Miller-Cotto & Byrnes (2019) working-memory model comparison using ECLS-K data.
Tracing and Pointing Support Multimedia Learning: A Cross-Cultural Replication,Yining Wang; Kexin Han; Paul Ginns,2025,Educational Psychology Review,10.1007/s10648-025-10005-7,,,,,conceptual,NA,educational psychology,Educational Psychology Review Crossref title search (ISSN 1040-726X),Cross-cultural replication of tracing/pointing effects in multimedia learning.
Expectancy effects in the classroom: A failure to replicate.,William L. Claiborn,1969,Journal of Educational Psychology,10.1037/h0028320,,,,,direct,failure,educational psychology,Journal of Educational Psychology Crossref title search (ISSN 0022-0663),Failure to replicate classroom expectancy (Pygmalion) effects.
Verbal retention as a function of the informativeness and delay of informative feedback: A replication.,Gary Phye; William Baller,1970,Journal of Educational Psychology,10.1037/h0029798,,,,,direct,NA,educational psychology,Journal of Educational Psychology Crossref title search (ISSN 0022-0663),Replication: verbal retention as a function of informativeness and delay of feedback.
"Observed IQ as a function of test atmosphere, tester expectation, and race of tester: A replication for female subjects.",William Samuel,1977,Journal of Educational Psychology,10.1037/0022-0663.69.5.593,,,,,direct,NA,educational psychology,Journal of Educational Psychology Crossref title search (ISSN 0022-0663),"Replication for female subjects: observed IQ as function of test atmosphere, tester expectation, race of tester."
Teaching preadolescents to act as scientists: Replication and extension of an earlier study.,Thomas Greenbowe; J. Dudley Herron; Carolyn Lucas; Susan Nurrenbern; John R. Staver; Charles R. Ward,1981,Journal of Educational Psychology,10.1037/0022-0663.73.5.705,,,,,unknown,NA,educational psychology,Journal of Educational Psychology Crossref title search (ISSN 0022-0663),Replication and extension of an earlier study on teaching preadolescents to act as scientists.
Early Steps: Replicating the effects of a first-grade reading intervention program.,Darrell Morris; Beverly Tyner; Jan Perney,2000,Journal of Educational Psychology,10.1037/0022-0663.92.4.681,,,,,effectiveness-retrial,NA,educational psychology,Journal of Educational Psychology Crossref title search (ISSN 0022-0663),Early Steps: replicating effects of a first-grade reading intervention program.
The longitudinal interplay of students’ academic self-concepts and achievements within and across domains: Replicating and extending the reciprocal internal/external frame of reference model.,Christoph Niepel; Martin Brunner; Franzis Preckel,2014,Journal of Educational Psychology,10.1037/a0036307,,,,,conceptual,NA,educational psychology,Journal of Educational Psychology Crossref title search (ISSN 0022-0663),Replicating and extending the reciprocal effects model of academic self-concept and achievement.
Making connections: Replicating and extending the utility value intervention in the classroom.,Chris S. Hulleman; Jeff J. Kosovich; Kenneth E. Barron; David B. Daniel,2017,Journal of Educational Psychology,10.1037/edu0000146,,,,,effectiveness-retrial,NA,educational psychology,Journal of Educational Psychology Crossref title search (ISSN 0022-0663),Replicating and extending the utility value intervention in the classroom.
Replicated evidence towards a cognitive theory of game-based training.,Jocelyn Parong; Ashleigh Wells; Richard E. Mayer,2020,Journal of Educational Psychology,10.1037/edu0000413,,,,,unknown,NA,educational psychology,Journal of Educational Psychology Crossref title search (ISSN 0022-0663),'Replicated evidence' toward a cognitive theory of game-based training; internal replication design.
A web-based intelligent tutoring system for reading comprehension delivered to fifth-grade students attending high-poverty schools: Results from a replication efficacy study.,Kausalai (Kay) Wijekumar; Puiwa Lei; Marianne Rice; Andrea Beerwinkle; Shuai Zhang; Bonnie J. F. Meyer,2024,Journal of Educational Psychology,10.1037/edu0000878,,,,,effectiveness-retrial,NA,educational psychology,Journal of Educational Psychology Crossref title search (ISSN 0022-0663),Replication trial of a web-based intelligent tutoring system for reading comprehension in high-poverty schools.
New online tools to assess children’s implicit social cognition: Replication and generalization of in-person research.,Dario Cvencek; Elizabeth A. Sanders; Craig D. Maddox; Andrew N. Meltzoff,2025,Journal of Educational Psychology,10.1037/edu0000953,,,,,direct,NA,educational psychology,Journal of Educational Psychology Crossref title search (ISSN 0022-0663),Replication and generalization of in-person implicit social cognition research with new online tools.
Replicating a Middle-School Belonging Intervention: Evidence from a Randomized Trial Within a New School District,Geoffrey D. Borman; Trisha Borman; So Jung Park; Bo Zhu,2025,AERA Open,10.1177/23328584251364785,,,,,unknown,NA,educational psychology (belonging intervention),"AERA Open Crossref title search; OpenAlex search (education replication studies 2019-2026 citing Makel & Plucker 2014, title contains 'replication')","outcome not catalogued (found via citation search, not a review list); metadata verified via OpenAlex"
ManyClasses 1: Assessing the Generalizable Effect of Immediate Feedback Versus Delayed Feedback Across Many College Classes,"Fyfe, E. R., de Leeuw, J. R., Carvalho, P. F., Goldstone, R. L., et al. (48 authors)",2021,Advances in Methods and Practices in Psychological Science,10.1177/25152459211027575,,,,,conceptual,NA,educational psychology / learning sciences,ManyClasses 1,"Multi-site experiment embedded in 38 authentic college classes testing immediate vs delayed feedback on class assignments. Overall effect 0.002 (95% HDI [-0.05, 0.05]) - no generalizable effect of feedback timing; none of 40 preregistered moderators credibly nonzero. No single original study - tests generalizability of lab feedback-timing effects, so stated_outcome=NA (substantive result: null). OSF project: https://osf.io/q84t7/ (node linked to PsyArXiv preprint 10.31234/osf.io/4mvyh). DOI verified via Crossref 2026-07-15."
Relationships between the inclusion of students with special educational needs and their classmates’ school outcomes – a replication study,Aleksander Kocaj,2025,Contemporary Educational Psychology,10.1016/j.cedpsych.2025.102426,,,,,unknown,NA,educational psychology / special education needs,"OpenAlex search (education replication studies 2019-2026 citing Makel & Plucker 2014, title contains 'replication'); Semantic Scholar sweep","outcome not catalogued (found via citation search, not a review list); metadata verified via OpenAlex"
Learning to rock: The role of prior experience and explicit instruction on learning and transfer in a music videogame,Ali Sakkal; Lee Martin,2018,Computers & Education,10.1016/j.compedu.2018.10.007,,,,,unknown,NA,educational technology / music learning,"Perry, Morris & Lea 2022 (A decade of replication study in education, Educ. Res. & Eval.; full database available on request only - these are examples named in the paper)","named by Perry et al. as coding-challenge example: replication claim appears in abstract/discussion, not pre-specified in methods; inclusion in their final database not explicit; metadata verified via OpenAlex"
Changing Mindsets (growth mindset) - EEF effectiveness re-trial (second trial),,2019,Education Endowment Foundation (evaluation report),,Changing Mindsets (growth mindset) - EEF efficacy trial (first trial),,,,effectiveness-retrial,failure,growth mindset / social-psychological,EEF re-trial,First trial (2015): +2 months English and maths for pupil workshops but not statistically significant. Second trial (101 schools): no additional progress in literacy or numeracy (KS2). First-trial page: https://educationendowmentfoundation.org.uk/projects-and-evaluation/projects/changing-mindsets ; re-trial page: https://educationendowmentfoundation.org.uk/projects-and-evaluation/projects/changing-mindset-2015 EEF reports generally lack DOIs; evaluator author names on report PDFs at the project pages.
Faculty beliefs and the need for teaching improvement: a conceptual replication study,Heather Kanuka; Erika E. Smith; Robert W. Luth,2023,Teaching in Higher Education,10.1080/13562517.2023.2244887,,,,,conceptual,NA,higher education,"ERIC sweep; OpenAlex search (education replication studies 2019-2026 citing Makel & Plucker 2014, title contains 'replication')","outcome not catalogued (found via citation search, not a review list); metadata verified via OpenAlex"
Mathematical Reasoning - EEF effectiveness re-trial (second trial),,2020,Education Endowment Foundation (evaluation report),,Mathematical Reasoning - EEF efficacy trial (first trial),,,,effectiveness-retrial,mixed,mathematics (primary),EEF re-trial,"Second trial (train-the-trainer via Maths Hubs): +1 additional month maths, smaller than first-trial impact. A third trial (2023-24) is underway (mathematical-reasoning-2023-24-trial). First-trial page: https://educationendowmentfoundation.org.uk/projects-and-evaluation/projects/improving-numeracy-and-literacy-in-key-stage-1 ; re-trial page: https://educationendowmentfoundation.org.uk/projects-and-evaluation/projects/mathematical-reasoning EEF reports generally lack DOIs; evaluator author names on report PDFs at the project pages."
Evaluating the Impact of Supplemental Computer-Assisted Math Instruction in Elementary School: A Conceptual Replication,Matthew E. Foster,2023,Journal of Research on Educational Effectiveness,10.1080/19345747.2023.2174919,,,,,conceptual,NA,mathematics education,"ERIC sweep; Journal of Research on Educational Effectiveness Crossref title search (ISSN 1934-5747); OpenAlex search (education replication studies 2019-2026 citing Makel & Plucker 2014, title contains 'replication')","outcome not catalogued (found via citation search, not a review list); metadata verified via OpenAlex"
The Students–Professors Problem—The Reversal Error and Beyond,Uffe Thomas Jankvist; Mogens Niss,2021,Implementation and Replication Studies in Mathematics Education,10.1163/26670127-01010008,,"Clement, Lochhead & Monk (students-professors problem literature, first formulated 1979)",1981,,conceptual,success,mathematics education,IRME journal full enumeration via Crossref (ISSN 2667-0135),Empirical study reproducing the reversal error and other findings on the students-professors problem with Danish students; also identifies new error types.
Do Real-World Connections Make Tasks Catch Secondary School Students’ Interest? What Preservice Teachers Expect and What Students Really Experience,Michael Liebendörfer; Kristina Wagner,2024,Implementation and Replication Studies in Mathematics Education,10.1163/26670127-bja10023,,Rellensmann & Schukajlow,2017,,conceptual,mixed,mathematics education,IRME journal full enumeration via Crossref (ISSN 2667-0135),"Conceptual replication/extension with current real-world contexts; wrapper-context tasks more interesting than no-context, diverging in part from original finding."
Educational Performance over Time: Changes in Mathematical Attainment between 1976 and 2009 in England,Jeremy Hodgen; Robert Coe; Margaret Brown; Dietmar Küchemann,2024,Implementation and Replication Studies in Mathematics Education,10.1163/26670127-bja10018,,"CSMS survey (Hart et al.), tests administered 1976-77",1977,,direct,NA,mathematics education,IRME journal full enumeration via Crossref (ISSN 2667-0135),"Repeat administration (2008-09, N~7000) of 1976/77 CSMS attainment tests in England; designed as replication for attainment comparison over time; grade 8 understandings generally fell."
Comparing and Discussing Multiple Strategies: an Instructional Approach to Promote Algebra Learning,Haoyi Wang; Qiuyu Chen; Jon R. Star,2026,Implementation and Replication Studies in Mathematics Education,10.1163/26670127-bja10036,,Durkin et al,2021,,conceptual,mixed,mathematics education,IRME journal full enumeration via Crossref (ISSN 2667-0135),"Conceptual replication in Chinese grade-10 classrooms of CDMS instructional approach; effects on potential flexibility replicated, spontaneous flexibility negligible, teacher-belief findings differed."
"Two Replication Studies of the Relationships between Mathematical Knowledge for Teaching, Mathematical Quality of Instruction, and Student Achievement",Kathleen Melhuish; Alexander White; M. Alejandra Sorto; Eva Thanheiser,2021,Implementation and Replication Studies in Mathematics Education,10.1163/26670127-01010007,,"Hill, Umland, Litke & Kapitula (Hill et al. 2012)",2012,,conceptual,mixed,mathematics education,"IRME journal full enumeration via Crossref (ISSN 2667-0135); Journal scan: Implementation and Replication Studies in Mathematics Education (Brill, ISSN 2667-0127) via OpenAlex","Two conceptual replications linking MKT, MQI and student achievement; MKT cutoff-point use not warranted in new settings, relationships not consistently reproduced."
Investigating Teachers’ Beliefs on Teaching Mathematics with Technology: a Replication Study in England,Eirini Geraniou; Nicola Bretscher,2025,Implementation and Replication Studies in Mathematics Education,10.1163/26670127-bja10030,,Thurm & Barzel,2022,,direct,mixed,mathematics education,"IRME journal full enumeration via Crossref (ISSN 2667-0135); Journal scan: Implementation and Replication Studies in Mathematics Education (Brill, ISSN 2667-0127) via OpenAlex; OpenAlex sweep","Close replication in England of Thurm & Barzel (2022, Germany) on teacher beliefs about teaching maths with technology; multiple-representations beliefs replicated, self-efficacy beliefs context-dependent."
An Investigation of Mathematics Teachers’ Perceptions of “I Pose My Own Problems” in the Context of Turkey: a Close Replication Study,Tuğrul Kar; Mehmet Fatih Öçal,2026,Implementation and Replication Studies in Mathematics Education,10.1163/26670127-bja10033,,"Klinshtern, Koichu & Berman (Klinshtern et al.)",2015,,direct,success,mathematics education,"IRME journal full enumeration via Crossref (ISSN 2667-0135); Journal scan: Implementation and Replication Studies in Mathematics Education (Brill, ISSN 2667-0127) via OpenAlex; OpenAlex sweep",Close replication in Turkey of Israeli study of teachers' problem-posing conceptions; broad cross-context consistency reported.
Examining the Potential of Cartoon-Based Simulations for Studying Mathematics Teachers’ Handling of Student Emotions: A Replication Study,Amanda M. Brown; Emanuele Bardelli; Patricio Herbst; Justin Dimmel,2023,Implementation and Replication Studies in Mathematics Education,10.1163/26670127-bja10013,,,,,unknown,NA,mathematics education,"IRME journal full enumeration via Crossref (ISSN 2667-0135); Journal scan: Implementation and Replication Studies in Mathematics Education (Brill, ISSN 2667-0127) via OpenAlex; Semantic Scholar sweep",outcome not catalogued; metadata verified via OpenAlex
Upper Elementary School Children’s Adaptive Use of Subtraction by Addition: A Choice/No-Choice Replication Study Involving Two Choice Conditions,Stijn Van Der Auwera; Lien Mathys; Bert De Smedt; Joke Torbeyns; Lieven Verschaffel,2021,Implementation and Replication Studies in Mathematics Education,10.1163/26670127-01010005,,Torbeyns et al,2018,,direct,success,mathematics education,"IRME journal full enumeration via Crossref (ISSN 2667-0135); OpenAlex search (education replication studies 2019-2026 citing Makel & Plucker 2014, title contains 'replication')","Choice/no-choice replication and expansion of Torbeyns et al. (2018) on subtraction by addition; frequent, efficient, adaptive use replicated."
The Natural Number Bias Hampers Secondary School Students in Different Ways: A Conceptual Replication of Van Hoof et al. (2013),Javier Hernández Hernández; Ulises Xolocotzin; Mario Sánchez Aguilar,2023,Implementation and Replication Studies in Mathematics Education,10.1163/26670127-bja10016,,Van Hoof et al,2013,,conceptual,mixed,mathematics education,"IRME journal full enumeration via Crossref (ISSN 2667-0135); OpenAlex search (education replication studies 2019-2026 citing Makel & Plucker 2014, title contains 'replication'); Semantic Scholar sweep","Conceptual replication with Mexican sample; accuracy effects of natural number bias replicated, reaction-time conflict-detection pattern differed."
Teachers’ Pedagogical Sensemaking of Mathematics Education Research through Replication: a Way of Increasing Implementability of Research Findings,Jason Cooper; Rina Hershkowitz; Boris Koichu,2024,Implementation and Replication Studies in Mathematics Education,10.1163/26670127-bja10024,,,,,unknown,NA,mathematics education,"Journal scan: Implementation and Replication Studies in Mathematics Education (Brill, ISSN 2667-0127) via OpenAlex",borderline: teacher-led replication as professional development / implementability study; outcome not catalogued; metadata verified via OpenAlex | QC flag: Teacher-led replication as professional development / implementability study (IRSME) - borderline per source note; not a standard replication study
ReflectED (metacognition) - EEF effectiveness re-trial (second trial),,2021,Education Endowment Foundation (evaluation report),,ReflectED (metacognition) - EEF efficacy trial (first trial),,,,effectiveness-retrial,failure,metacognition (primary),EEF re-trial,First trial: positive impact reported (maths). Second trial: pupils made 1 month LESS progress in KS2 maths than comparison. First-trial page: https://educationendowmentfoundation.org.uk/projects-and-evaluation/projects/reflected ; re-trial page: https://educationendowmentfoundation.org.uk/projects-and-evaluation/projects/reflected EEF reports generally lack DOIs; evaluator author names on report PDFs at the project pages.
1stClass@Number - EEF effectiveness re-trial (second trial),,,Education Endowment Foundation (evaluation report),,1stClass@Number - EEF efficacy trial (first trial),,,,effectiveness-retrial,success,numeracy intervention (TA-delivered),EEF re-trial,"Second (effectiveness) trial in everyday conditions: +2 additional months maths progress, high security rating - positive result retained at scale. First-trial page: https://educationendowmentfoundation.org.uk/projects-and-evaluation/projects/1stclassnumber ; re-trial page: https://educationendowmentfoundation.org.uk/projects-and-evaluation/projects/1stclass-number1-second-trial EEF reports generally lack DOIs; evaluator author names on report PDFs at the project pages."
Catch Up Numeracy - EEF effectiveness re-trial (second trial),,2020,Education Endowment Foundation (evaluation report),,Catch Up Numeracy - EEF efficacy trial (first trial),,,,effectiveness-retrial,failure,numeracy intervention (TA-delivered),EEF re-trial,Efficacy trial (first trial): positive impact on maths. Effectiveness re-trial: no evidence of impact on maths on average; FSM-eligible pupils made 2 months LESS progress; removed from promising projects. First-trial page: https://educationendowmentfoundation.org.uk/projects-and-evaluation/projects/catch-up-numeracy ; re-trial page: https://educationendowmentfoundation.org.uk/projects-and-evaluation/projects/catch-up-numeracy-2015 EEF reports generally lack DOIs; evaluator author names on report PDFs at the project pages.
Philosophy for Children - EEF effectiveness re-trial (second trial),,2021,Education Endowment Foundation (evaluation report),,Philosophy for Children - EEF efficacy trial (first trial),,,,effectiveness-retrial,failure,oracy / thinking skills (primary),EEF re-trial,"Efficacy trial (report 2015, Gorard/Siddiqui/See, Durham): +2 months reading and maths. Effectiveness re-trial (198 schools, report 2021): no additional progress in reading or maths (5-padlock security). First-trial page: https://educationendowmentfoundation.org.uk/projects-and-evaluation/projects/philosophy-for-children ; re-trial page: https://educationendowmentfoundation.org.uk/projects-and-evaluation/projects/philosophy-for-children-effectiveness-trial EEF reports generally lack DOIs; evaluator author names on report PDFs at the project pages."
PALS-UK (Peer Assisted Learning Strategies) - second and third trials,,,Education Endowment Foundation (evaluation reports),,PALS-UK - EEF first trial,,,,effectiveness-retrial,NA,peer tutoring / reading,EEF re-trial,"PALS-UK has a first trial, a second trial (Accelerator Fund) and a third (effectiveness) trial in progress testing delivery at scale. Pages: https://educationendowmentfoundation.org.uk/projects-and-evaluation/projects/pals-uk ; https://educationendowmentfoundation.org.uk/projects-and-evaluation/projects/pals-uk-accelerator-fund ; https://educationendowmentfoundation.org.uk/projects-and-evaluation/projects/pals-uk-third-trial . Results of re-trials not yet extracted/published - follow up."
Interhemispheric learning and speed of hemispheric transmission in dyslexic and normal readers: A replication of previous results and additional findings,Frank R. Vellutino; Donna M. Scanlon; William L. Bentley,1983,Applied Psycholinguistics,10.1017/s0142716400004586,,,,,unknown,NA,psycholinguistics (reading),"L2 journals Crossref title sweep (partial reconstruction of Marsden et al. 2018 catalogue, doi:10.1111/lang.12286; Appendix S1 paywalled/unavailable)","Applied Psycholinguistics; dyslexia/reading rather than L2 - included for completeness of the sweep. | QC flag: Interhemispheric transmission in dyslexic vs normal readers - neuropsychology of reading, not L2; Marsden reconstruction note says included for completeness"
Accelerated Reader - EEF effectiveness re-trial (second trial),,2021,Education Endowment Foundation (evaluation report),,Accelerated Reader - EEF efficacy trial (first trial),,,,effectiveness-retrial,failure,reading / edtech,EEF re-trial,Efficacy trial (first trial): +3 months reading (Year 7). Effectiveness re-trial (Years 4-5 starters): no additional progress in reading (5/5 padlocks). First-trial page: https://educationendowmentfoundation.org.uk/projects-and-evaluation/projects/accelerated-reader ; re-trial page: https://educationendowmentfoundation.org.uk/projects-and-evaluation/projects/accelerated-reader-effectiveness-trial EEF reports generally lack DOIs; evaluator author names on report PDFs at the project pages.
Abracadabra (ABRA) online reading - EEF effectiveness re-trial (second trial),,,Education Endowment Foundation (evaluation report),,Abracadabra (ABRA) online reading - EEF efficacy trial (first trial),,,,effectiveness-retrial,success,reading / edtech (primary),EEF re-trial,Second trial: ABRA-based RUKS programme +2 months reading progress over an academic year (first trial also positive). First-trial page: https://educationendowmentfoundation.org.uk/projects-and-evaluation/projects/abracadabra-abra-pilot ; re-trial page: https://educationendowmentfoundation.org.uk/projects-and-evaluation/projects/abracadabra-abra EEF reports generally lack DOIs; evaluator author names on report PDFs at the project pages.
Catch Up Literacy - EEF effectiveness re-trial (second trial),,2019,Education Endowment Foundation (evaluation report),,Catch Up Literacy - EEF efficacy trial (first trial),,,,effectiveness-retrial,failure,reading intervention (TA-delivered),EEF re-trial,"Efficacy trial (report 2015, delivered by developers): +2 months reading. Effectiveness re-trial (scalable model, Years 4-5): no evidence of impact on reading comprehension; removed from EEF promising projects. First-trial page: https://educationendowmentfoundation.org.uk/projects-and-evaluation/projects/catch-up-literacy ; re-trial page: https://educationendowmentfoundation.org.uk/projects-and-evaluation/projects/catch-up-literacy-effectiveness-trial EEF reports generally lack DOIs; evaluator author names on report PDFs at the project pages."
Switch-on Reading - EEF effectiveness re-trial (second trial),,2019,Education Endowment Foundation (evaluation report),,Switch-on Reading - EEF efficacy trial (first trial),,,,effectiveness-retrial,failure,reading intervention (TA-delivered),EEF re-trial,Efficacy trial (first trial): ~+3 months reading (Year 7). Effectiveness re-trial (train-the-trainer delivery instead of original developers): no additional progress in reading. First-trial page: https://educationendowmentfoundation.org.uk/projects-and-evaluation/projects/switch-on-reading ; re-trial page: https://educationendowmentfoundation.org.uk/projects-and-evaluation/projects/switch-on-effectiveness-trial EEF reports generally lack DOIs; evaluator author names on report PDFs at the project pages.
Incremental Benefits of a Daily Report Card Over Time for Youth with Disruptive Behavior: Replication and Extension,Alex S. Holdaway; Chelsea L. Hustus; Julie Sarno Owens; Steven W. Evans; Erika K. Coles; Theresa E. Egan; Lina K. Himawan; Allison K. Zoromski; Anne E. Dawson; Clifton S. Mixon,2020,School Mental Health,10.1007/s12310-020-09375-w,,,,,unknown,NA,school mental health,"ERIC sweep; OpenAlex search (education replication studies 2019-2026 citing Makel & Plucker 2014, title contains 'replication')","replication and extension; outcome not catalogued (found via citation search, not a review list); metadata verified via OpenAlex"
Improving classroom engagement among high school students with disruptive behavior: Evaluation of the Class Pass Intervention,Tai A. Collins; Clayton R. Cook; Evan H. Dart; Diana Ginns Socie; Tyler L. Renshaw; Anna C. J. Long,2015,Psychology in the Schools,10.1002/pits.21893,,,,,unknown,NA,school psychology / behavior intervention,"Perry, Morris & Lea 2022 (A decade of replication study in education, Educ. Res. & Eval.; full database available on request only - these are examples named in the paper)","named by Perry et al. as within-study replication example (ABAB design, second two conditions described as replicating first two); inclusion in their final database not explicit; metadata verified via OpenAlex"
Replicating a study about children’s drawings concerning radiation,Thomas Plötz; F. Hollenthoner,2019,Multidisciplinary Journal for Education Social and Technological Sciences,10.4995/muse.2019.10390,,,,,unknown,NA,science education,"OpenAlex search (education replication studies 2019-2026 citing Makel & Plucker 2014, title contains 'replication')","outcome not catalogued (found via citation search, not a review list); metadata verified via OpenAlex"
"Thinking, Doing, Talking Science - EEF effectiveness re-trial (second trial)",,2021,Education Endowment Foundation (evaluation report),,"Thinking, Doing, Talking Science - EEF efficacy trial (first trial)",,,,effectiveness-retrial,failure,science education (primary),EEF re-trial,Efficacy trial (first trial): +3 months science. Effectiveness re-trial: no evidence of impact on science attainment on average (small positive signal for FSM pupils). A third trial exists (thinking-doing-talking-science-third-trial). First-trial page: https://educationendowmentfoundation.org.uk/projects-and-evaluation/projects/thinking-doing-talking-science ; re-trial page: https://educationendowmentfoundation.org.uk/projects-and-evaluation/projects/thinking-doing-talking-science-effectiveness-trial EEF reports generally lack DOIs; evaluator author names on report PDFs at the project pages.
Module-Phase-Dependent Development of Pedagogical Content Knowledge: Replicating a Role-Change Approach in Pre-Service Teacher Education in an Outreach Lab,Franz‐Josef Scharfenberg; Franz X. Bogner,2019,Research in Science Education,10.1007/s11165-019-09887-9,,,,,unknown,NA,science teacher education,"OpenAlex search (education replication studies 2019-2026 citing Makel & Plucker 2014, title contains 'replication')","outcome not catalogued (found via citation search, not a review list); metadata verified via OpenAlex"
"Comparing the effectiveness of phrase-focused exercises: A partial replication of Boers, Demecheleer, Coxhead, and Webb (2014)",Frank Boers; Tu Cam Thi Dang; Brian Strong,2016,Language Teaching Research,10.1177/1362168816651464,,"Boers, Demecheleer, Coxhead, and Webb",2014,,direct,NA,second language acquisition,"ERIC sweep; L2 journals Crossref title sweep (partial reconstruction of Marsden et al. 2018 catalogue, doi:10.1111/lang.12286; Appendix S1 paywalled/unavailable)",Title labels it: partial replication.
Time distribution and intentional vocabulary learning through repeated reading: a partial replication and extension,Raquel Serrano; Hsiao-yun Huang,2021,Language Awareness,10.1080/09658416.2021.1894162,,,,,direct,NA,second language acquisition,"ERIC sweep; L2 journals Crossref title sweep (partial reconstruction of Marsden et al. 2018 catalogue, doi:10.1111/lang.12286; Appendix S1 paywalled/unavailable)",Title labels it: partial replication.
First Language Literacy and Second Language Oracy: A Partial Replication of Foster and Skehan (1996),Jonathon Ryan; Pauline Foster; Anthea Fester; Yi Wang; Jenny Field; Celine Kearney; Jia Rong Yap,2022,Language Learning,10.1111/lang.12557,,Foster and Skehan,1996,,direct,NA,second language acquisition,"ERIC sweep; L2 journals Crossref title sweep (partial reconstruction of Marsden et al. 2018 catalogue, doi:10.1111/lang.12286; Appendix S1 paywalled/unavailable)",Title labels it: partial replication.
Academic word difficulty and multidimensional lexical sophistication: An English‐for‐academic‐purposes‐focused conceptual replication of Hashimoto and Egbert (2019),Joseph P. Vitta; Christopher Nicklin; Simon W. Albright,2023,Modern Language Journal,10.1111/modl.12835,,Hashimoto and Egbert,2019,,conceptual,NA,second language acquisition,"ERIC sweep; L2 journals Crossref title sweep (partial reconstruction of Marsden et al. 2018 catalogue, doi:10.1111/lang.12286; Appendix S1 paywalled/unavailable)",
Language proficiency modulates listeners’ selective attention to a talker’s mouth: A conceptual replication of Birulés et al. (2020),Theres Grüter; Jieun Kim; Hitoshi Nishizawa; Jue Wang; Raed Alzahrani; Yu-Tzu Chang; Hoan Nguyen; Michaela Nuesser; Akari Ohba; Sachiko Roos; Mayuko Yusa,2023,Studies in Second Language Acquisition,10.1017/s0272263123000086,,Birulés et al,2020,,conceptual,NA,second language acquisition,"ERIC sweep; L2 journals Crossref title sweep (partial reconstruction of Marsden et al. 2018 catalogue, doi:10.1111/lang.12286; Appendix S1 paywalled/unavailable)",
Explicit information and working memory in second-language acquisition of the Spanish subjunctive: A replication and extension of Fernández (2008),Nick Henry; Briana Villegas; Kara Morgan-Short,2024,Studies in Second Language Acquisition,10.1017/s0272263124000524,,Fernández,2008,,unknown,NA,second language acquisition,"ERIC sweep; L2 journals Crossref title sweep (partial reconstruction of Marsden et al. 2018 catalogue, doi:10.1111/lang.12286; Appendix S1 paywalled/unavailable)",
"Eye gaze and L2 speakers’ responses to recasts: A systematic replication study of McDonough, Crowther, Kielstra and Trofimovich (2015)",Kim McDonough; Pavel Trofimovich; Phung Dao; Dato Abashidze,2018,Language Teaching,10.1017/s0261444818000368,,"McDonough, Crowther, Kielstra and Trofimovich",2015,,direct,NA,second language acquisition,ERIC sweep; Language Teaching (Cambridge) Replication Research section via Crossref (ISSN 0261-4448),"Systematic replication of McDonough, Crowther, Kielstra & Trofimovich (2015) eye gaze/recasts."
Input-based tasks for beginner-level learners: An approximate replication and extension of Erlam &amp; Ellis (2018),Rosemary Erlam; Rod Ellis,2018,Language Teaching,10.1017/s0261444818000216,,Ellis,2018,,direct,NA,second language acquisition,ERIC sweep; Language Teaching (Cambridge) Replication Research section via Crossref (ISSN 0261-4448),"Approximate replication and extension by original authors of Erlam & Ellis (2018, CMLR). Title labels it: approximate replication."
Focused written corrective feedback and linguistic target mastery: Conceptual replication of Bitchener and Knoch (2010),Monika Ekiert; Kristen di Gennaro,2019,Language Teaching,10.1017/s0261444819000120,,Bitchener and Knoch,2010,,conceptual,NA,second language acquisition,ERIC sweep; Language Teaching (Cambridge) Replication Research section via Crossref (ISSN 0261-4448),Conceptual replication of Bitchener & Knoch (2010) on focused written corrective feedback.
The interaction of working memory capacity and engagement with recasts on different L2 outcome measures: A replication of Révész (2012),Javad Alipour; Maryam Mohebi; Ali Roohani,2021,Language Teaching,10.1017/s0261444821000471,,Révész,2012,,conceptual,NA,second language acquisition,ERIC sweep; Language Teaching (Cambridge) Replication Research section via Crossref (ISSN 0261-4448),"Conceptual replication of Revesz (2012), working memory and recasts."
"The visual signature of non-understanding: A systematic replication of McDonough, Trofimovich, Lu, and Abashidze (2019)",Kim McDonough; Rachael Lindberg; Pavel Trofimovich; Oguzhan Tekin,2021,Language Teaching,10.1017/s0261444821000197,,"McDonough, Trofimovich, Lu, and Abashidze",2019,,direct,NA,second language acquisition,ERIC sweep; Language Teaching (Cambridge) Replication Research section via Crossref (ISSN 0261-4448),"Systematic replication of McDonough, Trofimovich, Lu & Abashidze (2019)."
"Revalidation of the L2-Grit scale: A conceptual replication of Teimouri, Y., Plonsky, L., &amp; Tabandeh, F. (2022). L2 grit: Passion and perseverance for second-language learning",Hitoshi Mikami,2023,Language Teaching,10.1017/s0261444822000544,,"Tabandeh, F",2022,,conceptual,NA,second language acquisition,ERIC sweep; Language Teaching (Cambridge) Replication Research section via Crossref (ISSN 0261-4448),"Conceptual replication of Teimouri, Plonsky & Tabandeh (2022) L2-Grit scale."
The negative effects of learning words in semantic sets: A replication,Robert Waring,1997,System,10.1016/s0346-251x(97)00013-4,,,,,unknown,NA,second language acquisition,"L2 journals Crossref title sweep (partial reconstruction of Marsden et al. 2018 catalogue, doi:10.1111/lang.12286; Appendix S1 paywalled/unavailable)",
"Foreign Language Teachers' Perceptions of Students' Academic Skills, Affective Characteristics, and Proficiency: Replication and Follow‐up Studies",Richard L. Sparks; Leonore Ganschow; Marjorie E. Artzer; David Siebenhar; Mark Plageman,2004,Foreign Language Annals,10.1111/j.1944-9720.2004.tb02199.x,,,,,unknown,NA,second language acquisition,"L2 journals Crossref title sweep (partial reconstruction of Marsden et al. 2018 catalogue, doi:10.1111/lang.12286; Appendix S1 paywalled/unavailable)",
Raising teachers’ awareness about corrective feedback through research replication,Camilla Vásquez; Jane Harvey,2010,Language Teaching Research,10.1177/1362168810375365,,,,,unknown,NA,second language acquisition,"L2 journals Crossref title sweep (partial reconstruction of Marsden et al. 2018 catalogue, doi:10.1111/lang.12286; Appendix S1 paywalled/unavailable)",Teacher-researchers replicating Lyster & Ranta (1997) corrective feedback observation scheme in their own classrooms (action-research replication).
"Input skewedness, consistency, and order of frequent verbs in frequency-driven second language construction learning: A replication and extension of Casenhiser and Goldberg (2005) to adult second language acquisition",Daisuke Nakamura,2012,IRAL,10.1515/iral-2012-0001,,Casenhiser and Goldberg,2005,,unknown,NA,second language acquisition,"L2 journals Crossref title sweep (partial reconstruction of Marsden et al. 2018 catalogue, doi:10.1111/lang.12286; Appendix S1 paywalled/unavailable)",
"Automatization in second language sentence processing: A partial, conceptual replication of Hulstijn, Van Gelderen, and Schoonen's 2009 study",HYOJUNG LIM; ALINE GODFROID,2014,Applied Psycholinguistics,10.1017/s0142716414000137,,,,,conceptual,NA,second language acquisition,"L2 journals Crossref title sweep (partial reconstruction of Marsden et al. 2018 catalogue, doi:10.1111/lang.12286; Appendix S1 paywalled/unavailable)",
"An analysis of grammatical patterns in generation 1.5, L1 and L2 students’ writings: A replication study",Christa de Kleine; Rachele Lawton,2018,Journal of Second Language Writing,10.1016/j.jslw.2018.10.003,,,,,unknown,NA,second language acquisition,"L2 journals Crossref title sweep (partial reconstruction of Marsden et al. 2018 catalogue, doi:10.1111/lang.12286; Appendix S1 paywalled/unavailable)",
Multisite Replication in Second Language Acquisition Research: Attention to Form During Listening and Reading Comprehension,Kara Morgan‐Short; Emma Marsden; Jeanne Heil; Bernard I. Issa II; Ronald P. Leow; Anna Mikhaylova; Sylwia Mikołajczak; Nina Moreno; Roumyana Slabakova; Paweł Szudarski,2018,Language Learning,10.1111/lang.12292,,,,,direct,NA,second language acquisition,"L2 journals Crossref title sweep (partial reconstruction of Marsden et al. 2018 catalogue, doi:10.1111/lang.12286; Appendix S1 paywalled/unavailable)",
"The effects of nonce words, frequency, contextual richness, and L2 vocabulary knowledge on the incidental acquisition of vocabulary through reading: more than a replication of Zahar et al. (2001) &amp; Tekmen and Daloğlu (2006)",Barry Lee Reynolds,2018,IRAL,10.1515/iral-2015-0115,,Zahar et al | Tekmen and Daloğlu,2001,,unknown,NA,second language acquisition,"L2 journals Crossref title sweep (partial reconstruction of Marsden et al. 2018 catalogue, doi:10.1111/lang.12286; Appendix S1 paywalled/unavailable)",
The effect of written text on comprehension of spoken English as a foreign language: A replication study,Xuan Wang; Elsa Tragant,2019,IRAL,10.1515/iral-2018-0350,,,,,unknown,NA,second language acquisition,"L2 journals Crossref title sweep (partial reconstruction of Marsden et al. 2018 catalogue, doi:10.1111/lang.12286; Appendix S1 paywalled/unavailable)",
"Proficiency, language of assessment, and attention to meaning and form during L2 comprehension: Methodological considerations in L2 replication research",Paweł Szudarski; Sylwia Mikołajczak,2022,Studies in Second Language Acquisition,10.1017/s0272263122000171,,,,,unknown,NA,second language acquisition,"L2 journals Crossref title sweep (partial reconstruction of Marsden et al. 2018 catalogue, doi:10.1111/lang.12286; Appendix S1 paywalled/unavailable)",
"Searching for the “native” speaker: A preregistered conceptual replication and extension of Reid, Trofimovich, and O’Brien (2019)",Bianca Brown; Botagoz Tusmagambet; Valentino Rahming; Chun-Ying Tu; Michael B. DeSalvo; Seth Wiener,2023,Applied Psycholinguistics,10.1017/s0142716423000127,,"Reid, Trofimovich, and O’Brien",2019,,conceptual,NA,second language acquisition,"L2 journals Crossref title sweep (partial reconstruction of Marsden et al. 2018 catalogue, doi:10.1111/lang.12286; Appendix S1 paywalled/unavailable)",
Understanding indirect meaning: A close replication,Laetitia Knight; Amanda Edmonds,2023,Foreign Language Annals,10.1111/flan.12719,,,,,direct,NA,second language acquisition,"L2 journals Crossref title sweep (partial reconstruction of Marsden et al. 2018 catalogue, doi:10.1111/lang.12286; Appendix S1 paywalled/unavailable)",
Unknown Vocabulary Density and Reading Comprehension: Replicating Hu and Nation (2000),Benjamin Kremmel; Bimali Indrarathne; Judit Kormos; Shungo Suzuki,2023,Language Learning,10.1111/lang.12622,,Hu and Nation,2000,,unknown,NA,second language acquisition,"L2 journals Crossref title sweep (partial reconstruction of Marsden et al. 2018 catalogue, doi:10.1111/lang.12286; Appendix S1 paywalled/unavailable)",
The effects of exposure and explicit stereotypes on veracity judgments of Polish-accented English speech: A preregistered close replication and extension of Boduch-Grabka &amp; Lev-Ari (2021),Samantha Barlow; Greg Beardsley; Zéta Bsharah; Robin Crofts; Carlos De La Rosa; Andrea Gutierrez; Carlie Highfill; Amy Gail Wade Johnson; Caroline Johnson; Jacob Johnson; Isaac Leyva Cardenas; Jordan Taylor Martinez; Nathaniel Todd Miller; Riley Monroe Murray; Sylvia Page; Taylor Petersen; Irina Ramos; Rayvin Rhodes; Phoebe Vainuku; Brenan M. Wednesday; Emma Corrine Farnsworth; Seung Kyung Kim; Rachel Hayes-Harb,2024,Studies in Second Language Acquisition,10.1017/s0272263124000123,,Lev-Ari,2021,,direct,NA,second language acquisition,"L2 journals Crossref title sweep (partial reconstruction of Marsden et al. 2018 catalogue, doi:10.1111/lang.12286; Appendix S1 paywalled/unavailable)",
The impact of text-audio synchronized enhancement on collocation learning from reading-while-listening: an extended replication of Jung and Lee (2023),Jookyoung Jung; Wenrui Zhang,2024,IRAL,10.1515/iral-2023-0232,,Jung and Lee,2023,,unknown,NA,second language acquisition,"L2 journals Crossref title sweep (partial reconstruction of Marsden et al. 2018 catalogue, doi:10.1111/lang.12286; Appendix S1 paywalled/unavailable)",
The interpretation of verbal moods in Spanish: A close replication of Kanwit and Geeslin (2014),Aarnes Gudmestad; Amanda Edmonds; Carlos Henderson; Christina Lindqvist,2024,Studies in Second Language Acquisition,10.1017/s027226312400010x,,Kanwit and Geeslin,2014,,direct,NA,second language acquisition,"L2 journals Crossref title sweep (partial reconstruction of Marsden et al. 2018 catalogue, doi:10.1111/lang.12286; Appendix S1 paywalled/unavailable)",
Optimizing distributed practice online,John Rogers; Tatsuya Nakata; Ming Ming Chiu,2025,Studies in Second Language Acquisition,10.1017/s0272263124000706,,Cepeda et al,2009,,conceptual,NA,second language acquisition,"L2 journals Crossref title sweep (partial reconstruction of Marsden et al. 2018 catalogue, doi:10.1111/lang.12286; Appendix S1 paywalled/unavailable)",SSLA 'Optimizing distributed practice online'; conceptual replication of Cepeda et al. (2009) per its addendum (10.1017/s0272263125101034).
"What Is the Ideal Time to Provide Corrective Feedback? An Approximate Replication of Li, Zhu, and Ellis (2016)",Shaofeng Li; Jie Li; Jiancheng Qian,2025,Language Learning,10.1111/lang.70019,,"Li, Zhu, and Ellis",2016,,direct,NA,second language acquisition,"L2 journals Crossref title sweep (partial reconstruction of Marsden et al. 2018 catalogue, doi:10.1111/lang.12286; Appendix S1 paywalled/unavailable)",Title labels it: approximate replication.
Effects of spacing on the acquisition of explicit and implicit vocabulary knowledge: An approximate replication of Nakata and Elgort (2021),Guangliang Zheng; Tatsuya Nakata; Jon Clenton; TJ Boutorwick,2026,Studies in Second Language Learning and Teaching,10.14746/ssllt.49487,,Nakata and Elgort,2021,,direct,NA,second language acquisition,"L2 journals Crossref title sweep (partial reconstruction of Marsden et al. 2018 catalogue, doi:10.1111/lang.12286; Appendix S1 paywalled/unavailable)",Title labels it: approximate replication.
Comparing early-stage L2 processing of derived and inflected words: a conceptual replication of Jacob et al. (2018) with Chinese learners of L2 English,Zhaohong Wu; Melinda Fricke,2025,Studies in Second Language Acquisition,10.1017/s0272263125101368,,Jacob et al,2018,,conceptual,NA,second language acquisition,"L2 journals Crossref title sweep (partial reconstruction of Marsden et al. 2018 catalogue, doi:10.1111/lang.12286; Appendix S1 paywalled/unavailable); OpenAlex search (education replication studies 2019-2026 citing Makel & Plucker 2014, title contains 'replication'); OpenAlex sweep",
"Assessing L2 reading texts at the intermediate level: An approximate replication of Crossley, Louwerse, McCarthy &amp; McNamara (2007)",Scott A. Crossley; Danielle S. McNamara,2008,Language Teaching,10.1017/s0261444808005077,,McNamara,2007,,direct,NA,second language acquisition,Language Teaching (Cambridge) Replication Research section via Crossref (ISSN 0261-4448),"Approximate replication of Crossley, Louwerse, McCarthy & McNamara (2007), corpus study of L2 reading texts. Title labels it: approximate replication."
Vocabulary knowledge in relation to memory and analysis: An approximate replication of Milton's (2007) study on lexical profiles and learning style,Paul Booth,2013,Language Teaching,10.1017/s0261444813000049,,Milton's,2007,,direct,NA,second language acquisition,Language Teaching (Cambridge) Replication Research section via Crossref (ISSN 0261-4448),Approximate replication of Milton (2007) lexical profiles and learning style. Title labels it: approximate replication.
"Examining lexical development in second language learners: An approximate replication of Salsbury, Crossley &amp; McNamara (2011)",Scott A. Crossley; Stephen Skalicky,2017,Language Teaching,10.1017/s0261444817000362,,McNamara,2011,,direct,NA,second language acquisition,Language Teaching (Cambridge) Replication Research section via Crossref (ISSN 0261-4448),"Approximate/partial replication of Salsbury, Crossley & McNamara (2011). Title labels it: approximate replication."
Approximate replication of Matsuda and Gobel (2004) for psychometric validation of the Foreign Language Reading Anxiety Scale,Akira Hamada; Shuichi Takaki,2019,Language Teaching,10.1017/s0261444819000296,,Matsuda and Gobel,2004,,direct,NA,second language acquisition,Language Teaching (Cambridge) Replication Research section via Crossref (ISSN 0261-4448),"Approximate replication of Matsuda & Gobel (2004), FLRAS validation. Title labels it: approximate replication."
"The effects of enhancing L2 multiword items in captions: An approximate replication of Majuddin, Siyanova-Chanturia, and Boers (2021)",Elvenna Majuddin; Frank Boers; Anna Siyanova-Chanturia,2024,Language Teaching,10.1017/s0261444824000296,,"Majuddin, Siyanova-Chanturia, and Boers",2021,,direct,NA,second language acquisition,Language Teaching (Cambridge) Replication Research section via Crossref (ISSN 0261-4448),"Approximate replication by original authors of Majuddin, Siyanova-Chanturia & Boers (2021), typographic enhancement in captions. Title labels it: approximate replication."
Revisiting the intensity and perceived quality of L2 engagement scale in a different context: An approximate replication of Teravainen-Goff (),Yohei Nakanishi; Osamu Takeuchi,2026,Language Teaching,10.1017/s0261444826101141,,,,,direct,NA,second language acquisition,Language Teaching (Cambridge) Replication Research section via Crossref (ISSN 0261-4448),Approximate replication of Teravainen-Goff (2023) engagement scale in Japanese EFL context. Title labels it: approximate replication.
Examining lexical profile in general-audience English podcasts: A close replication of Nurmukhamedov and Sharakhimov (2021),Hong Yu; Ju Wen,2024,Language Teaching,10.1017/s0261444824000211,,Nurmukhamedov and Sharakhimov,2021,,direct,NA,second language acquisition,Language Teaching (Cambridge) Replication Research section via Crossref (ISSN 0261-4448); OpenAlex sweep,Close replication of Nurmukhamedov & Sharakhimov (2021) podcast lexical profile.
Occupational commitment and turnover intentions among expatriate English teachers in Asia: A close replication and extension of McInerney et al. (2015),Ian Moodie,2025,Language Teaching,10.1017/s0261444825100992,,McInerney et al,2015,,direct,NA,second language acquisition,Language Teaching (Cambridge) Replication Research section via Crossref (ISSN 0261-4448); Semantic Scholar sweep,Close replication and extension of McInerney et al. (2015) on teacher turnover intentions.
"Testing a threshold: an approximate replication of Johnson, Mercado &amp; Acevedo 2012",Mark D. Johnson; Christine L. Nicodemus,2015,Language Teaching,10.1017/s0261444815000087,"The effect of planning sub-processes on L2 writing fluency, grammatical complexity, and lexical complexity",Mark D. Johnson; Leonardo A. Mercado; Anthony Acevedo,2012,10.1016/j.jslw.2012.05.011,conceptual,NA,second language writing / language education,"Language Teaching (Cambridge) Replication Research section via Crossref (ISSN 0261-4448); Perry, Morris & Lea 2022 (A decade of replication study in education, Educ. Res. & Eval.; full database available on request only - these are examples named in the paper)","self-described 'approximate replication' of Johnson, Mercado & Acevedo (2012); cited by Perry et al. as example replication (approximate coded as own category in their scheme); metadata verified via OpenAlex"
Tutor Trust - Affordable Tutoring - EEF effectiveness re-trial (second trial),,2018,Education Endowment Foundation (evaluation report),,Tutor Trust - Affordable Tutoring - EEF efficacy trial (first trial),,,,effectiveness-retrial,success,small-group tutoring,EEF re-trial,"Second (effectiveness) trial: +3 months maths progress (ES 0.19, 95% CI -0.05 to 0.44, not statistically significant but high security rating). First-trial page: https://educationendowmentfoundation.org.uk/projects-and-evaluation/projects/tutor-trust-affordable-tutoring ; re-trial page: https://educationendowmentfoundation.org.uk/projects-and-evaluation/projects/tutor-trust-effectiveness-trial EEF reports generally lack DOIs; evaluator author names on report PDFs at the project pages."
"Self-Affirmation Effects Are Produced by School Context, Student Engagement With the Intervention, and Time: Lessons From a District-Wide Implementation","Borman, G. D., Grigg, J., Rozek, C. S., Hanselman, P., Dewey, N. A.",2018,Psychological Science,10.1177/0956797618784016,Reducing the Racial Achievement Gap: A Social-Psychological Intervention,"Cohen, G. L., Garcia, J., Apfel, N., Master, A.",2006,10.1126/science.1128317,conceptual,mixed,social-psychological intervention,IES-funded replication (precursor to 84.305R program),"District-wide implementation showing self-affirmation effects conditional on school context, engagement, and timing - partial/heterogeneous replication of Cohen et al. 2006. DOIs verified via Crossref 2026-07-15."
Delayed Anticipatory Spoken Language Processing in Adults with Dyslexia—Evidence from Eye‐tracking,"Huettig, Falk; Brouwer, Susanne",2015,Dyslexia,10.1002/dys.1497,"The tug of war between phonological, semantic and shape information in language-mediated visual search","Huettig, Falk; McQueen, James M.",2007,10.1016/j.jml.2007.02.001,conceptual,success,special education,"Cook et al. (2024) 'Same as It Ever Was: An Updated Review of Replication Studies in Special Education Journals', Remedial and Special Education, doi:10.1177/07419325241248766; coding data from OSF osf.io/p6te2; Cook et al. 2024 (Same as It Ever Was, Remedial and Special Education; OSF osf.io/p6te2)",Design: other quantitative; Author overlap with original: yes
Drawing ability in typical and atypical development; colour cues and the effect of oblique lines,"Farran, E. K.; Dodd, G. F.",2015,Journal of Intellectual Disability Research,10.1111/jir.12161,Williams syndrome and deficiency in visuospatial recognition,"Nakamura, Miho; Watanabe, Kazuyoshi; Matsumoto, Akiko; Yamanaka, Tsutomu; Kumagai, Toshiyuki; Miyazaki, Shuji; Matsushima, Masaki; Mita, Katsumi",2001,10.1017/s0012162201001128,conceptual,success,special education,"Cook et al. (2024) 'Same as It Ever Was: An Updated Review of Replication Studies in Special Education Journals', Remedial and Special Education, doi:10.1177/07419325241248766; coding data from OSF osf.io/p6te2; Cook et al. 2024 (Same as It Ever Was, Remedial and Special Education; OSF osf.io/p6te2)",Design: other quantitative; Author overlap with original: no
Effects of Tier 2 and Tier 3 Mathematics Interventions for Second Graders with Mathematics Difficulties,"Dennis, Minyi Shih",2015,Learning Disabilities Research &amp; Practice,10.1111/ldrp.12051,Mathematics Intervention for First- and Second-Grade Students With Mathematics Difficulties,"Bryant, Diane Pedrotty; Bryant, Brian R.; Gersten, Russell; Scammacca, Nancy; Chavez, Melissa M.",2008,10.1177/0741932507309712,conceptual,success,special education,"Cook et al. (2024) 'Same as It Ever Was: An Updated Review of Replication Studies in Special Education Journals', Remedial and Special Education, doi:10.1177/07419325241248766; coding data from OSF osf.io/p6te2; Cook et al. 2024 (Same as It Ever Was, Remedial and Special Education; OSF osf.io/p6te2)",Design: single-case design; Author overlap with original: yes
Identifying correlates of self-stigma in adults who stutter: Further establishing the construct validity of the Self-Stigma of Stuttering Scale (4S),"Boyle, Michael P.",2015,Journal of Fluency Disorders,10.1016/j.jfludis.2014.12.002,Assessment of Stigma Associated With Stuttering: Development and Evaluation of the Self-Stigma of Stuttering Scale (4S),"Boyle, Michael P.",2013,10.1044/1092-4388(2013/12-0280),conceptual,success,special education,"Cook et al. (2024) 'Same as It Ever Was: An Updated Review of Replication Studies in Special Education Journals', Remedial and Special Education, doi:10.1177/07419325241248766; coding data from OSF osf.io/p6te2; Cook et al. 2024 (Same as It Ever Was, Remedial and Special Education; OSF osf.io/p6te2)",Design: other quantitative; Author overlap with original: yes
"Requesting and Verbal Imitation Intervention for Infants with Down syndrome: Generalization, Intelligibility, and Problem Solving","Bauer, Sara M.; Jones, Emily A.",2015,Journal of Developmental and Physical Disabilities,10.1007/s10882-014-9400-6,Advancing imitation and requesting skills in toddlers with Down syndrome,Kathleen Feeley; Emily A. Jones; Catherine Blackburn; Sara Bauer,2011,10.1016/j.ridd.2011.07.018,conceptual,mixed,special education,"Cook et al. (2024) 'Same as It Ever Was: An Updated Review of Replication Studies in Special Education Journals', Remedial and Special Education, doi:10.1177/07419325241248766; coding data from OSF osf.io/p6te2; Cook et al. 2024 (Same as It Ever Was, Remedial and Special Education; OSF osf.io/p6te2)",Design: single-case design; Author overlap with original: yes; Original resolved from reference list of replication (OpenAlex)
Seen but not heard: School-based professionals’ oversight of autism in children from ethnic minority groups,"Burke, Delia A.; Koot, Hans M.; Begeer, Sander",2015,Research in Autism Spectrum Disorders,10.1016/j.rasd.2014.10.013,Underdiagnosis and Referral Bias of Autism in Ethnic Minorities,"Begeer, Sander; Bouk, Saloua El; Boussaid, Wafaa; Terwogt, Mark Meerum; Koot, Hans M.",2009,10.1007/s10803-008-0611-5,conceptual,success,special education,"Cook et al. (2024) 'Same as It Ever Was: An Updated Review of Replication Studies in Special Education Journals', Remedial and Special Education, doi:10.1177/07419325241248766; coding data from OSF osf.io/p6te2; Cook et al. 2024 (Same as It Ever Was, Remedial and Special Education; OSF osf.io/p6te2)",Design: other quantitative; Author overlap with original: yes
Employment Social Skills,"Agran, Martin; Hughes, Carolyn; Thoma, Colleen A.; Scott, LaRon A.",2016,Career Development and Transition for Exceptional Individuals,10.1177/2165143414546741,Behaviors that contribute to entry-level employment a profile of five jobs,Charles L. Salzberg; Martin Agran; Benjamin Lignugaris Kraft,1986,10.1016/s0270-3092(86)80003-0,conceptual,mixed,special education,"Cook et al. (2024) 'Same as It Ever Was: An Updated Review of Replication Studies in Special Education Journals', Remedial and Special Education, doi:10.1177/07419325241248766; coding data from OSF osf.io/p6te2; Cook et al. 2024 (Same as It Ever Was, Remedial and Special Education; OSF osf.io/p6te2)",Design: other quantitative; Author overlap with original: yes; Original resolved from reference list of replication (OpenAlex)
Stereotyped behaviours as precursors of self‐injurious behaviours: a longitudinal study with infants and toddlers at risk for developmental delay,"Rojahn, J.; Barnard‐Brak, L.; Medeiros, K.; Schroeder, S. R.",2016,Journal of Intellectual Disability Research,10.1111/jir.12224,Stereotyped behaviors predicting self-injurious behavior in individuals with intellectual disabilities,"Barnard-Brak, Lucy; Rojahn, Johannes; Richman, David M.; Chesnut, Steven R.; Wei, Tianlan",2015,10.1016/j.ridd.2014.08.017,conceptual,success,special education,"Cook et al. (2024) 'Same as It Ever Was: An Updated Review of Replication Studies in Special Education Journals', Remedial and Special Education, doi:10.1177/07419325241248766; coding data from OSF osf.io/p6te2; Cook et al. 2024 (Same as It Ever Was, Remedial and Special Education; OSF osf.io/p6te2)",Design: other quantitative; Author overlap with original: yes
The effect of a script-fading procedure on social interactions among young children with autism,"Wichnick-Gillis, Alison M.; Vener, Susan M.; Poulson, Claire L.",2016,Research in Autism Spectrum Disorders,10.1016/j.rasd.2016.03.004,Using script fading to promote natural environment stimulus control of verbal interactions among youths with autism,"Brown, John L.; Krantz, Patricia J.; McClannahan, Lynn E.; Poulson, Claire L.",2008,10.1016/j.rasd.2007.08.006,conceptual,success,special education,"Cook et al. (2024) 'Same as It Ever Was: An Updated Review of Replication Studies in Special Education Journals', Remedial and Special Education, doi:10.1177/07419325241248766; coding data from OSF osf.io/p6te2; Cook et al. 2024 (Same as It Ever Was, Remedial and Special Education; OSF osf.io/p6te2)",Design: single-case design; Author overlap with original: yes
Using an iPad App to Improve Phonological Awareness Skills in Young English-Language Learners With Disabilities,"Chai, Zhen; Ayres, Kevin M.; Vail, Cynthia O.",2016,Journal of Special Education Technology,10.1177/0162643416633332,Using an iPad Application to Promote Early Literacy Development in Young Children With Disabilities,"Chai, Zhen; Vail, Cynthia O.; Ayres, Kevin M.",2015,10.1177/0022466913517554,conceptual,NA,special education,"Cook et al. (2024) 'Same as It Ever Was: An Updated Review of Replication Studies in Special Education Journals', Remedial and Special Education, doi:10.1177/07419325241248766; coding data from OSF osf.io/p6te2; Cook et al. 2024 (Same as It Ever Was, Remedial and Special Education; OSF osf.io/p6te2)",Design: single-case design; Author overlap with original: yes
Do men and women with intellectual disabilities understand death?,"Chow, A. Y. M.; McEvoy, J.; Chan, I. K. N.; Borschel, M.; Yuen, J. H. L.; Lo, J. Y. M.",2017,Journal of Intellectual Disability Research,10.1111/jir.12431,Concept of death and perceptions of bereavement in adults with intellectual disabilities,"McEvoy, J.; MacHale, R.; Tierney, E.",2011,10.1111/j.1365-2788.2011.01456.x,conceptual,success,special education,"Cook et al. (2024) 'Same as It Ever Was: An Updated Review of Replication Studies in Special Education Journals', Remedial and Special Education, doi:10.1177/07419325241248766; coding data from OSF osf.io/p6te2; Cook et al. 2024 (Same as It Ever Was, Remedial and Special Education; OSF osf.io/p6te2)",Design: other quantitative; Author overlap with original: yes
Improving the Generalization of Computer-Based Math Fluency Building Through the Use of Sufficient Stimulus Exemplars,"Rich, Sara E. House; Duhon, Gary J.; Reynolds, James",2017,Journal of Behavioral Education,10.1007/s10864-016-9262-3,Evaluating the generalization of math fact fluency gains across paper and computer performance modalities,"Duhon, Gary J.; House, Sara H.; Stinnett, Terry A.",2012,10.1016/j.jsp.2012.01.003,conceptual,success,special education,"Cook et al. (2024) 'Same as It Ever Was: An Updated Review of Replication Studies in Special Education Journals', Remedial and Special Education, doi:10.1177/07419325241248766; coding data from OSF osf.io/p6te2; Cook et al. 2024 (Same as It Ever Was, Remedial and Special Education; OSF osf.io/p6te2)",Design: other quantitative; Author overlap with original: yes
Investigating a Tier 1 Intervention Focused on Proportional Reasoning: A Follow-Up Study,"Jitendra, Asha K.; Harwell, Michael R.; Karl, Stacy R.; Simonson, Gregory R.; Slater, Susan C.",2017,Exceptional Children,10.1177/0014402917691017,Effects of a research-based intervention to improve seventh-grade students’ proportional problem solving: A cluster randomized trial.,"Jitendra, Asha K.; Harwell, Michael R.; Dupuis, Danielle N.; Karl, Stacy R.; Lein, Amy E.; Simonson, Gregory; Slater, Susan C.",2015,10.1037/edu0000039,conceptual,success,special education,"Cook et al. (2024) 'Same as It Ever Was: An Updated Review of Replication Studies in Special Education Journals', Remedial and Special Education, doi:10.1177/07419325241248766; coding data from OSF osf.io/p6te2; Cook et al. 2024 (Same as It Ever Was, Remedial and Special Education; OSF osf.io/p6te2)",Design: group experimental/quasi-experimental; Author overlap with original: yes
Monitoring Academic and Social Skills in Elementary School,"Caldarella, Paul; Larsen, Ross A. A.; Williams, Leslie; Wehby, Joseph H.; Wills, Howard; Kamps, Debra",2017,Journal of Positive Behavior Interventions,10.1177/1098300716665081,Evaluating School Impairment With Adolescents Using the Classroom Performance Survey,"Brady, Christine E.; Evans, Steven W.; Berlin, Kristoffer S.; Bunford, Nora; Kern, Lee",2012,10.1080/02796015.2012.12087498,conceptual,success,special education,"Cook et al. (2024) 'Same as It Ever Was: An Updated Review of Replication Studies in Special Education Journals', Remedial and Special Education, doi:10.1177/07419325241248766; coding data from OSF osf.io/p6te2; Cook et al. 2024 (Same as It Ever Was, Remedial and Special Education; OSF osf.io/p6te2)",Design: other quantitative; Author overlap with original: no
Reading Instruction for Students With Learning Disabilities,"Walker, Melodee A.; Stevens, Elizabeth A.",2017,Learning Disability Quarterly,10.1177/0731948716633868,Observing Reading Instruction for Students with Learning Disabilities: A Synthesis,"Swanson, Elizabeth A.",2008,10.2307/25474643,conceptual,NA,special education,"Cook et al. (2024) 'Same as It Ever Was: An Updated Review of Replication Studies in Special Education Journals', Remedial and Special Education, doi:10.1177/07419325241248766; coding data from OSF osf.io/p6te2; Cook et al. 2024 (Same as It Ever Was, Remedial and Special Education; OSF osf.io/p6te2)",Design: review/meta-analysis; Author overlap with original: no; Replication of a review/synthesis (not a primary empirical study) | QC flag: Cook et al. coded design 'review/meta-analysis' - replication of a prior review/synthesis rather than a primary empirical replication
Spanish Adaptation of the Autism Spectrum Disorders - Diagnosis for Adults (ASD-DA) in Adults with Severe and Profound Intellectual Disability,"Planelles-Fernández, Inmaculada; Gallardo-Pujol, David; Labad, Antonio; Godall, David; Cristia, Natalia; Gutiérrez-Zotes, Alfonso; Matson, Johnny L.",2017,Journal of Developmental and Physical Disabilities,10.1007/s10882-017-9541-5,Reliability and Factor Structure of the Autism Spectrum Disorders—Diagnosis Scale for Intellectually Disabled Adults (ASD—DA),"Matson, Johnny L.; Wilkins, Jonathan; González, Melissa",2007,10.1007/s10882-007-9070-8,conceptual,success,special education,"Cook et al. (2024) 'Same as It Ever Was: An Updated Review of Replication Studies in Special Education Journals', Remedial and Special Education, doi:10.1177/07419325241248766; coding data from OSF osf.io/p6te2; Cook et al. 2024 (Same as It Ever Was, Remedial and Special Education; OSF osf.io/p6te2)",Design: other quantitative; Author overlap with original: yes
Special Education Teachers Integrating Reading with Eighth Grade U.S. History Content,"O'Connor, Rollanda E.; Sanchez, Victoria; Beach, Kristen D.; Bocian, Kathleen M.",2017,Learning Disabilities Research &amp; Practice,10.1111/ldrp.12131,Building BRIDGES,"O’Connor, Rollanda E.; Beach, Kristen D.; Sanchez, Victoria M.; Bocian, Kathleen M.; Flynn, Lindsay J.",2015,10.1177/0014402914563706,conceptual,success,special education,"Cook et al. (2024) 'Same as It Ever Was: An Updated Review of Replication Studies in Special Education Journals', Remedial and Special Education, doi:10.1177/07419325241248766; coding data from OSF osf.io/p6te2; Cook et al. 2024 (Same as It Ever Was, Remedial and Special Education; OSF osf.io/p6te2)",Design: group experimental/quasi-experimental; Author overlap with original: yes
Teaching Parents Enhanced Milieu Teaching With Words and Signs Using the Teach-Model-Coach-Review Model,"Wright, Courtney A.; Kaiser, Ann P.",2017,Topics in Early Childhood Special Education,10.1177/0271121415621027,Effects of the Teach-Model-Coach-Review Instructional Approach on Caregiver Use of Language Support Strategies and Children's Expressive Language Skills,"Roberts, Megan Y.; Kaiser, Ann P.; Wolfe, Cathy E.; Bryant, Julie D.; Spidalieri, Alexandria M.",2014,10.1044/2014_jslhr-l-13-0113,conceptual,success,special education,"Cook et al. (2024) 'Same as It Ever Was: An Updated Review of Replication Studies in Special Education Journals', Remedial and Special Education, doi:10.1177/07419325241248766; coding data from OSF osf.io/p6te2; Cook et al. 2024 (Same as It Ever Was, Remedial and Special Education; OSF osf.io/p6te2)",Design: single-case design; Author overlap with original: yes
The Effects of Interactive Storybook Reading With Preschoolers Who Are Deaf and Hard-of-Hearing,"Trussell, Jessica W.; Dunagan, Janna; Kane, Joy; Cascioli, Toni",2017,Topics in Early Childhood Special Education,10.1177/0271121417720015,The Effect of Enhanced Storybook Interaction on Signing Deaf Children's Vocabulary,"Trussell, J. W.; Easterbrooks, S. R.",2013,10.1093/deafed/ent055,conceptual,success,special education,"Cook et al. (2024) 'Same as It Ever Was: An Updated Review of Replication Studies in Special Education Journals', Remedial and Special Education, doi:10.1177/07419325241248766; coding data from OSF osf.io/p6te2; Cook et al. 2024 (Same as It Ever Was, Remedial and Special Education; OSF osf.io/p6te2)",Design: single-case design; Author overlap with original: yes
Training Paraprofessionals to Target Socialization in Students With ASD,"Kim, Sunny; Koegel, Robert L.; Koegel, Lynn K.",2017,Journal of Positive Behavior Interventions,10.1177/1098300716669813,Training Paraprofessionals to Improve Socialization in Students with ASD,"Koegel, Robert L.; Kim, Sunny; Koegel, Lynn Kern",2014,10.1007/s10803-014-2094-x,conceptual,success,special education,"Cook et al. (2024) 'Same as It Ever Was: An Updated Review of Replication Studies in Special Education Journals', Remedial and Special Education, doi:10.1177/07419325241248766; coding data from OSF osf.io/p6te2; Cook et al. 2024 (Same as It Ever Was, Remedial and Special Education; OSF osf.io/p6te2)",Design: single-case design; Author overlap with original: yes
Adapted Shared Storybook Reading: A Study of Its Application for Children With Autism Spectrum Disorders in Home Settings,"Golloher, Andrea N.",2018,Focus on Autism and Other Developmental Disabilities,10.1177/1088357616681281,Teaching Elementary Students with Multiple Disabilities to Participate in Shared Stories,"Browder, Diane M.; Mims, Pamela J.; Spooner, Fred; Ahlgrim-Delzell, Lynn; Lee, Angel",2008,10.2511/rpsd.33.1-2.3,conceptual,NA,special education,"Cook et al. (2024) 'Same as It Ever Was: An Updated Review of Replication Studies in Special Education Journals', Remedial and Special Education, doi:10.1177/07419325241248766; coding data from OSF osf.io/p6te2; Cook et al. 2024 (Same as It Ever Was, Remedial and Special Education; OSF osf.io/p6te2)",Design: single-case design; Author overlap with original: no
"Are Hispanic, Asian, Native American, or Language-Minority Children Overrepresented in Special Education?","Morgan, Paul L.; Farkas, George; Cook, Michael; Strassfeld, Natasha M.; Hillemeier, Marianne M.; Pun, Wik Hung; Wang, Yangyang; Schussler, Deborah L.",2018,Exceptional Children,10.1177/0014402917748303,Are Black Children Disproportionately Overrepresented in Special Education? A Best-Evidence Synthesis,"Morgan, Paul L.; Farkas, George; Cook, Michael; Strassfeld, Natasha M.; Hillemeier, Marianne M.; Pun, Wik Hung; Schussler, Deborah L.",2016,10.1177/0014402916664042,conceptual,success,special education,"Cook et al. (2024) 'Same as It Ever Was: An Updated Review of Replication Studies in Special Education Journals', Remedial and Special Education, doi:10.1177/07419325241248766; coding data from OSF osf.io/p6te2; Cook et al. 2024 (Same as It Ever Was, Remedial and Special Education; OSF osf.io/p6te2)",Design: review/meta-analysis; Author overlap with original: yes; Replication of a review/synthesis (not a primary empirical study) | QC flag: Cook et al. coded design 'review/meta-analysis' - replication of a prior overrepresentation analysis (replication of a synthesis)
Building Evidence in Early Childhood Special Education: A Systematic Review of Replication Intervention Studies,"Banerjee, Rashida; Movahedazarhouligh, Sara; Millen, Kaitlyn; Luckner, John L.",2018,Topics in Early Childhood Special Education,10.1177/0271121417748197,A Replication by Any Other Name,"Cook, Bryan G.; Collins, Lauren W.; Cook, Sara C.; Cook, Lysandra",2016,10.1177/0741932516637198,conceptual,failure,special education,"Cook et al. (2024) 'Same as It Ever Was: An Updated Review of Replication Studies in Special Education Journals', Remedial and Special Education, doi:10.1177/07419325241248766; coding data from OSF osf.io/p6te2; Cook et al. 2024 (Same as It Ever Was, Remedial and Special Education; OSF osf.io/p6te2)","Design: review/meta-analysis; Author overlap with original: no; Replication of a review/synthesis (not a primary empirical study) | QC flag: Systematic review of replication intervention studies in early childhood special education - itself a review, not a primary empirical replication"
Classroom Management That Works: A Replication Trial of the CW-FIT Program,"Wills, Howard; Wehby, Joseph; Caldarella, Paul; Kamps, Debra; Swinburne Romine, Rebecca",2018,Exceptional Children,10.1177/0014402918771321,Student and Teacher Outcomes of the Class-Wide Function-Related Intervention Team Efficacy Trial,"Wills, Howard; Kamps, Debra; Fleming, Kandace; Hansen, Blake",2016,10.1177/0014402916658658,conceptual,success,special education,"Cook et al. (2024) 'Same as It Ever Was: An Updated Review of Replication Studies in Special Education Journals', Remedial and Special Education, doi:10.1177/07419325241248766; coding data from OSF osf.io/p6te2; Cook et al. 2024 (Same as It Ever Was, Remedial and Special Education; OSF osf.io/p6te2)",Design: group experimental/quasi-experimental; Author overlap with original: yes
Evaluating the iPad Mini® as a Speech-Generating Device in the Acquisition of a Discriminative Mand Repertoire for Young Children With Autism,"Lorah, Elizabeth R.",2018,Focus on Autism and Other Developmental Disabilities,10.1177/1088357616673624,Within Stimulus Prompting to Teach Symbol Discrimination Using an iPad® Speech Generating Device,"Lorah, Elizabeth R.; Crouser, Julie; Gilroy, Shawn P.; Tincani, Matt; Hantula, Donald",2014,10.1007/s10882-014-9369-1,conceptual,success,special education,"Cook et al. (2024) 'Same as It Ever Was: An Updated Review of Replication Studies in Special Education Journals', Remedial and Special Education, doi:10.1177/07419325241248766; coding data from OSF osf.io/p6te2; Cook et al. 2024 (Same as It Ever Was, Remedial and Special Education; OSF osf.io/p6te2)",Design: single-case design; Author overlap with original: yes
"Improving Educators’ Knowledge, Confidence, and Usefulness of Functional Assessment-based Interventions: Outcomes of Professional Learning","Oakes, Wendy Peia; Schellman, Liane E.; Lane, Kathleen Lynne; Common, Eric Alan; Powers, Lisa; Diebold, Tricia; Gaskill, Taryn",2018,Education and Treatment of Children,10.1353/etc.2018.0028,Improving Teachers’ Knowledge of Functional Assessment-based Interventions: Outcomes of a Professional Development Series,"Lane, Kathleen Lynne; Oakes, Wendy Peia; Powers, Lisa; Diebold, Tricia; Germer, Kathryn; Common, Eric A.; Brunsting, Nelson",2015,10.1353/etc.2015.0001,conceptual,success,special education,"Cook et al. (2024) 'Same as It Ever Was: An Updated Review of Replication Studies in Special Education Journals', Remedial and Special Education, doi:10.1177/07419325241248766; coding data from OSF osf.io/p6te2; Cook et al. 2024 (Same as It Ever Was, Remedial and Special Education; OSF osf.io/p6te2)",Design: other quantitative; Author overlap with original: yes
Ranking Graduate Programs Based on Research Productivity of Faculty: A Replication and Extension,"Blair, Bryan J.; Shawler, Lesley A.; Debacher, Emily A.; Harper, Jill M.; Dorsey, Michael F.",2018,Education and Treatment of Children,10.1353/etc.2018.0015,Research Rankings of Behavior Analytic Graduate Training Programs and Their Faculty,"Dixon, Mark R.; Reed, Derek D.; Smith, Tristram; Belisle, Jordan; Jackson, Rachel E.",2015,10.1007/s40617-015-0057-0,conceptual,NA,special education,"Cook et al. (2024) 'Same as It Ever Was: An Updated Review of Replication Studies in Special Education Journals', Remedial and Special Education, doi:10.1177/07419325241248766; coding data from OSF osf.io/p6te2; Cook et al. 2024 (Same as It Ever Was, Remedial and Special Education; OSF osf.io/p6te2)","Design: review/meta-analysis; Author overlap with original: no; Replication of a review/synthesis (not a primary empirical study) | QC flag: Bibliometric replication (ranking graduate programs by faculty research productivity) - education-research-community study, not a learner-outcome replication"
Students at Enrollment Into Community-Based Systems of Care: Characteristics and Predictors of Functioning in School,"January, Stacy-Ann A.; Lambert, Matthew C.; Epstein, Michael H.; Spooner, Mary; Gebreselassie, Tesfayi",2018,Journal of Emotional and Behavioral Disorders,10.1177/1063426616664327,Educational Profiles of Students at Enrollment in a System of Care,"Anderson, Jeffrey A.; Wright, Eric R.; Smith, Joshua S.; Kooreman, Harold E.",2007,10.1177/07419325070280010201,conceptual,mixed,special education,"Cook et al. (2024) 'Same as It Ever Was: An Updated Review of Replication Studies in Special Education Journals', Remedial and Special Education, doi:10.1177/07419325241248766; coding data from OSF osf.io/p6te2; Cook et al. 2024 (Same as It Ever Was, Remedial and Special Education; OSF osf.io/p6te2)",Design: other quantitative; Author overlap with original: no
The Location and Effects of Visual Hemisphere-Specific Stimulation on Reading Fluency in Children With the Characteristics of Dyslexia,"Koen, Bobbie Jean; Hawkins, Jacqueline; Zhu, Xi; Jansen, Ben; Fan, Weihua; Johnson, Sharon",2018,Journal of Learning Disabilities,10.1177/0022219417711223,Effects of visual hemisphere-specific stimulation versus reading-focused training in dyslexic children,"Lorusso, Maria Luisa; Facoetti, Andrea; Paganoni, Pierluigi; Pezzani, Marco; Molteni, Massimo",2006,10.1080/09602010500145620,unknown,NA,special education,"Cook et al. (2024) 'Same as It Ever Was: An Updated Review of Replication Studies in Special Education Journals', Remedial and Special Education, doi:10.1177/07419325241248766; coding data from OSF osf.io/p6te2; Cook et al. 2024 (Same as It Ever Was, Remedial and Special Education; OSF osf.io/p6te2)",Design: other quantitative; Author overlap with original: no
Traumatic Brain Injuries and Special Education Services in the Schools,"Blankenship, A. Paige; Canto, Angela I.",2018,Exceptionality,10.1080/09362835.2016.1238379,Special education services provided to students with and without parental reports of traumatic brain injury,Karen Hux,1999,10.1080/026990599121494,conceptual,failure,special education,"Cook et al. (2024) 'Same as It Ever Was: An Updated Review of Replication Studies in Special Education Journals', Remedial and Special Education, doi:10.1177/07419325241248766; coding data from OSF osf.io/p6te2; Cook et al. 2024 (Same as It Ever Was, Remedial and Special Education; OSF osf.io/p6te2)",Design: other quantitative; Author overlap with original: no; Original resolved from reference list of replication (OpenAlex)
“Survey of Wellbeing of Young Children (SWYC)”: how does it fit for screening developmental delay in Brazilian children aged 4 to 58 months?,"Moreira, R.S.; Magalhães, L.C.; Siqueira, C.M.; Alves, C.R.L.",2018,Research in Developmental Disabilities,10.1016/j.ridd.2018.05.003,"Evidence-Based Milestones for Surveillance of Cognitive, Language, and Motor Development","Sheldrick, R. Christopher; Perrin, Ellen C.",2013,10.1016/j.acap.2013.07.001,conceptual,success,special education,"Cook et al. (2024) 'Same as It Ever Was: An Updated Review of Replication Studies in Special Education Journals', Remedial and Special Education, doi:10.1177/07419325241248766; coding data from OSF osf.io/p6te2; Cook et al. 2024 (Same as It Ever Was, Remedial and Special Education; OSF osf.io/p6te2)",Design: other quantitative; Author overlap with original: no
Examining the Impact of Group Size on the Treatment Intensity of a Tier 2 Mathematics Intervention Within a Systematic Framework of Replication,"Doabler, Christian T.; Clarke, Ben; Kosty, Derek; Kurtz-Nelson, Evangeline; Fien, Hank; Smolkowski, Keith; Baker, Scott K.",2019,Journal of Learning Disabilities,10.1177/0022219418789376,Testing the Efficacy of a Kindergarten Mathematics Intervention by Small Group Size,Ben Clarke; Christian T. Doabler; Derek Kosty; Evangeline Kurtz Nelson; Keith Smolkowski; Hank Fien; Jessica Turtura,2017,10.1177/2332858417706899,conceptual,success,special education,"Cook et al. (2024) 'Same as It Ever Was: An Updated Review of Replication Studies in Special Education Journals', Remedial and Special Education, doi:10.1177/07419325241248766; coding data from OSF osf.io/p6te2; Cook et al. 2024 (Same as It Ever Was, Remedial and Special Education; OSF osf.io/p6te2)",Design: group experimental/quasi-experimental; Author overlap with original: yes; Original resolved from reference list of replication (OpenAlex)
Exploring Heterogeneity in the Relationship between Reading Engagement and Reading Comprehension by Achievement Level,"Wantchekon, Kristia; Kim, James S.",2019,Reading &amp; Writing Quarterly,10.1080/10573569.2019.1594474,Engaging Struggling Adolescent Readers to Improve Reading Skills,"Kim, James S.; Hemphill, Lowry; Troyer, Margaret; Thomson, Jenny M.; Jones, Stephanie M.; LaRusso, Maria D.; Donovan, Suzanne",2016,10.1002/rrq.171,conceptual,success,special education,"Cook et al. (2024) 'Same as It Ever Was: An Updated Review of Replication Studies in Special Education Journals', Remedial and Special Education, doi:10.1177/07419325241248766; coding data from OSF osf.io/p6te2; Cook et al. 2024 (Same as It Ever Was, Remedial and Special Education; OSF osf.io/p6te2)",Design: other quantitative; Author overlap with original: yes
Filling an Information Gap in Preschool MTSS and RTI Decision Making,"Greenwood, Charles R.; Carta, Judith J.; Schnitz, Alana G.; Irvin, Dwight W.; Jia, Fan; Atwater, Jane",2019,Exceptional Children,10.1177/0014402918812473,An Ecobehavioral Analysis of Child Academic Engagement: Implications for Preschool Children Not Responding to Instructional Intervention,"Greenwood, Charles R.; Beecher, Constance; Atwater, Jane; Petersen, Sarah; Schiefelbusch, Jean; Irvin, Dwight",2017,10.1177/0271121417741968,conceptual,success,special education,"Cook et al. (2024) 'Same as It Ever Was: An Updated Review of Replication Studies in Special Education Journals', Remedial and Special Education, doi:10.1177/07419325241248766; coding data from OSF osf.io/p6te2; Cook et al. 2024 (Same as It Ever Was, Remedial and Special Education; OSF osf.io/p6te2)",Design: other quantitative; Author overlap with original: yes
Replication of an Experimental Study Investigating the Efficacy of a Multisyllabic Word Reading Intervention With and Without Motivational Beliefs Training for Struggling Readers,"Toste, Jessica R.; Capin, Philip; Williams, Kelly J.; Cho, Eunsoo; Vaughn, Sharon",2019,Journal of Learning Disabilities,10.1177/0022219418775114,Multisyllabic Word-Reading Instruction With and Without Motivational Beliefs Training for Struggling Readers in the Upper Elementary Grades: A Pilot Investigation,"Toste, Jessica R.; Capin, Philip; Vaughn, Sharon; Roberts, Garrett J.; Kearns, Devin M.",2017,10.1086/691684,conceptual,success,special education,"Cook et al. (2024) 'Same as It Ever Was: An Updated Review of Replication Studies in Special Education Journals', Remedial and Special Education, doi:10.1177/07419325241248766; coding data from OSF osf.io/p6te2; Cook et al. 2024 (Same as It Ever Was, Remedial and Special Education; OSF osf.io/p6te2)",Design: group experimental/quasi-experimental; Author overlap with original: yes
Contextualizing Mathematical Problem-Solving Instruction for Secondary Students with Extensive Support Needs: A Systematic Replication,"Root, Jenny R.; Cox, Sarah K.; Davis, Kat; Hammons, Nanette",2020,Research and Practice for Persons with Severe Disabilities,10.1177/1540796920949448,Contextualizing Mathematics: Teaching Problem Solving to Secondary Students With Intellectual and Developmental Disabilities,"Root, Jenny R.; Cox, Sarah K.; Hammons, Nannette; Saunders, Alicia F.; Gilley, Deidre",2018,10.1352/1934-9556-56.6.442,conceptual,success,special education,"Cook et al. (2024) 'Same as It Ever Was: An Updated Review of Replication Studies in Special Education Journals', Remedial and Special Education, doi:10.1177/07419325241248766; coding data from OSF osf.io/p6te2; Cook et al. 2024 (Same as It Ever Was, Remedial and Special Education; OSF osf.io/p6te2)",Design: single-case design; Author overlap with original: yes
Effects of Enhanced Milieu Teaching with Book Reading for Children with Autism Spectrum Disorder,"Kim, Sunyoung; Kang, Veronica Y.; Mcleod, Ragan H.",2020,Education and Training in Autism and Developmental Disabilities,10.1177/215416472005500408,The Effects of Play-Based Intervention on Vocabulary Acquisition by Preschoolers at Risk for Reading and Language Delays,"McLeod, Ragan H.; Hardy, Jessica K.; Kaiser, Ann P.",2017,10.1177/1053815117702927,conceptual,success,special education,"Cook et al. (2024) 'Same as It Ever Was: An Updated Review of Replication Studies in Special Education Journals', Remedial and Special Education, doi:10.1177/07419325241248766; coding data from OSF osf.io/p6te2; Cook et al. 2024 (Same as It Ever Was, Remedial and Special Education; OSF osf.io/p6te2)",Design: single-case design; Author overlap with original: yes
Perceptions of Service Providers Regarding the Agency and Capacity of People with Intellectual Disability to Vote,"Agran, Martin; Root-Elledge, Sandra; Moody, Eric; Ginn, Hannah; Estrada-Reynolds, Victoria",2020,Education and Training in Autism and Developmental Disabilities,10.1177/215416472005500102,“I Never Thought About It”: Teaching People with Intellectual Disability to Vote,"Agran, Martin; Maclean, William; Andren, Katherine Anne Kitchen",2015,10.1177/215416471505000403,conceptual,success,special education,"Cook et al. (2024) 'Same as It Ever Was: An Updated Review of Replication Studies in Special Education Journals', Remedial and Special Education, doi:10.1177/07419325241248766; coding data from OSF osf.io/p6te2; Cook et al. 2024 (Same as It Ever Was, Remedial and Special Education; OSF osf.io/p6te2)",Design: other quantitative; Author overlap with original: yes
The Prevalence of Dyslexia: A New Approach to Its Estimation,"Wagner, Richard K.; Zirps, Fotena A.; Edwards, Ashley A.; Wood, Sarah G.; Joyner, Rachel E.; Becker, Betsy J.; Liu, Guangyun; Beal, Bethany",2020,Journal of Learning Disabilities,10.1177/0022219420920377,Combining Old and New for Better Understanding and Predicting Dyslexia,"Wagner, Richard K.; Edwards, Ashley A.; Malkowski, Antje; Schatschneider, Chris; Joyner, Rachel E.; Wood, Sarah; Zirps, Fotena A.",2019,10.1002/cad.20289,conceptual,success,special education,"Cook et al. (2024) 'Same as It Ever Was: An Updated Review of Replication Studies in Special Education Journals', Remedial and Special Education, doi:10.1177/07419325241248766; coding data from OSF osf.io/p6te2; Cook et al. 2024 (Same as It Ever Was, Remedial and Special Education; OSF osf.io/p6te2)",Design: review/meta-analysis; Author overlap with original: yes; Replication of a review/synthesis (not a primary empirical study) | QC flag: Dyslexia prevalence re-estimation; Cook et al. coded design 'review/meta-analysis' - replication of a synthesis
Trait perspective-taking and need for cognition in the formation of stereotypes about people who stutter,"Baryshevtsev, Maxim; Zhong, Lingzi; Lloyd, Rachel; McGlone, Matthew",2020,Journal of Fluency Disorders,10.1016/j.jfludis.2020.105778,Origins of the stuttering stereotype: Stereotype formation through anchoring–adjustment,Sean P. Mackinnon; Shera Hall; Peter D. MacIntyre,2007,10.1016/j.jfludis.2007.03.003,conceptual,success,special education,"Cook et al. (2024) 'Same as It Ever Was: An Updated Review of Replication Studies in Special Education Journals', Remedial and Special Education, doi:10.1177/07419325241248766; coding data from OSF osf.io/p6te2; Cook et al. 2024 (Same as It Ever Was, Remedial and Special Education; OSF osf.io/p6te2)",Design: group experimental/quasi-experimental; Author overlap with original: no; Original resolved from reference list of replication (OpenAlex)
iPad® Video Prompting to Teach Cooking Tasks to Korean American Adolescents With Autism Spectrum Disorder,"Kim, Sunyoung; Kang, Veronica Y.",2020,Career Development and Transition for Exceptional Individuals,10.1177/2165143420908286,Evaluation of a Portable DVD Player and System of Least Prompts to Self-Prompt Cooking Task Completion by Young Adults With Moderate Intellectual Disabilities,"Mechling, Linda C.; Gast, David L.; Fields, Elizabeth A.",2008,10.1177/0022466907313348,conceptual,success,special education,"Cook et al. (2024) 'Same as It Ever Was: An Updated Review of Replication Studies in Special Education Journals', Remedial and Special Education, doi:10.1177/07419325241248766; coding data from OSF osf.io/p6te2; Cook et al. 2024 (Same as It Ever Was, Remedial and Special Education; OSF osf.io/p6te2)",Design: single-case design; Author overlap with original: no
Accuracy of caregiver identification of demands for children with escape-maintained challenging behavior,"Simmons, Christina A.; Sethi, Reema; Ford, Kimberly R.",2021,Research in Developmental Disabilities,10.1016/j.ridd.2021.104083,Use of a paired‐stimulus demand analysis to evaluate demands for inclusion in functional analyses,"Zangrillo, Amanda N.; Simmons, Christina A.; Fisher, Wayne W.; Owen, Todd M.",2019,10.1002/jaba.651,direct,success,special education,"Cook et al. (2024) 'Same as It Ever Was: An Updated Review of Replication Studies in Special Education Journals', Remedial and Special Education, doi:10.1177/07419325241248766; coding data from OSF osf.io/p6te2; Cook et al. 2024 (Same as It Ever Was, Remedial and Special Education; OSF osf.io/p6te2)",Design: other quantitative; Author overlap with original: yes
Recognition and Comprehension of Multiple-Meaning Words: Examining a Vocabulary Intervention With Hard of Hearing Students,"Alasim, Khalid N.",2021,American Annals of the Deaf,10.1353/aad.2021.0030,The Effects of a Vocabulary Intervention on Teaching Multiple-Meaning Words to Students Who Are d/Deaf and Hard of Hearing,"Alqraini, Faisl M; Paul, Peter V",2020,10.1093/deafed/enaa015,conceptual,success,special education,"Cook et al. (2024) 'Same as It Ever Was: An Updated Review of Replication Studies in Special Education Journals', Remedial and Special Education, doi:10.1177/07419325241248766; coding data from OSF osf.io/p6te2; Cook et al. 2024 (Same as It Ever Was, Remedial and Special Education; OSF osf.io/p6te2)",Design: single-case design; Author overlap with original: no
Technical Features of Slopes for Curriculum-Based Measures of Secondary Writing,"Romig, John Elwood; Olsen, Amanda A.",2021,Reading &amp; Writing Quarterly,10.1080/10573569.2020.1860841,Curriculum-Based Measures of Beginning Writing: Technical Features of the Slope,"Mcmaster, Kristen L.; Du, Xiaoqing; Yeo, Seungsoo; Deno, Stanley L.; Parker, David; Ellis, Troy",2011,10.1177/001440291107700203,conceptual,failure,special education,"Cook et al. (2024) 'Same as It Ever Was: An Updated Review of Replication Studies in Special Education Journals', Remedial and Special Education, doi:10.1177/07419325241248766; coding data from OSF osf.io/p6te2; Cook et al. 2024 (Same as It Ever Was, Remedial and Special Education; OSF osf.io/p6te2)",Design: other quantitative; Author overlap with original: no
The Impact of the Quiet Classroom Game on On-Task Behavior and Classroom Noise Level in Three Middle School Classrooms,"Chapman, Bailey N.; Drevon, Daniel D.; Jasper, Andrea D.",2021,Journal of Behavioral Education,10.1007/s10864-021-09444-3,The Quiet Classroom Game: A Class-Wide Intervention to Increase Academic Engagement and Reduce Disruptive Behavior,Keith C. Radley; Evan H. Dart; Roderick D. O’Handley,2016,10.17105/spr45-1.93-108,conceptual,failure,special education,"Cook et al. (2024) 'Same as It Ever Was: An Updated Review of Replication Studies in Special Education Journals', Remedial and Special Education, doi:10.1177/07419325241248766; coding data from OSF osf.io/p6te2; Cook et al. 2024 (Same as It Ever Was, Remedial and Special Education; OSF osf.io/p6te2)",Design: single-case design; Author overlap with original: no; Original resolved from reference list of replication (OpenAlex)
Using Behavioral Skills Training to Teach Interview Skills to Young Adults with Autism,"Roberts, Katrina; DeQuinzio, Jaime A.; Taylor, Bridget A.; Petroski, Jenna",2021,Journal of Behavioral Education,10.1007/s10864-020-09389-z,Improving the interview skills of college students using behavioral skills training,"Stocco, Corey S.; Thompson, Rachel H.; Hart, John M.; Soriano, Heidi L.",2017,10.1002/jaba.385,conceptual,success,special education,"Cook et al. (2024) 'Same as It Ever Was: An Updated Review of Replication Studies in Special Education Journals', Remedial and Special Education, doi:10.1177/07419325241248766; coding data from OSF osf.io/p6te2; Cook et al. 2024 (Same as It Ever Was, Remedial and Special Education; OSF osf.io/p6te2)",Design: single-case design; Author overlap with original: no
Video Prompting to Teach Robotics and Coding to Middle School Students With Autism Spectrum Disorder,"Wright, John C.; Knight, Victoria F.; Barton, Erin E.; Edwards-Bowyer, Meghan",2021,Journal of Special Education Technology,10.1177/0162643419890249,"Teaching Digital, Block-Based Coding of Robots to High School Students with Autism Spectrum Disorder and Challenging Behavior","Knight, Victoria F.; Wright, John; Wilson, Kalli; Hooper, Ashton",2019,10.1007/s10803-019-04033-w,conceptual,success,special education,"Cook et al. (2024) 'Same as It Ever Was: An Updated Review of Replication Studies in Special Education Journals', Remedial and Special Education, doi:10.1177/07419325241248766; coding data from OSF osf.io/p6te2; Cook et al. 2024 (Same as It Ever Was, Remedial and Special Education; OSF osf.io/p6te2)",Design: single-case design; Author overlap with original: yes
Who Is Leading the Field in 2020?: AAIDD Students and Early Career Professionals,"Crane, Jill M.; Williamson, Heather J.; Raley, Sheida K.; Hagiwara, Mayumi; Lee, Chung eun; Havercamp, Susan M.",2021,Intellectual and Developmental Disabilities,10.1352/1934-9556-59.3.217,Who Will Lead the Field Beyond 2020?,Susan M. Havercamp; Marc J. Tassé; Yona Lunsky; Nathalie Garcin,2003,10.1352/0047-6765(2003)41<473:wwltfb>2.0.co;2,conceptual,NA,special education,"Cook et al. (2024) 'Same as It Ever Was: An Updated Review of Replication Studies in Special Education Journals', Remedial and Special Education, doi:10.1177/07419325241248766; coding data from OSF osf.io/p6te2; Cook et al. 2024 (Same as It Ever Was, Remedial and Special Education; OSF osf.io/p6te2)","Design: other quantitative; Author overlap with original: yes; Original resolved from reference list of replication (OpenAlex) | QC flag: Bibliometric replication ('Who Is Leading the Field?') - education-research-community study, not a learner-outcome replication"
Building Professionals’ Capacity: The Cascading Coaching Model,"Chung, Moon Y.; Lee, James D.; Meadan, Hedda; Sands, Michelle M.; Haidar, Ban Sleiman",2022,Journal of Positive Behavior Interventions,10.1177/10983007211039295,"The Cascading Coaching Model for Supporting Service Providers, Caregivers, and Children","Meadan, Hedda; Chung, Moon Y.; Sands, Michelle M.; Snodgrass, Melinda R.",2020,10.1177/0022466919884070,conceptual,success,special education,"Cook et al. (2024) 'Same as It Ever Was: An Updated Review of Replication Studies in Special Education Journals', Remedial and Special Education, doi:10.1177/07419325241248766; coding data from OSF osf.io/p6te2; Cook et al. 2024 (Same as It Ever Was, Remedial and Special Education; OSF osf.io/p6te2)",Design: single-case design; Author overlap with original: yes
Comparison of Traditional and Embedded Discrete Trial Teaching on the Acquisition of Receptive Identification Skills: A Systematic Replication in Adults with Autism,"DeBiase, Cortney; DeQuinzio, Jaime A.; Brewer, Ethan; Taylor, Bridget A.",2022,Journal of Behavioral Education,10.1007/s10864-022-09501-5,Teaching Receptive Discriminations to Children With Autism: A Comparison of Traditional and Embedded Discrete Trial Teaching,"Geiger, Kaneen B.; Carr, James E.; LeBlanc, Linda A.; Hanney, Nicole M.; Polick, Amy S.; Heinicke, Megan R.",2012,10.1007/bf03391823,conceptual,success,special education,"Cook et al. (2024) 'Same as It Ever Was: An Updated Review of Replication Studies in Special Education Journals', Remedial and Special Education, doi:10.1177/07419325241248766; coding data from OSF osf.io/p6te2; Cook et al. 2024 (Same as It Ever Was, Remedial and Special Education; OSF osf.io/p6te2)",Design: single-case design; Author overlap with original: no
Examining the Relationship Between Component and Composite Frequency and Natural Gain in Basic Multiplication: A Systematic Replication of Lin and Kubina,"Berg-Mortensen, Cathrine; Tangen, Linn; Strømgren, Børge",2022,Journal of Behavioral Education,10.1007/s10864-020-09423-0,A Preliminary Investigation of the Relationship Between Fluency and Application for Multiplication,"Lin, Fan-Yu; Kubina, Richard M.",2005,10.1007/s10864-005-2703-z,conceptual,success,special education,"Cook et al. (2024) 'Same as It Ever Was: An Updated Review of Replication Studies in Special Education Journals', Remedial and Special Education, doi:10.1177/07419325241248766; coding data from OSF osf.io/p6te2; Cook et al. 2024 (Same as It Ever Was, Remedial and Special Education; OSF osf.io/p6te2)",Design: other quantitative; Author overlap with original: no
Examining the Schoolwide Expectations Survey for Specific Settings: Descriptive Properties,"Royer, David James; Lane, Kathleen Lynne; Oakes, Wendy Peia; Jenkins, Abbie Brooke; Cantwell, Emily Dawn; Common, Eric Alan; Lane, Katie Scarlett",2022,Journal of Positive Behavior Interventions,10.1177/10983007211026684,Using the Schoolwide Expectations Survey for Specific Settings to Build Expectation Matrices,"Lane, Kathleen Lynne; Oakes, Wendy Peia; Royer, David J.; Cantwell, Emily D.; Menzies, Holly Mariah; Jenkins, Abbie B.; Hicks, Tyler",2019,10.1177/0741932518786787,conceptual,mixed,special education,"Cook et al. (2024) 'Same as It Ever Was: An Updated Review of Replication Studies in Special Education Journals', Remedial and Special Education, doi:10.1177/07419325241248766; coding data from OSF osf.io/p6te2; Cook et al. 2024 (Same as It Ever Was, Remedial and Special Education; OSF osf.io/p6te2)",Design: other quantitative; Author overlap with original: yes
Multitiered Early Literacy Identification in 3-Year-Old Children in Head Start Settings,"Albritton, Kizzy; Stuckey, Adrienne; Patton Terry, Nicole",2022,Journal of Early Intervention,10.1177/1053815121998434,Identifying Head Start Children for Higher Tiers of Language and Literacy Instruction,Kizzy Albritton; Adrienne Stuckey; Nicole Patton Terry,2017,10.1177/1053815117714568,conceptual,success,special education,"Cook et al. (2024) 'Same as It Ever Was: An Updated Review of Replication Studies in Special Education Journals', Remedial and Special Education, doi:10.1177/07419325241248766; coding data from OSF osf.io/p6te2; Cook et al. 2024 (Same as It Ever Was, Remedial and Special Education; OSF osf.io/p6te2)",Design: other quantitative; Author overlap with original: yes; Original resolved from reference list of replication (OpenAlex)
Preparing Job Coaches to Implement Systematic Instructional Strategies to Teach Vocational Tasks,"Wenzel, John D.; Fisher, Marisa H.; Brodhead, Matthew T.",2022,Career Development and Transition for Exceptional Individuals,10.1177/21651434211041918,Efficacy of training job coaches to implement evidence-based instructional strategies,"Brock, Matthew E.; Cannella-Malone, Helen I.; Schaefer, John M.; Justin Page, E.; Andzik, Natalie R.; Seaman, Rachel L.",2016,10.3233/jvr-160835,conceptual,success,special education,"Cook et al. (2024) 'Same as It Ever Was: An Updated Review of Replication Studies in Special Education Journals', Remedial and Special Education, doi:10.1177/07419325241248766; coding data from OSF osf.io/p6te2; Cook et al. 2024 (Same as It Ever Was, Remedial and Special Education; OSF osf.io/p6te2)",Design: single-case design; Author overlap with original: no
School-Based Supports and Interventions to Improve Social and Behavioral Outcomes with Racially and Ethnically Minoritized Youth: A Review of Recent Quantitative Research,"Fallon, Lindsay M.; DeFouw, Emily R.; Cathcart, Sadie C.; Berkman, Talia S.; Robinson-Link, Patrick; O’Keeffe, Breda V.; Sugai, George",2022,Journal of Behavioral Education,10.1007/s10864-021-09436-3,Consideration of Culture and Context in School-Wide Positive Behavior Support,Lindsay M. Fallon; Breda V. O’Keeffe; George Sugai,2012,10.1177/1098300712442242,conceptual,NA,special education,"Cook et al. (2024) 'Same as It Ever Was: An Updated Review of Replication Studies in Special Education Journals', Remedial and Special Education, doi:10.1177/07419325241248766; coding data from OSF osf.io/p6te2; Cook et al. 2024 (Same as It Ever Was, Remedial and Special Education; OSF osf.io/p6te2)",Design: review/meta-analysis; Author overlap with original: yes; Replication of a review/synthesis (not a primary empirical study); Original resolved from reference list of replication (OpenAlex) | QC flag: Cook et al. coded design 'review/meta-analysis' - replication of a prior review of school-based supports
Telepractice parent-implemented training and coaching in a rural area in the UK: Impact on mothers and their children with autism,"Kossyvaki, Lila; Meadan, Hedda; Cristescu, Laura; Alharbi, Hadeel; Sands, Michelle; Tuite, Danielle",2022,Research in Autism Spectrum Disorders,10.1016/j.rasd.2022.102044,Internet-Based Parent-Implemented Intervention for Young Children With Autism,"Meadan, Hedda; Snodgrass, Melinda R.; Meyer, Lori E.; Fisher, Kim W.; Chung, Moon Y.; Halle, James W.",2016,10.1177/1053815116630327,conceptual,success,special education,"Cook et al. (2024) 'Same as It Ever Was: An Updated Review of Replication Studies in Special Education Journals', Remedial and Special Education, doi:10.1177/07419325241248766; coding data from OSF osf.io/p6te2; Cook et al. 2024 (Same as It Ever Was, Remedial and Special Education; OSF osf.io/p6te2)",Design: single-case design; Author overlap with original: yes
The Importance of Baseline Word Reading Skills in Examining Student Response to a Multicomponent Reading Intervention,"Daniel, Johny; Vaughn, Sharon; Roberts, Gregory; Grills, Amie",2022,Journal of Learning Disabilities,10.1177/00222194211010349,Effects of a year long supplemental reading intervention for students with reading difficulties in fourth grade.,Jeanne Wanzek; Yaacov Petscher; Stephanie Al Otaiba; Brenna Rivas; Francesca Jones; Shawn C. Kent; Christopher Schatschneider; Paras Mehta,2017,10.1037/edu0000184,conceptual,mixed,special education,"Cook et al. (2024) 'Same as It Ever Was: An Updated Review of Replication Studies in Special Education Journals', Remedial and Special Education, doi:10.1177/07419325241248766; coding data from OSF osf.io/p6te2; Cook et al. 2024 (Same as It Ever Was, Remedial and Special Education; OSF osf.io/p6te2)",Design: group experimental/quasi-experimental; Author overlap with original: no; Original resolved from reference list of replication (OpenAlex)
Using the VA Framework to Teach Algebra to Middle School Students With High-Incidence Disabilities,"Bone, Erin K.; Bouck, Emily C.; Smith, John P.",2022,Journal of Special Education Technology,10.1177/01626434211019388,Using the Virtual-Abstract Instructional Sequence to Support Acquisition of Algebra,"Bouck, Emily C.; Park, Jiyoon; Satsangi, Rajiv; Cwiakala, Katie; Levy, Kennedy",2019,10.1177/0162643419833022,conceptual,success,special education,"Cook et al. (2024) 'Same as It Ever Was: An Updated Review of Replication Studies in Special Education Journals', Remedial and Special Education, doi:10.1177/07419325241248766; coding data from OSF osf.io/p6te2; Cook et al. 2024 (Same as It Ever Was, Remedial and Special Education; OSF osf.io/p6te2)",Design: single-case design; Author overlap with original: yes
Validation of the multidimensional attitudes toward preschool inclusive education scale in the bilingual context of Québec,"Mejia-Cardenas, Catalina; Rivard, Mélina; Mestari, Zakaria; Mello, Catherine",2022,Research in Developmental Disabilities,10.1016/j.ridd.2022.104258,Multidimensional Attitudes toward Preschool Inclusive Education Scale (MATPIES),"Lohmann, Anne; Wiedebusch, Silvia; Hensen, Gregor; Mahat, Marian",2016,10.1026/2191-9186/a000282,conceptual,failure,special education,"Cook et al. (2024) 'Same as It Ever Was: An Updated Review of Replication Studies in Special Education Journals', Remedial and Special Education, doi:10.1177/07419325241248766; coding data from OSF osf.io/p6te2; Cook et al. 2024 (Same as It Ever Was, Remedial and Special Education; OSF osf.io/p6te2)",Design: other quantitative; Author overlap with original: no
Word- and Text-Level Reading Difficulties in Students With Dyslexia,"Meisinger, Elizabeth B.; Breazeale, Ashley M.; Davis, Lyle H.",2022,Learning Disability Quarterly,10.1177/07319487211037256,Reading fluency: implications for the assessment of children with reading disabilities,"Meisinger, Elizabeth B.; Bloom, Juliana S.; Hynd, George W.",2009,10.1007/s11881-009-0031-z,conceptual,success,special education,"Cook et al. (2024) 'Same as It Ever Was: An Updated Review of Replication Studies in Special Education Journals', Remedial and Special Education, doi:10.1177/07419325241248766; coding data from OSF osf.io/p6te2; Cook et al. 2024 (Same as It Ever Was, Remedial and Special Education; OSF osf.io/p6te2)",Design: other quantitative; Author overlap with original: yes
Evaluating the Effectiveness of a Training Program for Treatment Foster Parents in an Urban Community,"Eisenberg, Rachel A.; McCurdy, Barry L.; Rutherford, Laura E.; Stricker, Laina; Dever, Bridget V.",2023,Journal of Emotional and Behavioral Disorders,10.1177/10634266221126472,"Enhancing ""Usual Practice"" Treatment Foster Care: Findings From a Randomized Trial on Improving Youths' Outcomes","Farmer, Elizabeth; Burns, Barbara; Wagner, H. Ryan; Murray, Maureen; Southerland, Dannia",2010,10.1176/appi.ps.61.6.555,conceptual,success,special education,"Cook et al. (2024) 'Same as It Ever Was: An Updated Review of Replication Studies in Special Education Journals', Remedial and Special Education, doi:10.1177/07419325241248766; coding data from OSF osf.io/p6te2; Cook et al. 2024 (Same as It Ever Was, Remedial and Special Education; OSF osf.io/p6te2)",Design: other quantitative; Author overlap with original: no
How to measure camouflaging? A conceptual replication of the validation of the Camouflaging Autistic Traits Questionnaire in Dutch adults,"van der Putten, Wikke J.; Agelink van Rentergem, Joost A.; Radhoe, Tulsi A.; Torenvliet, Carolien; Groenman, Annabeth P.; Mol, Audrey J.J.; Geurts, Hilde M.",2023,Research in Autism Spectrum Disorders,10.1016/j.rasd.2022.102072,Development and Validation of the Camouflaging Autistic Traits Questionnaire (CAT-Q),"Hull, Laura; Mandy, William; Lai, Meng-Chuan; Baron-Cohen, Simon; Allison, Carrie; Smith, Paula; Petrides, K. V.",2018,10.1007/s10803-018-3792-6,conceptual,mixed,special education,"Cook et al. (2024) 'Same as It Ever Was: An Updated Review of Replication Studies in Special Education Journals', Remedial and Special Education, doi:10.1177/07419325241248766; coding data from OSF osf.io/p6te2; Cook et al. 2024 (Same as It Ever Was, Remedial and Special Education; OSF osf.io/p6te2)",Design: other quantitative; Author overlap with original: no
An Inadvertent Concurrent Replication,"Lemons, Christopher J.; King, Seth A.; Davidson, Kimberly A.; Berryessa, Teresa L.; Gajjar, Shimul A.; Sacks, Lia H.",2016,Remedial and Special Education,10.1177/0741932516631116,Facts Are More Important Than Novelty,"Makel, Matthew C.; Plucker, Jonathan A.",2014,10.3102/0013189x14545513,conceptual,mixed,special education,"Cook et al. (2024) 'Same as It Ever Was: An Updated Review of Replication Studies in Special Education Journals', Remedial and Special Education, doi:10.1177/07419325241248766; coding data from OSF osf.io/p6te2; Cook et al. 2024 (Same as It Ever Was, Remedial and Special Education; OSF osf.io/p6te2); ERIC sweep","Design: review/meta-analysis; Author overlap with original: no; Replication of a review/synthesis (not a primary empirical study) | QC flag: 'An Inadvertent Concurrent Replication' - Cook et al. coded design 'review/meta-analysis' (concurrent meta-analyses), not a primary empirical replication"
Can SMART Training Really Increase Intelligence? A Replication Study,"Colbert, Dylan; Tyndall, Ian; Roche, Bryan; Cassidy, Sarah",2018,Journal of Behavioral Education,10.1007/s10864-018-9302-2,A relational frame skills training intervention to increase general intelligence and scholastic aptitude,"Cassidy, Sarah; Roche, Bryan; Colbert, Dylan; Stewart, Ian; Grey, Ian M.",2016,10.1016/j.lindif.2016.03.001,conceptual,success,special education,"Cook et al. (2024) 'Same as It Ever Was: An Updated Review of Replication Studies in Special Education Journals', Remedial and Special Education, doi:10.1177/07419325241248766; coding data from OSF osf.io/p6te2; Cook et al. 2024 (Same as It Ever Was, Remedial and Special Education; OSF osf.io/p6te2); ERIC sweep",Design: group experimental/quasi-experimental; Author overlap with original: yes
Building the Early Number Sense of Kindergarteners With Autism: A Replication Study,"Root, Jenny R.; Henning, Bonnie; Jimenez, Bree",2020,Remedial and Special Education,10.1177/0741932519873121,Building the Early Numeracy Skills of Students with Moderate Intellectual Disability,"Jimenez, Bree A.; Kemmery, Megan",2013,10.1177/215416471304800406,conceptual,success,special education,"Cook et al. (2024) 'Same as It Ever Was: An Updated Review of Replication Studies in Special Education Journals', Remedial and Special Education, doi:10.1177/07419325241248766; coding data from OSF osf.io/p6te2; Cook et al. 2024 (Same as It Ever Was, Remedial and Special Education; OSF osf.io/p6te2); ERIC sweep",Design: single-case design; Author overlap with original: yes
The Effect of School-Wide Positive Behavior Interventions and Supports on Disciplinary Exclusions: A Conceptual Replication,"Gage, Nicholas A.; Grasley-Boy, Nicolette; Lombardo, Michael; Anderson, Lucas",2020,Behavioral Disorders,10.1177/0198742919896305,The Impact of School-Wide Positive Behavior Interventions and Supports on School Suspensions: A Statewide Quasi-Experimental Analysis,"Gage, Nicholas A.; Lee, Ahhyun; Grasley-Boy, Nicolette; Peshak George, Heather",2018,10.1177/1098300718768204,conceptual,success,special education,"Cook et al. (2024) 'Same as It Ever Was: An Updated Review of Replication Studies in Special Education Journals', Remedial and Special Education, doi:10.1177/07419325241248766; coding data from OSF osf.io/p6te2; Cook et al. 2024 (Same as It Ever Was, Remedial and Special Education; OSF osf.io/p6te2); ERIC sweep",Design: other quantitative; Author overlap with original: yes
Improving Academic Vocabulary for Adolescent Students With Disabilities: A Replication Study,"Sanchez, Victoria M.; O’Connor, Rollanda E.",2022,Remedial and Special Education,10.1177/07419325211016048,Teaching Academic Vocabulary to Sixth-Grade Students With Disabilities,"O’Connor, Rollanda E.; Beach, Kristen D.; Sanchez, Victoria M.; Kim, Joyce J.; Knight-Teague, Kerri; Orozco, Guadalupe; Jones, Brian T.",2019,10.1177/0731948718821091,conceptual,success,special education,"Cook et al. (2024) 'Same as It Ever Was: An Updated Review of Replication Studies in Special Education Journals', Remedial and Special Education, doi:10.1177/07419325241248766; coding data from OSF osf.io/p6te2; Cook et al. 2024 (Same as It Ever Was, Remedial and Special Education; OSF osf.io/p6te2); ERIC sweep",Design: other quantitative; Author overlap with original: yes
The Lunchroom Behavior Game: A Single-Case Design Conceptual Replication,"Grasley-Boy, Nicolette M.; Gage, Nicholas A.",2022,Journal of Behavioral Education,10.1007/s10864-020-09415-0,Reducing disruptive behavior in an urban school cafeteria: An extension of the Good Behavior Game,"McCurdy, Barry L.; Lannie, Amanda L.; Barnabas, Ernesto",2009,10.1016/j.jsp.2008.09.003,conceptual,success,special education,"Cook et al. (2024) 'Same as It Ever Was: An Updated Review of Replication Studies in Special Education Journals', Remedial and Special Education, doi:10.1177/07419325241248766; coding data from OSF osf.io/p6te2; Cook et al. 2024 (Same as It Ever Was, Remedial and Special Education; OSF osf.io/p6te2); ERIC sweep",Design: single-case design; Author overlap with original: no
Revisiting Economic Hardship in a National Sample of Adolescents With and Without Disabilities: A Conceptual Replication,"Lombardi, Allison R.; Wu, Rongxiu; Loken, Eric; Rifenbark, Graham G.; Challenger, Clewiston; Taconet, Ashley; Langdon, Shannon; Shogren, Karrie",2023,Exceptional Children,10.1177/00144029221141044,Constructing and Validating a Multiple-Indicator Construct of Economic Hardship in a National Sample of Adolescents with Disabilities,"Murray, Christopher; Doren, Bonnie; Gau, Jeff M.; Zvoch, Keith; Seeley, John R.",2015,10.1177/0014402914563701,conceptual,success,special education,"Cook et al. (2024) 'Same as It Ever Was: An Updated Review of Replication Studies in Special Education Journals', Remedial and Special Education, doi:10.1177/07419325241248766; coding data from OSF osf.io/p6te2; Cook et al. 2024 (Same as It Ever Was, Remedial and Special Education; OSF osf.io/p6te2); ERIC sweep",Design: other quantitative; Author overlap with original: no
Testing the Efficacy of a Tier 2 Mathematics Intervention,"Doabler, Christian T.; Clarke, Ben; Kosty, Derek B.; Kurtz-Nelson, Evageline; Fien, Hank; Smolkowski, Keith; Baker, Scott K.",2016,Exceptional Children,10.1177/0014402916660084,Testing the Immediate and Long-Term Efficacy of a Tier 2 Kindergarten Mathematics Intervention,Ben Clarke; Christian T. Doabler; Keith Smolkowski; Evangeline Kurtz Nelson; Hank Fien; Scott Baker; Derek Kosty,2016,10.1080/19345747.2015.1116034,conceptual,success,special education,"Cook et al. (2024) 'Same as It Ever Was: An Updated Review of Replication Studies in Special Education Journals', Remedial and Special Education, doi:10.1177/07419325241248766; coding data from OSF osf.io/p6te2; Cook et al. 2024 (Same as It Ever Was, Remedial and Special Education; OSF osf.io/p6te2); IES Systematic Replication; ERIC sweep",Design: group experimental/quasi-experimental; Author overlap with original: yes; Original resolved from reference list of replication (OpenAlex)
A Conceptual Replication Study of the Enhanced Core Reading Instruction MTSS-Reading Model,"Fien, Hank; Nelson, Nancy J.; Smolkowski, Keith; Kosty, Derek; Pilger, Marissa; Baker, Scott King; Smith, Jean Louise Mercier",2021,Exceptional Children,10.1177/0014402920953763,Examining the Efficacy of a Multitiered Intervention for At-Risk Readers in Grade 1,"Smith, Jean Louise M.; Nelson, Nancy J.; Smolkowski, Keith; Baker, Scott K.; Fien, Hank; Kosty, Derek",2016,10.1086/686249,conceptual,success,special education,"Cook et al. (2024) 'Same as It Ever Was: An Updated Review of Replication Studies in Special Education Journals', Remedial and Special Education, doi:10.1177/07419325241248766; coding data from OSF osf.io/p6te2; Cook et al. 2024 (Same as It Ever Was, Remedial and Special Education; OSF osf.io/p6te2); IES Systematic Replication; ERIC sweep",Design: group experimental/quasi-experimental; Author overlap with original: yes
A Conceptual Replication of a Kindergarten Math Intervention Within the Context of a Research-Based Core,"Clarke, Ben; Turtura, Jessica; Lesner, Taylor; Cook, Madison; Smolkowski, Keith; Kosty, Derek; Doabler, Christian T.",2022,Exceptional Children,10.1177/00144029221088938,Testing the Efficacy of a Tier 2 Mathematics Intervention,Christian T. Doabler; Ben Clarke; Derek Kosty; Evageline Kurtz-Nelson; Hank Fien; Keith Smolkowski; Scott Baker,2016,10.1177/0014402916660084,conceptual,failure,special education,"Cook et al. (2024) 'Same as It Ever Was: An Updated Review of Replication Studies in Special Education Journals', Remedial and Special Education, doi:10.1177/07419325241248766; coding data from OSF osf.io/p6te2; Cook et al. 2024 (Same as It Ever Was, Remedial and Special Education; OSF osf.io/p6te2); IES Systematic Replication; ERIC sweep",Design: group experimental/quasi-experimental; Author overlap with original: yes; Original resolved from reference list of replication (OpenAlex)
Replicating the Impact of a Supplemental Beginning Reading Intervention: The Role of Instructional Context,"Coyne, Michael D.; Little, Mary; Rawlinson, D’Ann; Simmons, Deborah; Kwok, Oi-man; Kim, Minjun; Simmons, Leslie; Hagan-Burke, Shanna; Civetelli, Christina",2013,Journal of Research on Educational Effectiveness,10.1080/19345747.2012.706694,Effects of Supplemental Reading Interventions in Authentic Contexts: A Comparison of Kindergarteners' Response,"Simmons, Deborah C.; Coyne, Michael D.; Hagan-Burke, Shanna; Kwok, Oi-Man; Simmons, Leslie; Johnson, Caitlin; Zou, Yuanyuan; Taylor, Aaron B.; Mcalenney, Athena; Ruby, Maureen; Crevecoeur, Yvel C.",2011,10.1177/001440291107700204,conceptual,failure,special education,"Journal of Research on Educational Effectiveness Crossref title search (ISSN 1934-5747); Remedial and Special Education 2016 replication special issue context (Travers et al. 2016, doi:10.1177/0741932516648462); authors describe study as a 'varied replication'","Group RCT (ERI supplemental kindergarten reading intervention) in a new geographic/instructional context; no statistically significant differences between conditions on any measure, unlike the original trial; authors attribute divergence largely to comparison-group response to school-designed intervention. Author overlap with original: yes. Both DOIs verified via Crossref."
The SERA Pilot Study (2021-2022): crowdsourced conceptual replication of elaborative interrogation effects on recall of science facts in students with high-incidence disabilities,"Special Education Research Accelerator (SERA) team (PI: Cook, Bryan G.; Co-PI: Therrien, William J.; seven university research teams)",2022,,,Promoting Relational Thinking: Elaborative Interrogation for Students with Mild Disabilities,"Scruggs, Thomas E.; Mastropieri, Margo A.; Sullivan, Georgia S.",1994,10.1177/001440299406000507,conceptual,failure,special education,"Special Education Research Accelerator (SERA), edresearchaccelerator.org; study recap blog post 2024-07-02 (edresearchaccelerator.org/2024/07/02/study-recap-the-sera-pilot-study/)","No peer-reviewed publication or DOI found as of 2026-07-15; results reported via SERA website: prompting students to generate explanations did not improve immediate or delayed recall, unlike original. 36 students with high-incidence disabilities, 7 research teams, online delivery. Original DOI verified via Crossref."
Developing pre-service teachers’ professional vision with video interventions: a divergent replication,Adrian Simpson; Naďa Vondrová,2019,Journal of Education for Teaching International Research and Pedagogy,10.1080/02607476.2019.1674563,,,,,conceptual,NA,teacher education,"OpenAlex search (education replication studies 2019-2026 citing Makel & Plucker 2014, title contains 'replication')","self-described 'divergent replication'; outcome not catalogued (found via citation search, not a review list); metadata verified via OpenAlex"
Training teachers' diagnostic competence with problem-based learning: A pilot and replication study,Alexander Wedel; Christin R. Müller; Jan Pfetsch; Angela Ittel,2019,Teaching and Teacher Education,10.1016/j.tate.2019.102909,,,,,unknown,NA,teacher education,"OpenAlex search (education replication studies 2019-2026 citing Makel & Plucker 2014, title contains 'replication'); OpenAlex sweep","pilot and replication study; outcome not catalogued (found via citation search, not a review list); metadata verified via OpenAlex"
AI‐Based Adaptive Feedback in Simulations for Teacher Education: An Experimental Replication in the Field,Elisabeth Bauer; Michael Sailer; Frank Niklas; Samuel Greiff; Sven Sarbu‐Rothsching; Jan Zottmann; Jan Kiesewetter; Matthias Stadler; Martin R. Fischer; Tina Seidel; Detlef Urhahne; Maximilian Sailer; Frank Fischer,2025,Journal of Computer Assisted Learning,10.1111/jcal.13123,,,,,unknown,NA,teacher education / educational technology,"OpenAlex search (education replication studies 2019-2026 citing Makel & Plucker 2014, title contains 'replication')","experimental replication; outcome not catalogued (found via citation search, not a review list); metadata verified via OpenAlex"
Elementary preservice teachers learn cardiac form and function with virtual reality: using study replication to define features of best practice,Darby Drageset; Kent J. Crippen,2025,Journal of Computing in Higher Education,10.1007/s12528-025-09431-x,,,,,unknown,NA,teacher education / educational technology,"OpenAlex search (education replication studies 2019-2026 citing Makel & Plucker 2014, title contains 'replication')","outcome not catalogued (found via citation search, not a review list); metadata verified via OpenAlex"
Improving Working Memory and Arithmetic - EEF effectiveness re-trial (second trial),,,Education Endowment Foundation (evaluation report),,Improving Working Memory and Arithmetic - EEF efficacy trial (first trial),,,,effectiveness-retrial,failure,working memory / numeracy,EEF re-trial,First trial: +3 months maths (per EEF news). Second (re-grant) trial: no additional progress in number skills (3/5 padlocks). First-trial page: https://educationendowmentfoundation.org.uk/projects-and-evaluation/projects/improving-working-memory ; re-trial page: https://educationendowmentfoundation.org.uk/projects-and-evaluation/projects/improving-working-memory-and-arithmetic-regrant EEF reports generally lack DOIs; evaluator author names on report PDFs at the project pages.
IPEELL: Using Self-Regulation to Improve Writing - EEF effectiveness re-trial (second trial),,2019,Education Endowment Foundation (evaluation report),,IPEELL: Using Self-Regulation to Improve Writing - EEF efficacy trial (first trial),,,,effectiveness-retrial,mixed,writing (SRSD),EEF re-trial,"Efficacy trial (first trial, report 2014): ~+9 months writing (SRSD approach). Re-grant trial: small additional progress for 2-year users, less progress for 1-year users, and negative impacts on maths and reading. First-trial page: https://educationendowmentfoundation.org.uk/projects-and-evaluation/projects/ipeell-using-self-regulation-to-improve-writing ; re-trial page: https://educationendowmentfoundation.org.uk/projects-and-evaluation/projects/ipeell EEF reports generally lack DOIs; evaluator author names on report PDFs at the project pages."
"Supporting Teachers in Argument Writing Instruction at Scale: A Replication Study of the College, Career, and Community Writers Program (C3WP)",Nicole Arshan; C. J. Park; Rebecca Anne Goetz,2023,Journal of Research on Educational Effectiveness,10.1080/19345747.2023.2179953,,,,,unknown,NA,writing instruction,"ERIC sweep; Journal of Research on Educational Effectiveness Crossref title search (ISSN 1934-5747); OpenAlex search (education replication studies 2019-2026 citing Makel & Plucker 2014, title contains 'replication')","outcome not catalogued (found via citation search, not a review list); metadata verified via OpenAlex"
